nohup: ignoring input
INFO:     Will watch for changes in these directories: ['/home/ec2-user/NeuroOps']
INFO:     Uvicorn running on http://0.0.0.0:8000 (Press CTRL+C to quit)
INFO:     Started reloader process [30559] using StatReload
{"module": "backend.api.inframind", "event": "inframind_pkl_missing_degraded_mode", "level": "warning", "timestamp": "2026-04-08T10:59:51.303360Z"}
/home/ec2-user/NeuroOps/neuroops_env/lib64/python3.9/site-packages/xgboost/core.py:160: UserWarning: [10:59:51] WARNING: /workspace/src/common/error_msg.h:80: If you are loading a serialized model (like pickle in Python, RDS in R) or
configuration generated by an older version of XGBoost, please export the model by calling
`Booster.save_model` from that version first, then load it back in current version. See:

    https://xgboost.readthedocs.io/en/stable/tutorials/saving_model.html

for more details about differences between saving model and serializing.

  warnings.warn(smsg, UserWarning)
{"module": "backend.api.failure", "extra": {"path": "ml_models/saved/xgboost_production_model.pkl"}, "event": "failure_model_loaded", "level": "info", "timestamp": "2026-04-08T10:59:51.362402Z"}
INFO:     Started server process [30562]
INFO:     Waiting for application startup.
{"module": "backend.main", "event": "NeuroOps v2.0.0 started", "level": "info", "timestamp": "2026-04-08T10:59:51.452801Z"}
{"module": "backend.services.metrics_analyzer", "event": "Metrics analyzer started, interval=60s", "level": "info", "timestamp": "2026-04-08T10:59:51.453234Z"}
{"module": "backend.services.metrics_analyzer", "event": "Metrics analyzer thread started", "level": "info", "timestamp": "2026-04-08T10:59:51.453364Z"}
INFO:     Application startup complete.
{"module": "backend.services.aws_service", "event": "No memory data in CustomMetrics for i-00dfb80a59da9a56d", "level": "warning", "timestamp": "2026-04-08T10:59:52.023307Z"}
{"module": "backend.services.aws_service", "event": "No disk data in CustomMetrics for i-00dfb80a59da9a56d", "level": "warning", "timestamp": "2026-04-08T10:59:52.064721Z"}
{"module": "backend.services.metrics_analyzer", "event": "Memory: 0%, Disk: 0%", "level": "info", "timestamp": "2026-04-08T10:59:52.066499Z"}
INFO:     127.0.0.1:40264 - "GET /health HTTP/1.1" 200 OK
{"module": "backend.services.metrics_analyzer", "event": "Stored CPU history: 1.9849885428540817%", "level": "debug", "timestamp": "2026-04-08T10:59:52.127836Z"}
{"module": "backend.services.metrics_analyzer", "event": "InfraMind stage failed: [Errno 2] No such file or directory: 'ml_models/saved/inframind_model.pkl'", "level": "error", "timestamp": "2026-04-08T10:59:52.128016Z"}
{"module": "backend.services.aws_service", "error": "An error occurred (UnauthorizedOperation) when calling the DescribeInstanceStatus operation: You are not authorized to perform this operation. User: arn:aws:sts::218552304739:assumed-role/NeuroOps-CWAgent-Role/i-00dfb80a59da9a56d is not authorized to perform: ec2:DescribeInstanceStatus because no identity-based policy allows the ec2:DescribeInstanceStatus action", "event": "Failed to get EC2 status for i-00dfb80a59da9a56d", "level": "error", "timestamp": "2026-04-08T10:59:52.220592Z"}
{"module": "backend.services.metrics_analyzer", "event": "Instance age calculated: 0 days", "level": "info", "timestamp": "2026-04-08T10:59:52.367052Z"}
{"module": "backend.services.metrics_analyzer", "event": "CPU low for 11 consecutive days for i-00dfb80a59da9a56d", "level": "debug", "timestamp": "2026-04-08T10:59:52.368197Z"}
{"module": "backend.services.metrics_analyzer", "event": "Failure prediction: CRITICAL (95.0%) with real memory=0%, disk=0%", "level": "info", "timestamp": "2026-04-08T10:59:52.368682Z"}
{"module": "backend.services.metrics_analyzer", "event": "RUL stage failed: predict_rul() missing 3 required positional arguments: 'memory_usage', 'disk_usage', and 'instance_age_days'", "level": "error", "timestamp": "2026-04-08T10:59:52.368767Z"}
{"module": "backend.services.metrics_analyzer", "event": "Features stored for i-00dfb80a59da9a56d", "level": "debug", "timestamp": "2026-04-08T10:59:52.369957Z"}
{"module": "backend.services.metrics_analyzer", "event": "LOW CPU for 11 days on i-00dfb80a59da9a56d \u2192 triggering scale down", "level": "info", "timestamp": "2026-04-08T10:59:52.370040Z"}
{"module": "backend.services.healing_executor", "event": "HEALING DECISION: service=i-00dfb80a59da9a56d, severity=normal, value=1.9849885428540817, metric_type={'metric_type': 'cpu', 'recent_restart_count': 0, 'days_low_cpu': 11}, context={}", "level": "info", "timestamp": "2026-04-08T10:59:52.370116Z"}
{"module": "backend.services.healing_executor", "event": "COOLDOWN ACTIVE: In cooldown period (last healing at 2026-04-08T10:58:47.964789)", "level": "info", "timestamp": "2026-04-08T10:59:52.370338Z"}
{"module": "backend.services.healing_executor", "event": "EXECUTING: action=no_action for i-00dfb80a59da9a56d, metric_type={'metric_type': 'cpu', 'recent_restart_count': 0, 'days_low_cpu': 11}", "level": "info", "timestamp": "2026-04-08T10:59:52.370420Z"}
{"module": "backend.services.metrics_analyzer", "event": "Scale down result: {'status': 'skipped', 'action': 'no_action', 'reason': 'In cooldown period (last healing at 2026-04-08T10:58:47.964789)', 'service': 'i-00dfb80a59da9a56d', 'message': 'No action needed for no_action', 'rollback_triggered': False, 'metric_type': {'metric_type': 'cpu', 'recent_restart_count': 0, 'days_low_cpu': 11}, 'metric_value': 1.9849885428540817}", "level": "info", "timestamp": "2026-04-08T10:59:52.378947Z"}
{"module": "backend.services.metrics_analyzer", "event": "Stage summary for i-00dfb80a59da9a56d: Infra=False, Failure=CRITICAL, RUL=None, Memory=0%, Disk=0%, Days Low CPU=11, Healing=skipped", "level": "info", "timestamp": "2026-04-08T10:59:52.379074Z"}
{"module": "backend.services.metrics_analyzer", "instance_id": "i-00dfb80a59da9a56d", "cpu": 1.9849885428540817, "event": "Analyzed i-00dfb80a59da9a56d: CPU=1.9849885428540817%", "level": "info", "timestamp": "2026-04-08T10:59:52.379648Z"}
INFO:     104.28.155.52:23896 - "WebSocket /api/v1/ws/stream" [accepted]
ERROR:    Exception in ASGI application
Traceback (most recent call last):
  File "/home/ec2-user/NeuroOps/neuroops_env/lib64/python3.9/site-packages/uvicorn/protocols/websockets/websockets_impl.py", line 244, in run_asgi
    result = await self.app(self.scope, self.asgi_receive, self.asgi_send)  # type: ignore[func-returns-value]
  File "/home/ec2-user/NeuroOps/neuroops_env/lib64/python3.9/site-packages/uvicorn/middleware/proxy_headers.py", line 60, in __call__
    return await self.app(scope, receive, send)
  File "/home/ec2-user/NeuroOps/neuroops_env/lib64/python3.9/site-packages/fastapi/applications.py", line 1138, in __call__
    await super().__call__(scope, receive, send)
  File "/home/ec2-user/NeuroOps/neuroops_env/lib64/python3.9/site-packages/starlette/applications.py", line 113, in __call__
    await self.middleware_stack(scope, receive, send)
  File "/home/ec2-user/NeuroOps/neuroops_env/lib64/python3.9/site-packages/starlette/middleware/errors.py", line 151, in __call__
    await self.app(scope, receive, send)
  File "/home/ec2-user/NeuroOps/neuroops_env/lib64/python3.9/site-packages/starlette/middleware/cors.py", line 77, in __call__
    await self.app(scope, receive, send)
  File "/home/ec2-user/NeuroOps/neuroops_env/lib64/python3.9/site-packages/starlette/middleware/exceptions.py", line 63, in __call__
    await wrap_app_handling_exceptions(self.app, conn)(scope, receive, send)
  File "/home/ec2-user/NeuroOps/neuroops_env/lib64/python3.9/site-packages/starlette/_exception_handler.py", line 53, in wrapped_app
    raise exc
  File "/home/ec2-user/NeuroOps/neuroops_env/lib64/python3.9/site-packages/starlette/_exception_handler.py", line 42, in wrapped_app
    await app(scope, receive, sender)
  File "/home/ec2-user/NeuroOps/neuroops_env/lib64/python3.9/site-packages/fastapi/middleware/asyncexitstack.py", line 18, in __call__
    await self.app(scope, receive, send)
  File "/home/ec2-user/NeuroOps/neuroops_env/lib64/python3.9/site-packages/starlette/routing.py", line 716, in __call__
    await self.middleware_stack(scope, receive, send)
  File "/home/ec2-user/NeuroOps/neuroops_env/lib64/python3.9/site-packages/starlette/routing.py", line 736, in app
    await route.handle(scope, receive, send)
  File "/home/ec2-user/NeuroOps/neuroops_env/lib64/python3.9/site-packages/starlette/routing.py", line 364, in handle
    await self.app(scope, receive, send)
  File "/home/ec2-user/NeuroOps/neuroops_env/lib64/python3.9/site-packages/fastapi/routing.py", line 147, in app
    await wrap_app_handling_exceptions(app, session)(scope, receive, send)
  File "/home/ec2-user/NeuroOps/neuroops_env/lib64/python3.9/site-packages/starlette/_exception_handler.py", line 53, in wrapped_app
    raise exc
  File "/home/ec2-user/NeuroOps/neuroops_env/lib64/python3.9/site-packages/starlette/_exception_handler.py", line 42, in wrapped_app
    await app(scope, receive, sender)
  File "/home/ec2-user/NeuroOps/neuroops_env/lib64/python3.9/site-packages/fastapi/routing.py", line 144, in app
    await func(session)
  File "/home/ec2-user/NeuroOps/neuroops_env/lib64/python3.9/site-packages/fastapi/routing.py", line 509, in app
    await dependant.call(**solved_result.values)
  File "/home/ec2-user/NeuroOps/backend/api/streaming.py", line 17, in metric_stream
    await manager.connect(websocket)
  File "/home/ec2-user/NeuroOps/backend/services/ws_manager.py", line 10, in connect
    await websocket.accept()
  File "/home/ec2-user/NeuroOps/neuroops_env/lib64/python3.9/site-packages/starlette/websockets.py", line 110, in accept
    await self.send({"type": "websocket.accept", "subprotocol": subprotocol, "headers": headers})
  File "/home/ec2-user/NeuroOps/neuroops_env/lib64/python3.9/site-packages/starlette/websockets.py", line 80, in send
    raise RuntimeError(
RuntimeError: Expected ASGI message "websocket.send" or "websocket.close", but got 'websocket.accept'
INFO:     connection open
INFO:     connection closed
INFO:     104.28.155.52:23909 - "GET /api/v1/inframind/drift HTTP/1.1" 200 OK
INFO:     104.28.155.52:23917 - "GET /api/v1/failure/latest/i-00dfb80a59da9a56d HTTP/1.1" 200 OK
INFO:     104.28.155.52:23902 - "GET /api/v1/aws/instances HTTP/1.1" 200 OK
INFO:     104.28.155.52:23932 - "GET /api/v1/incidents/recent?limit=20 HTTP/1.1" 200 OK
INFO:     104.28.155.52:23924 - "GET /api/v1/autohealing/timeline?days=7 HTTP/1.1" 200 OK
INFO:     104.28.155.52:23940 - "GET /api/v1/scalewise/savings HTTP/1.1" 200 OK
INFO:     104.28.155.52:23909 - "GET /api/v1/services HTTP/1.1" 404 Not Found
INFO:     104.28.155.52:23932 - "GET /api/v1/inframind/alerts/priority HTTP/1.1" 200 OK
INFO:     104.28.155.52:23924 - "GET /api/v1/failure/rul-latest/i-00dfb80a59da9a56d HTTP/1.1" 200 OK
INFO:     104.28.155.52:23917 - "GET /api/v1/autohealing/services HTTP/1.1" 200 OK
INFO:     104.28.155.52:23940 - "GET /api/v1/aws/latest-metrics/i-00dfb80a59da9a56d HTTP/1.1" 200 OK
INFO:     104.28.155.52:23902 - "GET /api/v1/aws/instances HTTP/1.1" 200 OK
INFO:     104.28.155.52:23909 - "GET /api/v1/aws/instances HTTP/1.1" 200 OK
INFO:     104.28.155.52:23902 - "GET /api/v1/aws/latest-metrics/i-00dfb80a59da9a56d HTTP/1.1" 200 OK
INFO:     104.28.155.52:23940 - "GET /api/v1/aws/instances HTTP/1.1" 200 OK
INFO:     104.28.155.52:23917 - "GET /api/v1/aws/instances HTTP/1.1" 200 OK
INFO:     104.28.155.52:23909 - "GET /api/v1/aws/latest-metrics/i-00dfb80a59da9a56d HTTP/1.1" 200 OK
INFO:     104.28.155.52:23940 - "GET /api/v1/failure/latest/i-00dfb80a59da9a56d HTTP/1.1" 200 OK
INFO:     104.28.155.52:23946 - "WebSocket /api/v1/ws/stream" [accepted]
ERROR:    Exception in ASGI application
Traceback (most recent call last):
  File "/home/ec2-user/NeuroOps/neuroops_env/lib64/python3.9/site-packages/uvicorn/protocols/websockets/websockets_impl.py", line 244, in run_asgi
    result = await self.app(self.scope, self.asgi_receive, self.asgi_send)  # type: ignore[func-returns-value]
  File "/home/ec2-user/NeuroOps/neuroops_env/lib64/python3.9/site-packages/uvicorn/middleware/proxy_headers.py", line 60, in __call__
    return await self.app(scope, receive, send)
  File "/home/ec2-user/NeuroOps/neuroops_env/lib64/python3.9/site-packages/fastapi/applications.py", line 1138, in __call__
    await super().__call__(scope, receive, send)
  File "/home/ec2-user/NeuroOps/neuroops_env/lib64/python3.9/site-packages/starlette/applications.py", line 113, in __call__
    await self.middleware_stack(scope, receive, send)
  File "/home/ec2-user/NeuroOps/neuroops_env/lib64/python3.9/site-packages/starlette/middleware/errors.py", line 151, in __call__
    await self.app(scope, receive, send)
  File "/home/ec2-user/NeuroOps/neuroops_env/lib64/python3.9/site-packages/starlette/middleware/cors.py", line 77, in __call__
    await self.app(scope, receive, send)
  File "/home/ec2-user/NeuroOps/neuroops_env/lib64/python3.9/site-packages/starlette/middleware/exceptions.py", line 63, in __call__
    await wrap_app_handling_exceptions(self.app, conn)(scope, receive, send)
  File "/home/ec2-user/NeuroOps/neuroops_env/lib64/python3.9/site-packages/starlette/_exception_handler.py", line 53, in wrapped_app
    raise exc
  File "/home/ec2-user/NeuroOps/neuroops_env/lib64/python3.9/site-packages/starlette/_exception_handler.py", line 42, in wrapped_app
    await app(scope, receive, sender)
  File "/home/ec2-user/NeuroOps/neuroops_env/lib64/python3.9/site-packages/fastapi/middleware/asyncexitstack.py", line 18, in __call__
    await self.app(scope, receive, send)
  File "/home/ec2-user/NeuroOps/neuroops_env/lib64/python3.9/site-packages/starlette/routing.py", line 716, in __call__
    await self.middleware_stack(scope, receive, send)
  File "/home/ec2-user/NeuroOps/neuroops_env/lib64/python3.9/site-packages/starlette/routing.py", line 736, in app
    await route.handle(scope, receive, send)
  File "/home/ec2-user/NeuroOps/neuroops_env/lib64/python3.9/site-packages/starlette/routing.py", line 364, in handle
    await self.app(scope, receive, send)
  File "/home/ec2-user/NeuroOps/neuroops_env/lib64/python3.9/site-packages/fastapi/routing.py", line 147, in app
    await wrap_app_handling_exceptions(app, session)(scope, receive, send)
  File "/home/ec2-user/NeuroOps/neuroops_env/lib64/python3.9/site-packages/starlette/_exception_handler.py", line 53, in wrapped_app
    raise exc
  File "/home/ec2-user/NeuroOps/neuroops_env/lib64/python3.9/site-packages/starlette/_exception_handler.py", line 42, in wrapped_app
    await app(scope, receive, sender)
  File "/home/ec2-user/NeuroOps/neuroops_env/lib64/python3.9/site-packages/fastapi/routing.py", line 144, in app
    await func(session)
  File "/home/ec2-user/NeuroOps/neuroops_env/lib64/python3.9/site-packages/fastapi/routing.py", line 509, in app
    await dependant.call(**solved_result.values)
  File "/home/ec2-user/NeuroOps/backend/api/streaming.py", line 17, in metric_stream
    await manager.connect(websocket)
  File "/home/ec2-user/NeuroOps/backend/services/ws_manager.py", line 10, in connect
    await websocket.accept()
  File "/home/ec2-user/NeuroOps/neuroops_env/lib64/python3.9/site-packages/starlette/websockets.py", line 110, in accept
    await self.send({"type": "websocket.accept", "subprotocol": subprotocol, "headers": headers})
  File "/home/ec2-user/NeuroOps/neuroops_env/lib64/python3.9/site-packages/starlette/websockets.py", line 80, in send
    raise RuntimeError(
RuntimeError: Expected ASGI message "websocket.send" or "websocket.close", but got 'websocket.accept'
INFO:     connection open
INFO:     connection closed
{"module": "backend.services.aws_service", "error": "An error occurred (UnauthorizedOperation) when calling the DescribeInstanceStatus operation: You are not authorized to perform this operation. User: arn:aws:sts::218552304739:assumed-role/NeuroOps-CWAgent-Role/i-00dfb80a59da9a56d is not authorized to perform: ec2:DescribeInstanceStatus because no identity-based policy allows the ec2:DescribeInstanceStatus action", "event": "Failed to get EC2 status for i-00dfb80a59da9a56d", "level": "error", "timestamp": "2026-04-08T10:59:56.753962Z"}
INFO:     104.28.155.52:23902 - "GET /api/v1/aws/instance-status/i-00dfb80a59da9a56d HTTP/1.1" 200 OK
INFO:     104.28.155.52:23917 - "GET /api/v1/failure/rul-latest/i-00dfb80a59da9a56d HTTP/1.1" 200 OK
INFO:     104.28.155.52:23902 - "GET /api/v1/aws/reboot-count/i-00dfb80a59da9a56d HTTP/1.1" 200 OK
INFO:     104.28.155.52:23612 - "WebSocket /api/v1/ws/stream" [accepted]
ERROR:    Exception in ASGI application
Traceback (most recent call last):
  File "/home/ec2-user/NeuroOps/neuroops_env/lib64/python3.9/site-packages/uvicorn/protocols/websockets/websockets_impl.py", line 244, in run_asgi
    result = await self.app(self.scope, self.asgi_receive, self.asgi_send)  # type: ignore[func-returns-value]
  File "/home/ec2-user/NeuroOps/neuroops_env/lib64/python3.9/site-packages/uvicorn/middleware/proxy_headers.py", line 60, in __call__
    return await self.app(scope, receive, send)
  File "/home/ec2-user/NeuroOps/neuroops_env/lib64/python3.9/site-packages/fastapi/applications.py", line 1138, in __call__
    await super().__call__(scope, receive, send)
  File "/home/ec2-user/NeuroOps/neuroops_env/lib64/python3.9/site-packages/starlette/applications.py", line 113, in __call__
    await self.middleware_stack(scope, receive, send)
  File "/home/ec2-user/NeuroOps/neuroops_env/lib64/python3.9/site-packages/starlette/middleware/errors.py", line 151, in __call__
    await self.app(scope, receive, send)
  File "/home/ec2-user/NeuroOps/neuroops_env/lib64/python3.9/site-packages/starlette/middleware/cors.py", line 77, in __call__
    await self.app(scope, receive, send)
  File "/home/ec2-user/NeuroOps/neuroops_env/lib64/python3.9/site-packages/starlette/middleware/exceptions.py", line 63, in __call__
    await wrap_app_handling_exceptions(self.app, conn)(scope, receive, send)
  File "/home/ec2-user/NeuroOps/neuroops_env/lib64/python3.9/site-packages/starlette/_exception_handler.py", line 53, in wrapped_app
    raise exc
  File "/home/ec2-user/NeuroOps/neuroops_env/lib64/python3.9/site-packages/starlette/_exception_handler.py", line 42, in wrapped_app
    await app(scope, receive, sender)
  File "/home/ec2-user/NeuroOps/neuroops_env/lib64/python3.9/site-packages/fastapi/middleware/asyncexitstack.py", line 18, in __call__
    await self.app(scope, receive, send)
  File "/home/ec2-user/NeuroOps/neuroops_env/lib64/python3.9/site-packages/starlette/routing.py", line 716, in __call__
    await self.middleware_stack(scope, receive, send)
  File "/home/ec2-user/NeuroOps/neuroops_env/lib64/python3.9/site-packages/starlette/routing.py", line 736, in app
    await route.handle(scope, receive, send)
  File "/home/ec2-user/NeuroOps/neuroops_env/lib64/python3.9/site-packages/starlette/routing.py", line 364, in handle
    await self.app(scope, receive, send)
  File "/home/ec2-user/NeuroOps/neuroops_env/lib64/python3.9/site-packages/fastapi/routing.py", line 147, in app
    await wrap_app_handling_exceptions(app, session)(scope, receive, send)
  File "/home/ec2-user/NeuroOps/neuroops_env/lib64/python3.9/site-packages/starlette/_exception_handler.py", line 53, in wrapped_app
    raise exc
  File "/home/ec2-user/NeuroOps/neuroops_env/lib64/python3.9/site-packages/starlette/_exception_handler.py", line 42, in wrapped_app
    await app(scope, receive, sender)
  File "/home/ec2-user/NeuroOps/neuroops_env/lib64/python3.9/site-packages/fastapi/routing.py", line 144, in app
    await func(session)
  File "/home/ec2-user/NeuroOps/neuroops_env/lib64/python3.9/site-packages/fastapi/routing.py", line 509, in app
    await dependant.call(**solved_result.values)
  File "/home/ec2-user/NeuroOps/backend/api/streaming.py", line 17, in metric_stream
    await manager.connect(websocket)
  File "/home/ec2-user/NeuroOps/backend/services/ws_manager.py", line 10, in connect
    await websocket.accept()
  File "/home/ec2-user/NeuroOps/neuroops_env/lib64/python3.9/site-packages/starlette/websockets.py", line 110, in accept
    await self.send({"type": "websocket.accept", "subprotocol": subprotocol, "headers": headers})
  File "/home/ec2-user/NeuroOps/neuroops_env/lib64/python3.9/site-packages/starlette/websockets.py", line 80, in send
    raise RuntimeError(
RuntimeError: Expected ASGI message "websocket.send" or "websocket.close", but got 'websocket.accept'
INFO:     connection open
INFO:     connection closed
INFO:     104.28.155.52:23614 - "WebSocket /api/v1/ws/stream" [accepted]
ERROR:    Exception in ASGI application
Traceback (most recent call last):
  File "/home/ec2-user/NeuroOps/neuroops_env/lib64/python3.9/site-packages/uvicorn/protocols/websockets/websockets_impl.py", line 244, in run_asgi
    result = await self.app(self.scope, self.asgi_receive, self.asgi_send)  # type: ignore[func-returns-value]
  File "/home/ec2-user/NeuroOps/neuroops_env/lib64/python3.9/site-packages/uvicorn/middleware/proxy_headers.py", line 60, in __call__
    return await self.app(scope, receive, send)
  File "/home/ec2-user/NeuroOps/neuroops_env/lib64/python3.9/site-packages/fastapi/applications.py", line 1138, in __call__
    await super().__call__(scope, receive, send)
  File "/home/ec2-user/NeuroOps/neuroops_env/lib64/python3.9/site-packages/starlette/applications.py", line 113, in __call__
    await self.middleware_stack(scope, receive, send)
  File "/home/ec2-user/NeuroOps/neuroops_env/lib64/python3.9/site-packages/starlette/middleware/errors.py", line 151, in __call__
    await self.app(scope, receive, send)
  File "/home/ec2-user/NeuroOps/neuroops_env/lib64/python3.9/site-packages/starlette/middleware/cors.py", line 77, in __call__
    await self.app(scope, receive, send)
  File "/home/ec2-user/NeuroOps/neuroops_env/lib64/python3.9/site-packages/starlette/middleware/exceptions.py", line 63, in __call__
    await wrap_app_handling_exceptions(self.app, conn)(scope, receive, send)
  File "/home/ec2-user/NeuroOps/neuroops_env/lib64/python3.9/site-packages/starlette/_exception_handler.py", line 53, in wrapped_app
    raise exc
  File "/home/ec2-user/NeuroOps/neuroops_env/lib64/python3.9/site-packages/starlette/_exception_handler.py", line 42, in wrapped_app
    await app(scope, receive, sender)
  File "/home/ec2-user/NeuroOps/neuroops_env/lib64/python3.9/site-packages/fastapi/middleware/asyncexitstack.py", line 18, in __call__
    await self.app(scope, receive, send)
  File "/home/ec2-user/NeuroOps/neuroops_env/lib64/python3.9/site-packages/starlette/routing.py", line 716, in __call__
    await self.middleware_stack(scope, receive, send)
  File "/home/ec2-user/NeuroOps/neuroops_env/lib64/python3.9/site-packages/starlette/routing.py", line 736, in app
    await route.handle(scope, receive, send)
  File "/home/ec2-user/NeuroOps/neuroops_env/lib64/python3.9/site-packages/starlette/routing.py", line 364, in handle
    await self.app(scope, receive, send)
  File "/home/ec2-user/NeuroOps/neuroops_env/lib64/python3.9/site-packages/fastapi/routing.py", line 147, in app
    await wrap_app_handling_exceptions(app, session)(scope, receive, send)
  File "/home/ec2-user/NeuroOps/neuroops_env/lib64/python3.9/site-packages/starlette/_exception_handler.py", line 53, in wrapped_app
    raise exc
  File "/home/ec2-user/NeuroOps/neuroops_env/lib64/python3.9/site-packages/starlette/_exception_handler.py", line 42, in wrapped_app
    await app(scope, receive, sender)
  File "/home/ec2-user/NeuroOps/neuroops_env/lib64/python3.9/site-packages/fastapi/routing.py", line 144, in app
    await func(session)
  File "/home/ec2-user/NeuroOps/neuroops_env/lib64/python3.9/site-packages/fastapi/routing.py", line 509, in app
    await dependant.call(**solved_result.values)
  File "/home/ec2-user/NeuroOps/backend/api/streaming.py", line 17, in metric_stream
    await manager.connect(websocket)
  File "/home/ec2-user/NeuroOps/backend/services/ws_manager.py", line 10, in connect
    await websocket.accept()
  File "/home/ec2-user/NeuroOps/neuroops_env/lib64/python3.9/site-packages/starlette/websockets.py", line 110, in accept
    await self.send({"type": "websocket.accept", "subprotocol": subprotocol, "headers": headers})
  File "/home/ec2-user/NeuroOps/neuroops_env/lib64/python3.9/site-packages/starlette/websockets.py", line 80, in send
    raise RuntimeError(
RuntimeError: Expected ASGI message "websocket.send" or "websocket.close", but got 'websocket.accept'
INFO:     connection open
INFO:     connection closed
INFO:     104.28.155.52:23622 - "GET /api/v1/aws/instances HTTP/1.1" 200 OK
INFO:     104.28.155.52:23626 - "GET /api/v1/aws/instances HTTP/1.1" 200 OK
INFO:     104.28.155.52:23622 - "GET /api/v1/aws/latest-metrics/i-00dfb80a59da9a56d HTTP/1.1" 200 OK
INFO:     104.28.155.52:23626 - "GET /api/v1/aws/latest-metrics/i-00dfb80a59da9a56d HTTP/1.1" 200 OK
INFO:     104.28.155.52:23632 - "WebSocket /api/v1/ws/stream" [accepted]
ERROR:    Exception in ASGI application
Traceback (most recent call last):
  File "/home/ec2-user/NeuroOps/neuroops_env/lib64/python3.9/site-packages/uvicorn/protocols/websockets/websockets_impl.py", line 244, in run_asgi
    result = await self.app(self.scope, self.asgi_receive, self.asgi_send)  # type: ignore[func-returns-value]
  File "/home/ec2-user/NeuroOps/neuroops_env/lib64/python3.9/site-packages/uvicorn/middleware/proxy_headers.py", line 60, in __call__
    return await self.app(scope, receive, send)
  File "/home/ec2-user/NeuroOps/neuroops_env/lib64/python3.9/site-packages/fastapi/applications.py", line 1138, in __call__
    await super().__call__(scope, receive, send)
  File "/home/ec2-user/NeuroOps/neuroops_env/lib64/python3.9/site-packages/starlette/applications.py", line 113, in __call__
    await self.middleware_stack(scope, receive, send)
  File "/home/ec2-user/NeuroOps/neuroops_env/lib64/python3.9/site-packages/starlette/middleware/errors.py", line 151, in __call__
    await self.app(scope, receive, send)
  File "/home/ec2-user/NeuroOps/neuroops_env/lib64/python3.9/site-packages/starlette/middleware/cors.py", line 77, in __call__
    await self.app(scope, receive, send)
  File "/home/ec2-user/NeuroOps/neuroops_env/lib64/python3.9/site-packages/starlette/middleware/exceptions.py", line 63, in __call__
    await wrap_app_handling_exceptions(self.app, conn)(scope, receive, send)
  File "/home/ec2-user/NeuroOps/neuroops_env/lib64/python3.9/site-packages/starlette/_exception_handler.py", line 53, in wrapped_app
    raise exc
  File "/home/ec2-user/NeuroOps/neuroops_env/lib64/python3.9/site-packages/starlette/_exception_handler.py", line 42, in wrapped_app
    await app(scope, receive, sender)
  File "/home/ec2-user/NeuroOps/neuroops_env/lib64/python3.9/site-packages/fastapi/middleware/asyncexitstack.py", line 18, in __call__
    await self.app(scope, receive, send)
  File "/home/ec2-user/NeuroOps/neuroops_env/lib64/python3.9/site-packages/starlette/routing.py", line 716, in __call__
    await self.middleware_stack(scope, receive, send)
  File "/home/ec2-user/NeuroOps/neuroops_env/lib64/python3.9/site-packages/starlette/routing.py", line 736, in app
    await route.handle(scope, receive, send)
  File "/home/ec2-user/NeuroOps/neuroops_env/lib64/python3.9/site-packages/starlette/routing.py", line 364, in handle
    await self.app(scope, receive, send)
  File "/home/ec2-user/NeuroOps/neuroops_env/lib64/python3.9/site-packages/fastapi/routing.py", line 147, in app
    await wrap_app_handling_exceptions(app, session)(scope, receive, send)
  File "/home/ec2-user/NeuroOps/neuroops_env/lib64/python3.9/site-packages/starlette/_exception_handler.py", line 53, in wrapped_app
    raise exc
  File "/home/ec2-user/NeuroOps/neuroops_env/lib64/python3.9/site-packages/starlette/_exception_handler.py", line 42, in wrapped_app
    await app(scope, receive, sender)
  File "/home/ec2-user/NeuroOps/neuroops_env/lib64/python3.9/site-packages/fastapi/routing.py", line 144, in app
    await func(session)
  File "/home/ec2-user/NeuroOps/neuroops_env/lib64/python3.9/site-packages/fastapi/routing.py", line 509, in app
    await dependant.call(**solved_result.values)
  File "/home/ec2-user/NeuroOps/backend/api/streaming.py", line 17, in metric_stream
    await manager.connect(websocket)
  File "/home/ec2-user/NeuroOps/backend/services/ws_manager.py", line 10, in connect
    await websocket.accept()
  File "/home/ec2-user/NeuroOps/neuroops_env/lib64/python3.9/site-packages/starlette/websockets.py", line 110, in accept
    await self.send({"type": "websocket.accept", "subprotocol": subprotocol, "headers": headers})
  File "/home/ec2-user/NeuroOps/neuroops_env/lib64/python3.9/site-packages/starlette/websockets.py", line 80, in send
    raise RuntimeError(
RuntimeError: Expected ASGI message "websocket.send" or "websocket.close", but got 'websocket.accept'
INFO:     connection open
INFO:     connection closed
{"module": "backend.services.aws_service", "error": "An error occurred (UnauthorizedOperation) when calling the DescribeInstanceStatus operation: You are not authorized to perform this operation. User: arn:aws:sts::218552304739:assumed-role/NeuroOps-CWAgent-Role/i-00dfb80a59da9a56d is not authorized to perform: ec2:DescribeInstanceStatus because no identity-based policy allows the ec2:DescribeInstanceStatus action", "event": "Failed to get EC2 status for i-00dfb80a59da9a56d", "level": "error", "timestamp": "2026-04-08T11:00:09.375168Z"}
INFO:     104.28.155.52:23626 - "GET /api/v1/aws/instance-status/i-00dfb80a59da9a56d HTTP/1.1" 200 OK
INFO:     104.28.155.52:23626 - "GET /api/v1/aws/reboot-count/i-00dfb80a59da9a56d HTTP/1.1" 200 OK
INFO:     104.28.155.52:22050 - "WebSocket /api/v1/ws/stream" [accepted]
ERROR:    Exception in ASGI application
Traceback (most recent call last):
  File "/home/ec2-user/NeuroOps/neuroops_env/lib64/python3.9/site-packages/uvicorn/protocols/websockets/websockets_impl.py", line 244, in run_asgi
    result = await self.app(self.scope, self.asgi_receive, self.asgi_send)  # type: ignore[func-returns-value]
  File "/home/ec2-user/NeuroOps/neuroops_env/lib64/python3.9/site-packages/uvicorn/middleware/proxy_headers.py", line 60, in __call__
    return await self.app(scope, receive, send)
  File "/home/ec2-user/NeuroOps/neuroops_env/lib64/python3.9/site-packages/fastapi/applications.py", line 1138, in __call__
    await super().__call__(scope, receive, send)
  File "/home/ec2-user/NeuroOps/neuroops_env/lib64/python3.9/site-packages/starlette/applications.py", line 113, in __call__
    await self.middleware_stack(scope, receive, send)
  File "/home/ec2-user/NeuroOps/neuroops_env/lib64/python3.9/site-packages/starlette/middleware/errors.py", line 151, in __call__
    await self.app(scope, receive, send)
  File "/home/ec2-user/NeuroOps/neuroops_env/lib64/python3.9/site-packages/starlette/middleware/cors.py", line 77, in __call__
    await self.app(scope, receive, send)
  File "/home/ec2-user/NeuroOps/neuroops_env/lib64/python3.9/site-packages/starlette/middleware/exceptions.py", line 63, in __call__
    await wrap_app_handling_exceptions(self.app, conn)(scope, receive, send)
  File "/home/ec2-user/NeuroOps/neuroops_env/lib64/python3.9/site-packages/starlette/_exception_handler.py", line 53, in wrapped_app
    raise exc
  File "/home/ec2-user/NeuroOps/neuroops_env/lib64/python3.9/site-packages/starlette/_exception_handler.py", line 42, in wrapped_app
    await app(scope, receive, sender)
  File "/home/ec2-user/NeuroOps/neuroops_env/lib64/python3.9/site-packages/fastapi/middleware/asyncexitstack.py", line 18, in __call__
    await self.app(scope, receive, send)
  File "/home/ec2-user/NeuroOps/neuroops_env/lib64/python3.9/site-packages/starlette/routing.py", line 716, in __call__
    await self.middleware_stack(scope, receive, send)
  File "/home/ec2-user/NeuroOps/neuroops_env/lib64/python3.9/site-packages/starlette/routing.py", line 736, in app
    await route.handle(scope, receive, send)
  File "/home/ec2-user/NeuroOps/neuroops_env/lib64/python3.9/site-packages/starlette/routing.py", line 364, in handle
    await self.app(scope, receive, send)
  File "/home/ec2-user/NeuroOps/neuroops_env/lib64/python3.9/site-packages/fastapi/routing.py", line 147, in app
    await wrap_app_handling_exceptions(app, session)(scope, receive, send)
  File "/home/ec2-user/NeuroOps/neuroops_env/lib64/python3.9/site-packages/starlette/_exception_handler.py", line 53, in wrapped_app
    raise exc
  File "/home/ec2-user/NeuroOps/neuroops_env/lib64/python3.9/site-packages/starlette/_exception_handler.py", line 42, in wrapped_app
    await app(scope, receive, sender)
  File "/home/ec2-user/NeuroOps/neuroops_env/lib64/python3.9/site-packages/fastapi/routing.py", line 144, in app
    await func(session)
  File "/home/ec2-user/NeuroOps/neuroops_env/lib64/python3.9/site-packages/fastapi/routing.py", line 509, in app
    await dependant.call(**solved_result.values)
  File "/home/ec2-user/NeuroOps/backend/api/streaming.py", line 17, in metric_stream
    await manager.connect(websocket)
  File "/home/ec2-user/NeuroOps/backend/services/ws_manager.py", line 10, in connect
    await websocket.accept()
  File "/home/ec2-user/NeuroOps/neuroops_env/lib64/python3.9/site-packages/starlette/websockets.py", line 110, in accept
    await self.send({"type": "websocket.accept", "subprotocol": subprotocol, "headers": headers})
  File "/home/ec2-user/NeuroOps/neuroops_env/lib64/python3.9/site-packages/starlette/websockets.py", line 80, in send
    raise RuntimeError(
RuntimeError: Expected ASGI message "websocket.send" or "websocket.close", but got 'websocket.accept'
INFO:     connection open
INFO:     connection closed
INFO:     104.28.155.52:22052 - "WebSocket /api/v1/ws/stream" [accepted]
ERROR:    Exception in ASGI application
Traceback (most recent call last):
  File "/home/ec2-user/NeuroOps/neuroops_env/lib64/python3.9/site-packages/uvicorn/protocols/websockets/websockets_impl.py", line 244, in run_asgi
    result = await self.app(self.scope, self.asgi_receive, self.asgi_send)  # type: ignore[func-returns-value]
  File "/home/ec2-user/NeuroOps/neuroops_env/lib64/python3.9/site-packages/uvicorn/middleware/proxy_headers.py", line 60, in __call__
    return await self.app(scope, receive, send)
  File "/home/ec2-user/NeuroOps/neuroops_env/lib64/python3.9/site-packages/fastapi/applications.py", line 1138, in __call__
    await super().__call__(scope, receive, send)
  File "/home/ec2-user/NeuroOps/neuroops_env/lib64/python3.9/site-packages/starlette/applications.py", line 113, in __call__
    await self.middleware_stack(scope, receive, send)
  File "/home/ec2-user/NeuroOps/neuroops_env/lib64/python3.9/site-packages/starlette/middleware/errors.py", line 151, in __call__
    await self.app(scope, receive, send)
  File "/home/ec2-user/NeuroOps/neuroops_env/lib64/python3.9/site-packages/starlette/middleware/cors.py", line 77, in __call__
    await self.app(scope, receive, send)
  File "/home/ec2-user/NeuroOps/neuroops_env/lib64/python3.9/site-packages/starlette/middleware/exceptions.py", line 63, in __call__
    await wrap_app_handling_exceptions(self.app, conn)(scope, receive, send)
  File "/home/ec2-user/NeuroOps/neuroops_env/lib64/python3.9/site-packages/starlette/_exception_handler.py", line 53, in wrapped_app
    raise exc
  File "/home/ec2-user/NeuroOps/neuroops_env/lib64/python3.9/site-packages/starlette/_exception_handler.py", line 42, in wrapped_app
    await app(scope, receive, sender)
  File "/home/ec2-user/NeuroOps/neuroops_env/lib64/python3.9/site-packages/fastapi/middleware/asyncexitstack.py", line 18, in __call__
    await self.app(scope, receive, send)
  File "/home/ec2-user/NeuroOps/neuroops_env/lib64/python3.9/site-packages/starlette/routing.py", line 716, in __call__
    await self.middleware_stack(scope, receive, send)
  File "/home/ec2-user/NeuroOps/neuroops_env/lib64/python3.9/site-packages/starlette/routing.py", line 736, in app
    await route.handle(scope, receive, send)
  File "/home/ec2-user/NeuroOps/neuroops_env/lib64/python3.9/site-packages/starlette/routing.py", line 364, in handle
    await self.app(scope, receive, send)
  File "/home/ec2-user/NeuroOps/neuroops_env/lib64/python3.9/site-packages/fastapi/routing.py", line 147, in app
    await wrap_app_handling_exceptions(app, session)(scope, receive, send)
  File "/home/ec2-user/NeuroOps/neuroops_env/lib64/python3.9/site-packages/starlette/_exception_handler.py", line 53, in wrapped_app
    raise exc
  File "/home/ec2-user/NeuroOps/neuroops_env/lib64/python3.9/site-packages/starlette/_exception_handler.py", line 42, in wrapped_app
    await app(scope, receive, sender)
  File "/home/ec2-user/NeuroOps/neuroops_env/lib64/python3.9/site-packages/fastapi/routing.py", line 144, in app
    await func(session)
  File "/home/ec2-user/NeuroOps/neuroops_env/lib64/python3.9/site-packages/fastapi/routing.py", line 509, in app
    await dependant.call(**solved_result.values)
  File "/home/ec2-user/NeuroOps/backend/api/streaming.py", line 17, in metric_stream
    await manager.connect(websocket)
  File "/home/ec2-user/NeuroOps/backend/services/ws_manager.py", line 10, in connect
    await websocket.accept()
  File "/home/ec2-user/NeuroOps/neuroops_env/lib64/python3.9/site-packages/starlette/websockets.py", line 110, in accept
    await self.send({"type": "websocket.accept", "subprotocol": subprotocol, "headers": headers})
  File "/home/ec2-user/NeuroOps/neuroops_env/lib64/python3.9/site-packages/starlette/websockets.py", line 80, in send
    raise RuntimeError(
RuntimeError: Expected ASGI message "websocket.send" or "websocket.close", but got 'websocket.accept'
INFO:     connection open
INFO:     connection closed
INFO:     104.28.155.52:22070 - "GET /api/v1/failure/latest/i-00dfb80a59da9a56d HTTP/1.1" 200 OK
INFO:     104.28.155.52:22065 - "GET /api/v1/aws/instances HTTP/1.1" 200 OK
INFO:     104.28.155.52:22068 - "GET /api/v1/incidents/recent?limit=20 HTTP/1.1" 200 OK
INFO:     104.28.155.52:22060 - "GET /api/v1/inframind/alerts/priority HTTP/1.1" 200 OK
INFO:     104.28.155.52:22056 - "GET /api/v1/scalewise/savings HTTP/1.1" 200 OK
INFO:     104.28.155.52:22077 - "GET /api/v1/aws/instances HTTP/1.1" 200 OK
INFO:     104.28.155.52:22070 - "GET /api/v1/failure/rul-latest/i-00dfb80a59da9a56d HTTP/1.1" 200 OK
INFO:     104.28.155.52:22065 - "GET /api/v1/failure/latest/i-00dfb80a59da9a56d HTTP/1.1" 200 OK
INFO:     104.28.155.52:22077 - "GET /api/v1/failure/rul-latest/i-00dfb80a59da9a56d HTTP/1.1" 200 OK
INFO:     104.28.155.52:23454 - "WebSocket /api/v1/ws/stream" [accepted]
ERROR:    Exception in ASGI application
Traceback (most recent call last):
  File "/home/ec2-user/NeuroOps/neuroops_env/lib64/python3.9/site-packages/uvicorn/protocols/websockets/websockets_impl.py", line 244, in run_asgi
    result = await self.app(self.scope, self.asgi_receive, self.asgi_send)  # type: ignore[func-returns-value]
  File "/home/ec2-user/NeuroOps/neuroops_env/lib64/python3.9/site-packages/uvicorn/middleware/proxy_headers.py", line 60, in __call__
    return await self.app(scope, receive, send)
  File "/home/ec2-user/NeuroOps/neuroops_env/lib64/python3.9/site-packages/fastapi/applications.py", line 1138, in __call__
    await super().__call__(scope, receive, send)
  File "/home/ec2-user/NeuroOps/neuroops_env/lib64/python3.9/site-packages/starlette/applications.py", line 113, in __call__
    await self.middleware_stack(scope, receive, send)
  File "/home/ec2-user/NeuroOps/neuroops_env/lib64/python3.9/site-packages/starlette/middleware/errors.py", line 151, in __call__
    await self.app(scope, receive, send)
  File "/home/ec2-user/NeuroOps/neuroops_env/lib64/python3.9/site-packages/starlette/middleware/cors.py", line 77, in __call__
    await self.app(scope, receive, send)
  File "/home/ec2-user/NeuroOps/neuroops_env/lib64/python3.9/site-packages/starlette/middleware/exceptions.py", line 63, in __call__
    await wrap_app_handling_exceptions(self.app, conn)(scope, receive, send)
  File "/home/ec2-user/NeuroOps/neuroops_env/lib64/python3.9/site-packages/starlette/_exception_handler.py", line 53, in wrapped_app
    raise exc
  File "/home/ec2-user/NeuroOps/neuroops_env/lib64/python3.9/site-packages/starlette/_exception_handler.py", line 42, in wrapped_app
    await app(scope, receive, sender)
  File "/home/ec2-user/NeuroOps/neuroops_env/lib64/python3.9/site-packages/fastapi/middleware/asyncexitstack.py", line 18, in __call__
    await self.app(scope, receive, send)
  File "/home/ec2-user/NeuroOps/neuroops_env/lib64/python3.9/site-packages/starlette/routing.py", line 716, in __call__
    await self.middleware_stack(scope, receive, send)
  File "/home/ec2-user/NeuroOps/neuroops_env/lib64/python3.9/site-packages/starlette/routing.py", line 736, in app
    await route.handle(scope, receive, send)
  File "/home/ec2-user/NeuroOps/neuroops_env/lib64/python3.9/site-packages/starlette/routing.py", line 364, in handle
    await self.app(scope, receive, send)
  File "/home/ec2-user/NeuroOps/neuroops_env/lib64/python3.9/site-packages/fastapi/routing.py", line 147, in app
    await wrap_app_handling_exceptions(app, session)(scope, receive, send)
  File "/home/ec2-user/NeuroOps/neuroops_env/lib64/python3.9/site-packages/starlette/_exception_handler.py", line 53, in wrapped_app
    raise exc
  File "/home/ec2-user/NeuroOps/neuroops_env/lib64/python3.9/site-packages/starlette/_exception_handler.py", line 42, in wrapped_app
    await app(scope, receive, sender)
  File "/home/ec2-user/NeuroOps/neuroops_env/lib64/python3.9/site-packages/fastapi/routing.py", line 144, in app
    await func(session)
  File "/home/ec2-user/NeuroOps/neuroops_env/lib64/python3.9/site-packages/fastapi/routing.py", line 509, in app
    await dependant.call(**solved_result.values)
  File "/home/ec2-user/NeuroOps/backend/api/streaming.py", line 17, in metric_stream
    await manager.connect(websocket)
  File "/home/ec2-user/NeuroOps/backend/services/ws_manager.py", line 10, in connect
    await websocket.accept()
  File "/home/ec2-user/NeuroOps/neuroops_env/lib64/python3.9/site-packages/starlette/websockets.py", line 110, in accept
    await self.send({"type": "websocket.accept", "subprotocol": subprotocol, "headers": headers})
  File "/home/ec2-user/NeuroOps/neuroops_env/lib64/python3.9/site-packages/starlette/websockets.py", line 80, in send
    raise RuntimeError(
RuntimeError: Expected ASGI message "websocket.send" or "websocket.close", but got 'websocket.accept'
INFO:     connection open
INFO:     connection closed
INFO:     104.28.155.52:23462 - "WebSocket /api/v1/ws/stream" [accepted]
ERROR:    Exception in ASGI application
Traceback (most recent call last):
  File "/home/ec2-user/NeuroOps/neuroops_env/lib64/python3.9/site-packages/uvicorn/protocols/websockets/websockets_impl.py", line 244, in run_asgi
    result = await self.app(self.scope, self.asgi_receive, self.asgi_send)  # type: ignore[func-returns-value]
  File "/home/ec2-user/NeuroOps/neuroops_env/lib64/python3.9/site-packages/uvicorn/middleware/proxy_headers.py", line 60, in __call__
    return await self.app(scope, receive, send)
  File "/home/ec2-user/NeuroOps/neuroops_env/lib64/python3.9/site-packages/fastapi/applications.py", line 1138, in __call__
    await super().__call__(scope, receive, send)
  File "/home/ec2-user/NeuroOps/neuroops_env/lib64/python3.9/site-packages/starlette/applications.py", line 113, in __call__
    await self.middleware_stack(scope, receive, send)
  File "/home/ec2-user/NeuroOps/neuroops_env/lib64/python3.9/site-packages/starlette/middleware/errors.py", line 151, in __call__
    await self.app(scope, receive, send)
  File "/home/ec2-user/NeuroOps/neuroops_env/lib64/python3.9/site-packages/starlette/middleware/cors.py", line 77, in __call__
    await self.app(scope, receive, send)
  File "/home/ec2-user/NeuroOps/neuroops_env/lib64/python3.9/site-packages/starlette/middleware/exceptions.py", line 63, in __call__
    await wrap_app_handling_exceptions(self.app, conn)(scope, receive, send)
  File "/home/ec2-user/NeuroOps/neuroops_env/lib64/python3.9/site-packages/starlette/_exception_handler.py", line 53, in wrapped_app
    raise exc
  File "/home/ec2-user/NeuroOps/neuroops_env/lib64/python3.9/site-packages/starlette/_exception_handler.py", line 42, in wrapped_app
    await app(scope, receive, sender)
  File "/home/ec2-user/NeuroOps/neuroops_env/lib64/python3.9/site-packages/fastapi/middleware/asyncexitstack.py", line 18, in __call__
    await self.app(scope, receive, send)
  File "/home/ec2-user/NeuroOps/neuroops_env/lib64/python3.9/site-packages/starlette/routing.py", line 716, in __call__
    await self.middleware_stack(scope, receive, send)
  File "/home/ec2-user/NeuroOps/neuroops_env/lib64/python3.9/site-packages/starlette/routing.py", line 736, in app
    await route.handle(scope, receive, send)
  File "/home/ec2-user/NeuroOps/neuroops_env/lib64/python3.9/site-packages/starlette/routing.py", line 364, in handle
    await self.app(scope, receive, send)
  File "/home/ec2-user/NeuroOps/neuroops_env/lib64/python3.9/site-packages/fastapi/routing.py", line 147, in app
    await wrap_app_handling_exceptions(app, session)(scope, receive, send)
  File "/home/ec2-user/NeuroOps/neuroops_env/lib64/python3.9/site-packages/starlette/_exception_handler.py", line 53, in wrapped_app
    raise exc
  File "/home/ec2-user/NeuroOps/neuroops_env/lib64/python3.9/site-packages/starlette/_exception_handler.py", line 42, in wrapped_app
    await app(scope, receive, sender)
  File "/home/ec2-user/NeuroOps/neuroops_env/lib64/python3.9/site-packages/fastapi/routing.py", line 144, in app
    await func(session)
  File "/home/ec2-user/NeuroOps/neuroops_env/lib64/python3.9/site-packages/fastapi/routing.py", line 509, in app
    await dependant.call(**solved_result.values)
  File "/home/ec2-user/NeuroOps/backend/api/streaming.py", line 17, in metric_stream
    await manager.connect(websocket)
  File "/home/ec2-user/NeuroOps/backend/services/ws_manager.py", line 10, in connect
    await websocket.accept()
  File "/home/ec2-user/NeuroOps/neuroops_env/lib64/python3.9/site-packages/starlette/websockets.py", line 110, in accept
    await self.send({"type": "websocket.accept", "subprotocol": subprotocol, "headers": headers})
  File "/home/ec2-user/NeuroOps/neuroops_env/lib64/python3.9/site-packages/starlette/websockets.py", line 80, in send
    raise RuntimeError(
RuntimeError: Expected ASGI message "websocket.send" or "websocket.close", but got 'websocket.accept'
INFO:     connection open
INFO:     connection closed
INFO:     104.28.155.52:23468 - "GET /api/v1/aws/instances HTTP/1.1" 200 OK
INFO:     104.28.155.52:23468 - "GET /api/v1/aws/instances HTTP/1.1" 200 OK
INFO:     104.28.155.52:23476 - "GET /api/v1/aws/latest-metrics/i-00dfb80a59da9a56d HTTP/1.1" 200 OK
INFO:     104.28.155.52:23492 - "WebSocket /api/v1/ws/stream" [accepted]
ERROR:    Exception in ASGI application
Traceback (most recent call last):
  File "/home/ec2-user/NeuroOps/neuroops_env/lib64/python3.9/site-packages/uvicorn/protocols/websockets/websockets_impl.py", line 244, in run_asgi
    result = await self.app(self.scope, self.asgi_receive, self.asgi_send)  # type: ignore[func-returns-value]
  File "/home/ec2-user/NeuroOps/neuroops_env/lib64/python3.9/site-packages/uvicorn/middleware/proxy_headers.py", line 60, in __call__
    return await self.app(scope, receive, send)
  File "/home/ec2-user/NeuroOps/neuroops_env/lib64/python3.9/site-packages/fastapi/applications.py", line 1138, in __call__
    await super().__call__(scope, receive, send)
  File "/home/ec2-user/NeuroOps/neuroops_env/lib64/python3.9/site-packages/starlette/applications.py", line 113, in __call__
    await self.middleware_stack(scope, receive, send)
  File "/home/ec2-user/NeuroOps/neuroops_env/lib64/python3.9/site-packages/starlette/middleware/errors.py", line 151, in __call__
    await self.app(scope, receive, send)
  File "/home/ec2-user/NeuroOps/neuroops_env/lib64/python3.9/site-packages/starlette/middleware/cors.py", line 77, in __call__
    await self.app(scope, receive, send)
  File "/home/ec2-user/NeuroOps/neuroops_env/lib64/python3.9/site-packages/starlette/middleware/exceptions.py", line 63, in __call__
    await wrap_app_handling_exceptions(self.app, conn)(scope, receive, send)
  File "/home/ec2-user/NeuroOps/neuroops_env/lib64/python3.9/site-packages/starlette/_exception_handler.py", line 53, in wrapped_app
    raise exc
  File "/home/ec2-user/NeuroOps/neuroops_env/lib64/python3.9/site-packages/starlette/_exception_handler.py", line 42, in wrapped_app
    await app(scope, receive, sender)
  File "/home/ec2-user/NeuroOps/neuroops_env/lib64/python3.9/site-packages/fastapi/middleware/asyncexitstack.py", line 18, in __call__
    await self.app(scope, receive, send)
  File "/home/ec2-user/NeuroOps/neuroops_env/lib64/python3.9/site-packages/starlette/routing.py", line 716, in __call__
    await self.middleware_stack(scope, receive, send)
  File "/home/ec2-user/NeuroOps/neuroops_env/lib64/python3.9/site-packages/starlette/routing.py", line 736, in app
    await route.handle(scope, receive, send)
  File "/home/ec2-user/NeuroOps/neuroops_env/lib64/python3.9/site-packages/starlette/routing.py", line 364, in handle
    await self.app(scope, receive, send)
  File "/home/ec2-user/NeuroOps/neuroops_env/lib64/python3.9/site-packages/fastapi/routing.py", line 147, in app
    await wrap_app_handling_exceptions(app, session)(scope, receive, send)
  File "/home/ec2-user/NeuroOps/neuroops_env/lib64/python3.9/site-packages/starlette/_exception_handler.py", line 53, in wrapped_app
    raise exc
  File "/home/ec2-user/NeuroOps/neuroops_env/lib64/python3.9/site-packages/starlette/_exception_handler.py", line 42, in wrapped_app
    await app(scope, receive, sender)
  File "/home/ec2-user/NeuroOps/neuroops_env/lib64/python3.9/site-packages/fastapi/routing.py", line 144, in app
    await func(session)
  File "/home/ec2-user/NeuroOps/neuroops_env/lib64/python3.9/site-packages/fastapi/routing.py", line 509, in app
    await dependant.call(**solved_result.values)
  File "/home/ec2-user/NeuroOps/backend/api/streaming.py", line 17, in metric_stream
    await manager.connect(websocket)
  File "/home/ec2-user/NeuroOps/backend/services/ws_manager.py", line 10, in connect
    await websocket.accept()
  File "/home/ec2-user/NeuroOps/neuroops_env/lib64/python3.9/site-packages/starlette/websockets.py", line 110, in accept
    await self.send({"type": "websocket.accept", "subprotocol": subprotocol, "headers": headers})
  File "/home/ec2-user/NeuroOps/neuroops_env/lib64/python3.9/site-packages/starlette/websockets.py", line 80, in send
    raise RuntimeError(
RuntimeError: Expected ASGI message "websocket.send" or "websocket.close", but got 'websocket.accept'
INFO:     connection open
INFO:     connection closed
INFO:     104.28.155.52:23468 - "GET /api/v1/aws/latest-metrics/i-00dfb80a59da9a56d HTTP/1.1" 200 OK
{"module": "backend.services.aws_service", "error": "An error occurred (UnauthorizedOperation) when calling the DescribeInstanceStatus operation: You are not authorized to perform this operation. User: arn:aws:sts::218552304739:assumed-role/NeuroOps-CWAgent-Role/i-00dfb80a59da9a56d is not authorized to perform: ec2:DescribeInstanceStatus because no identity-based policy allows the ec2:DescribeInstanceStatus action", "event": "Failed to get EC2 status for i-00dfb80a59da9a56d", "level": "error", "timestamp": "2026-04-08T11:00:29.406143Z"}
INFO:     104.28.155.52:23468 - "GET /api/v1/aws/instance-status/i-00dfb80a59da9a56d HTTP/1.1" 200 OK
INFO:     104.28.155.52:23468 - "GET /api/v1/aws/reboot-count/i-00dfb80a59da9a56d HTTP/1.1" 200 OK
INFO:     104.28.155.52:23046 - "WebSocket /api/v1/ws/stream" [accepted]
ERROR:    Exception in ASGI application
Traceback (most recent call last):
  File "/home/ec2-user/NeuroOps/neuroops_env/lib64/python3.9/site-packages/uvicorn/protocols/websockets/websockets_impl.py", line 244, in run_asgi
    result = await self.app(self.scope, self.asgi_receive, self.asgi_send)  # type: ignore[func-returns-value]
  File "/home/ec2-user/NeuroOps/neuroops_env/lib64/python3.9/site-packages/uvicorn/middleware/proxy_headers.py", line 60, in __call__
    return await self.app(scope, receive, send)
  File "/home/ec2-user/NeuroOps/neuroops_env/lib64/python3.9/site-packages/fastapi/applications.py", line 1138, in __call__
    await super().__call__(scope, receive, send)
  File "/home/ec2-user/NeuroOps/neuroops_env/lib64/python3.9/site-packages/starlette/applications.py", line 113, in __call__
    await self.middleware_stack(scope, receive, send)
  File "/home/ec2-user/NeuroOps/neuroops_env/lib64/python3.9/site-packages/starlette/middleware/errors.py", line 151, in __call__
    await self.app(scope, receive, send)
  File "/home/ec2-user/NeuroOps/neuroops_env/lib64/python3.9/site-packages/starlette/middleware/cors.py", line 77, in __call__
    await self.app(scope, receive, send)
  File "/home/ec2-user/NeuroOps/neuroops_env/lib64/python3.9/site-packages/starlette/middleware/exceptions.py", line 63, in __call__
    await wrap_app_handling_exceptions(self.app, conn)(scope, receive, send)
  File "/home/ec2-user/NeuroOps/neuroops_env/lib64/python3.9/site-packages/starlette/_exception_handler.py", line 53, in wrapped_app
    raise exc
  File "/home/ec2-user/NeuroOps/neuroops_env/lib64/python3.9/site-packages/starlette/_exception_handler.py", line 42, in wrapped_app
    await app(scope, receive, sender)
  File "/home/ec2-user/NeuroOps/neuroops_env/lib64/python3.9/site-packages/fastapi/middleware/asyncexitstack.py", line 18, in __call__
    await self.app(scope, receive, send)
  File "/home/ec2-user/NeuroOps/neuroops_env/lib64/python3.9/site-packages/starlette/routing.py", line 716, in __call__
    await self.middleware_stack(scope, receive, send)
  File "/home/ec2-user/NeuroOps/neuroops_env/lib64/python3.9/site-packages/starlette/routing.py", line 736, in app
    await route.handle(scope, receive, send)
  File "/home/ec2-user/NeuroOps/neuroops_env/lib64/python3.9/site-packages/starlette/routing.py", line 364, in handle
    await self.app(scope, receive, send)
  File "/home/ec2-user/NeuroOps/neuroops_env/lib64/python3.9/site-packages/fastapi/routing.py", line 147, in app
    await wrap_app_handling_exceptions(app, session)(scope, receive, send)
  File "/home/ec2-user/NeuroOps/neuroops_env/lib64/python3.9/site-packages/starlette/_exception_handler.py", line 53, in wrapped_app
    raise exc
  File "/home/ec2-user/NeuroOps/neuroops_env/lib64/python3.9/site-packages/starlette/_exception_handler.py", line 42, in wrapped_app
    await app(scope, receive, sender)
  File "/home/ec2-user/NeuroOps/neuroops_env/lib64/python3.9/site-packages/fastapi/routing.py", line 144, in app
    await func(session)
  File "/home/ec2-user/NeuroOps/neuroops_env/lib64/python3.9/site-packages/fastapi/routing.py", line 509, in app
    await dependant.call(**solved_result.values)
  File "/home/ec2-user/NeuroOps/backend/api/streaming.py", line 17, in metric_stream
    await manager.connect(websocket)
  File "/home/ec2-user/NeuroOps/backend/services/ws_manager.py", line 10, in connect
    await websocket.accept()
  File "/home/ec2-user/NeuroOps/neuroops_env/lib64/python3.9/site-packages/starlette/websockets.py", line 110, in accept
    await self.send({"type": "websocket.accept", "subprotocol": subprotocol, "headers": headers})
  File "/home/ec2-user/NeuroOps/neuroops_env/lib64/python3.9/site-packages/starlette/websockets.py", line 80, in send
    raise RuntimeError(
RuntimeError: Expected ASGI message "websocket.send" or "websocket.close", but got 'websocket.accept'
INFO:     connection open
INFO:     connection closed
INFO:     104.28.155.52:23054 - "WebSocket /api/v1/ws/stream" [accepted]
ERROR:    Exception in ASGI application
Traceback (most recent call last):
  File "/home/ec2-user/NeuroOps/neuroops_env/lib64/python3.9/site-packages/uvicorn/protocols/websockets/websockets_impl.py", line 244, in run_asgi
    result = await self.app(self.scope, self.asgi_receive, self.asgi_send)  # type: ignore[func-returns-value]
  File "/home/ec2-user/NeuroOps/neuroops_env/lib64/python3.9/site-packages/uvicorn/middleware/proxy_headers.py", line 60, in __call__
    return await self.app(scope, receive, send)
  File "/home/ec2-user/NeuroOps/neuroops_env/lib64/python3.9/site-packages/fastapi/applications.py", line 1138, in __call__
    await super().__call__(scope, receive, send)
  File "/home/ec2-user/NeuroOps/neuroops_env/lib64/python3.9/site-packages/starlette/applications.py", line 113, in __call__
    await self.middleware_stack(scope, receive, send)
  File "/home/ec2-user/NeuroOps/neuroops_env/lib64/python3.9/site-packages/starlette/middleware/errors.py", line 151, in __call__
    await self.app(scope, receive, send)
  File "/home/ec2-user/NeuroOps/neuroops_env/lib64/python3.9/site-packages/starlette/middleware/cors.py", line 77, in __call__
    await self.app(scope, receive, send)
  File "/home/ec2-user/NeuroOps/neuroops_env/lib64/python3.9/site-packages/starlette/middleware/exceptions.py", line 63, in __call__
    await wrap_app_handling_exceptions(self.app, conn)(scope, receive, send)
  File "/home/ec2-user/NeuroOps/neuroops_env/lib64/python3.9/site-packages/starlette/_exception_handler.py", line 53, in wrapped_app
    raise exc
  File "/home/ec2-user/NeuroOps/neuroops_env/lib64/python3.9/site-packages/starlette/_exception_handler.py", line 42, in wrapped_app
    await app(scope, receive, sender)
  File "/home/ec2-user/NeuroOps/neuroops_env/lib64/python3.9/site-packages/fastapi/middleware/asyncexitstack.py", line 18, in __call__
    await self.app(scope, receive, send)
  File "/home/ec2-user/NeuroOps/neuroops_env/lib64/python3.9/site-packages/starlette/routing.py", line 716, in __call__
    await self.middleware_stack(scope, receive, send)
  File "/home/ec2-user/NeuroOps/neuroops_env/lib64/python3.9/site-packages/starlette/routing.py", line 736, in app
    await route.handle(scope, receive, send)
  File "/home/ec2-user/NeuroOps/neuroops_env/lib64/python3.9/site-packages/starlette/routing.py", line 364, in handle
    await self.app(scope, receive, send)
  File "/home/ec2-user/NeuroOps/neuroops_env/lib64/python3.9/site-packages/fastapi/routing.py", line 147, in app
    await wrap_app_handling_exceptions(app, session)(scope, receive, send)
  File "/home/ec2-user/NeuroOps/neuroops_env/lib64/python3.9/site-packages/starlette/_exception_handler.py", line 53, in wrapped_app
    raise exc
  File "/home/ec2-user/NeuroOps/neuroops_env/lib64/python3.9/site-packages/starlette/_exception_handler.py", line 42, in wrapped_app
    await app(scope, receive, sender)
  File "/home/ec2-user/NeuroOps/neuroops_env/lib64/python3.9/site-packages/fastapi/routing.py", line 144, in app
    await func(session)
  File "/home/ec2-user/NeuroOps/neuroops_env/lib64/python3.9/site-packages/fastapi/routing.py", line 509, in app
    await dependant.call(**solved_result.values)
  File "/home/ec2-user/NeuroOps/backend/api/streaming.py", line 17, in metric_stream
    await manager.connect(websocket)
  File "/home/ec2-user/NeuroOps/backend/services/ws_manager.py", line 10, in connect
    await websocket.accept()
  File "/home/ec2-user/NeuroOps/neuroops_env/lib64/python3.9/site-packages/starlette/websockets.py", line 110, in accept
    await self.send({"type": "websocket.accept", "subprotocol": subprotocol, "headers": headers})
  File "/home/ec2-user/NeuroOps/neuroops_env/lib64/python3.9/site-packages/starlette/websockets.py", line 80, in send
    raise RuntimeError(
RuntimeError: Expected ASGI message "websocket.send" or "websocket.close", but got 'websocket.accept'
INFO:     connection open
INFO:     connection closed
INFO:     104.28.155.52:22711 - "WebSocket /api/v1/ws/stream" [accepted]
ERROR:    Exception in ASGI application
Traceback (most recent call last):
  File "/home/ec2-user/NeuroOps/neuroops_env/lib64/python3.9/site-packages/uvicorn/protocols/websockets/websockets_impl.py", line 244, in run_asgi
    result = await self.app(self.scope, self.asgi_receive, self.asgi_send)  # type: ignore[func-returns-value]
  File "/home/ec2-user/NeuroOps/neuroops_env/lib64/python3.9/site-packages/uvicorn/middleware/proxy_headers.py", line 60, in __call__
    return await self.app(scope, receive, send)
  File "/home/ec2-user/NeuroOps/neuroops_env/lib64/python3.9/site-packages/fastapi/applications.py", line 1138, in __call__
    await super().__call__(scope, receive, send)
  File "/home/ec2-user/NeuroOps/neuroops_env/lib64/python3.9/site-packages/starlette/applications.py", line 113, in __call__
    await self.middleware_stack(scope, receive, send)
  File "/home/ec2-user/NeuroOps/neuroops_env/lib64/python3.9/site-packages/starlette/middleware/errors.py", line 151, in __call__
    await self.app(scope, receive, send)
  File "/home/ec2-user/NeuroOps/neuroops_env/lib64/python3.9/site-packages/starlette/middleware/cors.py", line 77, in __call__
    await self.app(scope, receive, send)
  File "/home/ec2-user/NeuroOps/neuroops_env/lib64/python3.9/site-packages/starlette/middleware/exceptions.py", line 63, in __call__
    await wrap_app_handling_exceptions(self.app, conn)(scope, receive, send)
  File "/home/ec2-user/NeuroOps/neuroops_env/lib64/python3.9/site-packages/starlette/_exception_handler.py", line 53, in wrapped_app
    raise exc
  File "/home/ec2-user/NeuroOps/neuroops_env/lib64/python3.9/site-packages/starlette/_exception_handler.py", line 42, in wrapped_app
    await app(scope, receive, sender)
  File "/home/ec2-user/NeuroOps/neuroops_env/lib64/python3.9/site-packages/fastapi/middleware/asyncexitstack.py", line 18, in __call__
    await self.app(scope, receive, send)
  File "/home/ec2-user/NeuroOps/neuroops_env/lib64/python3.9/site-packages/starlette/routing.py", line 716, in __call__
    await self.middleware_stack(scope, receive, send)
  File "/home/ec2-user/NeuroOps/neuroops_env/lib64/python3.9/site-packages/starlette/routing.py", line 736, in app
    await route.handle(scope, receive, send)
  File "/home/ec2-user/NeuroOps/neuroops_env/lib64/python3.9/site-packages/starlette/routing.py", line 364, in handle
    await self.app(scope, receive, send)
  File "/home/ec2-user/NeuroOps/neuroops_env/lib64/python3.9/site-packages/fastapi/routing.py", line 147, in app
    await wrap_app_handling_exceptions(app, session)(scope, receive, send)
  File "/home/ec2-user/NeuroOps/neuroops_env/lib64/python3.9/site-packages/starlette/_exception_handler.py", line 53, in wrapped_app
    raise exc
  File "/home/ec2-user/NeuroOps/neuroops_env/lib64/python3.9/site-packages/starlette/_exception_handler.py", line 42, in wrapped_app
    await app(scope, receive, sender)
  File "/home/ec2-user/NeuroOps/neuroops_env/lib64/python3.9/site-packages/fastapi/routing.py", line 144, in app
    await func(session)
  File "/home/ec2-user/NeuroOps/neuroops_env/lib64/python3.9/site-packages/fastapi/routing.py", line 509, in app
    await dependant.call(**solved_result.values)
  File "/home/ec2-user/NeuroOps/backend/api/streaming.py", line 17, in metric_stream
    await manager.connect(websocket)
  File "/home/ec2-user/NeuroOps/backend/services/ws_manager.py", line 10, in connect
    await websocket.accept()
  File "/home/ec2-user/NeuroOps/neuroops_env/lib64/python3.9/site-packages/starlette/websockets.py", line 110, in accept
    await self.send({"type": "websocket.accept", "subprotocol": subprotocol, "headers": headers})
  File "/home/ec2-user/NeuroOps/neuroops_env/lib64/python3.9/site-packages/starlette/websockets.py", line 80, in send
    raise RuntimeError(
RuntimeError: Expected ASGI message "websocket.send" or "websocket.close", but got 'websocket.accept'
INFO:     connection open
INFO:     connection closed
INFO:     104.28.155.52:23484 - "GET /api/v1/aws/instances HTTP/1.1" 200 OK
INFO:     104.28.155.52:23484 - "GET /api/v1/aws/latest-metrics/i-00dfb80a59da9a56d HTTP/1.1" 200 OK
INFO:     104.28.155.52:22718 - "WebSocket /api/v1/ws/stream" [accepted]
ERROR:    Exception in ASGI application
Traceback (most recent call last):
  File "/home/ec2-user/NeuroOps/neuroops_env/lib64/python3.9/site-packages/uvicorn/protocols/websockets/websockets_impl.py", line 244, in run_asgi
    result = await self.app(self.scope, self.asgi_receive, self.asgi_send)  # type: ignore[func-returns-value]
  File "/home/ec2-user/NeuroOps/neuroops_env/lib64/python3.9/site-packages/uvicorn/middleware/proxy_headers.py", line 60, in __call__
    return await self.app(scope, receive, send)
  File "/home/ec2-user/NeuroOps/neuroops_env/lib64/python3.9/site-packages/fastapi/applications.py", line 1138, in __call__
    await super().__call__(scope, receive, send)
  File "/home/ec2-user/NeuroOps/neuroops_env/lib64/python3.9/site-packages/starlette/applications.py", line 113, in __call__
    await self.middleware_stack(scope, receive, send)
  File "/home/ec2-user/NeuroOps/neuroops_env/lib64/python3.9/site-packages/starlette/middleware/errors.py", line 151, in __call__
    await self.app(scope, receive, send)
  File "/home/ec2-user/NeuroOps/neuroops_env/lib64/python3.9/site-packages/starlette/middleware/cors.py", line 77, in __call__
    await self.app(scope, receive, send)
  File "/home/ec2-user/NeuroOps/neuroops_env/lib64/python3.9/site-packages/starlette/middleware/exceptions.py", line 63, in __call__
    await wrap_app_handling_exceptions(self.app, conn)(scope, receive, send)
  File "/home/ec2-user/NeuroOps/neuroops_env/lib64/python3.9/site-packages/starlette/_exception_handler.py", line 53, in wrapped_app
    raise exc
  File "/home/ec2-user/NeuroOps/neuroops_env/lib64/python3.9/site-packages/starlette/_exception_handler.py", line 42, in wrapped_app
    await app(scope, receive, sender)
  File "/home/ec2-user/NeuroOps/neuroops_env/lib64/python3.9/site-packages/fastapi/middleware/asyncexitstack.py", line 18, in __call__
    await self.app(scope, receive, send)
  File "/home/ec2-user/NeuroOps/neuroops_env/lib64/python3.9/site-packages/starlette/routing.py", line 716, in __call__
    await self.middleware_stack(scope, receive, send)
  File "/home/ec2-user/NeuroOps/neuroops_env/lib64/python3.9/site-packages/starlette/routing.py", line 736, in app
    await route.handle(scope, receive, send)
  File "/home/ec2-user/NeuroOps/neuroops_env/lib64/python3.9/site-packages/starlette/routing.py", line 364, in handle
    await self.app(scope, receive, send)
  File "/home/ec2-user/NeuroOps/neuroops_env/lib64/python3.9/site-packages/fastapi/routing.py", line 147, in app
    await wrap_app_handling_exceptions(app, session)(scope, receive, send)
  File "/home/ec2-user/NeuroOps/neuroops_env/lib64/python3.9/site-packages/starlette/_exception_handler.py", line 53, in wrapped_app
    raise exc
  File "/home/ec2-user/NeuroOps/neuroops_env/lib64/python3.9/site-packages/starlette/_exception_handler.py", line 42, in wrapped_app
    await app(scope, receive, sender)
  File "/home/ec2-user/NeuroOps/neuroops_env/lib64/python3.9/site-packages/fastapi/routing.py", line 144, in app
    await func(session)
  File "/home/ec2-user/NeuroOps/neuroops_env/lib64/python3.9/site-packages/fastapi/routing.py", line 509, in app
    await dependant.call(**solved_result.values)
  File "/home/ec2-user/NeuroOps/backend/api/streaming.py", line 17, in metric_stream
    await manager.connect(websocket)
  File "/home/ec2-user/NeuroOps/backend/services/ws_manager.py", line 10, in connect
    await websocket.accept()
  File "/home/ec2-user/NeuroOps/neuroops_env/lib64/python3.9/site-packages/starlette/websockets.py", line 110, in accept
    await self.send({"type": "websocket.accept", "subprotocol": subprotocol, "headers": headers})
  File "/home/ec2-user/NeuroOps/neuroops_env/lib64/python3.9/site-packages/starlette/websockets.py", line 80, in send
    raise RuntimeError(
RuntimeError: Expected ASGI message "websocket.send" or "websocket.close", but got 'websocket.accept'
INFO:     connection open
INFO:     connection closed
INFO:     104.28.155.52:23484 - "GET /api/v1/failure/latest/i-00dfb80a59da9a56d HTTP/1.1" 200 OK
INFO:     104.28.155.52:22728 - "GET /api/v1/incidents/recent?limit=20 HTTP/1.1" 200 OK
INFO:     104.28.155.52:22724 - "GET /api/v1/inframind/drift HTTP/1.1" 200 OK
INFO:     104.28.155.52:22736 - "GET /api/v1/autohealing/timeline?days=7 HTTP/1.1" 200 OK
INFO:     104.28.155.52:22745 - "GET /api/v1/aws/instances HTTP/1.1" 200 OK
INFO:     104.28.155.52:22744 - "GET /api/v1/scalewise/savings HTTP/1.1" 200 OK
INFO:     104.28.155.52:23484 - "GET /api/v1/autohealing/services HTTP/1.1" 200 OK
INFO:     104.28.155.52:22728 - "GET /api/v1/services HTTP/1.1" 404 Not Found
INFO:     104.28.155.52:22724 - "GET /api/v1/inframind/alerts/priority HTTP/1.1" 200 OK
INFO:     104.28.155.52:22736 - "GET /api/v1/aws/instances HTTP/1.1" 200 OK
INFO:     104.28.155.52:22745 - "GET /api/v1/failure/rul-latest/i-00dfb80a59da9a56d HTTP/1.1" 200 OK
INFO:     104.28.155.52:22744 - "GET /api/v1/aws/latest-metrics/i-00dfb80a59da9a56d HTTP/1.1" 200 OK
INFO:     104.28.155.52:23484 - "GET /api/v1/aws/instances HTTP/1.1" 200 OK
INFO:     104.28.155.52:22749 - "WebSocket /api/v1/ws/stream" [accepted]
ERROR:    Exception in ASGI application
Traceback (most recent call last):
  File "/home/ec2-user/NeuroOps/neuroops_env/lib64/python3.9/site-packages/uvicorn/protocols/websockets/websockets_impl.py", line 244, in run_asgi
    result = await self.app(self.scope, self.asgi_receive, self.asgi_send)  # type: ignore[func-returns-value]
  File "/home/ec2-user/NeuroOps/neuroops_env/lib64/python3.9/site-packages/uvicorn/middleware/proxy_headers.py", line 60, in __call__
    return await self.app(scope, receive, send)
  File "/home/ec2-user/NeuroOps/neuroops_env/lib64/python3.9/site-packages/fastapi/applications.py", line 1138, in __call__
    await super().__call__(scope, receive, send)
  File "/home/ec2-user/NeuroOps/neuroops_env/lib64/python3.9/site-packages/starlette/applications.py", line 113, in __call__
    await self.middleware_stack(scope, receive, send)
  File "/home/ec2-user/NeuroOps/neuroops_env/lib64/python3.9/site-packages/starlette/middleware/errors.py", line 151, in __call__
    await self.app(scope, receive, send)
  File "/home/ec2-user/NeuroOps/neuroops_env/lib64/python3.9/site-packages/starlette/middleware/cors.py", line 77, in __call__
    await self.app(scope, receive, send)
  File "/home/ec2-user/NeuroOps/neuroops_env/lib64/python3.9/site-packages/starlette/middleware/exceptions.py", line 63, in __call__
    await wrap_app_handling_exceptions(self.app, conn)(scope, receive, send)
  File "/home/ec2-user/NeuroOps/neuroops_env/lib64/python3.9/site-packages/starlette/_exception_handler.py", line 53, in wrapped_app
    raise exc
  File "/home/ec2-user/NeuroOps/neuroops_env/lib64/python3.9/site-packages/starlette/_exception_handler.py", line 42, in wrapped_app
    await app(scope, receive, sender)
  File "/home/ec2-user/NeuroOps/neuroops_env/lib64/python3.9/site-packages/fastapi/middleware/asyncexitstack.py", line 18, in __call__
    await self.app(scope, receive, send)
  File "/home/ec2-user/NeuroOps/neuroops_env/lib64/python3.9/site-packages/starlette/routing.py", line 716, in __call__
    await self.middleware_stack(scope, receive, send)
  File "/home/ec2-user/NeuroOps/neuroops_env/lib64/python3.9/site-packages/starlette/routing.py", line 736, in app
    await route.handle(scope, receive, send)
  File "/home/ec2-user/NeuroOps/neuroops_env/lib64/python3.9/site-packages/starlette/routing.py", line 364, in handle
    await self.app(scope, receive, send)
  File "/home/ec2-user/NeuroOps/neuroops_env/lib64/python3.9/site-packages/fastapi/routing.py", line 147, in app
    await wrap_app_handling_exceptions(app, session)(scope, receive, send)
  File "/home/ec2-user/NeuroOps/neuroops_env/lib64/python3.9/site-packages/starlette/_exception_handler.py", line 53, in wrapped_app
    raise exc
  File "/home/ec2-user/NeuroOps/neuroops_env/lib64/python3.9/site-packages/starlette/_exception_handler.py", line 42, in wrapped_app
    await app(scope, receive, sender)
  File "/home/ec2-user/NeuroOps/neuroops_env/lib64/python3.9/site-packages/fastapi/routing.py", line 144, in app
    await func(session)
  File "/home/ec2-user/NeuroOps/neuroops_env/lib64/python3.9/site-packages/fastapi/routing.py", line 509, in app
    await dependant.call(**solved_result.values)
  File "/home/ec2-user/NeuroOps/backend/api/streaming.py", line 17, in metric_stream
    await manager.connect(websocket)
  File "/home/ec2-user/NeuroOps/backend/services/ws_manager.py", line 10, in connect
    await websocket.accept()
  File "/home/ec2-user/NeuroOps/neuroops_env/lib64/python3.9/site-packages/starlette/websockets.py", line 110, in accept
    await self.send({"type": "websocket.accept", "subprotocol": subprotocol, "headers": headers})
  File "/home/ec2-user/NeuroOps/neuroops_env/lib64/python3.9/site-packages/starlette/websockets.py", line 80, in send
    raise RuntimeError(
RuntimeError: Expected ASGI message "websocket.send" or "websocket.close", but got 'websocket.accept'
INFO:     connection open
INFO:     connection closed
INFO:     104.28.155.52:22736 - "GET /api/v1/aws/latest-metrics/i-00dfb80a59da9a56d HTTP/1.1" 200 OK
INFO:     104.28.155.52:22745 - "GET /api/v1/aws/instances HTTP/1.1" 200 OK
INFO:     104.28.155.52:23484 - "GET /api/v1/failure/latest/i-00dfb80a59da9a56d HTTP/1.1" 200 OK
INFO:     104.28.155.52:22745 - "GET /api/v1/failure/rul-latest/i-00dfb80a59da9a56d HTTP/1.1" 200 OK
{"module": "backend.services.aws_service", "error": "An error occurred (UnauthorizedOperation) when calling the DescribeInstanceStatus operation: You are not authorized to perform this operation. User: arn:aws:sts::218552304739:assumed-role/NeuroOps-CWAgent-Role/i-00dfb80a59da9a56d is not authorized to perform: ec2:DescribeInstanceStatus because no identity-based policy allows the ec2:DescribeInstanceStatus action", "event": "Failed to get EC2 status for i-00dfb80a59da9a56d", "level": "error", "timestamp": "2026-04-08T11:00:49.519284Z"}
INFO:     104.28.155.52:22736 - "GET /api/v1/aws/instance-status/i-00dfb80a59da9a56d HTTP/1.1" 200 OK
INFO:     104.28.155.52:22736 - "GET /api/v1/aws/reboot-count/i-00dfb80a59da9a56d HTTP/1.1" 200 OK
INFO:     104.28.155.52:22988 - "WebSocket /api/v1/ws/stream" [accepted]
ERROR:    Exception in ASGI application
Traceback (most recent call last):
  File "/home/ec2-user/NeuroOps/neuroops_env/lib64/python3.9/site-packages/uvicorn/protocols/websockets/websockets_impl.py", line 244, in run_asgi
    result = await self.app(self.scope, self.asgi_receive, self.asgi_send)  # type: ignore[func-returns-value]
  File "/home/ec2-user/NeuroOps/neuroops_env/lib64/python3.9/site-packages/uvicorn/middleware/proxy_headers.py", line 60, in __call__
    return await self.app(scope, receive, send)
  File "/home/ec2-user/NeuroOps/neuroops_env/lib64/python3.9/site-packages/fastapi/applications.py", line 1138, in __call__
    await super().__call__(scope, receive, send)
  File "/home/ec2-user/NeuroOps/neuroops_env/lib64/python3.9/site-packages/starlette/applications.py", line 113, in __call__
    await self.middleware_stack(scope, receive, send)
  File "/home/ec2-user/NeuroOps/neuroops_env/lib64/python3.9/site-packages/starlette/middleware/errors.py", line 151, in __call__
    await self.app(scope, receive, send)
  File "/home/ec2-user/NeuroOps/neuroops_env/lib64/python3.9/site-packages/starlette/middleware/cors.py", line 77, in __call__
    await self.app(scope, receive, send)
  File "/home/ec2-user/NeuroOps/neuroops_env/lib64/python3.9/site-packages/starlette/middleware/exceptions.py", line 63, in __call__
    await wrap_app_handling_exceptions(self.app, conn)(scope, receive, send)
  File "/home/ec2-user/NeuroOps/neuroops_env/lib64/python3.9/site-packages/starlette/_exception_handler.py", line 53, in wrapped_app
    raise exc
  File "/home/ec2-user/NeuroOps/neuroops_env/lib64/python3.9/site-packages/starlette/_exception_handler.py", line 42, in wrapped_app
    await app(scope, receive, sender)
  File "/home/ec2-user/NeuroOps/neuroops_env/lib64/python3.9/site-packages/fastapi/middleware/asyncexitstack.py", line 18, in __call__
    await self.app(scope, receive, send)
  File "/home/ec2-user/NeuroOps/neuroops_env/lib64/python3.9/site-packages/starlette/routing.py", line 716, in __call__
    await self.middleware_stack(scope, receive, send)
  File "/home/ec2-user/NeuroOps/neuroops_env/lib64/python3.9/site-packages/starlette/routing.py", line 736, in app
    await route.handle(scope, receive, send)
  File "/home/ec2-user/NeuroOps/neuroops_env/lib64/python3.9/site-packages/starlette/routing.py", line 364, in handle
    await self.app(scope, receive, send)
  File "/home/ec2-user/NeuroOps/neuroops_env/lib64/python3.9/site-packages/fastapi/routing.py", line 147, in app
    await wrap_app_handling_exceptions(app, session)(scope, receive, send)
  File "/home/ec2-user/NeuroOps/neuroops_env/lib64/python3.9/site-packages/starlette/_exception_handler.py", line 53, in wrapped_app
    raise exc
  File "/home/ec2-user/NeuroOps/neuroops_env/lib64/python3.9/site-packages/starlette/_exception_handler.py", line 42, in wrapped_app
    await app(scope, receive, sender)
  File "/home/ec2-user/NeuroOps/neuroops_env/lib64/python3.9/site-packages/fastapi/routing.py", line 144, in app
    await func(session)
  File "/home/ec2-user/NeuroOps/neuroops_env/lib64/python3.9/site-packages/fastapi/routing.py", line 509, in app
    await dependant.call(**solved_result.values)
  File "/home/ec2-user/NeuroOps/backend/api/streaming.py", line 17, in metric_stream
    await manager.connect(websocket)
  File "/home/ec2-user/NeuroOps/backend/services/ws_manager.py", line 10, in connect
    await websocket.accept()
  File "/home/ec2-user/NeuroOps/neuroops_env/lib64/python3.9/site-packages/starlette/websockets.py", line 110, in accept
    await self.send({"type": "websocket.accept", "subprotocol": subprotocol, "headers": headers})
  File "/home/ec2-user/NeuroOps/neuroops_env/lib64/python3.9/site-packages/starlette/websockets.py", line 80, in send
    raise RuntimeError(
RuntimeError: Expected ASGI message "websocket.send" or "websocket.close", but got 'websocket.accept'
INFO:     connection open
INFO:     connection closed
{"module": "backend.services.aws_service", "event": "No memory data in CustomMetrics for i-00dfb80a59da9a56d", "level": "warning", "timestamp": "2026-04-08T11:00:52.763908Z"}
{"module": "backend.services.aws_service", "event": "No disk data in CustomMetrics for i-00dfb80a59da9a56d", "level": "warning", "timestamp": "2026-04-08T11:00:52.804193Z"}
{"module": "backend.services.metrics_analyzer", "event": "Memory: 0%, Disk: 0%", "level": "info", "timestamp": "2026-04-08T11:00:52.806127Z"}
{"module": "backend.services.metrics_analyzer", "event": "Stored CPU history: 1.9849885428540817%", "level": "debug", "timestamp": "2026-04-08T11:00:52.810700Z"}
{"module": "backend.services.metrics_analyzer", "event": "InfraMind stage failed: [Errno 2] No such file or directory: 'ml_models/saved/inframind_model.pkl'", "level": "error", "timestamp": "2026-04-08T11:00:52.810971Z"}
{"module": "backend.services.aws_service", "error": "An error occurred (UnauthorizedOperation) when calling the DescribeInstanceStatus operation: You are not authorized to perform this operation. User: arn:aws:sts::218552304739:assumed-role/NeuroOps-CWAgent-Role/i-00dfb80a59da9a56d is not authorized to perform: ec2:DescribeInstanceStatus because no identity-based policy allows the ec2:DescribeInstanceStatus action", "event": "Failed to get EC2 status for i-00dfb80a59da9a56d", "level": "error", "timestamp": "2026-04-08T11:00:52.895867Z"}
{"module": "backend.services.metrics_analyzer", "event": "Instance age calculated: 0 days", "level": "info", "timestamp": "2026-04-08T11:00:53.059547Z"}
{"module": "backend.services.metrics_analyzer", "event": "CPU low for 12 consecutive days for i-00dfb80a59da9a56d", "level": "debug", "timestamp": "2026-04-08T11:00:53.060878Z"}
{"module": "backend.services.metrics_analyzer", "event": "Failure prediction: CRITICAL (95.0%) with real memory=0%, disk=0%", "level": "info", "timestamp": "2026-04-08T11:00:53.061555Z"}
{"module": "backend.services.metrics_analyzer", "event": "RUL stage failed: predict_rul() missing 3 required positional arguments: 'memory_usage', 'disk_usage', and 'instance_age_days'", "level": "error", "timestamp": "2026-04-08T11:00:53.061721Z"}
{"module": "backend.services.metrics_analyzer", "event": "Features stored for i-00dfb80a59da9a56d", "level": "debug", "timestamp": "2026-04-08T11:00:53.062612Z"}
{"module": "backend.services.metrics_analyzer", "event": "LOW CPU for 12 days on i-00dfb80a59da9a56d \u2192 triggering scale down", "level": "info", "timestamp": "2026-04-08T11:00:53.062755Z"}
{"module": "backend.services.healing_executor", "event": "HEALING DECISION: service=i-00dfb80a59da9a56d, severity=normal, value=1.9849885428540817, metric_type={'metric_type': 'cpu', 'recent_restart_count': 0, 'days_low_cpu': 12}, context={}", "level": "info", "timestamp": "2026-04-08T11:00:53.062902Z"}
{"module": "backend.services.healing_executor", "event": "COOLDOWN ACTIVE: In cooldown period (last healing at 2026-04-08T10:59:52.370463)", "level": "info", "timestamp": "2026-04-08T11:00:53.063209Z"}
{"module": "backend.services.healing_executor", "event": "EXECUTING: action=no_action for i-00dfb80a59da9a56d, metric_type={'metric_type': 'cpu', 'recent_restart_count': 0, 'days_low_cpu': 12}", "level": "info", "timestamp": "2026-04-08T11:00:53.063364Z"}
{"module": "backend.services.metrics_analyzer", "event": "Scale down result: {'status': 'skipped', 'action': 'no_action', 'reason': 'In cooldown period (last healing at 2026-04-08T10:59:52.370463)', 'service': 'i-00dfb80a59da9a56d', 'message': 'No action needed for no_action', 'rollback_triggered': False, 'metric_type': {'metric_type': 'cpu', 'recent_restart_count': 0, 'days_low_cpu': 12}, 'metric_value': 1.9849885428540817}", "level": "info", "timestamp": "2026-04-08T11:00:53.067835Z"}
{"module": "backend.services.metrics_analyzer", "event": "Stage summary for i-00dfb80a59da9a56d: Infra=False, Failure=CRITICAL, RUL=None, Memory=0%, Disk=0%, Days Low CPU=12, Healing=skipped", "level": "info", "timestamp": "2026-04-08T11:00:53.068476Z"}
{"module": "backend.services.metrics_analyzer", "instance_id": "i-00dfb80a59da9a56d", "cpu": 1.9849885428540817, "event": "Analyzed i-00dfb80a59da9a56d: CPU=1.9849885428540817%", "level": "info", "timestamp": "2026-04-08T11:00:53.069025Z"}
INFO:     104.28.155.52:22992 - "WebSocket /api/v1/ws/stream" [accepted]
ERROR:    Exception in ASGI application
Traceback (most recent call last):
  File "/home/ec2-user/NeuroOps/neuroops_env/lib64/python3.9/site-packages/uvicorn/protocols/websockets/websockets_impl.py", line 244, in run_asgi
    result = await self.app(self.scope, self.asgi_receive, self.asgi_send)  # type: ignore[func-returns-value]
  File "/home/ec2-user/NeuroOps/neuroops_env/lib64/python3.9/site-packages/uvicorn/middleware/proxy_headers.py", line 60, in __call__
    return await self.app(scope, receive, send)
  File "/home/ec2-user/NeuroOps/neuroops_env/lib64/python3.9/site-packages/fastapi/applications.py", line 1138, in __call__
    await super().__call__(scope, receive, send)
  File "/home/ec2-user/NeuroOps/neuroops_env/lib64/python3.9/site-packages/starlette/applications.py", line 113, in __call__
    await self.middleware_stack(scope, receive, send)
  File "/home/ec2-user/NeuroOps/neuroops_env/lib64/python3.9/site-packages/starlette/middleware/errors.py", line 151, in __call__
    await self.app(scope, receive, send)
  File "/home/ec2-user/NeuroOps/neuroops_env/lib64/python3.9/site-packages/starlette/middleware/cors.py", line 77, in __call__
    await self.app(scope, receive, send)
  File "/home/ec2-user/NeuroOps/neuroops_env/lib64/python3.9/site-packages/starlette/middleware/exceptions.py", line 63, in __call__
    await wrap_app_handling_exceptions(self.app, conn)(scope, receive, send)
  File "/home/ec2-user/NeuroOps/neuroops_env/lib64/python3.9/site-packages/starlette/_exception_handler.py", line 53, in wrapped_app
    raise exc
  File "/home/ec2-user/NeuroOps/neuroops_env/lib64/python3.9/site-packages/starlette/_exception_handler.py", line 42, in wrapped_app
    await app(scope, receive, sender)
  File "/home/ec2-user/NeuroOps/neuroops_env/lib64/python3.9/site-packages/fastapi/middleware/asyncexitstack.py", line 18, in __call__
    await self.app(scope, receive, send)
  File "/home/ec2-user/NeuroOps/neuroops_env/lib64/python3.9/site-packages/starlette/routing.py", line 716, in __call__
    await self.middleware_stack(scope, receive, send)
  File "/home/ec2-user/NeuroOps/neuroops_env/lib64/python3.9/site-packages/starlette/routing.py", line 736, in app
    await route.handle(scope, receive, send)
  File "/home/ec2-user/NeuroOps/neuroops_env/lib64/python3.9/site-packages/starlette/routing.py", line 364, in handle
    await self.app(scope, receive, send)
  File "/home/ec2-user/NeuroOps/neuroops_env/lib64/python3.9/site-packages/fastapi/routing.py", line 147, in app
    await wrap_app_handling_exceptions(app, session)(scope, receive, send)
  File "/home/ec2-user/NeuroOps/neuroops_env/lib64/python3.9/site-packages/starlette/_exception_handler.py", line 53, in wrapped_app
    raise exc
  File "/home/ec2-user/NeuroOps/neuroops_env/lib64/python3.9/site-packages/starlette/_exception_handler.py", line 42, in wrapped_app
    await app(scope, receive, sender)
  File "/home/ec2-user/NeuroOps/neuroops_env/lib64/python3.9/site-packages/fastapi/routing.py", line 144, in app
    await func(session)
  File "/home/ec2-user/NeuroOps/neuroops_env/lib64/python3.9/site-packages/fastapi/routing.py", line 509, in app
    await dependant.call(**solved_result.values)
  File "/home/ec2-user/NeuroOps/backend/api/streaming.py", line 17, in metric_stream
    await manager.connect(websocket)
  File "/home/ec2-user/NeuroOps/backend/services/ws_manager.py", line 10, in connect
    await websocket.accept()
  File "/home/ec2-user/NeuroOps/neuroops_env/lib64/python3.9/site-packages/starlette/websockets.py", line 110, in accept
    await self.send({"type": "websocket.accept", "subprotocol": subprotocol, "headers": headers})
  File "/home/ec2-user/NeuroOps/neuroops_env/lib64/python3.9/site-packages/starlette/websockets.py", line 80, in send
    raise RuntimeError(
RuntimeError: Expected ASGI message "websocket.send" or "websocket.close", but got 'websocket.accept'
INFO:     connection open
INFO:     connection closed
INFO:     104.28.155.52:22642 - "WebSocket /api/v1/ws/stream" [accepted]
ERROR:    Exception in ASGI application
Traceback (most recent call last):
  File "/home/ec2-user/NeuroOps/neuroops_env/lib64/python3.9/site-packages/uvicorn/protocols/websockets/websockets_impl.py", line 244, in run_asgi
    result = await self.app(self.scope, self.asgi_receive, self.asgi_send)  # type: ignore[func-returns-value]
  File "/home/ec2-user/NeuroOps/neuroops_env/lib64/python3.9/site-packages/uvicorn/middleware/proxy_headers.py", line 60, in __call__
    return await self.app(scope, receive, send)
  File "/home/ec2-user/NeuroOps/neuroops_env/lib64/python3.9/site-packages/fastapi/applications.py", line 1138, in __call__
    await super().__call__(scope, receive, send)
  File "/home/ec2-user/NeuroOps/neuroops_env/lib64/python3.9/site-packages/starlette/applications.py", line 113, in __call__
    await self.middleware_stack(scope, receive, send)
  File "/home/ec2-user/NeuroOps/neuroops_env/lib64/python3.9/site-packages/starlette/middleware/errors.py", line 151, in __call__
    await self.app(scope, receive, send)
  File "/home/ec2-user/NeuroOps/neuroops_env/lib64/python3.9/site-packages/starlette/middleware/cors.py", line 77, in __call__
    await self.app(scope, receive, send)
  File "/home/ec2-user/NeuroOps/neuroops_env/lib64/python3.9/site-packages/starlette/middleware/exceptions.py", line 63, in __call__
    await wrap_app_handling_exceptions(self.app, conn)(scope, receive, send)
  File "/home/ec2-user/NeuroOps/neuroops_env/lib64/python3.9/site-packages/starlette/_exception_handler.py", line 53, in wrapped_app
    raise exc
  File "/home/ec2-user/NeuroOps/neuroops_env/lib64/python3.9/site-packages/starlette/_exception_handler.py", line 42, in wrapped_app
    await app(scope, receive, sender)
  File "/home/ec2-user/NeuroOps/neuroops_env/lib64/python3.9/site-packages/fastapi/middleware/asyncexitstack.py", line 18, in __call__
    await self.app(scope, receive, send)
  File "/home/ec2-user/NeuroOps/neuroops_env/lib64/python3.9/site-packages/starlette/routing.py", line 716, in __call__
    await self.middleware_stack(scope, receive, send)
  File "/home/ec2-user/NeuroOps/neuroops_env/lib64/python3.9/site-packages/starlette/routing.py", line 736, in app
    await route.handle(scope, receive, send)
  File "/home/ec2-user/NeuroOps/neuroops_env/lib64/python3.9/site-packages/starlette/routing.py", line 364, in handle
    await self.app(scope, receive, send)
  File "/home/ec2-user/NeuroOps/neuroops_env/lib64/python3.9/site-packages/fastapi/routing.py", line 147, in app
    await wrap_app_handling_exceptions(app, session)(scope, receive, send)
  File "/home/ec2-user/NeuroOps/neuroops_env/lib64/python3.9/site-packages/starlette/_exception_handler.py", line 53, in wrapped_app
    raise exc
  File "/home/ec2-user/NeuroOps/neuroops_env/lib64/python3.9/site-packages/starlette/_exception_handler.py", line 42, in wrapped_app
    await app(scope, receive, sender)
  File "/home/ec2-user/NeuroOps/neuroops_env/lib64/python3.9/site-packages/fastapi/routing.py", line 144, in app
    await func(session)
  File "/home/ec2-user/NeuroOps/neuroops_env/lib64/python3.9/site-packages/fastapi/routing.py", line 509, in app
    await dependant.call(**solved_result.values)
  File "/home/ec2-user/NeuroOps/backend/api/streaming.py", line 17, in metric_stream
    await manager.connect(websocket)
  File "/home/ec2-user/NeuroOps/backend/services/ws_manager.py", line 10, in connect
    await websocket.accept()
  File "/home/ec2-user/NeuroOps/neuroops_env/lib64/python3.9/site-packages/starlette/websockets.py", line 110, in accept
    await self.send({"type": "websocket.accept", "subprotocol": subprotocol, "headers": headers})
  File "/home/ec2-user/NeuroOps/neuroops_env/lib64/python3.9/site-packages/starlette/websockets.py", line 80, in send
    raise RuntimeError(
RuntimeError: Expected ASGI message "websocket.send" or "websocket.close", but got 'websocket.accept'
INFO:     connection open
INFO:     connection closed
INFO:     104.28.155.52:22647 - "WebSocket /api/v1/ws/stream" [accepted]
ERROR:    Exception in ASGI application
Traceback (most recent call last):
  File "/home/ec2-user/NeuroOps/neuroops_env/lib64/python3.9/site-packages/uvicorn/protocols/websockets/websockets_impl.py", line 244, in run_asgi
    result = await self.app(self.scope, self.asgi_receive, self.asgi_send)  # type: ignore[func-returns-value]
  File "/home/ec2-user/NeuroOps/neuroops_env/lib64/python3.9/site-packages/uvicorn/middleware/proxy_headers.py", line 60, in __call__
    return await self.app(scope, receive, send)
  File "/home/ec2-user/NeuroOps/neuroops_env/lib64/python3.9/site-packages/fastapi/applications.py", line 1138, in __call__
    await super().__call__(scope, receive, send)
  File "/home/ec2-user/NeuroOps/neuroops_env/lib64/python3.9/site-packages/starlette/applications.py", line 113, in __call__
    await self.middleware_stack(scope, receive, send)
  File "/home/ec2-user/NeuroOps/neuroops_env/lib64/python3.9/site-packages/starlette/middleware/errors.py", line 151, in __call__
    await self.app(scope, receive, send)
  File "/home/ec2-user/NeuroOps/neuroops_env/lib64/python3.9/site-packages/starlette/middleware/cors.py", line 77, in __call__
    await self.app(scope, receive, send)
  File "/home/ec2-user/NeuroOps/neuroops_env/lib64/python3.9/site-packages/starlette/middleware/exceptions.py", line 63, in __call__
    await wrap_app_handling_exceptions(self.app, conn)(scope, receive, send)
  File "/home/ec2-user/NeuroOps/neuroops_env/lib64/python3.9/site-packages/starlette/_exception_handler.py", line 53, in wrapped_app
    raise exc
  File "/home/ec2-user/NeuroOps/neuroops_env/lib64/python3.9/site-packages/starlette/_exception_handler.py", line 42, in wrapped_app
    await app(scope, receive, sender)
  File "/home/ec2-user/NeuroOps/neuroops_env/lib64/python3.9/site-packages/fastapi/middleware/asyncexitstack.py", line 18, in __call__
    await self.app(scope, receive, send)
  File "/home/ec2-user/NeuroOps/neuroops_env/lib64/python3.9/site-packages/starlette/routing.py", line 716, in __call__
    await self.middleware_stack(scope, receive, send)
  File "/home/ec2-user/NeuroOps/neuroops_env/lib64/python3.9/site-packages/starlette/routing.py", line 736, in app
    await route.handle(scope, receive, send)
  File "/home/ec2-user/NeuroOps/neuroops_env/lib64/python3.9/site-packages/starlette/routing.py", line 364, in handle
    await self.app(scope, receive, send)
  File "/home/ec2-user/NeuroOps/neuroops_env/lib64/python3.9/site-packages/fastapi/routing.py", line 147, in app
    await wrap_app_handling_exceptions(app, session)(scope, receive, send)
  File "/home/ec2-user/NeuroOps/neuroops_env/lib64/python3.9/site-packages/starlette/_exception_handler.py", line 53, in wrapped_app
    raise exc
  File "/home/ec2-user/NeuroOps/neuroops_env/lib64/python3.9/site-packages/starlette/_exception_handler.py", line 42, in wrapped_app
    await app(scope, receive, sender)
  File "/home/ec2-user/NeuroOps/neuroops_env/lib64/python3.9/site-packages/fastapi/routing.py", line 144, in app
    await func(session)
  File "/home/ec2-user/NeuroOps/neuroops_env/lib64/python3.9/site-packages/fastapi/routing.py", line 509, in app
    await dependant.call(**solved_result.values)
  File "/home/ec2-user/NeuroOps/backend/api/streaming.py", line 17, in metric_stream
    await manager.connect(websocket)
  File "/home/ec2-user/NeuroOps/backend/services/ws_manager.py", line 10, in connect
    await websocket.accept()
  File "/home/ec2-user/NeuroOps/neuroops_env/lib64/python3.9/site-packages/starlette/websockets.py", line 110, in accept
    await self.send({"type": "websocket.accept", "subprotocol": subprotocol, "headers": headers})
  File "/home/ec2-user/NeuroOps/neuroops_env/lib64/python3.9/site-packages/starlette/websockets.py", line 80, in send
    raise RuntimeError(
RuntimeError: Expected ASGI message "websocket.send" or "websocket.close", but got 'websocket.accept'
INFO:     connection open
INFO:     connection closed
INFO:     104.28.155.52:22651 - "WebSocket /api/v1/ws/stream" [accepted]
ERROR:    Exception in ASGI application
Traceback (most recent call last):
  File "/home/ec2-user/NeuroOps/neuroops_env/lib64/python3.9/site-packages/uvicorn/protocols/websockets/websockets_impl.py", line 244, in run_asgi
    result = await self.app(self.scope, self.asgi_receive, self.asgi_send)  # type: ignore[func-returns-value]
  File "/home/ec2-user/NeuroOps/neuroops_env/lib64/python3.9/site-packages/uvicorn/middleware/proxy_headers.py", line 60, in __call__
    return await self.app(scope, receive, send)
  File "/home/ec2-user/NeuroOps/neuroops_env/lib64/python3.9/site-packages/fastapi/applications.py", line 1138, in __call__
    await super().__call__(scope, receive, send)
  File "/home/ec2-user/NeuroOps/neuroops_env/lib64/python3.9/site-packages/starlette/applications.py", line 113, in __call__
    await self.middleware_stack(scope, receive, send)
  File "/home/ec2-user/NeuroOps/neuroops_env/lib64/python3.9/site-packages/starlette/middleware/errors.py", line 151, in __call__
    await self.app(scope, receive, send)
  File "/home/ec2-user/NeuroOps/neuroops_env/lib64/python3.9/site-packages/starlette/middleware/cors.py", line 77, in __call__
    await self.app(scope, receive, send)
  File "/home/ec2-user/NeuroOps/neuroops_env/lib64/python3.9/site-packages/starlette/middleware/exceptions.py", line 63, in __call__
    await wrap_app_handling_exceptions(self.app, conn)(scope, receive, send)
  File "/home/ec2-user/NeuroOps/neuroops_env/lib64/python3.9/site-packages/starlette/_exception_handler.py", line 53, in wrapped_app
    raise exc
  File "/home/ec2-user/NeuroOps/neuroops_env/lib64/python3.9/site-packages/starlette/_exception_handler.py", line 42, in wrapped_app
    await app(scope, receive, sender)
  File "/home/ec2-user/NeuroOps/neuroops_env/lib64/python3.9/site-packages/fastapi/middleware/asyncexitstack.py", line 18, in __call__
    await self.app(scope, receive, send)
  File "/home/ec2-user/NeuroOps/neuroops_env/lib64/python3.9/site-packages/starlette/routing.py", line 716, in __call__
    await self.middleware_stack(scope, receive, send)
  File "/home/ec2-user/NeuroOps/neuroops_env/lib64/python3.9/site-packages/starlette/routing.py", line 736, in app
    await route.handle(scope, receive, send)
  File "/home/ec2-user/NeuroOps/neuroops_env/lib64/python3.9/site-packages/starlette/routing.py", line 364, in handle
    await self.app(scope, receive, send)
  File "/home/ec2-user/NeuroOps/neuroops_env/lib64/python3.9/site-packages/fastapi/routing.py", line 147, in app
    await wrap_app_handling_exceptions(app, session)(scope, receive, send)
  File "/home/ec2-user/NeuroOps/neuroops_env/lib64/python3.9/site-packages/starlette/_exception_handler.py", line 53, in wrapped_app
    raise exc
  File "/home/ec2-user/NeuroOps/neuroops_env/lib64/python3.9/site-packages/starlette/_exception_handler.py", line 42, in wrapped_app
    await app(scope, receive, sender)
  File "/home/ec2-user/NeuroOps/neuroops_env/lib64/python3.9/site-packages/fastapi/routing.py", line 144, in app
    await func(session)
  File "/home/ec2-user/NeuroOps/neuroops_env/lib64/python3.9/site-packages/fastapi/routing.py", line 509, in app
    await dependant.call(**solved_result.values)
  File "/home/ec2-user/NeuroOps/backend/api/streaming.py", line 17, in metric_stream
    await manager.connect(websocket)
  File "/home/ec2-user/NeuroOps/backend/services/ws_manager.py", line 10, in connect
    await websocket.accept()
  File "/home/ec2-user/NeuroOps/neuroops_env/lib64/python3.9/site-packages/starlette/websockets.py", line 110, in accept
    await self.send({"type": "websocket.accept", "subprotocol": subprotocol, "headers": headers})
  File "/home/ec2-user/NeuroOps/neuroops_env/lib64/python3.9/site-packages/starlette/websockets.py", line 80, in send
    raise RuntimeError(
RuntimeError: Expected ASGI message "websocket.send" or "websocket.close", but got 'websocket.accept'
INFO:     connection open
INFO:     connection closed
INFO:     104.28.155.52:22885 - "WebSocket /api/v1/ws/stream" [accepted]
ERROR:    Exception in ASGI application
Traceback (most recent call last):
  File "/home/ec2-user/NeuroOps/neuroops_env/lib64/python3.9/site-packages/uvicorn/protocols/websockets/websockets_impl.py", line 244, in run_asgi
    result = await self.app(self.scope, self.asgi_receive, self.asgi_send)  # type: ignore[func-returns-value]
  File "/home/ec2-user/NeuroOps/neuroops_env/lib64/python3.9/site-packages/uvicorn/middleware/proxy_headers.py", line 60, in __call__
    return await self.app(scope, receive, send)
  File "/home/ec2-user/NeuroOps/neuroops_env/lib64/python3.9/site-packages/fastapi/applications.py", line 1138, in __call__
    await super().__call__(scope, receive, send)
  File "/home/ec2-user/NeuroOps/neuroops_env/lib64/python3.9/site-packages/starlette/applications.py", line 113, in __call__
    await self.middleware_stack(scope, receive, send)
  File "/home/ec2-user/NeuroOps/neuroops_env/lib64/python3.9/site-packages/starlette/middleware/errors.py", line 151, in __call__
    await self.app(scope, receive, send)
  File "/home/ec2-user/NeuroOps/neuroops_env/lib64/python3.9/site-packages/starlette/middleware/cors.py", line 77, in __call__
    await self.app(scope, receive, send)
  File "/home/ec2-user/NeuroOps/neuroops_env/lib64/python3.9/site-packages/starlette/middleware/exceptions.py", line 63, in __call__
    await wrap_app_handling_exceptions(self.app, conn)(scope, receive, send)
  File "/home/ec2-user/NeuroOps/neuroops_env/lib64/python3.9/site-packages/starlette/_exception_handler.py", line 53, in wrapped_app
    raise exc
  File "/home/ec2-user/NeuroOps/neuroops_env/lib64/python3.9/site-packages/starlette/_exception_handler.py", line 42, in wrapped_app
    await app(scope, receive, sender)
  File "/home/ec2-user/NeuroOps/neuroops_env/lib64/python3.9/site-packages/fastapi/middleware/asyncexitstack.py", line 18, in __call__
    await self.app(scope, receive, send)
  File "/home/ec2-user/NeuroOps/neuroops_env/lib64/python3.9/site-packages/starlette/routing.py", line 716, in __call__
    await self.middleware_stack(scope, receive, send)
  File "/home/ec2-user/NeuroOps/neuroops_env/lib64/python3.9/site-packages/starlette/routing.py", line 736, in app
    await route.handle(scope, receive, send)
  File "/home/ec2-user/NeuroOps/neuroops_env/lib64/python3.9/site-packages/starlette/routing.py", line 364, in handle
    await self.app(scope, receive, send)
  File "/home/ec2-user/NeuroOps/neuroops_env/lib64/python3.9/site-packages/fastapi/routing.py", line 147, in app
    await wrap_app_handling_exceptions(app, session)(scope, receive, send)
  File "/home/ec2-user/NeuroOps/neuroops_env/lib64/python3.9/site-packages/starlette/_exception_handler.py", line 53, in wrapped_app
    raise exc
  File "/home/ec2-user/NeuroOps/neuroops_env/lib64/python3.9/site-packages/starlette/_exception_handler.py", line 42, in wrapped_app
    await app(scope, receive, sender)
  File "/home/ec2-user/NeuroOps/neuroops_env/lib64/python3.9/site-packages/fastapi/routing.py", line 144, in app
    await func(session)
  File "/home/ec2-user/NeuroOps/neuroops_env/lib64/python3.9/site-packages/fastapi/routing.py", line 509, in app
    await dependant.call(**solved_result.values)
  File "/home/ec2-user/NeuroOps/backend/api/streaming.py", line 17, in metric_stream
    await manager.connect(websocket)
  File "/home/ec2-user/NeuroOps/backend/services/ws_manager.py", line 10, in connect
    await websocket.accept()
  File "/home/ec2-user/NeuroOps/neuroops_env/lib64/python3.9/site-packages/starlette/websockets.py", line 110, in accept
    await self.send({"type": "websocket.accept", "subprotocol": subprotocol, "headers": headers})
  File "/home/ec2-user/NeuroOps/neuroops_env/lib64/python3.9/site-packages/starlette/websockets.py", line 80, in send
    raise RuntimeError(
RuntimeError: Expected ASGI message "websocket.send" or "websocket.close", but got 'websocket.accept'
INFO:     connection open
INFO:     connection closed
INFO:     104.28.155.52:22889 - "WebSocket /api/v1/ws/stream" [accepted]
ERROR:    Exception in ASGI application
Traceback (most recent call last):
  File "/home/ec2-user/NeuroOps/neuroops_env/lib64/python3.9/site-packages/uvicorn/protocols/websockets/websockets_impl.py", line 244, in run_asgi
    result = await self.app(self.scope, self.asgi_receive, self.asgi_send)  # type: ignore[func-returns-value]
  File "/home/ec2-user/NeuroOps/neuroops_env/lib64/python3.9/site-packages/uvicorn/middleware/proxy_headers.py", line 60, in __call__
    return await self.app(scope, receive, send)
  File "/home/ec2-user/NeuroOps/neuroops_env/lib64/python3.9/site-packages/fastapi/applications.py", line 1138, in __call__
    await super().__call__(scope, receive, send)
  File "/home/ec2-user/NeuroOps/neuroops_env/lib64/python3.9/site-packages/starlette/applications.py", line 113, in __call__
    await self.middleware_stack(scope, receive, send)
  File "/home/ec2-user/NeuroOps/neuroops_env/lib64/python3.9/site-packages/starlette/middleware/errors.py", line 151, in __call__
    await self.app(scope, receive, send)
  File "/home/ec2-user/NeuroOps/neuroops_env/lib64/python3.9/site-packages/starlette/middleware/cors.py", line 77, in __call__
    await self.app(scope, receive, send)
  File "/home/ec2-user/NeuroOps/neuroops_env/lib64/python3.9/site-packages/starlette/middleware/exceptions.py", line 63, in __call__
    await wrap_app_handling_exceptions(self.app, conn)(scope, receive, send)
  File "/home/ec2-user/NeuroOps/neuroops_env/lib64/python3.9/site-packages/starlette/_exception_handler.py", line 53, in wrapped_app
    raise exc
  File "/home/ec2-user/NeuroOps/neuroops_env/lib64/python3.9/site-packages/starlette/_exception_handler.py", line 42, in wrapped_app
    await app(scope, receive, sender)
  File "/home/ec2-user/NeuroOps/neuroops_env/lib64/python3.9/site-packages/fastapi/middleware/asyncexitstack.py", line 18, in __call__
    await self.app(scope, receive, send)
  File "/home/ec2-user/NeuroOps/neuroops_env/lib64/python3.9/site-packages/starlette/routing.py", line 716, in __call__
    await self.middleware_stack(scope, receive, send)
  File "/home/ec2-user/NeuroOps/neuroops_env/lib64/python3.9/site-packages/starlette/routing.py", line 736, in app
    await route.handle(scope, receive, send)
  File "/home/ec2-user/NeuroOps/neuroops_env/lib64/python3.9/site-packages/starlette/routing.py", line 364, in handle
    await self.app(scope, receive, send)
  File "/home/ec2-user/NeuroOps/neuroops_env/lib64/python3.9/site-packages/fastapi/routing.py", line 147, in app
    await wrap_app_handling_exceptions(app, session)(scope, receive, send)
  File "/home/ec2-user/NeuroOps/neuroops_env/lib64/python3.9/site-packages/starlette/_exception_handler.py", line 53, in wrapped_app
    raise exc
  File "/home/ec2-user/NeuroOps/neuroops_env/lib64/python3.9/site-packages/starlette/_exception_handler.py", line 42, in wrapped_app
    await app(scope, receive, sender)
  File "/home/ec2-user/NeuroOps/neuroops_env/lib64/python3.9/site-packages/fastapi/routing.py", line 144, in app
    await func(session)
  File "/home/ec2-user/NeuroOps/neuroops_env/lib64/python3.9/site-packages/fastapi/routing.py", line 509, in app
    await dependant.call(**solved_result.values)
  File "/home/ec2-user/NeuroOps/backend/api/streaming.py", line 17, in metric_stream
    await manager.connect(websocket)
  File "/home/ec2-user/NeuroOps/backend/services/ws_manager.py", line 10, in connect
    await websocket.accept()
  File "/home/ec2-user/NeuroOps/neuroops_env/lib64/python3.9/site-packages/starlette/websockets.py", line 110, in accept
    await self.send({"type": "websocket.accept", "subprotocol": subprotocol, "headers": headers})
  File "/home/ec2-user/NeuroOps/neuroops_env/lib64/python3.9/site-packages/starlette/websockets.py", line 80, in send
    raise RuntimeError(
RuntimeError: Expected ASGI message "websocket.send" or "websocket.close", but got 'websocket.accept'
INFO:     connection open
INFO:     connection closed
INFO:     104.28.155.52:22903 - "GET /api/v1/failure/latest/i-00dfb80a59da9a56d HTTP/1.1" 200 OK
INFO:     104.28.155.52:22916 - "GET /api/v1/aws/instances HTTP/1.1" 200 OK
INFO:     104.28.155.52:22906 - "GET /api/v1/incidents/recent?limit=20 HTTP/1.1" 200 OK
INFO:     104.28.155.52:22909 - "GET /api/v1/inframind/alerts/priority HTTP/1.1" 200 OK
INFO:     104.28.155.52:22896 - "GET /api/v1/scalewise/savings HTTP/1.1" 200 OK
INFO:     104.28.155.52:22918 - "GET /api/v1/aws/instances HTTP/1.1" 200 OK
INFO:     104.28.155.52:22903 - "GET /api/v1/failure/rul-latest/i-00dfb80a59da9a56d HTTP/1.1" 200 OK
INFO:     104.28.155.52:22916 - "GET /api/v1/failure/latest/i-00dfb80a59da9a56d HTTP/1.1" 200 OK
INFO:     104.28.155.52:22918 - "GET /api/v1/failure/rul-latest/i-00dfb80a59da9a56d HTTP/1.1" 200 OK
INFO:     104.28.155.52:22217 - "WebSocket /api/v1/ws/stream" [accepted]
ERROR:    Exception in ASGI application
Traceback (most recent call last):
  File "/home/ec2-user/NeuroOps/neuroops_env/lib64/python3.9/site-packages/uvicorn/protocols/websockets/websockets_impl.py", line 244, in run_asgi
    result = await self.app(self.scope, self.asgi_receive, self.asgi_send)  # type: ignore[func-returns-value]
  File "/home/ec2-user/NeuroOps/neuroops_env/lib64/python3.9/site-packages/uvicorn/middleware/proxy_headers.py", line 60, in __call__
    return await self.app(scope, receive, send)
  File "/home/ec2-user/NeuroOps/neuroops_env/lib64/python3.9/site-packages/fastapi/applications.py", line 1138, in __call__
    await super().__call__(scope, receive, send)
  File "/home/ec2-user/NeuroOps/neuroops_env/lib64/python3.9/site-packages/starlette/applications.py", line 113, in __call__
    await self.middleware_stack(scope, receive, send)
  File "/home/ec2-user/NeuroOps/neuroops_env/lib64/python3.9/site-packages/starlette/middleware/errors.py", line 151, in __call__
    await self.app(scope, receive, send)
  File "/home/ec2-user/NeuroOps/neuroops_env/lib64/python3.9/site-packages/starlette/middleware/cors.py", line 77, in __call__
    await self.app(scope, receive, send)
  File "/home/ec2-user/NeuroOps/neuroops_env/lib64/python3.9/site-packages/starlette/middleware/exceptions.py", line 63, in __call__
    await wrap_app_handling_exceptions(self.app, conn)(scope, receive, send)
  File "/home/ec2-user/NeuroOps/neuroops_env/lib64/python3.9/site-packages/starlette/_exception_handler.py", line 53, in wrapped_app
    raise exc
  File "/home/ec2-user/NeuroOps/neuroops_env/lib64/python3.9/site-packages/starlette/_exception_handler.py", line 42, in wrapped_app
    await app(scope, receive, sender)
  File "/home/ec2-user/NeuroOps/neuroops_env/lib64/python3.9/site-packages/fastapi/middleware/asyncexitstack.py", line 18, in __call__
    await self.app(scope, receive, send)
  File "/home/ec2-user/NeuroOps/neuroops_env/lib64/python3.9/site-packages/starlette/routing.py", line 716, in __call__
    await self.middleware_stack(scope, receive, send)
  File "/home/ec2-user/NeuroOps/neuroops_env/lib64/python3.9/site-packages/starlette/routing.py", line 736, in app
    await route.handle(scope, receive, send)
  File "/home/ec2-user/NeuroOps/neuroops_env/lib64/python3.9/site-packages/starlette/routing.py", line 364, in handle
    await self.app(scope, receive, send)
  File "/home/ec2-user/NeuroOps/neuroops_env/lib64/python3.9/site-packages/fastapi/routing.py", line 147, in app
    await wrap_app_handling_exceptions(app, session)(scope, receive, send)
  File "/home/ec2-user/NeuroOps/neuroops_env/lib64/python3.9/site-packages/starlette/_exception_handler.py", line 53, in wrapped_app
    raise exc
  File "/home/ec2-user/NeuroOps/neuroops_env/lib64/python3.9/site-packages/starlette/_exception_handler.py", line 42, in wrapped_app
    await app(scope, receive, sender)
  File "/home/ec2-user/NeuroOps/neuroops_env/lib64/python3.9/site-packages/fastapi/routing.py", line 144, in app
    await func(session)
  File "/home/ec2-user/NeuroOps/neuroops_env/lib64/python3.9/site-packages/fastapi/routing.py", line 509, in app
    await dependant.call(**solved_result.values)
  File "/home/ec2-user/NeuroOps/backend/api/streaming.py", line 17, in metric_stream
    await manager.connect(websocket)
  File "/home/ec2-user/NeuroOps/backend/services/ws_manager.py", line 10, in connect
    await websocket.accept()
  File "/home/ec2-user/NeuroOps/neuroops_env/lib64/python3.9/site-packages/starlette/websockets.py", line 110, in accept
    await self.send({"type": "websocket.accept", "subprotocol": subprotocol, "headers": headers})
  File "/home/ec2-user/NeuroOps/neuroops_env/lib64/python3.9/site-packages/starlette/websockets.py", line 80, in send
    raise RuntimeError(
RuntimeError: Expected ASGI message "websocket.send" or "websocket.close", but got 'websocket.accept'
INFO:     connection open
INFO:     connection closed
INFO:     104.28.155.52:22224 - "WebSocket /api/v1/ws/stream" [accepted]
ERROR:    Exception in ASGI application
Traceback (most recent call last):
  File "/home/ec2-user/NeuroOps/neuroops_env/lib64/python3.9/site-packages/uvicorn/protocols/websockets/websockets_impl.py", line 244, in run_asgi
    result = await self.app(self.scope, self.asgi_receive, self.asgi_send)  # type: ignore[func-returns-value]
  File "/home/ec2-user/NeuroOps/neuroops_env/lib64/python3.9/site-packages/uvicorn/middleware/proxy_headers.py", line 60, in __call__
    return await self.app(scope, receive, send)
  File "/home/ec2-user/NeuroOps/neuroops_env/lib64/python3.9/site-packages/fastapi/applications.py", line 1138, in __call__
    await super().__call__(scope, receive, send)
  File "/home/ec2-user/NeuroOps/neuroops_env/lib64/python3.9/site-packages/starlette/applications.py", line 113, in __call__
    await self.middleware_stack(scope, receive, send)
  File "/home/ec2-user/NeuroOps/neuroops_env/lib64/python3.9/site-packages/starlette/middleware/errors.py", line 151, in __call__
    await self.app(scope, receive, send)
  File "/home/ec2-user/NeuroOps/neuroops_env/lib64/python3.9/site-packages/starlette/middleware/cors.py", line 77, in __call__
    await self.app(scope, receive, send)
  File "/home/ec2-user/NeuroOps/neuroops_env/lib64/python3.9/site-packages/starlette/middleware/exceptions.py", line 63, in __call__
    await wrap_app_handling_exceptions(self.app, conn)(scope, receive, send)
  File "/home/ec2-user/NeuroOps/neuroops_env/lib64/python3.9/site-packages/starlette/_exception_handler.py", line 53, in wrapped_app
    raise exc
  File "/home/ec2-user/NeuroOps/neuroops_env/lib64/python3.9/site-packages/starlette/_exception_handler.py", line 42, in wrapped_app
    await app(scope, receive, sender)
  File "/home/ec2-user/NeuroOps/neuroops_env/lib64/python3.9/site-packages/fastapi/middleware/asyncexitstack.py", line 18, in __call__
    await self.app(scope, receive, send)
  File "/home/ec2-user/NeuroOps/neuroops_env/lib64/python3.9/site-packages/starlette/routing.py", line 716, in __call__
    await self.middleware_stack(scope, receive, send)
  File "/home/ec2-user/NeuroOps/neuroops_env/lib64/python3.9/site-packages/starlette/routing.py", line 736, in app
    await route.handle(scope, receive, send)
  File "/home/ec2-user/NeuroOps/neuroops_env/lib64/python3.9/site-packages/starlette/routing.py", line 364, in handle
    await self.app(scope, receive, send)
  File "/home/ec2-user/NeuroOps/neuroops_env/lib64/python3.9/site-packages/fastapi/routing.py", line 147, in app
    await wrap_app_handling_exceptions(app, session)(scope, receive, send)
  File "/home/ec2-user/NeuroOps/neuroops_env/lib64/python3.9/site-packages/starlette/_exception_handler.py", line 53, in wrapped_app
    raise exc
  File "/home/ec2-user/NeuroOps/neuroops_env/lib64/python3.9/site-packages/starlette/_exception_handler.py", line 42, in wrapped_app
    await app(scope, receive, sender)
  File "/home/ec2-user/NeuroOps/neuroops_env/lib64/python3.9/site-packages/fastapi/routing.py", line 144, in app
    await func(session)
  File "/home/ec2-user/NeuroOps/neuroops_env/lib64/python3.9/site-packages/fastapi/routing.py", line 509, in app
    await dependant.call(**solved_result.values)
  File "/home/ec2-user/NeuroOps/backend/api/streaming.py", line 17, in metric_stream
    await manager.connect(websocket)
  File "/home/ec2-user/NeuroOps/backend/services/ws_manager.py", line 10, in connect
    await websocket.accept()
  File "/home/ec2-user/NeuroOps/neuroops_env/lib64/python3.9/site-packages/starlette/websockets.py", line 110, in accept
    await self.send({"type": "websocket.accept", "subprotocol": subprotocol, "headers": headers})
  File "/home/ec2-user/NeuroOps/neuroops_env/lib64/python3.9/site-packages/starlette/websockets.py", line 80, in send
    raise RuntimeError(
RuntimeError: Expected ASGI message "websocket.send" or "websocket.close", but got 'websocket.accept'
INFO:     connection open
INFO:     connection closed
INFO:     104.28.155.52:22230 - "WebSocket /api/v1/ws/stream" [accepted]
ERROR:    Exception in ASGI application
Traceback (most recent call last):
  File "/home/ec2-user/NeuroOps/neuroops_env/lib64/python3.9/site-packages/uvicorn/protocols/websockets/websockets_impl.py", line 244, in run_asgi
    result = await self.app(self.scope, self.asgi_receive, self.asgi_send)  # type: ignore[func-returns-value]
  File "/home/ec2-user/NeuroOps/neuroops_env/lib64/python3.9/site-packages/uvicorn/middleware/proxy_headers.py", line 60, in __call__
    return await self.app(scope, receive, send)
  File "/home/ec2-user/NeuroOps/neuroops_env/lib64/python3.9/site-packages/fastapi/applications.py", line 1138, in __call__
    await super().__call__(scope, receive, send)
  File "/home/ec2-user/NeuroOps/neuroops_env/lib64/python3.9/site-packages/starlette/applications.py", line 113, in __call__
    await self.middleware_stack(scope, receive, send)
  File "/home/ec2-user/NeuroOps/neuroops_env/lib64/python3.9/site-packages/starlette/middleware/errors.py", line 151, in __call__
    await self.app(scope, receive, send)
  File "/home/ec2-user/NeuroOps/neuroops_env/lib64/python3.9/site-packages/starlette/middleware/cors.py", line 77, in __call__
    await self.app(scope, receive, send)
  File "/home/ec2-user/NeuroOps/neuroops_env/lib64/python3.9/site-packages/starlette/middleware/exceptions.py", line 63, in __call__
    await wrap_app_handling_exceptions(self.app, conn)(scope, receive, send)
  File "/home/ec2-user/NeuroOps/neuroops_env/lib64/python3.9/site-packages/starlette/_exception_handler.py", line 53, in wrapped_app
    raise exc
  File "/home/ec2-user/NeuroOps/neuroops_env/lib64/python3.9/site-packages/starlette/_exception_handler.py", line 42, in wrapped_app
    await app(scope, receive, sender)
  File "/home/ec2-user/NeuroOps/neuroops_env/lib64/python3.9/site-packages/fastapi/middleware/asyncexitstack.py", line 18, in __call__
    await self.app(scope, receive, send)
  File "/home/ec2-user/NeuroOps/neuroops_env/lib64/python3.9/site-packages/starlette/routing.py", line 716, in __call__
    await self.middleware_stack(scope, receive, send)
  File "/home/ec2-user/NeuroOps/neuroops_env/lib64/python3.9/site-packages/starlette/routing.py", line 736, in app
    await route.handle(scope, receive, send)
  File "/home/ec2-user/NeuroOps/neuroops_env/lib64/python3.9/site-packages/starlette/routing.py", line 364, in handle
    await self.app(scope, receive, send)
  File "/home/ec2-user/NeuroOps/neuroops_env/lib64/python3.9/site-packages/fastapi/routing.py", line 147, in app
    await wrap_app_handling_exceptions(app, session)(scope, receive, send)
  File "/home/ec2-user/NeuroOps/neuroops_env/lib64/python3.9/site-packages/starlette/_exception_handler.py", line 53, in wrapped_app
    raise exc
  File "/home/ec2-user/NeuroOps/neuroops_env/lib64/python3.9/site-packages/starlette/_exception_handler.py", line 42, in wrapped_app
    await app(scope, receive, sender)
  File "/home/ec2-user/NeuroOps/neuroops_env/lib64/python3.9/site-packages/fastapi/routing.py", line 144, in app
    await func(session)
  File "/home/ec2-user/NeuroOps/neuroops_env/lib64/python3.9/site-packages/fastapi/routing.py", line 509, in app
    await dependant.call(**solved_result.values)
  File "/home/ec2-user/NeuroOps/backend/api/streaming.py", line 17, in metric_stream
    await manager.connect(websocket)
  File "/home/ec2-user/NeuroOps/backend/services/ws_manager.py", line 10, in connect
    await websocket.accept()
  File "/home/ec2-user/NeuroOps/neuroops_env/lib64/python3.9/site-packages/starlette/websockets.py", line 110, in accept
    await self.send({"type": "websocket.accept", "subprotocol": subprotocol, "headers": headers})
  File "/home/ec2-user/NeuroOps/neuroops_env/lib64/python3.9/site-packages/starlette/websockets.py", line 80, in send
    raise RuntimeError(
RuntimeError: Expected ASGI message "websocket.send" or "websocket.close", but got 'websocket.accept'
INFO:     connection open
INFO:     connection closed
INFO:     104.28.155.52:24330 - "WebSocket /api/v1/ws/stream" [accepted]
ERROR:    Exception in ASGI application
Traceback (most recent call last):
  File "/home/ec2-user/NeuroOps/neuroops_env/lib64/python3.9/site-packages/uvicorn/protocols/websockets/websockets_impl.py", line 244, in run_asgi
    result = await self.app(self.scope, self.asgi_receive, self.asgi_send)  # type: ignore[func-returns-value]
  File "/home/ec2-user/NeuroOps/neuroops_env/lib64/python3.9/site-packages/uvicorn/middleware/proxy_headers.py", line 60, in __call__
    return await self.app(scope, receive, send)
  File "/home/ec2-user/NeuroOps/neuroops_env/lib64/python3.9/site-packages/fastapi/applications.py", line 1138, in __call__
    await super().__call__(scope, receive, send)
  File "/home/ec2-user/NeuroOps/neuroops_env/lib64/python3.9/site-packages/starlette/applications.py", line 113, in __call__
    await self.middleware_stack(scope, receive, send)
  File "/home/ec2-user/NeuroOps/neuroops_env/lib64/python3.9/site-packages/starlette/middleware/errors.py", line 151, in __call__
    await self.app(scope, receive, send)
  File "/home/ec2-user/NeuroOps/neuroops_env/lib64/python3.9/site-packages/starlette/middleware/cors.py", line 77, in __call__
    await self.app(scope, receive, send)
  File "/home/ec2-user/NeuroOps/neuroops_env/lib64/python3.9/site-packages/starlette/middleware/exceptions.py", line 63, in __call__
    await wrap_app_handling_exceptions(self.app, conn)(scope, receive, send)
  File "/home/ec2-user/NeuroOps/neuroops_env/lib64/python3.9/site-packages/starlette/_exception_handler.py", line 53, in wrapped_app
    raise exc
  File "/home/ec2-user/NeuroOps/neuroops_env/lib64/python3.9/site-packages/starlette/_exception_handler.py", line 42, in wrapped_app
    await app(scope, receive, sender)
  File "/home/ec2-user/NeuroOps/neuroops_env/lib64/python3.9/site-packages/fastapi/middleware/asyncexitstack.py", line 18, in __call__
    await self.app(scope, receive, send)
  File "/home/ec2-user/NeuroOps/neuroops_env/lib64/python3.9/site-packages/starlette/routing.py", line 716, in __call__
    await self.middleware_stack(scope, receive, send)
  File "/home/ec2-user/NeuroOps/neuroops_env/lib64/python3.9/site-packages/starlette/routing.py", line 736, in app
    await route.handle(scope, receive, send)
  File "/home/ec2-user/NeuroOps/neuroops_env/lib64/python3.9/site-packages/starlette/routing.py", line 364, in handle
    await self.app(scope, receive, send)
  File "/home/ec2-user/NeuroOps/neuroops_env/lib64/python3.9/site-packages/fastapi/routing.py", line 147, in app
    await wrap_app_handling_exceptions(app, session)(scope, receive, send)
  File "/home/ec2-user/NeuroOps/neuroops_env/lib64/python3.9/site-packages/starlette/_exception_handler.py", line 53, in wrapped_app
    raise exc
  File "/home/ec2-user/NeuroOps/neuroops_env/lib64/python3.9/site-packages/starlette/_exception_handler.py", line 42, in wrapped_app
    await app(scope, receive, sender)
  File "/home/ec2-user/NeuroOps/neuroops_env/lib64/python3.9/site-packages/fastapi/routing.py", line 144, in app
    await func(session)
  File "/home/ec2-user/NeuroOps/neuroops_env/lib64/python3.9/site-packages/fastapi/routing.py", line 509, in app
    await dependant.call(**solved_result.values)
  File "/home/ec2-user/NeuroOps/backend/api/streaming.py", line 17, in metric_stream
    await manager.connect(websocket)
  File "/home/ec2-user/NeuroOps/backend/services/ws_manager.py", line 10, in connect
    await websocket.accept()
  File "/home/ec2-user/NeuroOps/neuroops_env/lib64/python3.9/site-packages/starlette/websockets.py", line 110, in accept
    await self.send({"type": "websocket.accept", "subprotocol": subprotocol, "headers": headers})
  File "/home/ec2-user/NeuroOps/neuroops_env/lib64/python3.9/site-packages/starlette/websockets.py", line 80, in send
    raise RuntimeError(
RuntimeError: Expected ASGI message "websocket.send" or "websocket.close", but got 'websocket.accept'
INFO:     connection open
INFO:     connection closed
INFO:     104.28.155.52:24336 - "WebSocket /api/v1/ws/stream" [accepted]
ERROR:    Exception in ASGI application
Traceback (most recent call last):
  File "/home/ec2-user/NeuroOps/neuroops_env/lib64/python3.9/site-packages/uvicorn/protocols/websockets/websockets_impl.py", line 244, in run_asgi
    result = await self.app(self.scope, self.asgi_receive, self.asgi_send)  # type: ignore[func-returns-value]
  File "/home/ec2-user/NeuroOps/neuroops_env/lib64/python3.9/site-packages/uvicorn/middleware/proxy_headers.py", line 60, in __call__
    return await self.app(scope, receive, send)
  File "/home/ec2-user/NeuroOps/neuroops_env/lib64/python3.9/site-packages/fastapi/applications.py", line 1138, in __call__
    await super().__call__(scope, receive, send)
  File "/home/ec2-user/NeuroOps/neuroops_env/lib64/python3.9/site-packages/starlette/applications.py", line 113, in __call__
    await self.middleware_stack(scope, receive, send)
  File "/home/ec2-user/NeuroOps/neuroops_env/lib64/python3.9/site-packages/starlette/middleware/errors.py", line 151, in __call__
    await self.app(scope, receive, send)
  File "/home/ec2-user/NeuroOps/neuroops_env/lib64/python3.9/site-packages/starlette/middleware/cors.py", line 77, in __call__
    await self.app(scope, receive, send)
  File "/home/ec2-user/NeuroOps/neuroops_env/lib64/python3.9/site-packages/starlette/middleware/exceptions.py", line 63, in __call__
    await wrap_app_handling_exceptions(self.app, conn)(scope, receive, send)
  File "/home/ec2-user/NeuroOps/neuroops_env/lib64/python3.9/site-packages/starlette/_exception_handler.py", line 53, in wrapped_app
    raise exc
  File "/home/ec2-user/NeuroOps/neuroops_env/lib64/python3.9/site-packages/starlette/_exception_handler.py", line 42, in wrapped_app
    await app(scope, receive, sender)
  File "/home/ec2-user/NeuroOps/neuroops_env/lib64/python3.9/site-packages/fastapi/middleware/asyncexitstack.py", line 18, in __call__
    await self.app(scope, receive, send)
  File "/home/ec2-user/NeuroOps/neuroops_env/lib64/python3.9/site-packages/starlette/routing.py", line 716, in __call__
    await self.middleware_stack(scope, receive, send)
  File "/home/ec2-user/NeuroOps/neuroops_env/lib64/python3.9/site-packages/starlette/routing.py", line 736, in app
    await route.handle(scope, receive, send)
  File "/home/ec2-user/NeuroOps/neuroops_env/lib64/python3.9/site-packages/starlette/routing.py", line 364, in handle
    await self.app(scope, receive, send)
  File "/home/ec2-user/NeuroOps/neuroops_env/lib64/python3.9/site-packages/fastapi/routing.py", line 147, in app
    await wrap_app_handling_exceptions(app, session)(scope, receive, send)
  File "/home/ec2-user/NeuroOps/neuroops_env/lib64/python3.9/site-packages/starlette/_exception_handler.py", line 53, in wrapped_app
    raise exc
  File "/home/ec2-user/NeuroOps/neuroops_env/lib64/python3.9/site-packages/starlette/_exception_handler.py", line 42, in wrapped_app
    await app(scope, receive, sender)
  File "/home/ec2-user/NeuroOps/neuroops_env/lib64/python3.9/site-packages/fastapi/routing.py", line 144, in app
    await func(session)
  File "/home/ec2-user/NeuroOps/neuroops_env/lib64/python3.9/site-packages/fastapi/routing.py", line 509, in app
    await dependant.call(**solved_result.values)
  File "/home/ec2-user/NeuroOps/backend/api/streaming.py", line 17, in metric_stream
    await manager.connect(websocket)
  File "/home/ec2-user/NeuroOps/backend/services/ws_manager.py", line 10, in connect
    await websocket.accept()
  File "/home/ec2-user/NeuroOps/neuroops_env/lib64/python3.9/site-packages/starlette/websockets.py", line 110, in accept
    await self.send({"type": "websocket.accept", "subprotocol": subprotocol, "headers": headers})
  File "/home/ec2-user/NeuroOps/neuroops_env/lib64/python3.9/site-packages/starlette/websockets.py", line 80, in send
    raise RuntimeError(
RuntimeError: Expected ASGI message "websocket.send" or "websocket.close", but got 'websocket.accept'
INFO:     connection open
INFO:     connection closed
INFO:     104.28.155.52:23647 - "WebSocket /api/v1/ws/stream" [accepted]
ERROR:    Exception in ASGI application
Traceback (most recent call last):
  File "/home/ec2-user/NeuroOps/neuroops_env/lib64/python3.9/site-packages/uvicorn/protocols/websockets/websockets_impl.py", line 244, in run_asgi
    result = await self.app(self.scope, self.asgi_receive, self.asgi_send)  # type: ignore[func-returns-value]
  File "/home/ec2-user/NeuroOps/neuroops_env/lib64/python3.9/site-packages/uvicorn/middleware/proxy_headers.py", line 60, in __call__
    return await self.app(scope, receive, send)
  File "/home/ec2-user/NeuroOps/neuroops_env/lib64/python3.9/site-packages/fastapi/applications.py", line 1138, in __call__
    await super().__call__(scope, receive, send)
  File "/home/ec2-user/NeuroOps/neuroops_env/lib64/python3.9/site-packages/starlette/applications.py", line 113, in __call__
    await self.middleware_stack(scope, receive, send)
  File "/home/ec2-user/NeuroOps/neuroops_env/lib64/python3.9/site-packages/starlette/middleware/errors.py", line 151, in __call__
    await self.app(scope, receive, send)
  File "/home/ec2-user/NeuroOps/neuroops_env/lib64/python3.9/site-packages/starlette/middleware/cors.py", line 77, in __call__
    await self.app(scope, receive, send)
  File "/home/ec2-user/NeuroOps/neuroops_env/lib64/python3.9/site-packages/starlette/middleware/exceptions.py", line 63, in __call__
    await wrap_app_handling_exceptions(self.app, conn)(scope, receive, send)
  File "/home/ec2-user/NeuroOps/neuroops_env/lib64/python3.9/site-packages/starlette/_exception_handler.py", line 53, in wrapped_app
    raise exc
  File "/home/ec2-user/NeuroOps/neuroops_env/lib64/python3.9/site-packages/starlette/_exception_handler.py", line 42, in wrapped_app
    await app(scope, receive, sender)
  File "/home/ec2-user/NeuroOps/neuroops_env/lib64/python3.9/site-packages/fastapi/middleware/asyncexitstack.py", line 18, in __call__
    await self.app(scope, receive, send)
  File "/home/ec2-user/NeuroOps/neuroops_env/lib64/python3.9/site-packages/starlette/routing.py", line 716, in __call__
    await self.middleware_stack(scope, receive, send)
  File "/home/ec2-user/NeuroOps/neuroops_env/lib64/python3.9/site-packages/starlette/routing.py", line 736, in app
    await route.handle(scope, receive, send)
  File "/home/ec2-user/NeuroOps/neuroops_env/lib64/python3.9/site-packages/starlette/routing.py", line 364, in handle
    await self.app(scope, receive, send)
  File "/home/ec2-user/NeuroOps/neuroops_env/lib64/python3.9/site-packages/fastapi/routing.py", line 147, in app
    await wrap_app_handling_exceptions(app, session)(scope, receive, send)
  File "/home/ec2-user/NeuroOps/neuroops_env/lib64/python3.9/site-packages/starlette/_exception_handler.py", line 53, in wrapped_app
    raise exc
  File "/home/ec2-user/NeuroOps/neuroops_env/lib64/python3.9/site-packages/starlette/_exception_handler.py", line 42, in wrapped_app
    await app(scope, receive, sender)
  File "/home/ec2-user/NeuroOps/neuroops_env/lib64/python3.9/site-packages/fastapi/routing.py", line 144, in app
    await func(session)
  File "/home/ec2-user/NeuroOps/neuroops_env/lib64/python3.9/site-packages/fastapi/routing.py", line 509, in app
    await dependant.call(**solved_result.values)
  File "/home/ec2-user/NeuroOps/backend/api/streaming.py", line 17, in metric_stream
    await manager.connect(websocket)
  File "/home/ec2-user/NeuroOps/backend/services/ws_manager.py", line 10, in connect
    await websocket.accept()
  File "/home/ec2-user/NeuroOps/neuroops_env/lib64/python3.9/site-packages/starlette/websockets.py", line 110, in accept
    await self.send({"type": "websocket.accept", "subprotocol": subprotocol, "headers": headers})
  File "/home/ec2-user/NeuroOps/neuroops_env/lib64/python3.9/site-packages/starlette/websockets.py", line 80, in send
    raise RuntimeError(
RuntimeError: Expected ASGI message "websocket.send" or "websocket.close", but got 'websocket.accept'
INFO:     connection open
INFO:     connection closed
INFO:     104.28.155.52:23648 - "GET /api/v1/aws/instances HTTP/1.1" 200 OK
INFO:     104.28.155.52:23648 - "GET /api/v1/aws/instances HTTP/1.1" 200 OK
INFO:     104.28.155.52:23650 - "GET /api/v1/aws/latest-metrics/i-00dfb80a59da9a56d HTTP/1.1" 200 OK
INFO:     104.28.155.52:23658 - "GET /api/v1/aws/instances HTTP/1.1" 200 OK
INFO:     104.28.155.52:23648 - "GET /api/v1/aws/latest-metrics/i-00dfb80a59da9a56d HTTP/1.1" 200 OK
INFO:     104.28.155.52:23658 - "GET /api/v1/aws/latest-metrics/i-00dfb80a59da9a56d HTTP/1.1" 200 OK
INFO:     104.28.155.52:23666 - "WebSocket /api/v1/ws/stream" [accepted]
ERROR:    Exception in ASGI application
Traceback (most recent call last):
  File "/home/ec2-user/NeuroOps/neuroops_env/lib64/python3.9/site-packages/uvicorn/protocols/websockets/websockets_impl.py", line 244, in run_asgi
    result = await self.app(self.scope, self.asgi_receive, self.asgi_send)  # type: ignore[func-returns-value]
  File "/home/ec2-user/NeuroOps/neuroops_env/lib64/python3.9/site-packages/uvicorn/middleware/proxy_headers.py", line 60, in __call__
    return await self.app(scope, receive, send)
  File "/home/ec2-user/NeuroOps/neuroops_env/lib64/python3.9/site-packages/fastapi/applications.py", line 1138, in __call__
    await super().__call__(scope, receive, send)
  File "/home/ec2-user/NeuroOps/neuroops_env/lib64/python3.9/site-packages/starlette/applications.py", line 113, in __call__
    await self.middleware_stack(scope, receive, send)
  File "/home/ec2-user/NeuroOps/neuroops_env/lib64/python3.9/site-packages/starlette/middleware/errors.py", line 151, in __call__
    await self.app(scope, receive, send)
  File "/home/ec2-user/NeuroOps/neuroops_env/lib64/python3.9/site-packages/starlette/middleware/cors.py", line 77, in __call__
    await self.app(scope, receive, send)
  File "/home/ec2-user/NeuroOps/neuroops_env/lib64/python3.9/site-packages/starlette/middleware/exceptions.py", line 63, in __call__
    await wrap_app_handling_exceptions(self.app, conn)(scope, receive, send)
  File "/home/ec2-user/NeuroOps/neuroops_env/lib64/python3.9/site-packages/starlette/_exception_handler.py", line 53, in wrapped_app
    raise exc
  File "/home/ec2-user/NeuroOps/neuroops_env/lib64/python3.9/site-packages/starlette/_exception_handler.py", line 42, in wrapped_app
    await app(scope, receive, sender)
  File "/home/ec2-user/NeuroOps/neuroops_env/lib64/python3.9/site-packages/fastapi/middleware/asyncexitstack.py", line 18, in __call__
    await self.app(scope, receive, send)
  File "/home/ec2-user/NeuroOps/neuroops_env/lib64/python3.9/site-packages/starlette/routing.py", line 716, in __call__
    await self.middleware_stack(scope, receive, send)
  File "/home/ec2-user/NeuroOps/neuroops_env/lib64/python3.9/site-packages/starlette/routing.py", line 736, in app
    await route.handle(scope, receive, send)
  File "/home/ec2-user/NeuroOps/neuroops_env/lib64/python3.9/site-packages/starlette/routing.py", line 364, in handle
    await self.app(scope, receive, send)
  File "/home/ec2-user/NeuroOps/neuroops_env/lib64/python3.9/site-packages/fastapi/routing.py", line 147, in app
    await wrap_app_handling_exceptions(app, session)(scope, receive, send)
  File "/home/ec2-user/NeuroOps/neuroops_env/lib64/python3.9/site-packages/starlette/_exception_handler.py", line 53, in wrapped_app
    raise exc
  File "/home/ec2-user/NeuroOps/neuroops_env/lib64/python3.9/site-packages/starlette/_exception_handler.py", line 42, in wrapped_app
    await app(scope, receive, sender)
  File "/home/ec2-user/NeuroOps/neuroops_env/lib64/python3.9/site-packages/fastapi/routing.py", line 144, in app
    await func(session)
  File "/home/ec2-user/NeuroOps/neuroops_env/lib64/python3.9/site-packages/fastapi/routing.py", line 509, in app
    await dependant.call(**solved_result.values)
  File "/home/ec2-user/NeuroOps/backend/api/streaming.py", line 17, in metric_stream
    await manager.connect(websocket)
  File "/home/ec2-user/NeuroOps/backend/services/ws_manager.py", line 10, in connect
    await websocket.accept()
  File "/home/ec2-user/NeuroOps/neuroops_env/lib64/python3.9/site-packages/starlette/websockets.py", line 110, in accept
    await self.send({"type": "websocket.accept", "subprotocol": subprotocol, "headers": headers})
  File "/home/ec2-user/NeuroOps/neuroops_env/lib64/python3.9/site-packages/starlette/websockets.py", line 80, in send
    raise RuntimeError(
RuntimeError: Expected ASGI message "websocket.send" or "websocket.close", but got 'websocket.accept'
INFO:     connection open
INFO:     connection closed
{"module": "backend.services.aws_service", "error": "An error occurred (UnauthorizedOperation) when calling the DescribeInstanceStatus operation: You are not authorized to perform this operation. User: arn:aws:sts::218552304739:assumed-role/NeuroOps-CWAgent-Role/i-00dfb80a59da9a56d is not authorized to perform: ec2:DescribeInstanceStatus because no identity-based policy allows the ec2:DescribeInstanceStatus action", "event": "Failed to get EC2 status for i-00dfb80a59da9a56d", "level": "error", "timestamp": "2026-04-08T11:01:44.832682Z"}
INFO:     104.28.155.52:23658 - "GET /api/v1/aws/instance-status/i-00dfb80a59da9a56d HTTP/1.1" 200 OK
INFO:     104.28.155.52:23658 - "GET /api/v1/aws/reboot-count/i-00dfb80a59da9a56d HTTP/1.1" 200 OK
INFO:     104.28.155.52:23658 - "GET /api/v1/failure/latest/i-00dfb80a59da9a56d HTTP/1.1" 200 OK
INFO:     104.28.155.52:23661 - "GET /api/v1/aws/instances HTTP/1.1" 200 OK
INFO:     104.28.155.52:23648 - "GET /api/v1/incidents/recent?limit=20 HTTP/1.1" 200 OK
INFO:     104.28.155.52:23650 - "GET /api/v1/inframind/drift HTTP/1.1" 200 OK
INFO:     104.28.155.52:23676 - "GET /api/v1/autohealing/timeline?days=7 HTTP/1.1" 200 OK
INFO:     104.28.155.52:23669 - "GET /api/v1/scalewise/savings HTTP/1.1" 200 OK
INFO:     104.28.155.52:23661 - "GET /api/v1/services HTTP/1.1" 404 Not Found
INFO:     104.28.155.52:23658 - "GET /api/v1/inframind/alerts/priority HTTP/1.1" 200 OK
INFO:     104.28.155.52:23650 - "GET /api/v1/aws/instances HTTP/1.1" 200 OK
INFO:     104.28.155.52:23648 - "GET /api/v1/autohealing/services HTTP/1.1" 200 OK
INFO:     104.28.155.52:23676 - "GET /api/v1/failure/latest/i-00dfb80a59da9a56d HTTP/1.1" 200 OK
INFO:     104.28.155.52:23669 - "GET /api/v1/failure/rul-latest/i-00dfb80a59da9a56d HTTP/1.1" 200 OK
INFO:     104.28.155.52:23650 - "GET /api/v1/failure/rul-latest/i-00dfb80a59da9a56d HTTP/1.1" 200 OK
INFO:     104.28.155.52:23681 - "WebSocket /api/v1/ws/stream" [accepted]
ERROR:    Exception in ASGI application
Traceback (most recent call last):
  File "/home/ec2-user/NeuroOps/neuroops_env/lib64/python3.9/site-packages/uvicorn/protocols/websockets/websockets_impl.py", line 244, in run_asgi
    result = await self.app(self.scope, self.asgi_receive, self.asgi_send)  # type: ignore[func-returns-value]
  File "/home/ec2-user/NeuroOps/neuroops_env/lib64/python3.9/site-packages/uvicorn/middleware/proxy_headers.py", line 60, in __call__
    return await self.app(scope, receive, send)
  File "/home/ec2-user/NeuroOps/neuroops_env/lib64/python3.9/site-packages/fastapi/applications.py", line 1138, in __call__
    await super().__call__(scope, receive, send)
  File "/home/ec2-user/NeuroOps/neuroops_env/lib64/python3.9/site-packages/starlette/applications.py", line 113, in __call__
    await self.middleware_stack(scope, receive, send)
  File "/home/ec2-user/NeuroOps/neuroops_env/lib64/python3.9/site-packages/starlette/middleware/errors.py", line 151, in __call__
    await self.app(scope, receive, send)
  File "/home/ec2-user/NeuroOps/neuroops_env/lib64/python3.9/site-packages/starlette/middleware/cors.py", line 77, in __call__
    await self.app(scope, receive, send)
  File "/home/ec2-user/NeuroOps/neuroops_env/lib64/python3.9/site-packages/starlette/middleware/exceptions.py", line 63, in __call__
    await wrap_app_handling_exceptions(self.app, conn)(scope, receive, send)
  File "/home/ec2-user/NeuroOps/neuroops_env/lib64/python3.9/site-packages/starlette/_exception_handler.py", line 53, in wrapped_app
    raise exc
  File "/home/ec2-user/NeuroOps/neuroops_env/lib64/python3.9/site-packages/starlette/_exception_handler.py", line 42, in wrapped_app
    await app(scope, receive, sender)
  File "/home/ec2-user/NeuroOps/neuroops_env/lib64/python3.9/site-packages/fastapi/middleware/asyncexitstack.py", line 18, in __call__
    await self.app(scope, receive, send)
  File "/home/ec2-user/NeuroOps/neuroops_env/lib64/python3.9/site-packages/starlette/routing.py", line 716, in __call__
    await self.middleware_stack(scope, receive, send)
  File "/home/ec2-user/NeuroOps/neuroops_env/lib64/python3.9/site-packages/starlette/routing.py", line 736, in app
    await route.handle(scope, receive, send)
  File "/home/ec2-user/NeuroOps/neuroops_env/lib64/python3.9/site-packages/starlette/routing.py", line 364, in handle
    await self.app(scope, receive, send)
  File "/home/ec2-user/NeuroOps/neuroops_env/lib64/python3.9/site-packages/fastapi/routing.py", line 147, in app
    await wrap_app_handling_exceptions(app, session)(scope, receive, send)
  File "/home/ec2-user/NeuroOps/neuroops_env/lib64/python3.9/site-packages/starlette/_exception_handler.py", line 53, in wrapped_app
    raise exc
  File "/home/ec2-user/NeuroOps/neuroops_env/lib64/python3.9/site-packages/starlette/_exception_handler.py", line 42, in wrapped_app
    await app(scope, receive, sender)
  File "/home/ec2-user/NeuroOps/neuroops_env/lib64/python3.9/site-packages/fastapi/routing.py", line 144, in app
    await func(session)
  File "/home/ec2-user/NeuroOps/neuroops_env/lib64/python3.9/site-packages/fastapi/routing.py", line 509, in app
    await dependant.call(**solved_result.values)
  File "/home/ec2-user/NeuroOps/backend/api/streaming.py", line 17, in metric_stream
    await manager.connect(websocket)
  File "/home/ec2-user/NeuroOps/backend/services/ws_manager.py", line 10, in connect
    await websocket.accept()
  File "/home/ec2-user/NeuroOps/neuroops_env/lib64/python3.9/site-packages/starlette/websockets.py", line 110, in accept
    await self.send({"type": "websocket.accept", "subprotocol": subprotocol, "headers": headers})
  File "/home/ec2-user/NeuroOps/neuroops_env/lib64/python3.9/site-packages/starlette/websockets.py", line 80, in send
    raise RuntimeError(
RuntimeError: Expected ASGI message "websocket.send" or "websocket.close", but got 'websocket.accept'
INFO:     connection open
INFO:     connection closed
INFO:     104.28.155.52:23868 - "WebSocket /api/v1/ws/stream" [accepted]
ERROR:    Exception in ASGI application
Traceback (most recent call last):
  File "/home/ec2-user/NeuroOps/neuroops_env/lib64/python3.9/site-packages/uvicorn/protocols/websockets/websockets_impl.py", line 244, in run_asgi
    result = await self.app(self.scope, self.asgi_receive, self.asgi_send)  # type: ignore[func-returns-value]
  File "/home/ec2-user/NeuroOps/neuroops_env/lib64/python3.9/site-packages/uvicorn/middleware/proxy_headers.py", line 60, in __call__
    return await self.app(scope, receive, send)
  File "/home/ec2-user/NeuroOps/neuroops_env/lib64/python3.9/site-packages/fastapi/applications.py", line 1138, in __call__
    await super().__call__(scope, receive, send)
  File "/home/ec2-user/NeuroOps/neuroops_env/lib64/python3.9/site-packages/starlette/applications.py", line 113, in __call__
    await self.middleware_stack(scope, receive, send)
  File "/home/ec2-user/NeuroOps/neuroops_env/lib64/python3.9/site-packages/starlette/middleware/errors.py", line 151, in __call__
    await self.app(scope, receive, send)
  File "/home/ec2-user/NeuroOps/neuroops_env/lib64/python3.9/site-packages/starlette/middleware/cors.py", line 77, in __call__
    await self.app(scope, receive, send)
  File "/home/ec2-user/NeuroOps/neuroops_env/lib64/python3.9/site-packages/starlette/middleware/exceptions.py", line 63, in __call__
    await wrap_app_handling_exceptions(self.app, conn)(scope, receive, send)
  File "/home/ec2-user/NeuroOps/neuroops_env/lib64/python3.9/site-packages/starlette/_exception_handler.py", line 53, in wrapped_app
    raise exc
  File "/home/ec2-user/NeuroOps/neuroops_env/lib64/python3.9/site-packages/starlette/_exception_handler.py", line 42, in wrapped_app
    await app(scope, receive, sender)
  File "/home/ec2-user/NeuroOps/neuroops_env/lib64/python3.9/site-packages/fastapi/middleware/asyncexitstack.py", line 18, in __call__
    await self.app(scope, receive, send)
  File "/home/ec2-user/NeuroOps/neuroops_env/lib64/python3.9/site-packages/starlette/routing.py", line 716, in __call__
    await self.middleware_stack(scope, receive, send)
  File "/home/ec2-user/NeuroOps/neuroops_env/lib64/python3.9/site-packages/starlette/routing.py", line 736, in app
    await route.handle(scope, receive, send)
  File "/home/ec2-user/NeuroOps/neuroops_env/lib64/python3.9/site-packages/starlette/routing.py", line 364, in handle
    await self.app(scope, receive, send)
  File "/home/ec2-user/NeuroOps/neuroops_env/lib64/python3.9/site-packages/fastapi/routing.py", line 147, in app
    await wrap_app_handling_exceptions(app, session)(scope, receive, send)
  File "/home/ec2-user/NeuroOps/neuroops_env/lib64/python3.9/site-packages/starlette/_exception_handler.py", line 53, in wrapped_app
    raise exc
  File "/home/ec2-user/NeuroOps/neuroops_env/lib64/python3.9/site-packages/starlette/_exception_handler.py", line 42, in wrapped_app
    await app(scope, receive, sender)
  File "/home/ec2-user/NeuroOps/neuroops_env/lib64/python3.9/site-packages/fastapi/routing.py", line 144, in app
    await func(session)
  File "/home/ec2-user/NeuroOps/neuroops_env/lib64/python3.9/site-packages/fastapi/routing.py", line 509, in app
    await dependant.call(**solved_result.values)
  File "/home/ec2-user/NeuroOps/backend/api/streaming.py", line 17, in metric_stream
    await manager.connect(websocket)
  File "/home/ec2-user/NeuroOps/backend/services/ws_manager.py", line 10, in connect
    await websocket.accept()
  File "/home/ec2-user/NeuroOps/neuroops_env/lib64/python3.9/site-packages/starlette/websockets.py", line 110, in accept
    await self.send({"type": "websocket.accept", "subprotocol": subprotocol, "headers": headers})
  File "/home/ec2-user/NeuroOps/neuroops_env/lib64/python3.9/site-packages/starlette/websockets.py", line 80, in send
    raise RuntimeError(
RuntimeError: Expected ASGI message "websocket.send" or "websocket.close", but got 'websocket.accept'
INFO:     connection open
INFO:     connection closed
{"module": "backend.services.aws_service", "event": "No memory data in CustomMetrics for i-00dfb80a59da9a56d", "level": "warning", "timestamp": "2026-04-08T11:01:53.387019Z"}
{"module": "backend.services.aws_service", "event": "No disk data in CustomMetrics for i-00dfb80a59da9a56d", "level": "warning", "timestamp": "2026-04-08T11:01:53.448057Z"}
{"module": "backend.services.metrics_analyzer", "event": "Memory: 0%, Disk: 0%", "level": "info", "timestamp": "2026-04-08T11:01:53.450069Z"}
{"module": "backend.services.metrics_analyzer", "event": "Stored CPU history: 39.12345519910581%", "level": "debug", "timestamp": "2026-04-08T11:01:53.454577Z"}
{"module": "backend.services.metrics_analyzer", "event": "InfraMind stage failed: [Errno 2] No such file or directory: 'ml_models/saved/inframind_model.pkl'", "level": "error", "timestamp": "2026-04-08T11:01:53.454898Z"}
{"module": "backend.services.aws_service", "error": "An error occurred (UnauthorizedOperation) when calling the DescribeInstanceStatus operation: You are not authorized to perform this operation. User: arn:aws:sts::218552304739:assumed-role/NeuroOps-CWAgent-Role/i-00dfb80a59da9a56d is not authorized to perform: ec2:DescribeInstanceStatus because no identity-based policy allows the ec2:DescribeInstanceStatus action", "event": "Failed to get EC2 status for i-00dfb80a59da9a56d", "level": "error", "timestamp": "2026-04-08T11:01:53.544206Z"}
{"module": "backend.services.metrics_analyzer", "event": "Instance age calculated: 0 days", "level": "info", "timestamp": "2026-04-08T11:01:53.891241Z"}
{"module": "backend.services.metrics_analyzer", "event": "Failure prediction: CRITICAL (95.0%) with real memory=0%, disk=0%", "level": "info", "timestamp": "2026-04-08T11:01:53.892757Z"}
{"module": "backend.services.metrics_analyzer", "event": "RUL stage failed: predict_rul() missing 3 required positional arguments: 'memory_usage', 'disk_usage', and 'instance_age_days'", "level": "error", "timestamp": "2026-04-08T11:01:53.892949Z"}
{"module": "backend.services.metrics_analyzer", "event": "Features stored for i-00dfb80a59da9a56d", "level": "debug", "timestamp": "2026-04-08T11:01:53.893852Z"}
{"module": "backend.services.metrics_analyzer", "event": "Stage summary for i-00dfb80a59da9a56d: Infra=False, Failure=CRITICAL, RUL=None, Memory=0%, Disk=0%, Days Low CPU=0, Healing=none", "level": "info", "timestamp": "2026-04-08T11:01:53.894050Z"}
{"module": "backend.services.metrics_analyzer", "instance_id": "i-00dfb80a59da9a56d", "cpu": 39.12345519910581, "event": "Analyzed i-00dfb80a59da9a56d: CPU=39.12345519910581%", "level": "info", "timestamp": "2026-04-08T11:01:53.897552Z"}
INFO:     104.28.155.52:23869 - "WebSocket /api/v1/ws/stream" [accepted]
ERROR:    Exception in ASGI application
Traceback (most recent call last):
  File "/home/ec2-user/NeuroOps/neuroops_env/lib64/python3.9/site-packages/uvicorn/protocols/websockets/websockets_impl.py", line 244, in run_asgi
    result = await self.app(self.scope, self.asgi_receive, self.asgi_send)  # type: ignore[func-returns-value]
  File "/home/ec2-user/NeuroOps/neuroops_env/lib64/python3.9/site-packages/uvicorn/middleware/proxy_headers.py", line 60, in __call__
    return await self.app(scope, receive, send)
  File "/home/ec2-user/NeuroOps/neuroops_env/lib64/python3.9/site-packages/fastapi/applications.py", line 1138, in __call__
    await super().__call__(scope, receive, send)
  File "/home/ec2-user/NeuroOps/neuroops_env/lib64/python3.9/site-packages/starlette/applications.py", line 113, in __call__
    await self.middleware_stack(scope, receive, send)
  File "/home/ec2-user/NeuroOps/neuroops_env/lib64/python3.9/site-packages/starlette/middleware/errors.py", line 151, in __call__
    await self.app(scope, receive, send)
  File "/home/ec2-user/NeuroOps/neuroops_env/lib64/python3.9/site-packages/starlette/middleware/cors.py", line 77, in __call__
    await self.app(scope, receive, send)
  File "/home/ec2-user/NeuroOps/neuroops_env/lib64/python3.9/site-packages/starlette/middleware/exceptions.py", line 63, in __call__
    await wrap_app_handling_exceptions(self.app, conn)(scope, receive, send)
  File "/home/ec2-user/NeuroOps/neuroops_env/lib64/python3.9/site-packages/starlette/_exception_handler.py", line 53, in wrapped_app
    raise exc
  File "/home/ec2-user/NeuroOps/neuroops_env/lib64/python3.9/site-packages/starlette/_exception_handler.py", line 42, in wrapped_app
    await app(scope, receive, sender)
  File "/home/ec2-user/NeuroOps/neuroops_env/lib64/python3.9/site-packages/fastapi/middleware/asyncexitstack.py", line 18, in __call__
    await self.app(scope, receive, send)
  File "/home/ec2-user/NeuroOps/neuroops_env/lib64/python3.9/site-packages/starlette/routing.py", line 716, in __call__
    await self.middleware_stack(scope, receive, send)
  File "/home/ec2-user/NeuroOps/neuroops_env/lib64/python3.9/site-packages/starlette/routing.py", line 736, in app
    await route.handle(scope, receive, send)
  File "/home/ec2-user/NeuroOps/neuroops_env/lib64/python3.9/site-packages/starlette/routing.py", line 364, in handle
    await self.app(scope, receive, send)
  File "/home/ec2-user/NeuroOps/neuroops_env/lib64/python3.9/site-packages/fastapi/routing.py", line 147, in app
    await wrap_app_handling_exceptions(app, session)(scope, receive, send)
  File "/home/ec2-user/NeuroOps/neuroops_env/lib64/python3.9/site-packages/starlette/_exception_handler.py", line 53, in wrapped_app
    raise exc
  File "/home/ec2-user/NeuroOps/neuroops_env/lib64/python3.9/site-packages/starlette/_exception_handler.py", line 42, in wrapped_app
    await app(scope, receive, sender)
  File "/home/ec2-user/NeuroOps/neuroops_env/lib64/python3.9/site-packages/fastapi/routing.py", line 144, in app
    await func(session)
  File "/home/ec2-user/NeuroOps/neuroops_env/lib64/python3.9/site-packages/fastapi/routing.py", line 509, in app
    await dependant.call(**solved_result.values)
  File "/home/ec2-user/NeuroOps/backend/api/streaming.py", line 17, in metric_stream
    await manager.connect(websocket)
  File "/home/ec2-user/NeuroOps/backend/services/ws_manager.py", line 10, in connect
    await websocket.accept()
  File "/home/ec2-user/NeuroOps/neuroops_env/lib64/python3.9/site-packages/starlette/websockets.py", line 110, in accept
    await self.send({"type": "websocket.accept", "subprotocol": subprotocol, "headers": headers})
  File "/home/ec2-user/NeuroOps/neuroops_env/lib64/python3.9/site-packages/starlette/websockets.py", line 80, in send
    raise RuntimeError(
RuntimeError: Expected ASGI message "websocket.send" or "websocket.close", but got 'websocket.accept'
INFO:     connection open
INFO:     connection closed
INFO:     104.28.155.52:24267 - "WebSocket /api/v1/ws/stream" [accepted]
ERROR:    Exception in ASGI application
Traceback (most recent call last):
  File "/home/ec2-user/NeuroOps/neuroops_env/lib64/python3.9/site-packages/uvicorn/protocols/websockets/websockets_impl.py", line 244, in run_asgi
    result = await self.app(self.scope, self.asgi_receive, self.asgi_send)  # type: ignore[func-returns-value]
  File "/home/ec2-user/NeuroOps/neuroops_env/lib64/python3.9/site-packages/uvicorn/middleware/proxy_headers.py", line 60, in __call__
    return await self.app(scope, receive, send)
  File "/home/ec2-user/NeuroOps/neuroops_env/lib64/python3.9/site-packages/fastapi/applications.py", line 1138, in __call__
    await super().__call__(scope, receive, send)
  File "/home/ec2-user/NeuroOps/neuroops_env/lib64/python3.9/site-packages/starlette/applications.py", line 113, in __call__
    await self.middleware_stack(scope, receive, send)
  File "/home/ec2-user/NeuroOps/neuroops_env/lib64/python3.9/site-packages/starlette/middleware/errors.py", line 151, in __call__
    await self.app(scope, receive, send)
  File "/home/ec2-user/NeuroOps/neuroops_env/lib64/python3.9/site-packages/starlette/middleware/cors.py", line 77, in __call__
    await self.app(scope, receive, send)
  File "/home/ec2-user/NeuroOps/neuroops_env/lib64/python3.9/site-packages/starlette/middleware/exceptions.py", line 63, in __call__
    await wrap_app_handling_exceptions(self.app, conn)(scope, receive, send)
  File "/home/ec2-user/NeuroOps/neuroops_env/lib64/python3.9/site-packages/starlette/_exception_handler.py", line 53, in wrapped_app
    raise exc
  File "/home/ec2-user/NeuroOps/neuroops_env/lib64/python3.9/site-packages/starlette/_exception_handler.py", line 42, in wrapped_app
    await app(scope, receive, sender)
  File "/home/ec2-user/NeuroOps/neuroops_env/lib64/python3.9/site-packages/fastapi/middleware/asyncexitstack.py", line 18, in __call__
    await self.app(scope, receive, send)
  File "/home/ec2-user/NeuroOps/neuroops_env/lib64/python3.9/site-packages/starlette/routing.py", line 716, in __call__
    await self.middleware_stack(scope, receive, send)
  File "/home/ec2-user/NeuroOps/neuroops_env/lib64/python3.9/site-packages/starlette/routing.py", line 736, in app
    await route.handle(scope, receive, send)
  File "/home/ec2-user/NeuroOps/neuroops_env/lib64/python3.9/site-packages/starlette/routing.py", line 364, in handle
    await self.app(scope, receive, send)
  File "/home/ec2-user/NeuroOps/neuroops_env/lib64/python3.9/site-packages/fastapi/routing.py", line 147, in app
    await wrap_app_handling_exceptions(app, session)(scope, receive, send)
  File "/home/ec2-user/NeuroOps/neuroops_env/lib64/python3.9/site-packages/starlette/_exception_handler.py", line 53, in wrapped_app
    raise exc
  File "/home/ec2-user/NeuroOps/neuroops_env/lib64/python3.9/site-packages/starlette/_exception_handler.py", line 42, in wrapped_app
    await app(scope, receive, sender)
  File "/home/ec2-user/NeuroOps/neuroops_env/lib64/python3.9/site-packages/fastapi/routing.py", line 144, in app
    await func(session)
  File "/home/ec2-user/NeuroOps/neuroops_env/lib64/python3.9/site-packages/fastapi/routing.py", line 509, in app
    await dependant.call(**solved_result.values)
  File "/home/ec2-user/NeuroOps/backend/api/streaming.py", line 17, in metric_stream
    await manager.connect(websocket)
  File "/home/ec2-user/NeuroOps/backend/services/ws_manager.py", line 10, in connect
    await websocket.accept()
  File "/home/ec2-user/NeuroOps/neuroops_env/lib64/python3.9/site-packages/starlette/websockets.py", line 110, in accept
    await self.send({"type": "websocket.accept", "subprotocol": subprotocol, "headers": headers})
  File "/home/ec2-user/NeuroOps/neuroops_env/lib64/python3.9/site-packages/starlette/websockets.py", line 80, in send
    raise RuntimeError(
RuntimeError: Expected ASGI message "websocket.send" or "websocket.close", but got 'websocket.accept'
INFO:     connection open
INFO:     connection closed
INFO:     104.28.155.52:24270 - "WebSocket /api/v1/ws/stream" [accepted]
ERROR:    Exception in ASGI application
Traceback (most recent call last):
  File "/home/ec2-user/NeuroOps/neuroops_env/lib64/python3.9/site-packages/uvicorn/protocols/websockets/websockets_impl.py", line 244, in run_asgi
    result = await self.app(self.scope, self.asgi_receive, self.asgi_send)  # type: ignore[func-returns-value]
  File "/home/ec2-user/NeuroOps/neuroops_env/lib64/python3.9/site-packages/uvicorn/middleware/proxy_headers.py", line 60, in __call__
    return await self.app(scope, receive, send)
  File "/home/ec2-user/NeuroOps/neuroops_env/lib64/python3.9/site-packages/fastapi/applications.py", line 1138, in __call__
    await super().__call__(scope, receive, send)
  File "/home/ec2-user/NeuroOps/neuroops_env/lib64/python3.9/site-packages/starlette/applications.py", line 113, in __call__
    await self.middleware_stack(scope, receive, send)
  File "/home/ec2-user/NeuroOps/neuroops_env/lib64/python3.9/site-packages/starlette/middleware/errors.py", line 151, in __call__
    await self.app(scope, receive, send)
  File "/home/ec2-user/NeuroOps/neuroops_env/lib64/python3.9/site-packages/starlette/middleware/cors.py", line 77, in __call__
    await self.app(scope, receive, send)
  File "/home/ec2-user/NeuroOps/neuroops_env/lib64/python3.9/site-packages/starlette/middleware/exceptions.py", line 63, in __call__
    await wrap_app_handling_exceptions(self.app, conn)(scope, receive, send)
  File "/home/ec2-user/NeuroOps/neuroops_env/lib64/python3.9/site-packages/starlette/_exception_handler.py", line 53, in wrapped_app
    raise exc
  File "/home/ec2-user/NeuroOps/neuroops_env/lib64/python3.9/site-packages/starlette/_exception_handler.py", line 42, in wrapped_app
    await app(scope, receive, sender)
  File "/home/ec2-user/NeuroOps/neuroops_env/lib64/python3.9/site-packages/fastapi/middleware/asyncexitstack.py", line 18, in __call__
    await self.app(scope, receive, send)
  File "/home/ec2-user/NeuroOps/neuroops_env/lib64/python3.9/site-packages/starlette/routing.py", line 716, in __call__
    await self.middleware_stack(scope, receive, send)
  File "/home/ec2-user/NeuroOps/neuroops_env/lib64/python3.9/site-packages/starlette/routing.py", line 736, in app
    await route.handle(scope, receive, send)
  File "/home/ec2-user/NeuroOps/neuroops_env/lib64/python3.9/site-packages/starlette/routing.py", line 364, in handle
    await self.app(scope, receive, send)
  File "/home/ec2-user/NeuroOps/neuroops_env/lib64/python3.9/site-packages/fastapi/routing.py", line 147, in app
    await wrap_app_handling_exceptions(app, session)(scope, receive, send)
  File "/home/ec2-user/NeuroOps/neuroops_env/lib64/python3.9/site-packages/starlette/_exception_handler.py", line 53, in wrapped_app
    raise exc
  File "/home/ec2-user/NeuroOps/neuroops_env/lib64/python3.9/site-packages/starlette/_exception_handler.py", line 42, in wrapped_app
    await app(scope, receive, sender)
  File "/home/ec2-user/NeuroOps/neuroops_env/lib64/python3.9/site-packages/fastapi/routing.py", line 144, in app
    await func(session)
  File "/home/ec2-user/NeuroOps/neuroops_env/lib64/python3.9/site-packages/fastapi/routing.py", line 509, in app
    await dependant.call(**solved_result.values)
  File "/home/ec2-user/NeuroOps/backend/api/streaming.py", line 17, in metric_stream
    await manager.connect(websocket)
  File "/home/ec2-user/NeuroOps/backend/services/ws_manager.py", line 10, in connect
    await websocket.accept()
  File "/home/ec2-user/NeuroOps/neuroops_env/lib64/python3.9/site-packages/starlette/websockets.py", line 110, in accept
    await self.send({"type": "websocket.accept", "subprotocol": subprotocol, "headers": headers})
  File "/home/ec2-user/NeuroOps/neuroops_env/lib64/python3.9/site-packages/starlette/websockets.py", line 80, in send
    raise RuntimeError(
RuntimeError: Expected ASGI message "websocket.send" or "websocket.close", but got 'websocket.accept'
INFO:     connection open
INFO:     connection closed
INFO:     104.28.155.52:24272 - "WebSocket /api/v1/ws/stream" [accepted]
ERROR:    Exception in ASGI application
Traceback (most recent call last):
  File "/home/ec2-user/NeuroOps/neuroops_env/lib64/python3.9/site-packages/uvicorn/protocols/websockets/websockets_impl.py", line 244, in run_asgi
    result = await self.app(self.scope, self.asgi_receive, self.asgi_send)  # type: ignore[func-returns-value]
  File "/home/ec2-user/NeuroOps/neuroops_env/lib64/python3.9/site-packages/uvicorn/middleware/proxy_headers.py", line 60, in __call__
    return await self.app(scope, receive, send)
  File "/home/ec2-user/NeuroOps/neuroops_env/lib64/python3.9/site-packages/fastapi/applications.py", line 1138, in __call__
    await super().__call__(scope, receive, send)
  File "/home/ec2-user/NeuroOps/neuroops_env/lib64/python3.9/site-packages/starlette/applications.py", line 113, in __call__
    await self.middleware_stack(scope, receive, send)
  File "/home/ec2-user/NeuroOps/neuroops_env/lib64/python3.9/site-packages/starlette/middleware/errors.py", line 151, in __call__
    await self.app(scope, receive, send)
  File "/home/ec2-user/NeuroOps/neuroops_env/lib64/python3.9/site-packages/starlette/middleware/cors.py", line 77, in __call__
    await self.app(scope, receive, send)
  File "/home/ec2-user/NeuroOps/neuroops_env/lib64/python3.9/site-packages/starlette/middleware/exceptions.py", line 63, in __call__
    await wrap_app_handling_exceptions(self.app, conn)(scope, receive, send)
  File "/home/ec2-user/NeuroOps/neuroops_env/lib64/python3.9/site-packages/starlette/_exception_handler.py", line 53, in wrapped_app
    raise exc
  File "/home/ec2-user/NeuroOps/neuroops_env/lib64/python3.9/site-packages/starlette/_exception_handler.py", line 42, in wrapped_app
    await app(scope, receive, sender)
  File "/home/ec2-user/NeuroOps/neuroops_env/lib64/python3.9/site-packages/fastapi/middleware/asyncexitstack.py", line 18, in __call__
    await self.app(scope, receive, send)
  File "/home/ec2-user/NeuroOps/neuroops_env/lib64/python3.9/site-packages/starlette/routing.py", line 716, in __call__
    await self.middleware_stack(scope, receive, send)
  File "/home/ec2-user/NeuroOps/neuroops_env/lib64/python3.9/site-packages/starlette/routing.py", line 736, in app
    await route.handle(scope, receive, send)
  File "/home/ec2-user/NeuroOps/neuroops_env/lib64/python3.9/site-packages/starlette/routing.py", line 364, in handle
    await self.app(scope, receive, send)
  File "/home/ec2-user/NeuroOps/neuroops_env/lib64/python3.9/site-packages/fastapi/routing.py", line 147, in app
    await wrap_app_handling_exceptions(app, session)(scope, receive, send)
  File "/home/ec2-user/NeuroOps/neuroops_env/lib64/python3.9/site-packages/starlette/_exception_handler.py", line 53, in wrapped_app
    raise exc
  File "/home/ec2-user/NeuroOps/neuroops_env/lib64/python3.9/site-packages/starlette/_exception_handler.py", line 42, in wrapped_app
    await app(scope, receive, sender)
  File "/home/ec2-user/NeuroOps/neuroops_env/lib64/python3.9/site-packages/fastapi/routing.py", line 144, in app
    await func(session)
  File "/home/ec2-user/NeuroOps/neuroops_env/lib64/python3.9/site-packages/fastapi/routing.py", line 509, in app
    await dependant.call(**solved_result.values)
  File "/home/ec2-user/NeuroOps/backend/api/streaming.py", line 17, in metric_stream
    await manager.connect(websocket)
  File "/home/ec2-user/NeuroOps/backend/services/ws_manager.py", line 10, in connect
    await websocket.accept()
  File "/home/ec2-user/NeuroOps/neuroops_env/lib64/python3.9/site-packages/starlette/websockets.py", line 110, in accept
    await self.send({"type": "websocket.accept", "subprotocol": subprotocol, "headers": headers})
  File "/home/ec2-user/NeuroOps/neuroops_env/lib64/python3.9/site-packages/starlette/websockets.py", line 80, in send
    raise RuntimeError(
RuntimeError: Expected ASGI message "websocket.send" or "websocket.close", but got 'websocket.accept'
INFO:     connection open
INFO:     connection closed
WARNING:  StatReload detected changes in 'backend/services/ws_manager.py'. Reloading...
INFO:     Shutting down
INFO:     Waiting for application shutdown.
INFO:     Application shutdown complete.
INFO:     Finished server process [30562]
{"module": "backend.api.inframind", "event": "inframind_pkl_missing_degraded_mode", "level": "warning", "timestamp": "2026-04-08T11:02:14.541145Z"}
/home/ec2-user/NeuroOps/neuroops_env/lib64/python3.9/site-packages/xgboost/core.py:160: UserWarning: [11:02:14] WARNING: /workspace/src/common/error_msg.h:80: If you are loading a serialized model (like pickle in Python, RDS in R) or
configuration generated by an older version of XGBoost, please export the model by calling
`Booster.save_model` from that version first, then load it back in current version. See:

    https://xgboost.readthedocs.io/en/stable/tutorials/saving_model.html

for more details about differences between saving model and serializing.

  warnings.warn(smsg, UserWarning)
{"module": "backend.api.failure", "extra": {"path": "ml_models/saved/xgboost_production_model.pkl"}, "event": "failure_model_loaded", "level": "info", "timestamp": "2026-04-08T11:02:14.606962Z"}
INFO:     Started server process [30805]
INFO:     Waiting for application startup.
{"module": "backend.main", "event": "NeuroOps v2.0.0 started", "level": "info", "timestamp": "2026-04-08T11:02:14.816859Z"}
{"module": "backend.services.metrics_analyzer", "event": "Metrics analyzer started, interval=60s", "level": "info", "timestamp": "2026-04-08T11:02:14.817352Z"}
{"module": "backend.services.metrics_analyzer", "event": "Metrics analyzer thread started", "level": "info", "timestamp": "2026-04-08T11:02:14.817449Z"}
INFO:     Application startup complete.
INFO:     104.28.155.52:22716 - "WebSocket /api/v1/ws/stream" [accepted]
Client connected! Total: 1
{"module": "backend.api.streaming", "event": "WebSocket connected - LIVE", "level": "info", "timestamp": "2026-04-08T11:02:14.855481Z"}
INFO:     connection open
{"module": "backend.services.aws_service", "event": "No memory data in CustomMetrics for i-00dfb80a59da9a56d", "level": "warning", "timestamp": "2026-04-08T11:02:16.194678Z"}
{"module": "backend.services.aws_service", "event": "No disk data in CustomMetrics for i-00dfb80a59da9a56d", "level": "warning", "timestamp": "2026-04-08T11:02:16.271756Z"}
{"module": "backend.services.metrics_analyzer", "event": "Memory: 0%, Disk: 0%", "level": "info", "timestamp": "2026-04-08T11:02:16.274280Z"}
{"module": "backend.services.metrics_analyzer", "event": "Stored CPU history: 39.12345519910581%", "level": "debug", "timestamp": "2026-04-08T11:02:16.372424Z"}
{"module": "backend.services.metrics_analyzer", "event": "InfraMind stage failed: [Errno 2] No such file or directory: 'ml_models/saved/inframind_model.pkl'", "level": "error", "timestamp": "2026-04-08T11:02:16.372767Z"}
{"module": "backend.services.aws_service", "error": "An error occurred (UnauthorizedOperation) when calling the DescribeInstanceStatus operation: You are not authorized to perform this operation. User: arn:aws:sts::218552304739:assumed-role/NeuroOps-CWAgent-Role/i-00dfb80a59da9a56d is not authorized to perform: ec2:DescribeInstanceStatus because no identity-based policy allows the ec2:DescribeInstanceStatus action", "event": "Failed to get EC2 status for i-00dfb80a59da9a56d", "level": "error", "timestamp": "2026-04-08T11:02:16.547157Z"}
{"module": "backend.services.metrics_analyzer", "event": "Instance age calculated: 0 days", "level": "info", "timestamp": "2026-04-08T11:02:16.752265Z"}
{"module": "backend.services.metrics_analyzer", "event": "Failure prediction: CRITICAL (95.0%) with real memory=0%, disk=0%", "level": "info", "timestamp": "2026-04-08T11:02:16.753869Z"}
{"module": "backend.services.metrics_analyzer", "event": "RUL stage failed: predict_rul() missing 3 required positional arguments: 'memory_usage', 'disk_usage', and 'instance_age_days'", "level": "error", "timestamp": "2026-04-08T11:02:16.754115Z"}
{"module": "backend.services.metrics_analyzer", "event": "Features stored for i-00dfb80a59da9a56d", "level": "debug", "timestamp": "2026-04-08T11:02:16.755451Z"}
{"module": "backend.services.metrics_analyzer", "event": "Stage summary for i-00dfb80a59da9a56d: Infra=False, Failure=CRITICAL, RUL=None, Memory=0%, Disk=0%, Days Low CPU=0, Healing=none", "level": "info", "timestamp": "2026-04-08T11:02:16.755624Z"}
{"module": "backend.services.metrics_analyzer", "instance_id": "i-00dfb80a59da9a56d", "cpu": 39.12345519910581, "event": "Analyzed i-00dfb80a59da9a56d: CPU=39.12345519910581%", "level": "info", "timestamp": "2026-04-08T11:02:16.760780Z"}
INFO:     104.28.155.52:22727 - "GET /api/v1/failure/latest/i-00dfb80a59da9a56d HTTP/1.1" 200 OK
INFO:     104.28.155.52:22733 - "GET /api/v1/aws/instances HTTP/1.1" 200 OK
INFO:     104.28.155.52:22741 - "GET /api/v1/inframind/alerts/priority HTTP/1.1" 200 OK
INFO:     104.28.155.52:22719 - "GET /api/v1/incidents/recent?limit=20 HTTP/1.1" 200 OK
INFO:     104.28.155.52:22745 - "GET /api/v1/scalewise/savings HTTP/1.1" 200 OK
INFO:     104.28.155.52:23996 - "GET /api/v1/aws/instances HTTP/1.1" 200 OK
INFO:     104.28.155.52:22733 - "GET /api/v1/failure/rul-latest/i-00dfb80a59da9a56d HTTP/1.1" 200 OK
INFO:     104.28.155.52:22727 - "GET /api/v1/aws/latest-metrics/i-00dfb80a59da9a56d HTTP/1.1" 200 OK
INFO:     104.28.155.52:22741 - "GET /api/v1/aws/instances HTTP/1.1" 200 OK
INFO:     104.28.155.52:23996 - "GET /api/v1/aws/latest-metrics/i-00dfb80a59da9a56d HTTP/1.1" 200 OK
INFO:     104.28.155.52:22745 - "GET /api/v1/aws/instances HTTP/1.1" 200 OK
INFO:     104.28.155.52:22727 - "GET /api/v1/aws/instances HTTP/1.1" 200 OK
INFO:     104.28.155.52:22741 - "GET /api/v1/aws/latest-metrics/i-00dfb80a59da9a56d HTTP/1.1" 200 OK
INFO:     104.28.155.52:22745 - "GET /api/v1/failure/latest/i-00dfb80a59da9a56d HTTP/1.1" 200 OK
INFO:     104.28.155.52:22733 - "GET /dashboard/ HTTP/1.1" 304 Not Modified
{"module": "backend.services.aws_service", "error": "An error occurred (UnauthorizedOperation) when calling the DescribeInstanceStatus operation: You are not authorized to perform this operation. User: arn:aws:sts::218552304739:assumed-role/NeuroOps-CWAgent-Role/i-00dfb80a59da9a56d is not authorized to perform: ec2:DescribeInstanceStatus because no identity-based policy allows the ec2:DescribeInstanceStatus action", "event": "Failed to get EC2 status for i-00dfb80a59da9a56d", "level": "error", "timestamp": "2026-04-08T11:02:21.993558Z"}
INFO:     104.28.155.52:23996 - "GET /api/v1/aws/instance-status/i-00dfb80a59da9a56d HTTP/1.1" 200 OK
INFO:     104.28.155.52:22727 - "GET /api/v1/failure/rul-latest/i-00dfb80a59da9a56d HTTP/1.1" 200 OK
INFO:     connection closed
INFO:     104.28.155.52:22733 - "GET /api/v1/auth/me HTTP/1.1" 200 OK
{"module": "backend.api.streaming", "event": "WebSocket disconnected", "level": "info", "timestamp": "2026-04-08T11:02:22.397299Z"}
Client disconnected! Total: 0
INFO:     104.28.155.52:22733 - "GET /api/v1/inframind/alerts/priority HTTP/1.1" 200 OK
INFO:     104.28.155.52:22719 - "GET /api/v1/inframind/history HTTP/1.1" 200 OK
INFO:     104.28.155.52:24015 - "GET /api/v1/incidents/recent?limit=20 HTTP/1.1" 200 OK
INFO:     104.28.155.52:23997 - "WebSocket /api/v1/ws/stream" [accepted]
Client connected! Total: 1
{"module": "backend.api.streaming", "event": "WebSocket connected - LIVE", "level": "info", "timestamp": "2026-04-08T11:02:22.959583Z"}
INFO:     connection open
INFO:     104.28.155.52:24001 - "GET /api/v1/inframind/drift HTTP/1.1" 200 OK
INFO:     104.28.155.52:24019 - "GET /api/v1/aws/instances HTTP/1.1" 200 OK
INFO:     104.28.155.52:22719 - "GET /api/v1/autohealing/timeline?days=7 HTTP/1.1" 200 OK
INFO:     104.28.155.52:24009 - "GET /api/v1/autohealing/services HTTP/1.1" 200 OK
INFO:     104.28.155.52:22733 - "GET /api/v1/scalewise/savings HTTP/1.1" 200 OK
INFO:     104.28.155.52:24015 - "GET /api/v1/services HTTP/1.1" 404 Not Found
INFO:     104.28.155.52:24001 - "GET /api/v1/aws/instances HTTP/1.1" 200 OK
INFO:     104.28.155.52:24019 - "GET /api/v1/aws/latest-metrics/i-00dfb80a59da9a56d HTTP/1.1" 200 OK
INFO:     104.28.155.52:22733 - "GET /api/v1/aws/instances HTTP/1.1" 200 OK
INFO:     104.28.155.52:24015 - "GET /api/v1/aws/instances HTTP/1.1" 200 OK
INFO:     104.28.155.52:24001 - "GET /api/v1/aws/latest-metrics/i-00dfb80a59da9a56d HTTP/1.1" 200 OK
INFO:     104.28.155.52:22733 - "GET /api/v1/aws/latest-metrics/i-00dfb80a59da9a56d HTTP/1.1" 200 OK
INFO:     104.28.155.52:24015 - "GET /api/v1/failure/rul-latest/i-00dfb80a59da9a56d HTTP/1.1" 200 OK
{"module": "backend.services.aws_service", "error": "An error occurred (UnauthorizedOperation) when calling the DescribeInstanceStatus operation: You are not authorized to perform this operation. User: arn:aws:sts::218552304739:assumed-role/NeuroOps-CWAgent-Role/i-00dfb80a59da9a56d is not authorized to perform: ec2:DescribeInstanceStatus because no identity-based policy allows the ec2:DescribeInstanceStatus action", "event": "Failed to get EC2 status for i-00dfb80a59da9a56d", "level": "error", "timestamp": "2026-04-08T11:02:25.055629Z"}
INFO:     104.28.155.52:22733 - "GET /api/v1/aws/instance-status/i-00dfb80a59da9a56d HTTP/1.1" 200 OK
INFO:     104.28.155.52:24015 - "GET /api/v1/failure/latest/i-00dfb80a59da9a56d HTTP/1.1" 200 OK
INFO:     104.28.155.52:22733 - "GET /api/v1/aws/reboot-count/i-00dfb80a59da9a56d HTTP/1.1" 200 OK
INFO:     104.28.155.52:24015 - "GET /api/v1/failure/rul-latest/i-00dfb80a59da9a56d HTTP/1.1" 200 OK
INFO:     104.28.155.52:23270 - "GET /api/v1/aws/instances HTTP/1.1" 200 OK
INFO:     104.28.155.52:23270 - "GET /api/v1/aws/latest-metrics/i-00dfb80a59da9a56d HTTP/1.1" 200 OK
INFO:     104.28.155.52:23273 - "GET /api/v1/aws/instances HTTP/1.1" 200 OK
INFO:     104.28.155.52:23273 - "GET /api/v1/aws/instances HTTP/1.1" 200 OK
INFO:     104.28.155.52:23396 - "GET /api/v1/aws/latest-metrics/i-00dfb80a59da9a56d HTTP/1.1" 200 OK
INFO:     104.28.155.52:23400 - "GET /api/v1/aws/instances HTTP/1.1" 200 OK
INFO:     104.28.155.52:23273 - "GET /api/v1/aws/latest-metrics/i-00dfb80a59da9a56d HTTP/1.1" 200 OK
INFO:     104.28.155.52:23400 - "GET /api/v1/aws/latest-metrics/i-00dfb80a59da9a56d HTTP/1.1" 200 OK
{"module": "backend.services.aws_service", "error": "An error occurred (UnauthorizedOperation) when calling the DescribeInstanceStatus operation: You are not authorized to perform this operation. User: arn:aws:sts::218552304739:assumed-role/NeuroOps-CWAgent-Role/i-00dfb80a59da9a56d is not authorized to perform: ec2:DescribeInstanceStatus because no identity-based policy allows the ec2:DescribeInstanceStatus action", "event": "Failed to get EC2 status for i-00dfb80a59da9a56d", "level": "error", "timestamp": "2026-04-08T11:02:45.470242Z"}
INFO:     104.28.155.52:23273 - "GET /api/v1/aws/instance-status/i-00dfb80a59da9a56d HTTP/1.1" 200 OK
INFO:     104.28.155.52:23273 - "GET /api/v1/aws/reboot-count/i-00dfb80a59da9a56d HTTP/1.1" 200 OK
INFO:     104.28.155.52:23404 - "GET /api/v1/failure/latest/i-00dfb80a59da9a56d HTTP/1.1" 200 OK
INFO:     104.28.155.52:22116 - "GET /api/v1/incidents/recent?limit=20 HTTP/1.1" 200 OK
INFO:     104.28.155.52:22118 - "GET /api/v1/aws/instances HTTP/1.1" 200 OK
INFO:     104.28.155.52:22123 - "GET /api/v1/inframind/alerts/priority HTTP/1.1" 200 OK
INFO:     104.28.155.52:22111 - "GET /api/v1/scalewise/savings HTTP/1.1" 200 OK
INFO:     104.28.155.52:23404 - "GET /api/v1/failure/rul-latest/i-00dfb80a59da9a56d HTTP/1.1" 200 OK
INFO:     104.28.155.52:22116 - "GET /api/v1/aws/instances HTTP/1.1" 200 OK
INFO:     104.28.155.52:22118 - "GET /api/v1/failure/latest/i-00dfb80a59da9a56d HTTP/1.1" 200 OK
INFO:     104.28.155.52:22123 - "GET /api/v1/aws/instances HTTP/1.1" 200 OK
INFO:     104.28.155.52:22116 - "GET /api/v1/aws/latest-metrics/i-00dfb80a59da9a56d HTTP/1.1" 200 OK
INFO:     104.28.155.52:22123 - "GET /api/v1/failure/rul-latest/i-00dfb80a59da9a56d HTTP/1.1" 200 OK
INFO:     104.28.155.52:22125 - "GET /api/v1/aws/instances HTTP/1.1" 200 OK
INFO:     104.28.155.52:22125 - "GET /api/v1/aws/instances HTTP/1.1" 200 OK
INFO:     104.28.155.52:23261 - "GET /api/v1/aws/latest-metrics/i-00dfb80a59da9a56d HTTP/1.1" 200 OK
INFO:     104.28.155.52:23264 - "GET /api/v1/aws/instances HTTP/1.1" 200 OK
INFO:     104.28.155.52:22125 - "GET /api/v1/aws/latest-metrics/i-00dfb80a59da9a56d HTTP/1.1" 200 OK
INFO:     104.28.155.52:23264 - "GET /api/v1/aws/latest-metrics/i-00dfb80a59da9a56d HTTP/1.1" 200 OK
{"module": "backend.services.aws_service", "error": "An error occurred (UnauthorizedOperation) when calling the DescribeInstanceStatus operation: You are not authorized to perform this operation. User: arn:aws:sts::218552304739:assumed-role/NeuroOps-CWAgent-Role/i-00dfb80a59da9a56d is not authorized to perform: ec2:DescribeInstanceStatus because no identity-based policy allows the ec2:DescribeInstanceStatus action", "event": "Failed to get EC2 status for i-00dfb80a59da9a56d", "level": "error", "timestamp": "2026-04-08T11:03:05.216676Z"}
INFO:     104.28.155.52:22125 - "GET /api/v1/aws/instance-status/i-00dfb80a59da9a56d HTTP/1.1" 200 OK
INFO:     104.28.155.52:22125 - "GET /api/v1/aws/reboot-count/i-00dfb80a59da9a56d HTTP/1.1" 200 OK
INFO:     104.28.155.52:24501 - "GET /api/v1/aws/instances HTTP/1.1" 200 OK
INFO:     104.28.155.52:24501 - "GET /api/v1/aws/latest-metrics/i-00dfb80a59da9a56d HTTP/1.1" 200 OK
{"module": "backend.services.aws_service", "event": "No memory data in CustomMetrics for i-00dfb80a59da9a56d", "level": "warning", "timestamp": "2026-04-08T11:03:17.225586Z"}
{"module": "backend.services.aws_service", "event": "No disk data in CustomMetrics for i-00dfb80a59da9a56d", "level": "warning", "timestamp": "2026-04-08T11:03:17.282488Z"}
{"module": "backend.services.metrics_analyzer", "event": "Memory: 0%, Disk: 0%", "level": "info", "timestamp": "2026-04-08T11:03:17.284522Z"}
{"module": "backend.services.metrics_analyzer", "event": "Stored CPU history: 44.436783024719404%", "level": "debug", "timestamp": "2026-04-08T11:03:17.297885Z"}
{"module": "backend.services.metrics_analyzer", "event": "InfraMind stage failed: [Errno 2] No such file or directory: 'ml_models/saved/inframind_model.pkl'", "level": "error", "timestamp": "2026-04-08T11:03:17.298062Z"}
{"module": "backend.services.aws_service", "error": "An error occurred (UnauthorizedOperation) when calling the DescribeInstanceStatus operation: You are not authorized to perform this operation. User: arn:aws:sts::218552304739:assumed-role/NeuroOps-CWAgent-Role/i-00dfb80a59da9a56d is not authorized to perform: ec2:DescribeInstanceStatus because no identity-based policy allows the ec2:DescribeInstanceStatus action", "event": "Failed to get EC2 status for i-00dfb80a59da9a56d", "level": "error", "timestamp": "2026-04-08T11:03:17.422492Z"}
{"module": "backend.services.metrics_analyzer", "event": "Instance age calculated: 0 days", "level": "info", "timestamp": "2026-04-08T11:03:17.636834Z"}
{"module": "backend.services.metrics_analyzer", "event": "Failure prediction: CRITICAL (95.0%) with real memory=0%, disk=0%", "level": "info", "timestamp": "2026-04-08T11:03:17.644749Z"}
{"module": "backend.services.metrics_analyzer", "event": "RUL stage failed: predict_rul() missing 3 required positional arguments: 'memory_usage', 'disk_usage', and 'instance_age_days'", "level": "error", "timestamp": "2026-04-08T11:03:17.644939Z"}
{"module": "backend.services.metrics_analyzer", "event": "Features stored for i-00dfb80a59da9a56d", "level": "debug", "timestamp": "2026-04-08T11:03:17.664197Z"}
{"module": "backend.services.metrics_analyzer", "event": "Stage summary for i-00dfb80a59da9a56d: Infra=False, Failure=CRITICAL, RUL=None, Memory=0%, Disk=0%, Days Low CPU=0, Healing=none", "level": "info", "timestamp": "2026-04-08T11:03:17.664407Z"}
{"module": "backend.services.metrics_analyzer", "instance_id": "i-00dfb80a59da9a56d", "cpu": 44.436783024719404, "event": "Analyzed i-00dfb80a59da9a56d: CPU=44.436783024719404%", "level": "info", "timestamp": "2026-04-08T11:03:17.674213Z"}
INFO:     104.28.155.52:24509 - "GET /api/v1/failure/latest/i-00dfb80a59da9a56d HTTP/1.1" 200 OK
INFO:     104.28.155.52:23540 - "GET /api/v1/aws/instances HTTP/1.1" 200 OK
INFO:     104.28.155.52:23545 - "GET /api/v1/inframind/drift HTTP/1.1" 200 OK
INFO:     104.28.155.52:23555 - "GET /api/v1/incidents/recent?limit=20 HTTP/1.1" 200 OK
INFO:     104.28.155.52:23552 - "GET /api/v1/autohealing/timeline?days=7 HTTP/1.1" 200 OK
INFO:     104.28.155.52:23542 - "GET /api/v1/scalewise/savings HTTP/1.1" 200 OK
INFO:     104.28.155.52:24509 - "GET /api/v1/autohealing/services HTTP/1.1" 200 OK
INFO:     104.28.155.52:23540 - "GET /api/v1/services HTTP/1.1" 404 Not Found
INFO:     104.28.155.52:23545 - "GET /api/v1/inframind/alerts/priority HTTP/1.1" 200 OK
INFO:     104.28.155.52:23555 - "GET /api/v1/failure/rul-latest/i-00dfb80a59da9a56d HTTP/1.1" 200 OK
INFO:     104.28.155.52:23552 - "GET /api/v1/aws/instances HTTP/1.1" 200 OK
INFO:     104.28.155.52:23542 - "GET /api/v1/aws/latest-metrics/i-00dfb80a59da9a56d HTTP/1.1" 200 OK
INFO:     104.28.155.52:24509 - "GET /api/v1/aws/instances HTTP/1.1" 200 OK
INFO:     104.28.155.52:23552 - "GET /api/v1/aws/latest-metrics/i-00dfb80a59da9a56d HTTP/1.1" 200 OK
INFO:     104.28.155.52:23542 - "GET /api/v1/aws/instances HTTP/1.1" 200 OK
INFO:     104.28.155.52:23545 - "GET /api/v1/aws/instances HTTP/1.1" 200 OK
INFO:     104.28.155.52:24509 - "GET /api/v1/failure/latest/i-00dfb80a59da9a56d HTTP/1.1" 200 OK
{"module": "backend.services.aws_service", "error": "An error occurred (UnauthorizedOperation) when calling the DescribeInstanceStatus operation: You are not authorized to perform this operation. User: arn:aws:sts::218552304739:assumed-role/NeuroOps-CWAgent-Role/i-00dfb80a59da9a56d is not authorized to perform: ec2:DescribeInstanceStatus because no identity-based policy allows the ec2:DescribeInstanceStatus action", "event": "Failed to get EC2 status for i-00dfb80a59da9a56d", "level": "error", "timestamp": "2026-04-08T11:03:25.516276Z"}
INFO:     104.28.155.52:23552 - "GET /api/v1/aws/instance-status/i-00dfb80a59da9a56d HTTP/1.1" 200 OK
INFO:     104.28.155.52:23542 - "GET /api/v1/aws/latest-metrics/i-00dfb80a59da9a56d HTTP/1.1" 200 OK
INFO:     104.28.155.52:23545 - "GET /api/v1/failure/rul-latest/i-00dfb80a59da9a56d HTTP/1.1" 200 OK
INFO:     104.28.155.52:23552 - "GET /api/v1/aws/reboot-count/i-00dfb80a59da9a56d HTTP/1.1" 200 OK
INFO:     104.28.155.52:22110 - "GET /api/v1/aws/instances HTTP/1.1" 200 OK
INFO:     104.28.155.52:22110 - "GET /api/v1/aws/latest-metrics/i-00dfb80a59da9a56d HTTP/1.1" 200 OK
INFO:     104.28.155.52:22117 - "GET /api/v1/aws/instances HTTP/1.1" 200 OK
INFO:     104.28.155.52:22117 - "GET /api/v1/aws/instances HTTP/1.1" 200 OK
INFO:     104.28.155.52:22551 - "GET /api/v1/aws/latest-metrics/i-00dfb80a59da9a56d HTTP/1.1" 200 OK
INFO:     104.28.155.52:22552 - "GET /api/v1/aws/instances HTTP/1.1" 200 OK
INFO:     104.28.155.52:22117 - "GET /api/v1/aws/latest-metrics/i-00dfb80a59da9a56d HTTP/1.1" 200 OK
INFO:     104.28.155.52:22552 - "GET /api/v1/aws/latest-metrics/i-00dfb80a59da9a56d HTTP/1.1" 200 OK
{"module": "backend.services.aws_service", "error": "An error occurred (UnauthorizedOperation) when calling the DescribeInstanceStatus operation: You are not authorized to perform this operation. User: arn:aws:sts::218552304739:assumed-role/NeuroOps-CWAgent-Role/i-00dfb80a59da9a56d is not authorized to perform: ec2:DescribeInstanceStatus because no identity-based policy allows the ec2:DescribeInstanceStatus action", "event": "Failed to get EC2 status for i-00dfb80a59da9a56d", "level": "error", "timestamp": "2026-04-08T11:03:45.278188Z"}
INFO:     104.28.155.52:22117 - "GET /api/v1/aws/instance-status/i-00dfb80a59da9a56d HTTP/1.1" 200 OK
INFO:     104.28.155.52:22117 - "GET /api/v1/aws/reboot-count/i-00dfb80a59da9a56d HTTP/1.1" 200 OK
INFO:     104.28.155.52:22052 - "GET /api/v1/failure/latest/i-00dfb80a59da9a56d HTTP/1.1" 200 OK
INFO:     104.28.155.52:22046 - "GET /api/v1/incidents/recent?limit=20 HTTP/1.1" 200 OK
INFO:     104.28.155.52:22041 - "GET /api/v1/aws/instances HTTP/1.1" 200 OK
INFO:     104.28.155.52:22040 - "GET /api/v1/inframind/alerts/priority HTTP/1.1" 200 OK
INFO:     104.28.155.52:22039 - "GET /api/v1/scalewise/savings HTTP/1.1" 200 OK
INFO:     104.28.155.52:22053 - "GET /api/v1/aws/instances HTTP/1.1" 200 OK
INFO:     104.28.155.52:22052 - "GET /api/v1/failure/rul-latest/i-00dfb80a59da9a56d HTTP/1.1" 200 OK
INFO:     104.28.155.52:22041 - "GET /api/v1/failure/latest/i-00dfb80a59da9a56d HTTP/1.1" 200 OK
INFO:     104.28.155.52:22046 - "GET /api/v1/aws/instances HTTP/1.1" 200 OK
INFO:     104.28.155.52:22053 - "GET /api/v1/aws/latest-metrics/i-00dfb80a59da9a56d HTTP/1.1" 200 OK
INFO:     104.28.155.52:22046 - "GET /api/v1/failure/rul-latest/i-00dfb80a59da9a56d HTTP/1.1" 200 OK
INFO:     104.28.155.52:22361 - "GET /api/v1/aws/instances HTTP/1.1" 200 OK
INFO:     104.28.155.52:22367 - "GET /api/v1/aws/instances HTTP/1.1" 200 OK
INFO:     104.28.155.52:22361 - "GET /api/v1/aws/latest-metrics/i-00dfb80a59da9a56d HTTP/1.1" 200 OK
INFO:     104.28.155.52:22367 - "GET /api/v1/aws/instances HTTP/1.1" 200 OK
INFO:     104.28.155.52:22375 - "GET /api/v1/aws/latest-metrics/i-00dfb80a59da9a56d HTTP/1.1" 200 OK
{"module": "backend.services.aws_service", "error": "An error occurred (UnauthorizedOperation) when calling the DescribeInstanceStatus operation: You are not authorized to perform this operation. User: arn:aws:sts::218552304739:assumed-role/NeuroOps-CWAgent-Role/i-00dfb80a59da9a56d is not authorized to perform: ec2:DescribeInstanceStatus because no identity-based policy allows the ec2:DescribeInstanceStatus action", "event": "Failed to get EC2 status for i-00dfb80a59da9a56d", "level": "error", "timestamp": "2026-04-08T11:04:05.179594Z"}
INFO:     104.28.155.52:22375 - "GET /api/v1/aws/instance-status/i-00dfb80a59da9a56d HTTP/1.1" 200 OK
INFO:     104.28.155.52:22367 - "GET /api/v1/aws/latest-metrics/i-00dfb80a59da9a56d HTTP/1.1" 200 OK
INFO:     104.28.155.52:22375 - "GET /api/v1/aws/reboot-count/i-00dfb80a59da9a56d HTTP/1.1" 200 OK
INFO:     104.28.155.52:22381 - "GET /api/v1/aws/instances HTTP/1.1" 200 OK
INFO:     104.28.155.52:22381 - "GET /api/v1/aws/latest-metrics/i-00dfb80a59da9a56d HTTP/1.1" 200 OK
{"module": "backend.services.aws_service", "event": "No memory data in CustomMetrics for i-00dfb80a59da9a56d", "level": "warning", "timestamp": "2026-04-08T11:04:18.235514Z"}
{"module": "backend.services.aws_service", "event": "No disk data in CustomMetrics for i-00dfb80a59da9a56d", "level": "warning", "timestamp": "2026-04-08T11:04:18.317623Z"}
{"module": "backend.services.metrics_analyzer", "event": "Memory: 0%, Disk: 0%", "level": "info", "timestamp": "2026-04-08T11:04:18.319682Z"}
{"module": "backend.services.metrics_analyzer", "event": "Stored CPU history: 48.11271288997361%", "level": "debug", "timestamp": "2026-04-08T11:04:18.324580Z"}
{"module": "backend.services.metrics_analyzer", "event": "InfraMind stage failed: [Errno 2] No such file or directory: 'ml_models/saved/inframind_model.pkl'", "level": "error", "timestamp": "2026-04-08T11:04:18.324765Z"}
{"module": "backend.services.aws_service", "error": "An error occurred (UnauthorizedOperation) when calling the DescribeInstanceStatus operation: You are not authorized to perform this operation. User: arn:aws:sts::218552304739:assumed-role/NeuroOps-CWAgent-Role/i-00dfb80a59da9a56d is not authorized to perform: ec2:DescribeInstanceStatus because no identity-based policy allows the ec2:DescribeInstanceStatus action", "event": "Failed to get EC2 status for i-00dfb80a59da9a56d", "level": "error", "timestamp": "2026-04-08T11:04:18.416504Z"}
{"module": "backend.services.metrics_analyzer", "event": "Instance age calculated: 0 days", "level": "info", "timestamp": "2026-04-08T11:04:18.586137Z"}
{"module": "backend.services.metrics_analyzer", "event": "Failure prediction: CRITICAL (95.0%) with real memory=0%, disk=0%", "level": "info", "timestamp": "2026-04-08T11:04:18.587552Z"}
{"module": "backend.services.metrics_analyzer", "event": "RUL stage failed: predict_rul() missing 3 required positional arguments: 'memory_usage', 'disk_usage', and 'instance_age_days'", "level": "error", "timestamp": "2026-04-08T11:04:18.587668Z"}
{"module": "backend.services.metrics_analyzer", "event": "Features stored for i-00dfb80a59da9a56d", "level": "debug", "timestamp": "2026-04-08T11:04:18.594662Z"}
{"module": "backend.services.metrics_analyzer", "event": "Stage summary for i-00dfb80a59da9a56d: Infra=False, Failure=CRITICAL, RUL=None, Memory=0%, Disk=0%, Days Low CPU=0, Healing=none", "level": "info", "timestamp": "2026-04-08T11:04:18.594803Z"}
{"module": "backend.services.metrics_analyzer", "instance_id": "i-00dfb80a59da9a56d", "cpu": 48.11271288997361, "event": "Analyzed i-00dfb80a59da9a56d: CPU=48.11271288997361%", "level": "info", "timestamp": "2026-04-08T11:04:18.598639Z"}
INFO:     104.28.155.52:24493 - "GET /api/v1/failure/latest/i-00dfb80a59da9a56d HTTP/1.1" 200 OK
INFO:     104.28.155.52:24492 - "GET /api/v1/incidents/recent?limit=20 HTTP/1.1" 200 OK
INFO:     104.28.155.52:24514 - "GET /api/v1/inframind/drift HTTP/1.1" 200 OK
INFO:     104.28.155.52:24505 - "GET /api/v1/aws/instances HTTP/1.1" 200 OK
INFO:     104.28.155.52:24519 - "GET /api/v1/autohealing/timeline?days=7 HTTP/1.1" 200 OK
INFO:     104.28.155.52:24508 - "GET /api/v1/scalewise/savings HTTP/1.1" 200 OK
INFO:     104.28.155.52:24492 - "GET /api/v1/services HTTP/1.1" 404 Not Found
INFO:     104.28.155.52:24505 - "GET /api/v1/aws/instances HTTP/1.1" 200 OK
INFO:     104.28.155.52:24519 - "GET /api/v1/failure/rul-latest/i-00dfb80a59da9a56d HTTP/1.1" 200 OK
INFO:     104.28.155.52:24514 - "GET /api/v1/inframind/alerts/priority HTTP/1.1" 200 OK
INFO:     104.28.155.52:24508 - "GET /api/v1/aws/latest-metrics/i-00dfb80a59da9a56d HTTP/1.1" 200 OK
INFO:     104.28.155.52:24493 - "GET /api/v1/autohealing/services HTTP/1.1" 200 OK
INFO:     104.28.155.52:24492 - "GET /api/v1/aws/instances HTTP/1.1" 200 OK
INFO:     104.28.155.52:24514 - "GET /api/v1/aws/latest-metrics/i-00dfb80a59da9a56d HTTP/1.1" 200 OK
INFO:     104.28.155.52:24493 - "GET /api/v1/aws/instances HTTP/1.1" 200 OK
INFO:     104.28.155.52:24508 - "GET /api/v1/aws/instances HTTP/1.1" 200 OK
INFO:     104.28.155.52:24492 - "GET /api/v1/failure/latest/i-00dfb80a59da9a56d HTTP/1.1" 200 OK
{"module": "backend.services.aws_service", "error": "An error occurred (UnauthorizedOperation) when calling the DescribeInstanceStatus operation: You are not authorized to perform this operation. User: arn:aws:sts::218552304739:assumed-role/NeuroOps-CWAgent-Role/i-00dfb80a59da9a56d is not authorized to perform: ec2:DescribeInstanceStatus because no identity-based policy allows the ec2:DescribeInstanceStatus action", "event": "Failed to get EC2 status for i-00dfb80a59da9a56d", "level": "error", "timestamp": "2026-04-08T11:04:25.660898Z"}
INFO:     104.28.155.52:24514 - "GET /api/v1/aws/instance-status/i-00dfb80a59da9a56d HTTP/1.1" 200 OK
INFO:     104.28.155.52:24493 - "GET /api/v1/aws/latest-metrics/i-00dfb80a59da9a56d HTTP/1.1" 200 OK
INFO:     104.28.155.52:24508 - "GET /api/v1/failure/rul-latest/i-00dfb80a59da9a56d HTTP/1.1" 200 OK
INFO:     104.28.155.52:24514 - "GET /api/v1/aws/reboot-count/i-00dfb80a59da9a56d HTTP/1.1" 200 OK
INFO:     104.28.155.52:23694 - "GET /api/v1/aws/instances HTTP/1.1" 200 OK
INFO:     104.28.155.52:23694 - "GET /api/v1/aws/latest-metrics/i-00dfb80a59da9a56d HTTP/1.1" 200 OK
INFO:     104.28.155.52:22536 - "GET /api/v1/aws/instances HTTP/1.1" 200 OK
INFO:     104.28.155.52:22540 - "GET /api/v1/aws/instances HTTP/1.1" 200 OK
INFO:     104.28.155.52:22536 - "GET /api/v1/aws/latest-metrics/i-00dfb80a59da9a56d HTTP/1.1" 200 OK
INFO:     104.28.155.52:22540 - "GET /api/v1/aws/instances HTTP/1.1" 200 OK
INFO:     104.28.155.52:22548 - "GET /api/v1/aws/latest-metrics/i-00dfb80a59da9a56d HTTP/1.1" 200 OK
INFO:     104.28.155.52:22540 - "GET /api/v1/aws/latest-metrics/i-00dfb80a59da9a56d HTTP/1.1" 200 OK
{"module": "backend.services.aws_service", "error": "An error occurred (UnauthorizedOperation) when calling the DescribeInstanceStatus operation: You are not authorized to perform this operation. User: arn:aws:sts::218552304739:assumed-role/NeuroOps-CWAgent-Role/i-00dfb80a59da9a56d is not authorized to perform: ec2:DescribeInstanceStatus because no identity-based policy allows the ec2:DescribeInstanceStatus action", "event": "Failed to get EC2 status for i-00dfb80a59da9a56d", "level": "error", "timestamp": "2026-04-08T11:04:45.050335Z"}
INFO:     104.28.155.52:22548 - "GET /api/v1/aws/instance-status/i-00dfb80a59da9a56d HTTP/1.1" 200 OK
INFO:     104.28.155.52:22548 - "GET /api/v1/aws/reboot-count/i-00dfb80a59da9a56d HTTP/1.1" 200 OK
INFO:     104.28.155.52:22552 - "GET /api/v1/failure/latest/i-00dfb80a59da9a56d HTTP/1.1" 200 OK
INFO:     104.28.155.52:22676 - "GET /api/v1/incidents/recent?limit=20 HTTP/1.1" 200 OK
INFO:     104.28.155.52:22657 - "GET /api/v1/aws/instances HTTP/1.1" 200 OK
INFO:     104.28.155.52:22670 - "GET /api/v1/inframind/alerts/priority HTTP/1.1" 200 OK
INFO:     104.28.155.52:22663 - "GET /api/v1/scalewise/savings HTTP/1.1" 200 OK
INFO:     104.28.155.52:22552 - "GET /api/v1/failure/rul-latest/i-00dfb80a59da9a56d HTTP/1.1" 200 OK
INFO:     104.28.155.52:22676 - "GET /api/v1/aws/instances HTTP/1.1" 200 OK
INFO:     104.28.155.52:22657 - "GET /api/v1/failure/latest/i-00dfb80a59da9a56d HTTP/1.1" 200 OK
INFO:     104.28.155.52:22663 - "GET /api/v1/aws/instances HTTP/1.1" 200 OK
INFO:     104.28.155.52:22676 - "GET /api/v1/aws/latest-metrics/i-00dfb80a59da9a56d HTTP/1.1" 200 OK
INFO:     104.28.155.52:22663 - "GET /api/v1/failure/rul-latest/i-00dfb80a59da9a56d HTTP/1.1" 200 OK
INFO:     104.28.155.52:22681 - "GET /api/v1/aws/instances HTTP/1.1" 200 OK
INFO:     104.28.155.52:23314 - "GET /api/v1/aws/latest-metrics/i-00dfb80a59da9a56d HTTP/1.1" 200 OK
INFO:     104.28.155.52:22681 - "GET /api/v1/aws/instances HTTP/1.1" 200 OK
INFO:     104.28.155.52:23321 - "GET /api/v1/aws/instances HTTP/1.1" 200 OK
INFO:     104.28.155.52:22681 - "GET /api/v1/aws/latest-metrics/i-00dfb80a59da9a56d HTTP/1.1" 200 OK
INFO:     104.28.155.52:23321 - "GET /api/v1/aws/latest-metrics/i-00dfb80a59da9a56d HTTP/1.1" 200 OK
{"module": "backend.services.aws_service", "error": "An error occurred (UnauthorizedOperation) when calling the DescribeInstanceStatus operation: You are not authorized to perform this operation. User: arn:aws:sts::218552304739:assumed-role/NeuroOps-CWAgent-Role/i-00dfb80a59da9a56d is not authorized to perform: ec2:DescribeInstanceStatus because no identity-based policy allows the ec2:DescribeInstanceStatus action", "event": "Failed to get EC2 status for i-00dfb80a59da9a56d", "level": "error", "timestamp": "2026-04-08T11:05:05.514260Z"}
INFO:     104.28.155.52:22681 - "GET /api/v1/aws/instance-status/i-00dfb80a59da9a56d HTTP/1.1" 200 OK
INFO:     104.28.155.52:22681 - "GET /api/v1/aws/reboot-count/i-00dfb80a59da9a56d HTTP/1.1" 200 OK
INFO:     104.28.155.52:23327 - "GET /api/v1/aws/instances HTTP/1.1" 200 OK
INFO:     104.28.155.52:23327 - "GET /api/v1/aws/latest-metrics/i-00dfb80a59da9a56d HTTP/1.1" 200 OK
{"module": "backend.services.aws_service", "event": "No memory data in CustomMetrics for i-00dfb80a59da9a56d", "level": "warning", "timestamp": "2026-04-08T11:05:19.094390Z"}
{"module": "backend.services.aws_service", "event": "No disk data in CustomMetrics for i-00dfb80a59da9a56d", "level": "warning", "timestamp": "2026-04-08T11:05:19.169545Z"}
{"module": "backend.services.metrics_analyzer", "event": "Memory: 0%, Disk: 0%", "level": "info", "timestamp": "2026-04-08T11:05:19.171751Z"}
{"module": "backend.services.metrics_analyzer", "event": "Stored CPU history: 49.55017031197889%", "level": "debug", "timestamp": "2026-04-08T11:05:19.185016Z"}
{"module": "backend.services.metrics_analyzer", "event": "InfraMind stage failed: [Errno 2] No such file or directory: 'ml_models/saved/inframind_model.pkl'", "level": "error", "timestamp": "2026-04-08T11:05:19.185523Z"}
{"module": "backend.services.aws_service", "error": "An error occurred (UnauthorizedOperation) when calling the DescribeInstanceStatus operation: You are not authorized to perform this operation. User: arn:aws:sts::218552304739:assumed-role/NeuroOps-CWAgent-Role/i-00dfb80a59da9a56d is not authorized to perform: ec2:DescribeInstanceStatus because no identity-based policy allows the ec2:DescribeInstanceStatus action", "event": "Failed to get EC2 status for i-00dfb80a59da9a56d", "level": "error", "timestamp": "2026-04-08T11:05:19.313618Z"}
{"module": "backend.services.metrics_analyzer", "event": "Instance age calculated: 0 days", "level": "info", "timestamp": "2026-04-08T11:05:19.460359Z"}
{"module": "backend.services.metrics_analyzer", "event": "Failure prediction: CRITICAL (95.0%) with real memory=0%, disk=0%", "level": "info", "timestamp": "2026-04-08T11:05:19.461909Z"}
{"module": "backend.services.metrics_analyzer", "event": "RUL stage failed: predict_rul() missing 3 required positional arguments: 'memory_usage', 'disk_usage', and 'instance_age_days'", "level": "error", "timestamp": "2026-04-08T11:05:19.462132Z"}
{"module": "backend.services.metrics_analyzer", "event": "Features stored for i-00dfb80a59da9a56d", "level": "debug", "timestamp": "2026-04-08T11:05:19.463059Z"}
{"module": "backend.services.metrics_analyzer", "event": "Stage summary for i-00dfb80a59da9a56d: Infra=False, Failure=CRITICAL, RUL=None, Memory=0%, Disk=0%, Days Low CPU=0, Healing=none", "level": "info", "timestamp": "2026-04-08T11:05:19.463520Z"}
{"module": "backend.services.metrics_analyzer", "instance_id": "i-00dfb80a59da9a56d", "cpu": 49.55017031197889, "event": "Analyzed i-00dfb80a59da9a56d: CPU=49.55017031197889%", "level": "info", "timestamp": "2026-04-08T11:05:19.466836Z"}
INFO:     104.28.155.52:22285 - "GET /api/v1/failure/latest/i-00dfb80a59da9a56d HTTP/1.1" 200 OK
INFO:     104.28.155.52:22315 - "GET /api/v1/inframind/drift HTTP/1.1" 200 OK
INFO:     104.28.155.52:22302 - "GET /api/v1/incidents/recent?limit=20 HTTP/1.1" 200 OK
INFO:     104.28.155.52:22297 - "GET /api/v1/aws/instances HTTP/1.1" 200 OK
INFO:     104.28.155.52:22309 - "GET /api/v1/autohealing/timeline?days=7 HTTP/1.1" 200 OK
INFO:     104.28.155.52:22290 - "GET /api/v1/scalewise/savings HTTP/1.1" 200 OK
INFO:     104.28.155.52:22315 - "GET /api/v1/services HTTP/1.1" 404 Not Found
INFO:     104.28.155.52:22302 - "GET /api/v1/inframind/alerts/priority HTTP/1.1" 200 OK
INFO:     104.28.155.52:22297 - "GET /api/v1/aws/instances HTTP/1.1" 200 OK
INFO:     104.28.155.52:22309 - "GET /api/v1/failure/rul-latest/i-00dfb80a59da9a56d HTTP/1.1" 200 OK
INFO:     104.28.155.52:22285 - "GET /api/v1/autohealing/services HTTP/1.1" 200 OK
INFO:     104.28.155.52:22290 - "GET /api/v1/aws/latest-metrics/i-00dfb80a59da9a56d HTTP/1.1" 200 OK
INFO:     104.28.155.52:22315 - "GET /api/v1/aws/instances HTTP/1.1" 200 OK
INFO:     104.28.155.52:22297 - "GET /api/v1/aws/latest-metrics/i-00dfb80a59da9a56d HTTP/1.1" 200 OK
INFO:     104.28.155.52:22290 - "GET /api/v1/aws/instances HTTP/1.1" 200 OK
INFO:     104.28.155.52:22309 - "GET /api/v1/aws/instances HTTP/1.1" 200 OK
INFO:     104.28.155.52:22315 - "GET /api/v1/failure/latest/i-00dfb80a59da9a56d HTTP/1.1" 200 OK
INFO:     104.28.155.52:22290 - "GET /api/v1/aws/latest-metrics/i-00dfb80a59da9a56d HTTP/1.1" 200 OK
{"module": "backend.services.aws_service", "error": "An error occurred (UnauthorizedOperation) when calling the DescribeInstanceStatus operation: You are not authorized to perform this operation. User: arn:aws:sts::218552304739:assumed-role/NeuroOps-CWAgent-Role/i-00dfb80a59da9a56d is not authorized to perform: ec2:DescribeInstanceStatus because no identity-based policy allows the ec2:DescribeInstanceStatus action", "event": "Failed to get EC2 status for i-00dfb80a59da9a56d", "level": "error", "timestamp": "2026-04-08T11:05:25.591321Z"}
INFO:     104.28.155.52:22297 - "GET /api/v1/aws/instance-status/i-00dfb80a59da9a56d HTTP/1.1" 200 OK
INFO:     104.28.155.52:22309 - "GET /api/v1/failure/rul-latest/i-00dfb80a59da9a56d HTTP/1.1" 200 OK
INFO:     104.28.155.52:22297 - "GET /api/v1/aws/reboot-count/i-00dfb80a59da9a56d HTTP/1.1" 200 OK
INFO:     104.28.155.52:23040 - "GET /api/v1/aws/instances HTTP/1.1" 200 OK
INFO:     104.28.155.52:23040 - "GET /api/v1/aws/latest-metrics/i-00dfb80a59da9a56d HTTP/1.1" 200 OK
INFO:     104.28.155.52:23043 - "GET /api/v1/aws/instances HTTP/1.1" 200 OK
INFO:     104.28.155.52:23043 - "GET /api/v1/aws/instances HTTP/1.1" 200 OK
INFO:     104.28.155.52:23081 - "GET /api/v1/aws/latest-metrics/i-00dfb80a59da9a56d HTTP/1.1" 200 OK
INFO:     104.28.155.52:23083 - "GET /api/v1/aws/instances HTTP/1.1" 200 OK
INFO:     104.28.155.52:23043 - "GET /api/v1/aws/latest-metrics/i-00dfb80a59da9a56d HTTP/1.1" 200 OK
INFO:     104.28.155.52:23083 - "GET /api/v1/aws/latest-metrics/i-00dfb80a59da9a56d HTTP/1.1" 200 OK
{"module": "backend.services.aws_service", "error": "An error occurred (UnauthorizedOperation) when calling the DescribeInstanceStatus operation: You are not authorized to perform this operation. User: arn:aws:sts::218552304739:assumed-role/NeuroOps-CWAgent-Role/i-00dfb80a59da9a56d is not authorized to perform: ec2:DescribeInstanceStatus because no identity-based policy allows the ec2:DescribeInstanceStatus action", "event": "Failed to get EC2 status for i-00dfb80a59da9a56d", "level": "error", "timestamp": "2026-04-08T11:05:45.160577Z"}
INFO:     104.28.155.52:23043 - "GET /api/v1/aws/instance-status/i-00dfb80a59da9a56d HTTP/1.1" 200 OK
INFO:     104.28.155.52:23043 - "GET /api/v1/aws/reboot-count/i-00dfb80a59da9a56d HTTP/1.1" 200 OK
WARNING:  StatReload detected changes in 'backend/core/config.py'. Reloading...
INFO:     Shutting down
INFO:     connection closed
INFO:     Waiting for background tasks to complete. (CTRL+C to force quit)
{"module": "backend.api.streaming", "event": "WebSocket disconnected", "level": "info", "timestamp": "2026-04-08T11:05:50.474573Z"}
INFO:     Waiting for application shutdown.
INFO:     Application shutdown complete.
INFO:     Finished server process [30805]
Process SpawnProcess-3:
Traceback (most recent call last):
  File "/usr/lib64/python3.9/multiprocessing/process.py", line 315, in _bootstrap
    self.run()
  File "/usr/lib64/python3.9/multiprocessing/process.py", line 108, in run
    self._target(*self._args, **self._kwargs)
  File "/home/ec2-user/NeuroOps/neuroops_env/lib64/python3.9/site-packages/uvicorn/_subprocess.py", line 80, in subprocess_started
    target(sockets=sockets)
  File "/home/ec2-user/NeuroOps/neuroops_env/lib64/python3.9/site-packages/uvicorn/server.py", line 67, in run
    return asyncio_run(self.serve(sockets=sockets), loop_factory=self.config.get_loop_factory())
  File "/home/ec2-user/NeuroOps/neuroops_env/lib64/python3.9/site-packages/uvicorn/_compat.py", line 60, in asyncio_run
    return loop.run_until_complete(main)
  File "/usr/lib64/python3.9/asyncio/base_events.py", line 647, in run_until_complete
    return future.result()
  File "/home/ec2-user/NeuroOps/neuroops_env/lib64/python3.9/site-packages/uvicorn/server.py", line 71, in serve
    await self._serve(sockets)
  File "/home/ec2-user/NeuroOps/neuroops_env/lib64/python3.9/site-packages/uvicorn/server.py", line 78, in _serve
    config.load()
  File "/home/ec2-user/NeuroOps/neuroops_env/lib64/python3.9/site-packages/uvicorn/config.py", line 439, in load
    self.loaded_app = import_from_string(self.app)
  File "/home/ec2-user/NeuroOps/neuroops_env/lib64/python3.9/site-packages/uvicorn/importer.py", line 19, in import_from_string
    module = importlib.import_module(module_str)
  File "/usr/lib64/python3.9/importlib/__init__.py", line 127, in import_module
    return _bootstrap._gcd_import(name[level:], package, level)
  File "<frozen importlib._bootstrap>", line 1030, in _gcd_import
  File "<frozen importlib._bootstrap>", line 1007, in _find_and_load
  File "<frozen importlib._bootstrap>", line 986, in _find_and_load_unlocked
  File "<frozen importlib._bootstrap>", line 680, in _load_unlocked
  File "<frozen importlib._bootstrap_external>", line 850, in exec_module
  File "<frozen importlib._bootstrap>", line 228, in _call_with_frames_removed
  File "/home/ec2-user/NeuroOps/backend/main.py", line 2, in <module>
    from backend.api import streaming
  File "/home/ec2-user/NeuroOps/backend/api/streaming.py", line 3, in <module>
    from backend.services.redis_service import redis_client
  File "/home/ec2-user/NeuroOps/backend/services/redis_service.py", line 3, in <module>
    from backend.core.config import settings
  File "/home/ec2-user/NeuroOps/backend/core/config.py", line 6, in <module>
    class Settings(BaseSettings):
  File "/home/ec2-user/NeuroOps/backend/core/config.py", line 267, in Settings
    AWS_REGION: str = os.getenv("AWS_REGION", "")
NameError: name 'os' is not defined
WARNING:  StatReload detected changes in 'backend/services/aws_pricing.py'. Reloading...
Process SpawnProcess-4:
Traceback (most recent call last):
  File "/usr/lib64/python3.9/multiprocessing/process.py", line 315, in _bootstrap
    self.run()
  File "/usr/lib64/python3.9/multiprocessing/process.py", line 108, in run
    self._target(*self._args, **self._kwargs)
  File "/home/ec2-user/NeuroOps/neuroops_env/lib64/python3.9/site-packages/uvicorn/_subprocess.py", line 80, in subprocess_started
    target(sockets=sockets)
  File "/home/ec2-user/NeuroOps/neuroops_env/lib64/python3.9/site-packages/uvicorn/server.py", line 67, in run
    return asyncio_run(self.serve(sockets=sockets), loop_factory=self.config.get_loop_factory())
  File "/home/ec2-user/NeuroOps/neuroops_env/lib64/python3.9/site-packages/uvicorn/_compat.py", line 60, in asyncio_run
    return loop.run_until_complete(main)
  File "/usr/lib64/python3.9/asyncio/base_events.py", line 647, in run_until_complete
    return future.result()
  File "/home/ec2-user/NeuroOps/neuroops_env/lib64/python3.9/site-packages/uvicorn/server.py", line 71, in serve
    await self._serve(sockets)
  File "/home/ec2-user/NeuroOps/neuroops_env/lib64/python3.9/site-packages/uvicorn/server.py", line 78, in _serve
    config.load()
  File "/home/ec2-user/NeuroOps/neuroops_env/lib64/python3.9/site-packages/uvicorn/config.py", line 439, in load
    self.loaded_app = import_from_string(self.app)
  File "/home/ec2-user/NeuroOps/neuroops_env/lib64/python3.9/site-packages/uvicorn/importer.py", line 19, in import_from_string
    module = importlib.import_module(module_str)
  File "/usr/lib64/python3.9/importlib/__init__.py", line 127, in import_module
    return _bootstrap._gcd_import(name[level:], package, level)
  File "<frozen importlib._bootstrap>", line 1030, in _gcd_import
  File "<frozen importlib._bootstrap>", line 1007, in _find_and_load
  File "<frozen importlib._bootstrap>", line 986, in _find_and_load_unlocked
  File "<frozen importlib._bootstrap>", line 680, in _load_unlocked
  File "<frozen importlib._bootstrap_external>", line 850, in exec_module
  File "<frozen importlib._bootstrap>", line 228, in _call_with_frames_removed
  File "/home/ec2-user/NeuroOps/backend/main.py", line 2, in <module>
    from backend.api import streaming
  File "/home/ec2-user/NeuroOps/backend/api/streaming.py", line 3, in <module>
    from backend.services.redis_service import redis_client
  File "/home/ec2-user/NeuroOps/backend/services/redis_service.py", line 3, in <module>
    from backend.core.config import settings
  File "/home/ec2-user/NeuroOps/backend/core/config.py", line 6, in <module>
    class Settings(BaseSettings):
  File "/home/ec2-user/NeuroOps/backend/core/config.py", line 267, in Settings
    AWS_REGION: str = os.getenv("AWS_REGION", "")
NameError: name 'os' is not defined
WARNING:  StatReload detected changes in 'neuroops_agent.py'. Reloading...
Process SpawnProcess-5:
Traceback (most recent call last):
  File "/usr/lib64/python3.9/multiprocessing/process.py", line 315, in _bootstrap
    self.run()
  File "/usr/lib64/python3.9/multiprocessing/process.py", line 108, in run
    self._target(*self._args, **self._kwargs)
  File "/home/ec2-user/NeuroOps/neuroops_env/lib64/python3.9/site-packages/uvicorn/_subprocess.py", line 80, in subprocess_started
    target(sockets=sockets)
  File "/home/ec2-user/NeuroOps/neuroops_env/lib64/python3.9/site-packages/uvicorn/server.py", line 67, in run
    return asyncio_run(self.serve(sockets=sockets), loop_factory=self.config.get_loop_factory())
  File "/home/ec2-user/NeuroOps/neuroops_env/lib64/python3.9/site-packages/uvicorn/_compat.py", line 60, in asyncio_run
    return loop.run_until_complete(main)
  File "/usr/lib64/python3.9/asyncio/base_events.py", line 647, in run_until_complete
    return future.result()
  File "/home/ec2-user/NeuroOps/neuroops_env/lib64/python3.9/site-packages/uvicorn/server.py", line 71, in serve
    await self._serve(sockets)
  File "/home/ec2-user/NeuroOps/neuroops_env/lib64/python3.9/site-packages/uvicorn/server.py", line 78, in _serve
    config.load()
  File "/home/ec2-user/NeuroOps/neuroops_env/lib64/python3.9/site-packages/uvicorn/config.py", line 439, in load
    self.loaded_app = import_from_string(self.app)
  File "/home/ec2-user/NeuroOps/neuroops_env/lib64/python3.9/site-packages/uvicorn/importer.py", line 19, in import_from_string
    module = importlib.import_module(module_str)
  File "/usr/lib64/python3.9/importlib/__init__.py", line 127, in import_module
    return _bootstrap._gcd_import(name[level:], package, level)
  File "<frozen importlib._bootstrap>", line 1030, in _gcd_import
  File "<frozen importlib._bootstrap>", line 1007, in _find_and_load
  File "<frozen importlib._bootstrap>", line 986, in _find_and_load_unlocked
  File "<frozen importlib._bootstrap>", line 680, in _load_unlocked
  File "<frozen importlib._bootstrap_external>", line 850, in exec_module
  File "<frozen importlib._bootstrap>", line 228, in _call_with_frames_removed
  File "/home/ec2-user/NeuroOps/backend/main.py", line 2, in <module>
    from backend.api import streaming
  File "/home/ec2-user/NeuroOps/backend/api/streaming.py", line 3, in <module>
    from backend.services.redis_service import redis_client
  File "/home/ec2-user/NeuroOps/backend/services/redis_service.py", line 3, in <module>
    from backend.core.config import settings
  File "/home/ec2-user/NeuroOps/backend/core/config.py", line 6, in <module>
    class Settings(BaseSettings):
  File "/home/ec2-user/NeuroOps/backend/core/config.py", line 267, in Settings
    AWS_REGION: str = os.getenv("AWS_REGION", "")
NameError: name 'os' is not defined
WARNING:  StatReload detected changes in 'neuroops_agent.py'. Reloading...
Process SpawnProcess-6:
Traceback (most recent call last):
  File "/usr/lib64/python3.9/multiprocessing/process.py", line 315, in _bootstrap
    self.run()
  File "/usr/lib64/python3.9/multiprocessing/process.py", line 108, in run
    self._target(*self._args, **self._kwargs)
  File "/home/ec2-user/NeuroOps/neuroops_env/lib64/python3.9/site-packages/uvicorn/_subprocess.py", line 80, in subprocess_started
    target(sockets=sockets)
  File "/home/ec2-user/NeuroOps/neuroops_env/lib64/python3.9/site-packages/uvicorn/server.py", line 67, in run
    return asyncio_run(self.serve(sockets=sockets), loop_factory=self.config.get_loop_factory())
  File "/home/ec2-user/NeuroOps/neuroops_env/lib64/python3.9/site-packages/uvicorn/_compat.py", line 60, in asyncio_run
    return loop.run_until_complete(main)
  File "/usr/lib64/python3.9/asyncio/base_events.py", line 647, in run_until_complete
    return future.result()
  File "/home/ec2-user/NeuroOps/neuroops_env/lib64/python3.9/site-packages/uvicorn/server.py", line 71, in serve
    await self._serve(sockets)
  File "/home/ec2-user/NeuroOps/neuroops_env/lib64/python3.9/site-packages/uvicorn/server.py", line 78, in _serve
    config.load()
  File "/home/ec2-user/NeuroOps/neuroops_env/lib64/python3.9/site-packages/uvicorn/config.py", line 439, in load
    self.loaded_app = import_from_string(self.app)
  File "/home/ec2-user/NeuroOps/neuroops_env/lib64/python3.9/site-packages/uvicorn/importer.py", line 19, in import_from_string
    module = importlib.import_module(module_str)
  File "/usr/lib64/python3.9/importlib/__init__.py", line 127, in import_module
    return _bootstrap._gcd_import(name[level:], package, level)
  File "<frozen importlib._bootstrap>", line 1030, in _gcd_import
  File "<frozen importlib._bootstrap>", line 1007, in _find_and_load
  File "<frozen importlib._bootstrap>", line 986, in _find_and_load_unlocked
  File "<frozen importlib._bootstrap>", line 680, in _load_unlocked
  File "<frozen importlib._bootstrap_external>", line 850, in exec_module
  File "<frozen importlib._bootstrap>", line 228, in _call_with_frames_removed
  File "/home/ec2-user/NeuroOps/backend/main.py", line 2, in <module>
    from backend.api import streaming
  File "/home/ec2-user/NeuroOps/backend/api/streaming.py", line 3, in <module>
    from backend.services.redis_service import redis_client
  File "/home/ec2-user/NeuroOps/backend/services/redis_service.py", line 3, in <module>
    from backend.core.config import settings
  File "/home/ec2-user/NeuroOps/backend/core/config.py", line 6, in <module>
    class Settings(BaseSettings):
  File "/home/ec2-user/NeuroOps/backend/core/config.py", line 267, in Settings
    AWS_REGION: str = os.getenv("AWS_REGION", "")
NameError: name 'os' is not defined
INFO:     Stopping reloader process [30559]
