timestamp,instance_id,metric_name,value,source
2026-04-08 09:49:51.145761,i-00dfb80a59da9a56d,cpu,54.81344081900502,cloudwatch
2026-04-08 09:50:36.187396,ip-172-31-10-55.ec2.internal,cpu,30.2,agent
2026-04-08 09:50:36.187396,ip-172-31-10-55.ec2.internal,memory,70.6,agent
2026-04-08 09:50:36.187396,ip-172-31-10-55.ec2.internal,disk,21.2,agent
2026-04-08 09:50:51.753006,i-00dfb80a59da9a56d,cpu,54.81344081900502,cloudwatch
2026-04-08 09:51:37.266470,ip-172-31-10-55.ec2.internal,cpu,29.6,agent
2026-04-08 09:51:37.266470,ip-172-31-10-55.ec2.internal,memory,70.2,agent
2026-04-08 09:51:37.266470,ip-172-31-10-55.ec2.internal,disk,21.2,agent
2026-04-08 09:51:52.356238,i-00dfb80a59da9a56d,cpu,43.16346070433578,cloudwatch
2026-04-08 09:52:38.158619,i-00dfb80a59da9a56d,cpu,40.886751580668296,cloudwatch
2026-04-08 09:52:38.312460,ip-172-31-10-55.ec2.internal,cpu,38.9,agent
2026-04-08 09:52:38.312460,ip-172-31-10-55.ec2.internal,memory,69.5,agent
2026-04-08 09:52:38.312460,ip-172-31-10-55.ec2.internal,disk,21.2,agent
2026-04-08 09:53:38.776444,i-00dfb80a59da9a56d,cpu,40.52444727109491,cloudwatch
2026-04-08 09:53:39.391794,ip-172-31-10-55.ec2.internal,cpu,30.8,agent
2026-04-08 09:53:39.391794,ip-172-31-10-55.ec2.internal,memory,69.1,agent
2026-04-08 09:53:39.391794,ip-172-31-10-55.ec2.internal,disk,21.2,agent
2026-04-08 09:54:39.419381,i-00dfb80a59da9a56d,cpu,43.29989413637945,cloudwatch
2026-04-08 09:54:40.466406,ip-172-31-10-55.ec2.internal,cpu,30.2,agent
2026-04-08 09:54:40.466406,ip-172-31-10-55.ec2.internal,memory,69.5,agent
2026-04-08 09:54:40.466406,ip-172-31-10-55.ec2.internal,disk,21.2,agent
2026-04-08 09:55:40.028829,i-00dfb80a59da9a56d,cpu,43.29989413637945,cloudwatch
2026-04-08 09:55:41.537791,ip-172-31-10-55.ec2.internal,cpu,32.3,agent
2026-04-08 09:55:41.537791,ip-172-31-10-55.ec2.internal,memory,69.8,agent
2026-04-08 09:55:41.537791,ip-172-31-10-55.ec2.internal,disk,21.2,agent
2026-04-08 09:56:40.680907,i-00dfb80a59da9a56d,cpu,54.9987218392527,cloudwatch
2026-04-08 09:56:42.598000,ip-172-31-10-55.ec2.internal,cpu,38.0,agent
2026-04-08 09:56:42.598000,ip-172-31-10-55.ec2.internal,memory,70.8,agent
2026-04-08 09:56:42.598000,ip-172-31-10-55.ec2.internal,disk,21.2,agent
2026-04-08 09:57:41.288304,i-00dfb80a59da9a56d,cpu,54.6488481756082,cloudwatch
2026-04-08 09:57:43.666729,ip-172-31-10-55.ec2.internal,cpu,38.0,agent
2026-04-08 09:57:43.666729,ip-172-31-10-55.ec2.internal,memory,70.0,agent
2026-04-08 09:57:43.666729,ip-172-31-10-55.ec2.internal,disk,21.2,agent
2026-04-08 09:58:41.905572,i-00dfb80a59da9a56d,cpu,54.54913613170615,cloudwatch
2026-04-08 09:58:44.736989,ip-172-31-10-55.ec2.internal,cpu,38.0,agent
2026-04-08 09:58:44.736989,ip-172-31-10-55.ec2.internal,memory,70.4,agent
2026-04-08 09:58:44.736989,ip-172-31-10-55.ec2.internal,disk,21.2,agent
2026-04-08 09:59:42.493840,i-00dfb80a59da9a56d,cpu,54.474783197180344,cloudwatch
2026-04-08 09:59:45.806790,ip-172-31-10-55.ec2.internal,cpu,34.3,agent
2026-04-08 09:59:45.806790,ip-172-31-10-55.ec2.internal,memory,70.1,agent
2026-04-08 09:59:45.806790,ip-172-31-10-55.ec2.internal,disk,21.2,agent
2026-04-08 10:00:43.098274,i-00dfb80a59da9a56d,cpu,54.474783197180344,cloudwatch
2026-04-08 10:00:46.879239,ip-172-31-10-55.ec2.internal,cpu,30.5,agent
2026-04-08 10:00:46.879239,ip-172-31-10-55.ec2.internal,memory,70.1,agent
2026-04-08 10:00:46.879239,ip-172-31-10-55.ec2.internal,disk,21.2,agent
2026-04-08 10:01:35.421382,i-00dfb80a59da9a56d,cpu,53.699999999999996,cloudwatch
2026-04-08 10:01:47.950488,ip-172-31-10-55.ec2.internal,cpu,38.5,agent
2026-04-08 10:01:47.950488,ip-172-31-10-55.ec2.internal,memory,69.3,agent
2026-04-08 10:01:47.950488,ip-172-31-10-55.ec2.internal,disk,21.2,agent
2026-04-08 10:02:06.361038,i-00dfb80a59da9a56d,cpu,53.699999999999996,cloudwatch
2026-04-08 10:02:49.026877,ip-172-31-10-55.ec2.internal,cpu,37.7,agent
2026-04-08 10:02:49.026877,ip-172-31-10-55.ec2.internal,memory,69.6,agent
2026-04-08 10:02:49.026877,ip-172-31-10-55.ec2.internal,disk,21.2,agent
2026-04-08 10:03:07.051747,i-00dfb80a59da9a56d,cpu,56.566383047216256,cloudwatch
2026-04-08 10:03:50.096778,ip-172-31-10-55.ec2.internal,cpu,37.5,agent
2026-04-08 10:03:50.096778,ip-172-31-10-55.ec2.internal,memory,70.5,agent
2026-04-08 10:03:50.096778,ip-172-31-10-55.ec2.internal,disk,21.2,agent
2026-04-08 10:04:07.711258,i-00dfb80a59da9a56d,cpu,56.262933524339175,cloudwatch
2026-04-08 10:04:51.169369,ip-172-31-10-55.ec2.internal,cpu,38.0,agent
2026-04-08 10:04:51.169369,ip-172-31-10-55.ec2.internal,memory,70.1,agent
2026-04-08 10:04:51.169369,ip-172-31-10-55.ec2.internal,disk,21.2,agent
2026-04-08 10:05:08.314194,i-00dfb80a59da9a56d,cpu,56.012013486138,cloudwatch
2026-04-08 10:05:26.156010,i-00dfb80a59da9a56d,cpu,56.012013486138,cloudwatch
2026-04-08 10:05:31.261736,i-00dfb80a59da9a56d,cpu,56.012013486138,cloudwatch
2026-04-08 10:05:52.241311,ip-172-31-10-55.ec2.internal,cpu,0.0,agent
2026-04-08 10:05:52.241311,ip-172-31-10-55.ec2.internal,memory,67.9,agent
2026-04-08 10:05:52.241311,ip-172-31-10-55.ec2.internal,disk,21.2,agent
2026-04-08 10:06:31.857954,i-00dfb80a59da9a56d,cpu,39.93097259445452,cloudwatch
2026-04-08 10:06:53.311748,ip-172-31-10-55.ec2.internal,cpu,51.2,agent
2026-04-08 10:06:53.311748,ip-172-31-10-55.ec2.internal,memory,68.4,agent
2026-04-08 10:06:53.311748,ip-172-31-10-55.ec2.internal,disk,21.2,agent
2026-04-08 10:06:54.555799,i-00dfb80a59da9a56d,cpu,39.93097259445452,cloudwatch
2026-04-08 10:07:25.287477,i-00dfb80a59da9a56d,cpu,28.43779963663377,cloudwatch
2026-04-08 10:07:54.406772,ip-172-31-10-55.ec2.internal,cpu,38.2,agent
2026-04-08 10:07:54.406772,ip-172-31-10-55.ec2.internal,memory,69.6,agent
2026-04-08 10:07:54.406772,ip-172-31-10-55.ec2.internal,disk,21.2,agent
2026-04-08 10:08:26.158731,i-00dfb80a59da9a56d,cpu,33.45543306080866,cloudwatch
2026-04-08 10:08:55.478663,ip-172-31-10-55.ec2.internal,cpu,30.5,agent
2026-04-08 10:08:55.478663,ip-172-31-10-55.ec2.internal,memory,69.5,agent
2026-04-08 10:08:55.478663,ip-172-31-10-55.ec2.internal,disk,21.2,agent
2026-04-08 10:09:15.284360,i-00dfb80a59da9a56d,cpu,33.45543306080866,cloudwatch
2026-04-08 10:09:27.751471,i-00dfb80a59da9a56d,cpu,37.792679781980254,cloudwatch
2026-04-08 10:09:51.533843,i-00dfb80a59da9a56d,cpu,37.792679781980254,cloudwatch
2026-04-08 10:09:56.765191,i-00dfb80a59da9a56d,cpu,37.792679781980254,cloudwatch
2026-04-08 10:09:56.546855,ip-172-31-10-55.ec2.internal,cpu,51.0,agent
2026-04-08 10:09:56.546855,ip-172-31-10-55.ec2.internal,memory,69.1,agent
2026-04-08 10:09:56.546855,ip-172-31-10-55.ec2.internal,disk,21.2,agent
2026-04-08 10:10:57.375354,i-00dfb80a59da9a56d,cpu,37.792679781980254,cloudwatch
2026-04-08 10:10:57.637095,ip-172-31-10-55.ec2.internal,cpu,38.2,agent
2026-04-08 10:10:57.637095,ip-172-31-10-55.ec2.internal,memory,69.9,agent
2026-04-08 10:10:57.637095,ip-172-31-10-55.ec2.internal,disk,21.2,agent
2026-04-08 10:11:58.706805,ip-172-31-10-55.ec2.internal,cpu,93.0,agent
2026-04-08 10:11:58.706805,ip-172-31-10-55.ec2.internal,memory,63.2,agent
2026-04-08 10:11:58.706805,ip-172-31-10-55.ec2.internal,disk,21.2,agent
2026-04-08 10:12:03.692525,i-00dfb80a59da9a56d,cpu,57.51363797991175,cloudwatch
2026-04-08 10:12:17.154251,i-00dfb80a59da9a56d,cpu,57.51363797991175,cloudwatch
2026-04-08 10:13:03.352909,ip-172-31-10-55.ec2.internal,cpu,35.0,agent
2026-04-08 10:13:03.352909,ip-172-31-10-55.ec2.internal,memory,70.1,agent
2026-04-08 10:13:03.352909,ip-172-31-10-55.ec2.internal,disk,21.2,agent
2026-04-08 10:13:17.804901,i-00dfb80a59da9a56d,cpu,57.58964754216339,cloudwatch
2026-04-08 10:14:04.426576,ip-172-31-10-55.ec2.internal,cpu,29.6,agent
2026-04-08 10:14:04.426576,ip-172-31-10-55.ec2.internal,memory,69.7,agent
2026-04-08 10:14:04.426576,ip-172-31-10-55.ec2.internal,disk,21.2,agent
2026-04-08 10:14:18.399246,i-00dfb80a59da9a56d,cpu,57.30591099838121,cloudwatch
2026-04-08 10:15:40.308638,i-00dfb80a59da9a56d,cpu,56.98342928364839,cloudwatch
2026-04-08 10:16:40.726878,i-00dfb80a59da9a56d,cpu,58.26262599860529,cloudwatch
2026-04-08 10:17:05.058568,i-00dfb80a59da9a56d,cpu,58.26262599860529,cloudwatch
2026-04-08 10:17:41.550952,i-00dfb80a59da9a56d,cpu,51.14232510033862,cloudwatch
2026-04-08 10:18:25.059522,i-00dfb80a59da9a56d,cpu,49.84216049192063,cloudwatch
2026-04-08 10:19:26.038985,i-00dfb80a59da9a56d,cpu,50.20706172686984,cloudwatch
2026-04-08 10:20:26.880978,i-00dfb80a59da9a56d,cpu,50.20706172686984,cloudwatch
2026-04-08 10:21:12.470932,i-00dfb80a59da9a56d,cpu,53.11666666666667,cloudwatch
2026-04-08 10:21:49.254712,i-00dfb80a59da9a56d,cpu,50.16884317382086,cloudwatch
2026-04-08 10:22:35.231982,i-00dfb80a59da9a56d,cpu,50.818244275301346,cloudwatch
2026-04-08 10:23:35.921735,i-00dfb80a59da9a56d,cpu,51.38868320647601,cloudwatch
2026-04-08 10:24:36.534594,i-00dfb80a59da9a56d,cpu,44.094778591422546,cloudwatch
2026-04-08 10:25:37.047360,i-00dfb80a59da9a56d,cpu,44.094778591422546,cloudwatch
2026-04-08 10:26:37.569349,i-00dfb80a59da9a56d,cpu,15.398739314028898,cloudwatch
2026-04-08 10:27:38.098433,i-00dfb80a59da9a56d,cpu,15.071381764908153,cloudwatch
2026-04-08 10:28:38.701662,i-00dfb80a59da9a56d,cpu,14.973689635994479,cloudwatch
2026-04-08 10:29:39.626636,i-00dfb80a59da9a56d,cpu,15.40561837546225,cloudwatch
2026-04-08 10:30:40.116763,i-00dfb80a59da9a56d,cpu,15.40561837546225,cloudwatch
2026-04-08 10:31:40.634575,i-00dfb80a59da9a56d,cpu,14.705827478600327,cloudwatch
2026-04-08 10:32:41.314397,i-00dfb80a59da9a56d,cpu,15.100583516003974,cloudwatch
2026-04-08 10:33:41.894866,i-00dfb80a59da9a56d,cpu,14.790020970336315,cloudwatch
2026-04-08 10:34:42.451041,i-00dfb80a59da9a56d,cpu,15.240350109602383,cloudwatch
2026-04-08 10:35:43.112930,i-00dfb80a59da9a56d,cpu,15.240350109602383,cloudwatch
2026-04-08 10:36:43.915591,i-00dfb80a59da9a56d,cpu,14.384898487018106,cloudwatch
2026-04-08 10:37:44.505026,i-00dfb80a59da9a56d,cpu,15.117802233621665,cloudwatch
2026-04-08 10:38:45.035015,i-00dfb80a59da9a56d,cpu,14.914665840339783,cloudwatch
2026-04-08 10:39:45.566849,i-00dfb80a59da9a56d,cpu,15.330057652707731,cloudwatch
2026-04-08 10:40:46.193697,i-00dfb80a59da9a56d,cpu,15.330057652707731,cloudwatch
2026-04-08 10:41:46.772715,i-00dfb80a59da9a56d,cpu,13.945994213801166,cloudwatch
2026-04-08 10:42:47.369400,i-00dfb80a59da9a56d,cpu,15.005530044185122,cloudwatch
2026-04-08 10:43:48.016979,i-00dfb80a59da9a56d,cpu,14.734174840530153,cloudwatch
2026-04-08 10:44:32.147020,i-00dfb80a59da9a56d,cpu,14.738476785825188,cloudwatch
2026-04-08 10:45:32.772884,i-00dfb80a59da9a56d,cpu,14.738476785825188,cloudwatch
2026-04-08 10:45:40.108297,i-00dfb80a59da9a56d,cpu,14.738476785825188,cloudwatch
2026-04-08 10:46:40.646860,i-00dfb80a59da9a56d,cpu,38.56504487403633,cloudwatch
2026-04-08 10:47:41.226177,i-00dfb80a59da9a56d,cpu,26.365585471579777,cloudwatch
2026-04-08 10:48:41.779593,i-00dfb80a59da9a56d,cpu,20.287176441655905,cloudwatch
2026-04-08 10:49:42.379165,i-00dfb80a59da9a56d,cpu,16.628074486658058,cloudwatch
2026-04-08 10:50:42.912234,i-00dfb80a59da9a56d,cpu,16.628074486658058,cloudwatch
2026-04-08 10:51:43.417986,i-00dfb80a59da9a56d,cpu,1.9874186686453486,cloudwatch
2026-04-08 10:52:43.965912,i-00dfb80a59da9a56d,cpu,1.94931100778107,cloudwatch
2026-04-08 10:53:44.513493,i-00dfb80a59da9a56d,cpu,2.002115723844945,cloudwatch
2026-04-08 10:54:45.238773,i-00dfb80a59da9a56d,cpu,2.0079665142719336,cloudwatch
2026-04-08 10:55:45.814608,i-00dfb80a59da9a56d,cpu,2.0079665142719336,cloudwatch
2026-04-08 10:56:46.366617,i-00dfb80a59da9a56d,cpu,1.9926503953822028,cloudwatch
2026-04-08 10:57:47.050184,i-00dfb80a59da9a56d,cpu,2.011766930254802,cloudwatch
2026-04-08 10:58:47.756801,i-00dfb80a59da9a56d,cpu,1.9484085310244346,cloudwatch
2026-04-08 10:59:52.069387,i-00dfb80a59da9a56d,cpu,1.9849885428540817,cloudwatch
2026-04-08 11:00:52.808358,i-00dfb80a59da9a56d,cpu,1.9849885428540817,cloudwatch
2026-04-08 11:01:53.452347,i-00dfb80a59da9a56d,cpu,39.12345519910581,cloudwatch
2026-04-08 11:02:16.285720,i-00dfb80a59da9a56d,cpu,39.12345519910581,cloudwatch
2026-04-08 11:03:17.295668,i-00dfb80a59da9a56d,cpu,44.436783024719404,cloudwatch
2026-04-08 11:04:18.322151,i-00dfb80a59da9a56d,cpu,48.11271288997361,cloudwatch
2026-04-08 11:05:19.174132,i-00dfb80a59da9a56d,cpu,49.55017031197889,cloudwatch
2026-04-08 11:18:19.497901,i-00dfb80a59da9a56d,cpu,40.692160335785815,cloudwatch
2026-04-08 11:19:21.570374,i-00dfb80a59da9a56d,cpu,47.87895825723918,cloudwatch
2026-04-08 11:19:26.765717,i-00dfb80a59da9a56d,cpu,50.87386112206568,cloudwatch
2026-04-08 11:20:00,test,cpu,50.0,agent
2026-04-08 11:20:00,test,memory,60.0,agent
2026-04-08 11:20:00,test,disk,70.0,agent
2026-04-08 11:19:30.266743,ip-172-31-10-55.ec2.internal,cpu,38.1,agent
2026-04-08 11:19:30.266743,ip-172-31-10-55.ec2.internal,memory,69.2,agent
2026-04-08 11:19:30.266743,ip-172-31-10-55.ec2.internal,disk,21.3,agent
2026-04-08 13:51:02.066384,,cpu,99.5,agent
2026-04-08 13:51:02.066384,,memory,69.0,agent
2026-04-08 13:51:02.066384,,disk,21.8,agent
2026-04-08 13:51:04.305541,,cpu,88.0,agent
2026-04-08 13:51:04.305541,,memory,69.0,agent
2026-04-08 13:51:04.305541,,disk,21.8,agent
2026-04-08 13:51:33.105011,,cpu,99.5,agent
2026-04-08 13:51:33.105011,,memory,69.2,agent
2026-04-08 13:51:33.105011,,disk,21.8,agent
2026-04-08 13:51:35.347365,,cpu,93.9,agent
2026-04-08 13:51:35.347365,,memory,68.2,agent
2026-04-08 13:51:35.347365,,disk,21.8,agent
2026-04-08 13:51:51.864860,i-00dfb80a59da9a56d,cpu,41.62598110911462,cloudwatch
2026-04-08 13:52:04.144224,,cpu,38.0,agent
2026-04-08 13:52:04.144224,,memory,69.5,agent
2026-04-08 13:52:04.144224,,disk,21.8,agent
2026-04-08 13:52:06.395616,,cpu,38.0,agent
2026-04-08 13:52:06.395616,,memory,69.5,agent
2026-04-08 13:52:06.395616,,disk,21.8,agent
2026-04-08 13:52:35.185593,,cpu,37.7,agent
2026-04-08 13:52:35.185593,,memory,69.4,agent
2026-04-08 13:52:35.185593,,disk,21.8,agent
2026-04-08 13:52:37.437124,,cpu,35.2,agent
2026-04-08 13:52:37.437124,,memory,69.4,agent
2026-04-08 13:52:37.437124,,disk,21.8,agent
2026-04-08 13:52:52.545582,i-00dfb80a59da9a56d,cpu,48.147264072909586,cloudwatch
2026-04-08 13:53:06.229400,,cpu,31.0,agent
2026-04-08 13:53:06.229400,,memory,69.3,agent
2026-04-08 13:53:06.229400,,disk,21.8,agent
2026-04-08 13:53:08.475567,,cpu,37.9,agent
2026-04-08 13:53:08.475567,,memory,69.3,agent
2026-04-08 13:53:08.475567,,disk,21.8,agent
2026-04-08 13:53:37.265865,,cpu,35.9,agent
2026-04-08 13:53:37.265865,,memory,69.1,agent
2026-04-08 13:53:37.265865,,disk,21.8,agent
2026-04-08 13:53:39.515605,,cpu,38.0,agent
2026-04-08 13:53:39.515605,,memory,69.1,agent
2026-04-08 13:53:39.515605,,disk,21.8,agent
2026-04-08 13:53:53.710091,i-00dfb80a59da9a56d,cpu,45.25658625928901,cloudwatch
2026-04-08 13:54:08.305563,,cpu,38.3,agent
2026-04-08 13:54:08.305563,,memory,69.2,agent
2026-04-08 13:54:08.305563,,disk,21.8,agent
2026-04-08 13:54:10.554955,,cpu,37.1,agent
2026-04-08 13:54:10.554955,,memory,69.2,agent
2026-04-08 13:54:10.554955,,disk,21.8,agent
2026-04-08 13:54:39.345406,,cpu,38.0,agent
2026-04-08 13:54:39.345406,,memory,69.3,agent
2026-04-08 13:54:39.345406,,disk,21.8,agent
2026-04-08 13:54:41.595609,,cpu,38.0,agent
2026-04-08 13:54:41.595609,,memory,69.3,agent
2026-04-08 13:54:41.595609,,disk,21.8,agent
2026-04-08 13:54:54.414156,i-00dfb80a59da9a56d,cpu,43.502201092912415,cloudwatch
2026-04-08 13:55:10.385564,,cpu,38.2,agent
2026-04-08 13:55:10.385564,,memory,69.3,agent
2026-04-08 13:55:10.385564,,disk,21.8,agent
2026-04-08 13:55:12.626777,,cpu,38.1,agent
2026-04-08 13:55:12.626777,,memory,69.3,agent
2026-04-08 13:55:12.626777,,disk,21.8,agent
2026-04-08 13:55:41.425578,,cpu,37.9,agent
2026-04-08 13:55:41.425578,,memory,69.4,agent
2026-04-08 13:55:41.425578,,disk,21.8,agent
2026-04-08 13:55:43.665446,,cpu,32.5,agent
2026-04-08 13:55:43.665446,,memory,69.4,agent
2026-04-08 13:55:43.665446,,disk,21.8,agent
2026-04-08 13:55:55.103198,i-00dfb80a59da9a56d,cpu,43.502201092912415,cloudwatch
2026-04-08 13:56:12.446176,,cpu,37.7,agent
2026-04-08 13:56:12.446176,,memory,69.4,agent
2026-04-08 13:56:12.446176,,disk,21.8,agent
2026-04-08 13:56:14.695623,,cpu,37.7,agent
2026-04-08 13:56:14.695623,,memory,69.4,agent
2026-04-08 13:56:14.695623,,disk,21.8,agent
2026-04-08 13:56:43.485521,,cpu,39.7,agent
2026-04-08 13:56:43.485521,,memory,69.6,agent
2026-04-08 13:56:43.485521,,disk,21.8,agent
2026-04-08 13:56:45.736051,,cpu,37.7,agent
2026-04-08 13:56:45.736051,,memory,69.5,agent
2026-04-08 13:56:45.736051,,disk,21.8,agent
2026-04-08 13:56:55.813071,i-00dfb80a59da9a56d,cpu,36.461873303694816,cloudwatch
2026-04-08 13:57:14.525568,,cpu,37.7,agent
2026-04-08 13:57:14.525568,,memory,69.6,agent
2026-04-08 13:57:14.525568,,disk,21.8,agent
2026-04-08 13:57:16.775619,,cpu,37.7,agent
2026-04-08 13:57:16.775619,,memory,69.5,agent
2026-04-08 13:57:16.775619,,disk,21.8,agent
2026-04-08 13:57:45.565553,,cpu,38.0,agent
2026-04-08 13:57:45.565553,,memory,69.6,agent
2026-04-08 13:57:45.565553,,disk,21.8,agent
2026-04-08 13:57:47.815632,,cpu,34.8,agent
2026-04-08 13:57:47.815632,,memory,69.6,agent
2026-04-08 13:57:47.815632,,disk,21.8,agent
2026-04-08 13:57:56.529168,i-00dfb80a59da9a56d,cpu,36.46112775407057,cloudwatch
2026-04-08 14:03:58.015513,,cpu,100.0,agent
2026-04-08 14:03:58.015513,,memory,68.1,agent
2026-04-08 14:03:58.015513,,disk,21.9,agent
2026-04-08 14:04:00.225511,,cpu,100.0,agent
2026-04-08 14:04:00.225511,,memory,71.0,agent
2026-04-08 14:04:00.225511,,disk,21.9,agent
2026-04-08 14:04:29.065567,,cpu,38.0,agent
2026-04-08 14:04:29.065567,,memory,68.7,agent
2026-04-08 14:04:29.065567,,disk,21.9,agent
2026-04-08 11:19:55.966530,ip-172-31-10-55.ec2.internal,cpu,32.7,agent
2026-04-08 11:19:55.966530,ip-172-31-10-55.ec2.internal,memory,69.3,agent
2026-04-08 11:19:55.966530,ip-172-31-10-55.ec2.internal,disk,21.3,agent
2026-04-08 11:20:02.345646,ip-172-31-10-55.ec2.internal,cpu,63.0,agent
2026-04-08 11:20:02.345646,ip-172-31-10-55.ec2.internal,memory,69.6,agent
2026-04-08 11:20:02.345646,ip-172-31-10-55.ec2.internal,disk,21.3,agent
2026-04-08 11:20:27.426592,i-00dfb80a59da9a56d,cpu,50.87386112206568,cloudwatch
2026-04-08 11:20:34.576319,ip-172-31-10-55.ec2.internal,cpu,82.3,agent
2026-04-08 11:20:34.576319,ip-172-31-10-55.ec2.internal,memory,73.1,agent
2026-04-08 11:20:34.576319,ip-172-31-10-55.ec2.internal,disk,21.3,agent
2026-04-08 11:21:06.616539,ip-172-31-10-55.ec2.internal,cpu,87.8,agent
2026-04-08 11:21:06.616539,ip-172-31-10-55.ec2.internal,memory,77.4,agent
2026-04-08 11:21:06.616539,ip-172-31-10-55.ec2.internal,disk,21.3,agent
2026-04-08 11:21:28.076400,i-00dfb80a59da9a56d,cpu,53.54452112957474,cloudwatch
2026-04-08 11:21:38.656532,ip-172-31-10-55.ec2.internal,cpu,88.8,agent
2026-04-08 11:21:38.656532,ip-172-31-10-55.ec2.internal,memory,69.0,agent
2026-04-08 11:21:38.656532,ip-172-31-10-55.ec2.internal,disk,21.3,agent
2026-04-08 11:22:10.698453,ip-172-31-10-55.ec2.internal,cpu,32.8,agent
2026-04-08 11:22:10.698453,ip-172-31-10-55.ec2.internal,memory,69.1,agent
2026-04-08 11:22:10.698453,ip-172-31-10-55.ec2.internal,disk,21.3,agent
2026-04-08 11:22:28.733607,i-00dfb80a59da9a56d,cpu,54.025176398840756,cloudwatch
2026-04-08 11:22:42.734330,ip-172-31-10-55.ec2.internal,cpu,39.2,agent
2026-04-08 11:22:42.734330,ip-172-31-10-55.ec2.internal,memory,69.0,agent
2026-04-08 11:22:42.734330,ip-172-31-10-55.ec2.internal,disk,21.3,agent
2026-04-08 11:23:14.776563,ip-172-31-10-55.ec2.internal,cpu,39.1,agent
2026-04-08 11:23:14.776563,ip-172-31-10-55.ec2.internal,memory,69.3,agent
2026-04-08 11:23:14.776563,ip-172-31-10-55.ec2.internal,disk,21.3,agent
2026-04-08 11:23:29.602479,i-00dfb80a59da9a56d,cpu,54.17049659887914,cloudwatch
2026-04-08 11:23:46.816540,ip-172-31-10-55.ec2.internal,cpu,34.8,agent
2026-04-08 11:23:46.816540,ip-172-31-10-55.ec2.internal,memory,69.0,agent
2026-04-08 11:23:46.816540,ip-172-31-10-55.ec2.internal,disk,21.3,agent
2026-04-08 11:24:18.856566,ip-172-31-10-55.ec2.internal,cpu,39.2,agent
2026-04-08 11:24:18.856566,ip-172-31-10-55.ec2.internal,memory,69.3,agent
2026-04-08 11:24:18.856566,ip-172-31-10-55.ec2.internal,disk,21.3,agent
2026-04-08 11:24:30.194093,i-00dfb80a59da9a56d,cpu,54.198382832045276,cloudwatch
2026-04-08 11:24:50.900062,ip-172-31-10-55.ec2.internal,cpu,70.5,agent
2026-04-08 11:24:50.900062,ip-172-31-10-55.ec2.internal,memory,71.9,agent
2026-04-08 11:24:50.900062,ip-172-31-10-55.ec2.internal,disk,21.3,agent
2026-04-08 11:25:22.943363,ip-172-31-10-55.ec2.internal,cpu,94.0,agent
2026-04-08 11:25:22.943363,ip-172-31-10-55.ec2.internal,memory,75.9,agent
2026-04-08 11:25:22.943363,ip-172-31-10-55.ec2.internal,disk,21.3,agent
2026-04-08 11:25:30.903265,i-00dfb80a59da9a56d,cpu,54.198382832045276,cloudwatch
2026-04-08 11:25:54.976088,ip-172-31-10-55.ec2.internal,cpu,87.7,agent
2026-04-08 11:25:54.976088,ip-172-31-10-55.ec2.internal,memory,78.9,agent
2026-04-08 11:25:54.976088,ip-172-31-10-55.ec2.internal,disk,21.3,agent
2026-04-08 11:26:27.016574,ip-172-31-10-55.ec2.internal,cpu,50.0,agent
2026-04-08 11:26:27.016574,ip-172-31-10-55.ec2.internal,memory,68.7,agent
2026-04-08 11:26:27.016574,ip-172-31-10-55.ec2.internal,disk,21.3,agent
2026-04-08 11:26:31.498886,i-00dfb80a59da9a56d,cpu,54.07893874381418,cloudwatch
2026-04-08 11:26:59.047401,ip-172-31-10-55.ec2.internal,cpu,37.3,agent
2026-04-08 11:26:59.047401,ip-172-31-10-55.ec2.internal,memory,68.9,agent
2026-04-08 11:26:59.047401,ip-172-31-10-55.ec2.internal,disk,21.3,agent
2026-04-08 11:27:31.086549,ip-172-31-10-55.ec2.internal,cpu,35.4,agent
2026-04-08 11:27:31.086549,ip-172-31-10-55.ec2.internal,memory,68.8,agent
2026-04-08 11:27:31.086549,ip-172-31-10-55.ec2.internal,disk,21.3,agent
2026-04-08 11:27:32.316716,i-00dfb80a59da9a56d,cpu,54.26095916254278,cloudwatch
2026-04-08 11:28:03.116648,ip-172-31-10-55.ec2.internal,cpu,45.3,agent
2026-04-08 11:28:03.116648,ip-172-31-10-55.ec2.internal,memory,69.0,agent
2026-04-08 11:28:03.116648,ip-172-31-10-55.ec2.internal,disk,21.3,agent
2026-04-08 11:28:32.950858,i-00dfb80a59da9a56d,cpu,54.33484553538512,cloudwatch
2026-04-08 11:28:35.157524,ip-172-31-10-55.ec2.internal,cpu,33.6,agent
2026-04-08 11:28:35.157524,ip-172-31-10-55.ec2.internal,memory,69.1,agent
2026-04-08 11:28:35.157524,ip-172-31-10-55.ec2.internal,disk,21.3,agent
2026-04-08 11:29:07.193572,ip-172-31-10-55.ec2.internal,cpu,51.6,agent
2026-04-08 11:29:07.193572,ip-172-31-10-55.ec2.internal,memory,70.2,agent
2026-04-08 11:29:07.193572,ip-172-31-10-55.ec2.internal,disk,21.3,agent
2026-04-08 11:29:33.573721,i-00dfb80a59da9a56d,cpu,54.26646842403737,cloudwatch
2026-04-08 11:29:39.266526,ip-172-31-10-55.ec2.internal,cpu,93.8,agent
2026-04-08 11:29:39.266526,ip-172-31-10-55.ec2.internal,memory,74.3,agent
2026-04-08 11:29:39.266526,ip-172-31-10-55.ec2.internal,disk,21.3,agent
2026-04-08 11:30:11.308168,ip-172-31-10-55.ec2.internal,cpu,94.0,agent
2026-04-08 11:30:11.308168,ip-172-31-10-55.ec2.internal,memory,78.5,agent
2026-04-08 11:30:11.308168,ip-172-31-10-55.ec2.internal,disk,21.3,agent
2026-04-08 11:30:34.207928,i-00dfb80a59da9a56d,cpu,54.26646842403737,cloudwatch
2026-04-08 11:30:43.346515,ip-172-31-10-55.ec2.internal,cpu,66.9,agent
2026-04-08 11:30:43.346515,ip-172-31-10-55.ec2.internal,memory,68.7,agent
2026-04-08 11:30:43.346515,ip-172-31-10-55.ec2.internal,disk,21.3,agent
2026-04-08 11:31:15.506494,ip-172-31-10-55.ec2.internal,cpu,38.3,agent
2026-04-08 11:31:15.506494,ip-172-31-10-55.ec2.internal,memory,69.0,agent
2026-04-08 11:31:15.506494,ip-172-31-10-55.ec2.internal,disk,21.3,agent
2026-04-08 11:31:34.803306,i-00dfb80a59da9a56d,cpu,54.004488530717566,cloudwatch
2026-04-08 11:31:47.546591,ip-172-31-10-55.ec2.internal,cpu,35.5,agent
2026-04-08 11:31:47.546591,ip-172-31-10-55.ec2.internal,memory,69.0,agent
2026-04-08 11:31:47.546591,ip-172-31-10-55.ec2.internal,disk,21.3,agent
2026-04-08 11:32:35.359751,i-00dfb80a59da9a56d,cpu,54.17461819814847,cloudwatch
2026-04-08 11:33:23.666510,ip-172-31-10-55.ec2.internal,cpu,39.7,agent
2026-04-08 11:33:23.666510,ip-172-31-10-55.ec2.internal,memory,68.9,agent
2026-04-08 11:33:23.666510,ip-172-31-10-55.ec2.internal,disk,21.3,agent
2026-04-08 11:33:55.716517,ip-172-31-10-55.ec2.internal,cpu,88.0,agent
2026-04-08 11:33:55.716517,ip-172-31-10-55.ec2.internal,memory,74.3,agent
2026-04-08 11:33:55.716517,ip-172-31-10-55.ec2.internal,disk,21.3,agent
2026-04-08 11:34:36.728763,i-00dfb80a59da9a56d,cpu,54.189709739546366,cloudwatch
2026-04-08 11:35:31.856505,ip-172-31-10-55.ec2.internal,cpu,36.4,agent
2026-04-08 11:35:31.856505,ip-172-31-10-55.ec2.internal,memory,68.7,agent
2026-04-08 11:35:31.856505,ip-172-31-10-55.ec2.internal,disk,21.3,agent
2026-04-08 11:36:03.896600,ip-172-31-10-55.ec2.internal,cpu,48.2,agent
2026-04-08 11:36:03.896600,ip-172-31-10-55.ec2.internal,memory,69.1,agent
2026-04-08 11:36:03.896600,ip-172-31-10-55.ec2.internal,disk,21.3,agent
2026-04-08 11:36:38.088107,i-00dfb80a59da9a56d,cpu,54.441211465920006,cloudwatch
2026-04-08 11:37:38.704811,i-00dfb80a59da9a56d,cpu,54.64722463978549,cloudwatch
2026-04-08 11:38:12.040481,ip-172-31-10-55.ec2.internal,cpu,68.2,agent
2026-04-08 11:38:12.040481,ip-172-31-10-55.ec2.internal,memory,71.3,agent
2026-04-08 11:38:12.040481,ip-172-31-10-55.ec2.internal,disk,21.3,agent
2026-04-08 11:38:44.096615,ip-172-31-10-55.ec2.internal,cpu,91.5,agent
2026-04-08 11:38:44.096615,ip-172-31-10-55.ec2.internal,memory,77.3,agent
2026-04-08 11:38:44.096615,ip-172-31-10-55.ec2.internal,disk,21.3,agent
2026-04-08 11:39:39.903795,i-00dfb80a59da9a56d,cpu,54.73707146982042,cloudwatch
2026-04-08 11:40:20.257411,ip-172-31-10-55.ec2.internal,cpu,43.6,agent
2026-04-08 11:40:20.257411,ip-172-31-10-55.ec2.internal,memory,69.1,agent
2026-04-08 11:40:20.257411,ip-172-31-10-55.ec2.internal,disk,21.3,agent
2026-04-08 11:40:52.296548,ip-172-31-10-55.ec2.internal,cpu,33.6,agent
2026-04-08 11:40:52.296548,ip-172-31-10-55.ec2.internal,memory,68.8,agent
2026-04-08 11:40:52.296548,ip-172-31-10-55.ec2.internal,disk,21.3,agent
2026-04-08 11:41:41.282605,i-00dfb80a59da9a56d,cpu,54.961387931465104,cloudwatch
2026-04-08 11:42:28.416606,ip-172-31-10-55.ec2.internal,cpu,38.4,agent
2026-04-08 11:42:28.416606,ip-172-31-10-55.ec2.internal,memory,68.8,agent
2026-04-08 11:42:28.416606,ip-172-31-10-55.ec2.internal,disk,21.3,agent
2026-04-08 13:58:16.607745,,cpu,36.6,agent
2026-04-08 13:58:16.607745,,memory,69.6,agent
2026-04-08 13:58:16.607745,,disk,21.8,agent
2026-04-08 13:58:18.855682,,cpu,37.7,agent
2026-04-08 13:58:18.855682,,memory,69.6,agent
2026-04-08 13:58:18.855682,,disk,21.8,agent
2026-04-08 13:58:47.645500,,cpu,37.2,agent
2026-04-08 13:58:47.645500,,memory,69.8,agent
2026-04-08 13:58:47.645500,,disk,21.8,agent
2026-04-08 13:58:49.877385,,cpu,37.9,agent
2026-04-08 13:58:49.877385,,memory,69.8,agent
2026-04-08 13:58:49.877385,,disk,21.8,agent
2026-04-08 13:58:57.321738,i-00dfb80a59da9a56d,cpu,36.57041580739401,cloudwatch
2026-04-08 13:59:18.684758,,cpu,38.1,agent
2026-04-08 13:59:18.684758,,memory,69.9,agent
2026-04-08 13:59:18.684758,,disk,21.8,agent
2026-04-08 13:59:20.919270,,cpu,29.5,agent
2026-04-08 13:59:20.919270,,memory,69.9,agent
2026-04-08 13:59:20.919270,,disk,21.8,agent
2026-04-08 13:59:49.725536,,cpu,37.7,agent
2026-04-08 13:59:49.725536,,memory,70.0,agent
2026-04-08 13:59:49.725536,,disk,21.8,agent
2026-04-08 13:59:51.955646,,cpu,29.6,agent
2026-04-08 13:59:51.955646,,memory,70.0,agent
2026-04-08 13:59:51.955646,,disk,21.8,agent
2026-04-08 13:59:58.040962,i-00dfb80a59da9a56d,cpu,36.52966597924855,cloudwatch
2026-04-08 14:00:20.760443,,cpu,30.2,agent
2026-04-08 14:00:20.760443,,memory,68.6,agent
2026-04-08 14:00:20.760443,,disk,21.9,agent
2026-04-08 14:00:22.988846,,cpu,37.7,agent
2026-04-08 14:00:22.988846,,memory,68.6,agent
2026-04-08 14:00:22.988846,,disk,21.9,agent
2026-04-08 14:00:51.795481,,cpu,100.0,agent
2026-04-08 14:00:51.795481,,memory,69.0,agent
2026-04-08 14:00:51.795481,,disk,21.9,agent
2026-04-08 14:00:54.025485,,cpu,100.0,agent
2026-04-08 14:00:54.025485,,memory,69.0,agent
2026-04-08 14:00:54.025485,,disk,21.9,agent
2026-04-08 14:00:58.905075,i-00dfb80a59da9a56d,cpu,36.52966597924855,cloudwatch
2026-04-08 14:01:22.835470,,cpu,100.0,agent
2026-04-08 14:01:22.835470,,memory,69.6,agent
2026-04-08 14:01:22.835470,,disk,21.9,agent
2026-04-08 14:01:25.065501,,cpu,100.0,agent
2026-04-08 14:01:25.065501,,memory,69.6,agent
2026-04-08 14:01:25.065501,,disk,21.9,agent
2026-04-08 14:01:53.875640,,cpu,30.8,agent
2026-04-08 14:01:53.875640,,memory,69.8,agent
2026-04-08 14:01:53.875640,,disk,21.9,agent
2026-04-08 14:01:56.095574,,cpu,56.8,agent
2026-04-08 14:01:56.095574,,memory,69.9,agent
2026-04-08 14:01:56.095574,,disk,21.9,agent
2026-04-08 14:01:59.624909,i-00dfb80a59da9a56d,cpu,60.59166666666667,cloudwatch
2026-04-08 14:02:24.915714,,cpu,33.7,agent
2026-04-08 14:02:24.915714,,memory,70.0,agent
2026-04-08 14:02:24.915714,,disk,21.9,agent
2026-04-08 14:02:27.136699,,cpu,38.0,agent
2026-04-08 14:02:27.136699,,memory,70.0,agent
2026-04-08 14:02:27.136699,,disk,21.9,agent
2026-04-08 11:32:19.586589,ip-172-31-10-55.ec2.internal,cpu,35.5,agent
2026-04-08 11:32:19.586589,ip-172-31-10-55.ec2.internal,memory,69.2,agent
2026-04-08 11:32:19.586589,ip-172-31-10-55.ec2.internal,disk,21.3,agent
2026-04-08 11:32:51.626547,ip-172-31-10-55.ec2.internal,cpu,34.3,agent
2026-04-08 11:32:51.626547,ip-172-31-10-55.ec2.internal,memory,70.0,agent
2026-04-08 11:32:51.626547,ip-172-31-10-55.ec2.internal,disk,21.3,agent
2026-04-08 11:33:35.960913,i-00dfb80a59da9a56d,cpu,54.14380084394693,cloudwatch
2026-04-08 11:34:27.776540,ip-172-31-10-55.ec2.internal,cpu,94.0,agent
2026-04-08 11:34:27.776540,ip-172-31-10-55.ec2.internal,memory,78.5,agent
2026-04-08 11:34:27.776540,ip-172-31-10-55.ec2.internal,disk,21.3,agent
2026-04-08 11:34:59.816523,ip-172-31-10-55.ec2.internal,cpu,61.2,agent
2026-04-08 11:34:59.816523,ip-172-31-10-55.ec2.internal,memory,68.8,agent
2026-04-08 11:34:59.816523,ip-172-31-10-55.ec2.internal,disk,21.3,agent
2026-04-08 11:35:37.296449,i-00dfb80a59da9a56d,cpu,54.189709739546366,cloudwatch
2026-04-08 11:36:35.926566,ip-172-31-10-55.ec2.internal,cpu,37.1,agent
2026-04-08 11:36:35.926566,ip-172-31-10-55.ec2.internal,memory,68.8,agent
2026-04-08 11:36:35.926566,ip-172-31-10-55.ec2.internal,disk,21.3,agent
2026-04-08 11:37:07.966591,ip-172-31-10-55.ec2.internal,cpu,38.0,agent
2026-04-08 11:37:07.966591,ip-172-31-10-55.ec2.internal,memory,69.1,agent
2026-04-08 11:37:07.966591,ip-172-31-10-55.ec2.internal,disk,21.3,agent
2026-04-08 11:37:40.007049,ip-172-31-10-55.ec2.internal,cpu,39.3,agent
2026-04-08 11:37:40.007049,ip-172-31-10-55.ec2.internal,memory,69.1,agent
2026-04-08 11:37:40.007049,ip-172-31-10-55.ec2.internal,disk,21.3,agent
2026-04-08 11:38:39.299626,i-00dfb80a59da9a56d,cpu,54.73079363400065,cloudwatch
2026-04-08 11:39:16.178126,ip-172-31-10-55.ec2.internal,cpu,92.0,agent
2026-04-08 11:39:16.178126,ip-172-31-10-55.ec2.internal,memory,78.6,agent
2026-04-08 11:39:16.178126,ip-172-31-10-55.ec2.internal,disk,21.3,agent
2026-04-08 11:39:48.216649,ip-172-31-10-55.ec2.internal,cpu,50.6,agent
2026-04-08 11:39:48.216649,ip-172-31-10-55.ec2.internal,memory,68.7,agent
2026-04-08 11:39:48.216649,ip-172-31-10-55.ec2.internal,disk,21.3,agent
2026-04-08 11:40:40.732258,i-00dfb80a59da9a56d,cpu,54.73707146982042,cloudwatch
2026-04-08 11:41:24.336565,ip-172-31-10-55.ec2.internal,cpu,32.4,agent
2026-04-08 11:41:24.336565,ip-172-31-10-55.ec2.internal,memory,68.9,agent
2026-04-08 11:41:24.336565,ip-172-31-10-55.ec2.internal,disk,21.3,agent
2026-04-08 11:41:56.376570,ip-172-31-10-55.ec2.internal,cpu,38.8,agent
2026-04-08 11:41:56.376570,ip-172-31-10-55.ec2.internal,memory,68.8,agent
2026-04-08 11:41:56.376570,ip-172-31-10-55.ec2.internal,disk,21.3,agent
2026-04-08 11:42:41.864697,i-00dfb80a59da9a56d,cpu,54.95554639992229,cloudwatch
2026-04-08 11:43:00.432772,ip-172-31-10-55.ec2.internal,cpu,37.8,agent
2026-04-08 11:43:00.432772,ip-172-31-10-55.ec2.internal,memory,69.4,agent
2026-04-08 11:43:00.432772,ip-172-31-10-55.ec2.internal,disk,21.3,agent
2026-04-08 11:43:32.506567,ip-172-31-10-55.ec2.internal,cpu,72.7,agent
2026-04-08 11:43:32.506567,ip-172-31-10-55.ec2.internal,memory,72.3,agent
2026-04-08 11:43:32.506567,ip-172-31-10-55.ec2.internal,disk,21.3,agent
2026-04-08 11:43:42.511564,i-00dfb80a59da9a56d,cpu,54.991659799941715,cloudwatch
2026-04-08 11:44:04.558015,ip-172-31-10-55.ec2.internal,cpu,96.5,agent
2026-04-08 11:44:04.558015,ip-172-31-10-55.ec2.internal,memory,74.2,agent
2026-04-08 11:44:04.558015,ip-172-31-10-55.ec2.internal,disk,21.3,agent
2026-04-08 11:44:36.596502,ip-172-31-10-55.ec2.internal,cpu,90.2,agent
2026-04-08 11:44:36.596502,ip-172-31-10-55.ec2.internal,memory,78.3,agent
2026-04-08 11:44:36.596502,ip-172-31-10-55.ec2.internal,disk,21.3,agent
2026-04-08 11:44:43.087977,i-00dfb80a59da9a56d,cpu,54.884647752702925,cloudwatch
2026-04-08 11:45:08.636531,ip-172-31-10-55.ec2.internal,cpu,65.9,agent
2026-04-08 11:45:08.636531,ip-172-31-10-55.ec2.internal,memory,69.1,agent
2026-04-08 11:45:08.636531,ip-172-31-10-55.ec2.internal,disk,21.3,agent
2026-04-08 11:45:40.676558,ip-172-31-10-55.ec2.internal,cpu,38.6,agent
2026-04-08 11:45:40.676558,ip-172-31-10-55.ec2.internal,memory,69.2,agent
2026-04-08 11:45:40.676558,ip-172-31-10-55.ec2.internal,disk,21.3,agent
2026-04-08 11:45:43.652704,i-00dfb80a59da9a56d,cpu,54.884647752702925,cloudwatch
2026-04-08 11:46:12.716503,ip-172-31-10-55.ec2.internal,cpu,35.1,agent
2026-04-08 11:46:12.716503,ip-172-31-10-55.ec2.internal,memory,68.8,agent
2026-04-08 11:46:12.716503,ip-172-31-10-55.ec2.internal,disk,21.3,agent
2026-04-08 11:46:44.227155,i-00dfb80a59da9a56d,cpu,54.95935638856914,cloudwatch
2026-04-08 11:46:44.756567,ip-172-31-10-55.ec2.internal,cpu,49.5,agent
2026-04-08 11:46:44.756567,ip-172-31-10-55.ec2.internal,memory,69.4,agent
2026-04-08 11:46:44.756567,ip-172-31-10-55.ec2.internal,disk,21.3,agent
2026-04-08 11:47:16.796557,ip-172-31-10-55.ec2.internal,cpu,38.0,agent
2026-04-08 11:47:16.796557,ip-172-31-10-55.ec2.internal,memory,68.9,agent
2026-04-08 11:47:16.796557,ip-172-31-10-55.ec2.internal,disk,21.3,agent
2026-04-08 11:47:44.770736,i-00dfb80a59da9a56d,cpu,54.81119677004953,cloudwatch
2026-04-08 11:47:48.836542,ip-172-31-10-55.ec2.internal,cpu,43.3,agent
2026-04-08 11:47:48.836542,ip-172-31-10-55.ec2.internal,memory,69.8,agent
2026-04-08 11:47:48.836542,ip-172-31-10-55.ec2.internal,disk,21.3,agent
2026-04-08 11:48:21.006543,ip-172-31-10-55.ec2.internal,cpu,87.7,agent
2026-04-08 11:48:21.006543,ip-172-31-10-55.ec2.internal,memory,75.0,agent
2026-04-08 11:48:21.006543,ip-172-31-10-55.ec2.internal,disk,21.3,agent
2026-04-08 11:48:45.394308,i-00dfb80a59da9a56d,cpu,54.671282318040625,cloudwatch
2026-04-08 11:48:53.046552,ip-172-31-10-55.ec2.internal,cpu,91.5,agent
2026-04-08 11:48:53.046552,ip-172-31-10-55.ec2.internal,memory,78.6,agent
2026-04-08 11:48:53.046552,ip-172-31-10-55.ec2.internal,disk,21.3,agent
2026-04-08 11:49:25.087219,ip-172-31-10-55.ec2.internal,cpu,58.5,agent
2026-04-08 11:49:25.087219,ip-172-31-10-55.ec2.internal,memory,69.1,agent
2026-04-08 11:49:25.087219,ip-172-31-10-55.ec2.internal,disk,21.3,agent
2026-04-08 11:49:57.126530,ip-172-31-10-55.ec2.internal,cpu,34.0,agent
2026-04-08 11:49:57.126530,ip-172-31-10-55.ec2.internal,memory,68.8,agent
2026-04-08 11:49:57.126530,ip-172-31-10-55.ec2.internal,disk,21.3,agent
2026-04-08 11:50:46.866785,i-00dfb80a59da9a56d,cpu,54.660359187765835,cloudwatch
2026-04-08 11:51:33.249732,ip-172-31-10-55.ec2.internal,cpu,35.6,agent
2026-04-08 11:51:33.249732,ip-172-31-10-55.ec2.internal,memory,68.9,agent
2026-04-08 11:51:33.249732,ip-172-31-10-55.ec2.internal,disk,21.3,agent
2026-04-08 11:52:05.288725,ip-172-31-10-55.ec2.internal,cpu,38.8,agent
2026-04-08 11:52:05.288725,ip-172-31-10-55.ec2.internal,memory,68.9,agent
2026-04-08 11:52:05.288725,ip-172-31-10-55.ec2.internal,disk,21.3,agent
2026-04-08 11:52:47.995294,i-00dfb80a59da9a56d,cpu,54.32216262431427,cloudwatch
2026-04-08 11:53:41.436509,ip-172-31-10-55.ec2.internal,cpu,76.6,agent
2026-04-08 11:53:41.436509,ip-172-31-10-55.ec2.internal,memory,68.9,agent
2026-04-08 11:53:41.436509,ip-172-31-10-55.ec2.internal,disk,21.3,agent
2026-04-08 11:54:13.473080,ip-172-31-10-55.ec2.internal,cpu,38.2,agent
2026-04-08 11:54:13.473080,ip-172-31-10-55.ec2.internal,memory,68.7,agent
2026-04-08 11:54:13.473080,ip-172-31-10-55.ec2.internal,disk,21.3,agent
2026-04-08 11:54:49.197450,i-00dfb80a59da9a56d,cpu,54.21295240250204,cloudwatch
2026-04-08 11:55:49.595546,ip-172-31-10-55.ec2.internal,cpu,36.2,agent
2026-04-08 11:55:49.595546,ip-172-31-10-55.ec2.internal,memory,68.7,agent
2026-04-08 11:55:49.595546,ip-172-31-10-55.ec2.internal,disk,21.3,agent
2026-04-08 14:02:55.945456,,cpu,30.0,agent
2026-04-08 14:02:55.945456,,memory,68.8,agent
2026-04-08 14:02:55.945456,,disk,21.9,agent
2026-04-08 14:02:58.161768,,cpu,37.7,agent
2026-04-08 14:02:58.161768,,memory,68.8,agent
2026-04-08 14:02:58.161768,,disk,21.9,agent
2026-04-08 14:03:00.415134,i-00dfb80a59da9a56d,cpu,60.85521454272058,cloudwatch
2026-04-08 14:03:26.975586,,cpu,38.3,agent
2026-04-08 14:03:26.975586,,memory,69.1,agent
2026-04-08 14:03:26.975586,,disk,21.9,agent
2026-04-08 14:03:29.195628,,cpu,29.6,agent
2026-04-08 14:03:29.195628,,memory,69.1,agent
2026-04-08 14:03:29.195628,,disk,21.9,agent
2026-04-08 14:04:31.307193,,cpu,30.5,agent
2026-04-08 14:04:31.307193,,memory,68.7,agent
2026-04-08 14:04:31.307193,,disk,21.9,agent
2026-04-08 14:04:56.674507,i-00dfb80a59da9a56d,cpu,56.939709731306394,cloudwatch
2026-04-08 14:05:00.099026,,cpu,38.3,agent
2026-04-08 14:05:00.099026,,memory,68.7,agent
2026-04-08 14:05:00.099026,,disk,21.9,agent
2026-04-08 14:05:02.342627,,cpu,46.8,agent
2026-04-08 14:05:02.342627,,memory,68.8,agent
2026-04-08 14:05:02.342627,,disk,21.9,agent
2026-04-08 14:05:31.155615,,cpu,72.9,agent
2026-04-08 14:05:31.155615,,memory,68.5,agent
2026-04-08 14:05:31.155615,,disk,21.9,agent
2026-04-08 14:05:33.407853,,cpu,36.2,agent
2026-04-08 14:05:33.407853,,memory,68.5,agent
2026-04-08 14:05:33.407853,,disk,21.9,agent
2026-04-08 14:05:57.345586,i-00dfb80a59da9a56d,cpu,56.939709731306394,cloudwatch
2026-04-08 14:06:02.216356,,cpu,100.0,agent
2026-04-08 14:06:02.216356,,memory,77.9,agent
2026-04-08 14:06:02.216356,,disk,21.9,agent
2026-04-08 14:06:04.451868,,cpu,100.0,agent
2026-04-08 14:06:04.451868,,memory,78.5,agent
2026-04-08 14:06:04.451868,,disk,21.9,agent
2026-04-08 14:06:33.275721,,cpu,36.9,agent
2026-04-08 14:06:33.275721,,memory,69.1,agent
2026-04-08 14:06:33.275721,,disk,21.9,agent
2026-04-08 14:06:35.485520,,cpu,88.0,agent
2026-04-08 14:06:35.485520,,memory,72.5,agent
2026-04-08 14:06:35.485520,,disk,21.9,agent
2026-04-08 14:06:57.961892,i-00dfb80a59da9a56d,cpu,61.97083333333333,cloudwatch
2026-04-08 14:07:04.314382,,cpu,38.5,agent
2026-04-08 14:07:04.314382,,memory,69.2,agent
2026-04-08 14:07:04.314382,,disk,21.9,agent
2026-04-08 14:07:06.545617,,cpu,37.7,agent
2026-04-08 14:07:06.545617,,memory,69.2,agent
2026-04-08 14:07:06.545617,,disk,21.9,agent
2026-04-08 14:07:35.345494,,cpu,87.5,agent
2026-04-08 14:07:35.345494,,memory,68.8,agent
2026-04-08 14:07:35.345494,,disk,21.9,agent
2026-04-08 14:07:37.585618,,cpu,87.4,agent
2026-04-08 14:07:37.585618,,memory,68.8,agent
2026-04-08 14:07:37.585618,,disk,21.9,agent
2026-04-08 14:07:58.797431,i-00dfb80a59da9a56d,cpu,59.950310607028634,cloudwatch
2026-04-08 14:08:06.395541,,cpu,100.0,agent
2026-04-08 14:08:06.395541,,memory,79.0,agent
2026-04-08 14:08:06.395541,,disk,21.9,agent
2026-04-08 14:08:08.625520,,cpu,87.9,agent
2026-04-08 14:08:08.625520,,memory,68.6,agent
2026-04-08 14:08:08.625520,,disk,21.9,agent
2026-04-08 14:08:38.254320,,cpu,100.0,agent
2026-04-08 14:08:38.254320,,memory,77.9,agent
2026-04-08 14:08:38.254320,,disk,21.9,agent
2026-04-08 14:08:39.665554,,cpu,100.0,agent
2026-04-08 14:08:39.665554,,memory,78.6,agent
2026-04-08 14:08:39.665554,,disk,21.9,agent
2026-04-08 14:08:59.721837,i-00dfb80a59da9a56d,cpu,68.5810893159988,cloudwatch
2026-04-08 14:09:09.295515,,cpu,100.0,agent
2026-04-08 14:09:09.295515,,memory,69.3,agent
2026-04-08 14:09:09.295515,,disk,21.9,agent
2026-04-08 14:09:10.707896,,cpu,100.0,agent
2026-04-08 14:09:10.707896,,memory,73.3,agent
2026-04-08 14:09:10.707896,,disk,21.9,agent
2026-04-08 11:49:46.060232,i-00dfb80a59da9a56d,cpu,54.660359187765835,cloudwatch
2026-04-08 11:50:29.166532,ip-172-31-10-55.ec2.internal,cpu,34.3,agent
2026-04-08 11:50:29.166532,ip-172-31-10-55.ec2.internal,memory,69.1,agent
2026-04-08 11:50:29.166532,ip-172-31-10-55.ec2.internal,disk,21.3,agent
2026-04-08 11:51:01.206550,ip-172-31-10-55.ec2.internal,cpu,39.5,agent
2026-04-08 11:51:01.206550,ip-172-31-10-55.ec2.internal,memory,69.0,agent
2026-04-08 11:51:01.206550,ip-172-31-10-55.ec2.internal,disk,21.3,agent
2026-04-08 11:51:47.429981,i-00dfb80a59da9a56d,cpu,54.30325628153254,cloudwatch
2026-04-08 11:52:37.317283,ip-172-31-10-55.ec2.internal,cpu,91.2,agent
2026-04-08 11:52:37.317283,ip-172-31-10-55.ec2.internal,memory,73.3,agent
2026-04-08 11:52:37.317283,ip-172-31-10-55.ec2.internal,disk,21.3,agent
2026-04-08 11:53:09.368964,ip-172-31-10-55.ec2.internal,cpu,94.0,agent
2026-04-08 11:53:09.368964,ip-172-31-10-55.ec2.internal,memory,77.6,agent
2026-04-08 11:53:09.368964,ip-172-31-10-55.ec2.internal,disk,21.3,agent
2026-04-08 11:53:48.614238,i-00dfb80a59da9a56d,cpu,54.35369050312755,cloudwatch
2026-04-08 11:54:45.514375,ip-172-31-10-55.ec2.internal,cpu,38.8,agent
2026-04-08 11:54:45.514375,ip-172-31-10-55.ec2.internal,memory,68.8,agent
2026-04-08 11:54:45.514375,ip-172-31-10-55.ec2.internal,disk,21.3,agent
2026-04-08 11:55:17.556311,ip-172-31-10-55.ec2.internal,cpu,34.8,agent
2026-04-08 11:55:17.556311,ip-172-31-10-55.ec2.internal,memory,68.8,agent
2026-04-08 11:55:17.556311,ip-172-31-10-55.ec2.internal,disk,21.3,agent
2026-04-08 11:55:49.843059,i-00dfb80a59da9a56d,cpu,54.21295240250204,cloudwatch
2026-04-08 11:56:21.636853,ip-172-31-10-55.ec2.internal,cpu,37.7,agent
2026-04-08 11:56:21.636853,ip-172-31-10-55.ec2.internal,memory,69.1,agent
2026-04-08 11:56:21.636853,ip-172-31-10-55.ec2.internal,disk,21.3,agent
2026-04-08 11:56:50.444172,i-00dfb80a59da9a56d,cpu,54.13397398077353,cloudwatch
2026-04-08 11:56:53.676523,ip-172-31-10-55.ec2.internal,cpu,57.1,agent
2026-04-08 11:56:53.676523,ip-172-31-10-55.ec2.internal,memory,70.5,agent
2026-04-08 11:56:53.676523,ip-172-31-10-55.ec2.internal,disk,21.3,agent
2026-04-08 11:57:25.756668,ip-172-31-10-55.ec2.internal,cpu,96.5,agent
2026-04-08 11:57:25.756668,ip-172-31-10-55.ec2.internal,memory,75.4,agent
2026-04-08 11:57:25.756668,ip-172-31-10-55.ec2.internal,disk,21.3,agent
2026-04-08 11:57:51.489242,i-00dfb80a59da9a56d,cpu,54.242093764960124,cloudwatch
2026-04-08 11:57:57.816315,ip-172-31-10-55.ec2.internal,cpu,89.8,agent
2026-04-08 11:57:57.816315,ip-172-31-10-55.ec2.internal,memory,78.7,agent
2026-04-08 11:57:57.816315,ip-172-31-10-55.ec2.internal,disk,21.3,agent
2026-04-08 11:58:29.856558,ip-172-31-10-55.ec2.internal,cpu,56.1,agent
2026-04-08 11:58:29.856558,ip-172-31-10-55.ec2.internal,memory,69.2,agent
2026-04-08 11:58:29.856558,ip-172-31-10-55.ec2.internal,disk,21.3,agent
2026-04-08 11:58:52.154543,i-00dfb80a59da9a56d,cpu,54.485123614760276,cloudwatch
2026-04-08 11:59:01.896606,ip-172-31-10-55.ec2.internal,cpu,45.8,agent
2026-04-08 11:59:01.896606,ip-172-31-10-55.ec2.internal,memory,69.5,agent
2026-04-08 11:59:01.896606,ip-172-31-10-55.ec2.internal,disk,21.3,agent
2026-04-08 11:59:33.956549,ip-172-31-10-55.ec2.internal,cpu,39.0,agent
2026-04-08 11:59:33.956549,ip-172-31-10-55.ec2.internal,memory,69.0,agent
2026-04-08 11:59:33.956549,ip-172-31-10-55.ec2.internal,disk,21.3,agent
2026-04-08 11:59:52.835087,i-00dfb80a59da9a56d,cpu,54.44976555847488,cloudwatch
2026-04-08 12:00:05.999768,ip-172-31-10-55.ec2.internal,cpu,40.3,agent
2026-04-08 12:00:05.999768,ip-172-31-10-55.ec2.internal,memory,69.0,agent
2026-04-08 12:00:05.999768,ip-172-31-10-55.ec2.internal,disk,21.3,agent
2026-04-08 12:00:38.041489,ip-172-31-10-55.ec2.internal,cpu,38.0,agent
2026-04-08 12:00:38.041489,ip-172-31-10-55.ec2.internal,memory,69.2,agent
2026-04-08 12:00:38.041489,ip-172-31-10-55.ec2.internal,disk,21.3,agent
2026-04-08 12:00:53.599752,i-00dfb80a59da9a56d,cpu,54.44976555847488,cloudwatch
2026-04-08 12:01:10.076567,ip-172-31-10-55.ec2.internal,cpu,55.1,agent
2026-04-08 12:01:10.076567,ip-172-31-10-55.ec2.internal,memory,70.2,agent
2026-04-08 12:01:10.076567,ip-172-31-10-55.ec2.internal,disk,21.3,agent
2026-04-08 12:01:28.068063,i-00dfb80a59da9a56d,cpu,54.2075271548762,cloudwatch
2026-04-08 12:01:42.122643,ip-172-31-10-55.ec2.internal,cpu,1.2,agent
2026-04-08 12:01:42.122643,ip-172-31-10-55.ec2.internal,memory,68.6,agent
2026-04-08 12:01:42.122643,ip-172-31-10-55.ec2.internal,disk,21.3,agent
2026-04-08 12:02:14.162666,ip-172-31-10-55.ec2.internal,cpu,3.5,agent
2026-04-08 12:02:14.162666,ip-172-31-10-55.ec2.internal,memory,69.0,agent
2026-04-08 12:02:14.162666,ip-172-31-10-55.ec2.internal,disk,21.3,agent
2026-04-08 12:02:28.602295,i-00dfb80a59da9a56d,cpu,40.954117788502096,cloudwatch
2026-04-08 12:02:46.190288,ip-172-31-10-55.ec2.internal,cpu,0.8,agent
2026-04-08 12:02:46.190288,ip-172-31-10-55.ec2.internal,memory,69.2,agent
2026-04-08 12:02:46.190288,ip-172-31-10-55.ec2.internal,disk,21.3,agent
2026-04-08 12:03:18.230906,ip-172-31-10-55.ec2.internal,cpu,0.3,agent
2026-04-08 12:03:18.230906,ip-172-31-10-55.ec2.internal,memory,69.1,agent
2026-04-08 12:03:18.230906,ip-172-31-10-55.ec2.internal,disk,21.3,agent
2026-04-08 12:03:29.088434,i-00dfb80a59da9a56d,cpu,31.198921674709908,cloudwatch
2026-04-08 12:03:50.255155,ip-172-31-10-55.ec2.internal,cpu,0.8,agent
2026-04-08 12:03:50.255155,ip-172-31-10-55.ec2.internal,memory,67.9,agent
2026-04-08 12:03:50.255155,ip-172-31-10-55.ec2.internal,disk,21.3,agent
2026-04-08 12:04:22.264974,ip-172-31-10-55.ec2.internal,cpu,0.3,agent
2026-04-08 12:04:22.264974,ip-172-31-10-55.ec2.internal,memory,67.9,agent
2026-04-08 12:04:22.264974,ip-172-31-10-55.ec2.internal,disk,21.3,agent
2026-04-08 12:04:29.756153,i-00dfb80a59da9a56d,cpu,25.295804006434594,cloudwatch
2026-04-08 12:04:54.289432,ip-172-31-10-55.ec2.internal,cpu,1.3,agent
2026-04-08 12:04:54.289432,ip-172-31-10-55.ec2.internal,memory,68.0,agent
2026-04-08 12:04:54.289432,ip-172-31-10-55.ec2.internal,disk,21.3,agent
2026-04-08 12:05:26.329514,ip-172-31-10-55.ec2.internal,cpu,5.5,agent
2026-04-08 12:05:26.329514,ip-172-31-10-55.ec2.internal,memory,68.0,agent
2026-04-08 12:05:26.329514,ip-172-31-10-55.ec2.internal,disk,21.3,agent
2026-04-08 12:05:30.265128,i-00dfb80a59da9a56d,cpu,25.295804006434594,cloudwatch
2026-04-08 12:05:58.354333,ip-172-31-10-55.ec2.internal,cpu,0.8,agent
2026-04-08 12:05:58.354333,ip-172-31-10-55.ec2.internal,memory,68.1,agent
2026-04-08 12:05:58.354333,ip-172-31-10-55.ec2.internal,disk,21.3,agent
2026-04-08 12:06:30.372487,ip-172-31-10-55.ec2.internal,cpu,1.2,agent
2026-04-08 12:06:30.372487,ip-172-31-10-55.ec2.internal,memory,68.1,agent
2026-04-08 12:06:30.372487,ip-172-31-10-55.ec2.internal,disk,21.3,agent
2026-04-08 12:06:30.719220,i-00dfb80a59da9a56d,cpu,1.9708469870227392,cloudwatch
2026-04-08 12:07:02.405096,ip-172-31-10-55.ec2.internal,cpu,1.0,agent
2026-04-08 12:07:02.405096,ip-172-31-10-55.ec2.internal,memory,68.1,agent
2026-04-08 12:07:02.405096,ip-172-31-10-55.ec2.internal,disk,21.3,agent
2026-04-08 12:07:31.228895,i-00dfb80a59da9a56d,cpu,1.9166757691262706,cloudwatch
2026-04-08 12:07:34.440506,ip-172-31-10-55.ec2.internal,cpu,0.5,agent
2026-04-08 12:07:34.440506,ip-172-31-10-55.ec2.internal,memory,68.1,agent
2026-04-08 12:07:34.440506,ip-172-31-10-55.ec2.internal,disk,21.3,agent
2026-04-08 12:08:06.467551,ip-172-31-10-55.ec2.internal,cpu,1.0,agent
2026-04-08 12:08:06.467551,ip-172-31-10-55.ec2.internal,memory,68.1,agent
2026-04-08 12:08:06.467551,ip-172-31-10-55.ec2.internal,disk,21.3,agent
2026-04-08 12:08:31.938855,i-00dfb80a59da9a56d,cpu,1.8895901601780363,cloudwatch
2026-04-08 12:08:38.534300,ip-172-31-10-55.ec2.internal,cpu,1.5,agent
2026-04-08 12:08:38.534300,ip-172-31-10-55.ec2.internal,memory,68.1,agent
2026-04-08 12:08:38.534300,ip-172-31-10-55.ec2.internal,disk,21.3,agent
2026-04-08 12:09:10.556624,ip-172-31-10-55.ec2.internal,cpu,1.0,agent
2026-04-08 12:09:10.556624,ip-172-31-10-55.ec2.internal,memory,68.1,agent
2026-04-08 12:09:10.556624,ip-172-31-10-55.ec2.internal,disk,21.3,agent
2026-04-08 12:09:32.456649,i-00dfb80a59da9a56d,cpu,1.8979653780008992,cloudwatch
2026-04-08 12:09:42.592740,ip-172-31-10-55.ec2.internal,cpu,1.2,agent
2026-04-08 12:09:42.592740,ip-172-31-10-55.ec2.internal,memory,68.1,agent
2026-04-08 12:09:42.592740,ip-172-31-10-55.ec2.internal,disk,21.3,agent
2026-04-08 12:10:14.626551,ip-172-31-10-55.ec2.internal,cpu,0.5,agent
2026-04-08 12:10:14.626551,ip-172-31-10-55.ec2.internal,memory,68.1,agent
2026-04-08 12:10:14.626551,ip-172-31-10-55.ec2.internal,disk,21.3,agent
2026-04-08 12:10:32.998185,i-00dfb80a59da9a56d,cpu,1.8979653780008992,cloudwatch
2026-04-08 12:10:46.658382,ip-172-31-10-55.ec2.internal,cpu,0.0,agent
2026-04-08 12:10:46.658382,ip-172-31-10-55.ec2.internal,memory,68.2,agent
2026-04-08 12:10:46.658382,ip-172-31-10-55.ec2.internal,disk,21.3,agent
2026-04-08 12:11:18.696537,ip-172-31-10-55.ec2.internal,cpu,1.2,agent
2026-04-08 12:11:18.696537,ip-172-31-10-55.ec2.internal,memory,68.2,agent
2026-04-08 12:11:18.696537,ip-172-31-10-55.ec2.internal,disk,21.3,agent
2026-04-08 12:11:33.527196,i-00dfb80a59da9a56d,cpu,1.8133184300379257,cloudwatch
2026-04-08 12:11:50.737338,ip-172-31-10-55.ec2.internal,cpu,1.0,agent
2026-04-08 12:11:50.737338,ip-172-31-10-55.ec2.internal,memory,68.2,agent
2026-04-08 12:11:50.737338,ip-172-31-10-55.ec2.internal,disk,21.3,agent
2026-04-08 12:12:22.757157,ip-172-31-10-55.ec2.internal,cpu,0.8,agent
2026-04-08 12:12:22.757157,ip-172-31-10-55.ec2.internal,memory,68.2,agent
2026-04-08 12:12:22.757157,ip-172-31-10-55.ec2.internal,disk,21.3,agent
2026-04-08 12:12:34.258587,i-00dfb80a59da9a56d,cpu,1.7860987519977103,cloudwatch
2026-04-08 12:12:54.796547,ip-172-31-10-55.ec2.internal,cpu,1.5,agent
2026-04-08 12:12:54.796547,ip-172-31-10-55.ec2.internal,memory,68.2,agent
2026-04-08 12:12:54.796547,ip-172-31-10-55.ec2.internal,disk,21.3,agent
2026-04-08 12:13:26.836521,ip-172-31-10-55.ec2.internal,cpu,0.7,agent
2026-04-08 12:13:26.836521,ip-172-31-10-55.ec2.internal,memory,68.2,agent
2026-04-08 12:13:26.836521,ip-172-31-10-55.ec2.internal,disk,21.3,agent
2026-04-08 12:13:34.760523,i-00dfb80a59da9a56d,cpu,1.8171190241264066,cloudwatch
2026-04-08 12:13:58.875189,ip-172-31-10-55.ec2.internal,cpu,1.0,agent
2026-04-08 12:13:58.875189,ip-172-31-10-55.ec2.internal,memory,68.2,agent
2026-04-08 12:13:58.875189,ip-172-31-10-55.ec2.internal,disk,21.3,agent
2026-04-08 12:14:30.916590,ip-172-31-10-55.ec2.internal,cpu,1.0,agent
2026-04-08 12:14:30.916590,ip-172-31-10-55.ec2.internal,memory,68.2,agent
2026-04-08 12:14:30.916590,ip-172-31-10-55.ec2.internal,disk,21.3,agent
2026-04-08 12:14:35.338464,i-00dfb80a59da9a56d,cpu,1.8216728409335474,cloudwatch
2026-04-08 12:15:02.952441,ip-172-31-10-55.ec2.internal,cpu,3.0,agent
2026-04-08 12:15:02.952441,ip-172-31-10-55.ec2.internal,memory,68.2,agent
2026-04-08 12:15:02.952441,ip-172-31-10-55.ec2.internal,disk,21.3,agent
2026-04-08 12:15:34.996564,ip-172-31-10-55.ec2.internal,cpu,1.0,agent
2026-04-08 12:15:34.996564,ip-172-31-10-55.ec2.internal,memory,68.2,agent
2026-04-08 12:15:34.996564,ip-172-31-10-55.ec2.internal,disk,21.3,agent
2026-04-08 12:15:36.085579,i-00dfb80a59da9a56d,cpu,1.8216728409335474,cloudwatch
2026-04-08 12:16:07.034234,ip-172-31-10-55.ec2.internal,cpu,1.5,agent
2026-04-08 12:16:07.034234,ip-172-31-10-55.ec2.internal,memory,68.2,agent
2026-04-08 12:16:07.034234,ip-172-31-10-55.ec2.internal,disk,21.3,agent
2026-04-08 12:16:36.603811,i-00dfb80a59da9a56d,cpu,1.8175375084804197,cloudwatch
2026-04-08 12:16:39.071385,ip-172-31-10-55.ec2.internal,cpu,0.5,agent
2026-04-08 12:16:39.071385,ip-172-31-10-55.ec2.internal,memory,68.2,agent
2026-04-08 12:16:39.071385,ip-172-31-10-55.ec2.internal,disk,21.3,agent
2026-04-08 12:17:11.106949,ip-172-31-10-55.ec2.internal,cpu,0.5,agent
2026-04-08 12:17:11.106949,ip-172-31-10-55.ec2.internal,memory,68.2,agent
2026-04-08 12:17:11.106949,ip-172-31-10-55.ec2.internal,disk,21.3,agent
2026-04-08 12:17:37.137106,i-00dfb80a59da9a56d,cpu,1.8644694500980574,cloudwatch
2026-04-08 12:17:43.140293,ip-172-31-10-55.ec2.internal,cpu,1.3,agent
2026-04-08 12:17:43.140293,ip-172-31-10-55.ec2.internal,memory,68.2,agent
2026-04-08 12:17:43.140293,ip-172-31-10-55.ec2.internal,disk,21.3,agent
2026-04-08 12:18:15.181564,ip-172-31-10-55.ec2.internal,cpu,0.8,agent
2026-04-08 12:18:15.181564,ip-172-31-10-55.ec2.internal,memory,68.2,agent
2026-04-08 12:18:15.181564,ip-172-31-10-55.ec2.internal,disk,21.3,agent
2026-04-08 12:18:37.667124,i-00dfb80a59da9a56d,cpu,1.8208603296062449,cloudwatch
2026-04-08 12:18:47.222118,ip-172-31-10-55.ec2.internal,cpu,1.0,agent
2026-04-08 12:18:47.222118,ip-172-31-10-55.ec2.internal,memory,68.2,agent
2026-04-08 12:18:47.222118,ip-172-31-10-55.ec2.internal,disk,21.3,agent
2026-04-08 12:19:19.246585,ip-172-31-10-55.ec2.internal,cpu,1.0,agent
2026-04-08 12:19:19.246585,ip-172-31-10-55.ec2.internal,memory,68.2,agent
2026-04-08 12:19:19.246585,ip-172-31-10-55.ec2.internal,disk,21.3,agent
2026-04-08 12:19:38.469341,i-00dfb80a59da9a56d,cpu,1.8450215970183295,cloudwatch
2026-04-08 12:19:51.258517,ip-172-31-10-55.ec2.internal,cpu,1.0,agent
2026-04-08 12:19:51.258517,ip-172-31-10-55.ec2.internal,memory,68.2,agent
2026-04-08 12:19:51.258517,ip-172-31-10-55.ec2.internal,disk,21.3,agent
2026-04-08 12:20:23.299144,ip-172-31-10-55.ec2.internal,cpu,0.5,agent
2026-04-08 12:20:23.299144,ip-172-31-10-55.ec2.internal,memory,68.2,agent
2026-04-08 12:20:23.299144,ip-172-31-10-55.ec2.internal,disk,21.3,agent
2026-04-08 12:20:38.973147,i-00dfb80a59da9a56d,cpu,1.8450215970183295,cloudwatch
2026-04-08 12:20:55.325521,ip-172-31-10-55.ec2.internal,cpu,0.3,agent
2026-04-08 12:20:55.325521,ip-172-31-10-55.ec2.internal,memory,68.2,agent
2026-04-08 12:20:55.325521,ip-172-31-10-55.ec2.internal,disk,21.3,agent
2026-04-08 12:21:27.365921,ip-172-31-10-55.ec2.internal,cpu,0.3,agent
2026-04-08 12:21:27.365921,ip-172-31-10-55.ec2.internal,memory,68.2,agent
2026-04-08 12:21:27.365921,ip-172-31-10-55.ec2.internal,disk,21.3,agent
2026-04-08 12:21:39.506287,i-00dfb80a59da9a56d,cpu,1.8466638583964499,cloudwatch
2026-04-08 12:21:59.396578,ip-172-31-10-55.ec2.internal,cpu,1.0,agent
2026-04-08 12:21:59.396578,ip-172-31-10-55.ec2.internal,memory,68.2,agent
2026-04-08 12:21:59.396578,ip-172-31-10-55.ec2.internal,disk,21.3,agent
2026-04-08 12:22:31.436670,ip-172-31-10-55.ec2.internal,cpu,1.0,agent
2026-04-08 12:22:31.436670,ip-172-31-10-55.ec2.internal,memory,68.2,agent
2026-04-08 12:22:31.436670,ip-172-31-10-55.ec2.internal,disk,21.3,agent
2026-04-08 12:22:40.058539,i-00dfb80a59da9a56d,cpu,1.849955465356533,cloudwatch
2026-04-08 12:23:03.476874,ip-172-31-10-55.ec2.internal,cpu,3.2,agent
2026-04-08 12:23:03.476874,ip-172-31-10-55.ec2.internal,memory,68.2,agent
2026-04-08 12:23:03.476874,ip-172-31-10-55.ec2.internal,disk,21.3,agent
2026-04-08 12:23:35.496579,ip-172-31-10-55.ec2.internal,cpu,1.0,agent
2026-04-08 12:23:35.496579,ip-172-31-10-55.ec2.internal,memory,68.2,agent
2026-04-08 12:23:35.496579,ip-172-31-10-55.ec2.internal,disk,21.3,agent
2026-04-08 12:23:40.752858,i-00dfb80a59da9a56d,cpu,1.8416484050776019,cloudwatch
2026-04-08 12:24:07.535797,ip-172-31-10-55.ec2.internal,cpu,1.2,agent
2026-04-08 12:24:07.535797,ip-172-31-10-55.ec2.internal,memory,68.2,agent
2026-04-08 12:24:07.535797,ip-172-31-10-55.ec2.internal,disk,21.3,agent
2026-04-08 12:24:39.549566,ip-172-31-10-55.ec2.internal,cpu,0.7,agent
2026-04-08 12:24:39.549566,ip-172-31-10-55.ec2.internal,memory,68.2,agent
2026-04-08 12:24:39.549566,ip-172-31-10-55.ec2.internal,disk,21.3,agent
2026-04-08 12:24:41.332957,i-00dfb80a59da9a56d,cpu,1.8449791963875426,cloudwatch
2026-04-08 12:25:11.590034,ip-172-31-10-55.ec2.internal,cpu,0.3,agent
2026-04-08 12:25:11.590034,ip-172-31-10-55.ec2.internal,memory,68.3,agent
2026-04-08 12:25:11.590034,ip-172-31-10-55.ec2.internal,disk,21.3,agent
2026-04-08 12:25:41.915167,i-00dfb80a59da9a56d,cpu,1.8449791963875426,cloudwatch
2026-04-08 12:25:43.626547,ip-172-31-10-55.ec2.internal,cpu,5.8,agent
2026-04-08 12:25:43.626547,ip-172-31-10-55.ec2.internal,memory,68.3,agent
2026-04-08 12:25:43.626547,ip-172-31-10-55.ec2.internal,disk,21.3,agent
2026-04-08 12:26:15.648987,ip-172-31-10-55.ec2.internal,cpu,0.5,agent
2026-04-08 12:26:15.648987,ip-172-31-10-55.ec2.internal,memory,68.3,agent
2026-04-08 12:26:15.648987,ip-172-31-10-55.ec2.internal,disk,21.3,agent
2026-04-08 12:26:42.438994,i-00dfb80a59da9a56d,cpu,1.8208178474803196,cloudwatch
2026-04-08 12:26:47.678934,ip-172-31-10-55.ec2.internal,cpu,1.2,agent
2026-04-08 12:26:47.678934,ip-172-31-10-55.ec2.internal,memory,68.3,agent
2026-04-08 12:26:47.678934,ip-172-31-10-55.ec2.internal,disk,21.3,agent
2026-04-08 12:27:19.716565,ip-172-31-10-55.ec2.internal,cpu,1.3,agent
2026-04-08 12:27:19.716565,ip-172-31-10-55.ec2.internal,memory,68.3,agent
2026-04-08 12:27:19.716565,ip-172-31-10-55.ec2.internal,disk,21.3,agent
2026-04-08 12:27:42.950293,i-00dfb80a59da9a56d,cpu,1.8645075062968128,cloudwatch
2026-04-08 12:27:51.757314,ip-172-31-10-55.ec2.internal,cpu,0.5,agent
2026-04-08 12:27:51.757314,ip-172-31-10-55.ec2.internal,memory,68.3,agent
2026-04-08 12:27:51.757314,ip-172-31-10-55.ec2.internal,disk,21.3,agent
2026-04-08 12:28:23.781289,ip-172-31-10-55.ec2.internal,cpu,0.3,agent
2026-04-08 12:28:23.781289,ip-172-31-10-55.ec2.internal,memory,68.3,agent
2026-04-08 12:28:23.781289,ip-172-31-10-55.ec2.internal,disk,21.3,agent
2026-04-08 12:28:43.676548,i-00dfb80a59da9a56d,cpu,1.8233806297226096,cloudwatch
2026-04-08 12:28:55.821381,ip-172-31-10-55.ec2.internal,cpu,0.5,agent
2026-04-08 12:28:55.821381,ip-172-31-10-55.ec2.internal,memory,68.3,agent
2026-04-08 12:28:55.821381,ip-172-31-10-55.ec2.internal,disk,21.3,agent
2026-04-08 12:29:27.896581,ip-172-31-10-55.ec2.internal,cpu,1.0,agent
2026-04-08 12:29:27.896581,ip-172-31-10-55.ec2.internal,memory,68.3,agent
2026-04-08 12:29:27.896581,ip-172-31-10-55.ec2.internal,disk,21.3,agent
2026-04-08 12:29:44.224529,i-00dfb80a59da9a56d,cpu,1.817037837111421,cloudwatch
2026-04-08 12:29:59.925207,ip-172-31-10-55.ec2.internal,cpu,1.5,agent
2026-04-08 12:29:59.925207,ip-172-31-10-55.ec2.internal,memory,68.3,agent
2026-04-08 12:29:59.925207,ip-172-31-10-55.ec2.internal,disk,21.3,agent
2026-04-08 12:30:31.964290,ip-172-31-10-55.ec2.internal,cpu,6.2,agent
2026-04-08 12:30:31.964290,ip-172-31-10-55.ec2.internal,memory,68.3,agent
2026-04-08 12:30:31.964290,ip-172-31-10-55.ec2.internal,disk,21.3,agent
2026-04-08 12:30:44.839292,i-00dfb80a59da9a56d,cpu,1.817037837111421,cloudwatch
2026-04-08 12:31:04.004598,ip-172-31-10-55.ec2.internal,cpu,1.2,agent
2026-04-08 12:31:04.004598,ip-172-31-10-55.ec2.internal,memory,68.3,agent
2026-04-08 12:31:04.004598,ip-172-31-10-55.ec2.internal,disk,21.3,agent
2026-04-08 12:31:36.037146,ip-172-31-10-55.ec2.internal,cpu,0.3,agent
2026-04-08 12:31:36.037146,ip-172-31-10-55.ec2.internal,memory,68.3,agent
2026-04-08 12:31:36.037146,ip-172-31-10-55.ec2.internal,disk,21.3,agent
2026-04-08 12:31:45.541284,i-00dfb80a59da9a56d,cpu,1.9084156721973113,cloudwatch
2026-04-08 12:32:08.076551,ip-172-31-10-55.ec2.internal,cpu,0.8,agent
2026-04-08 12:32:08.076551,ip-172-31-10-55.ec2.internal,memory,68.3,agent
2026-04-08 12:32:08.076551,ip-172-31-10-55.ec2.internal,disk,21.3,agent
2026-04-08 12:32:40.110924,ip-172-31-10-55.ec2.internal,cpu,1.5,agent
2026-04-08 12:32:40.110924,ip-172-31-10-55.ec2.internal,memory,68.3,agent
2026-04-08 12:32:40.110924,ip-172-31-10-55.ec2.internal,disk,21.3,agent
2026-04-08 12:32:46.084970,i-00dfb80a59da9a56d,cpu,1.8806104481315409,cloudwatch
2026-04-08 12:33:12.146556,ip-172-31-10-55.ec2.internal,cpu,0.5,agent
2026-04-08 12:33:12.146556,ip-172-31-10-55.ec2.internal,memory,68.3,agent
2026-04-08 12:33:12.146556,ip-172-31-10-55.ec2.internal,disk,21.3,agent
2026-04-08 12:33:44.186539,ip-172-31-10-55.ec2.internal,cpu,2.0,agent
2026-04-08 12:33:44.186539,ip-172-31-10-55.ec2.internal,memory,68.3,agent
2026-04-08 12:33:44.186539,ip-172-31-10-55.ec2.internal,disk,21.3,agent
2026-04-08 12:33:46.580250,i-00dfb80a59da9a56d,cpu,1.8771245027653225,cloudwatch
2026-04-08 12:34:16.226523,ip-172-31-10-55.ec2.internal,cpu,0.0,agent
2026-04-08 12:34:16.226523,ip-172-31-10-55.ec2.internal,memory,68.3,agent
2026-04-08 12:34:16.226523,ip-172-31-10-55.ec2.internal,disk,21.3,agent
2026-04-08 12:34:47.042477,i-00dfb80a59da9a56d,cpu,1.866699602212258,cloudwatch
2026-04-08 12:34:48.266536,ip-172-31-10-55.ec2.internal,cpu,10.6,agent
2026-04-08 12:34:48.266536,ip-172-31-10-55.ec2.internal,memory,68.3,agent
2026-04-08 12:34:48.266536,ip-172-31-10-55.ec2.internal,disk,21.3,agent
2026-04-08 12:35:20.306743,ip-172-31-10-55.ec2.internal,cpu,0.0,agent
2026-04-08 12:35:20.306743,ip-172-31-10-55.ec2.internal,memory,68.3,agent
2026-04-08 12:35:20.306743,ip-172-31-10-55.ec2.internal,disk,21.3,agent
2026-04-08 12:35:47.743192,i-00dfb80a59da9a56d,cpu,1.866699602212258,cloudwatch
2026-04-08 12:35:52.320472,ip-172-31-10-55.ec2.internal,cpu,0.8,agent
2026-04-08 12:35:52.320472,ip-172-31-10-55.ec2.internal,memory,68.3,agent
2026-04-08 12:35:52.320472,ip-172-31-10-55.ec2.internal,disk,21.3,agent
2026-04-08 12:36:24.360933,ip-172-31-10-55.ec2.internal,cpu,1.2,agent
2026-04-08 12:36:24.360933,ip-172-31-10-55.ec2.internal,memory,68.3,agent
2026-04-08 12:36:24.360933,ip-172-31-10-55.ec2.internal,disk,21.3,agent
2026-04-08 12:36:48.257497,i-00dfb80a59da9a56d,cpu,1.915717029094098,cloudwatch
2026-04-08 12:36:56.396969,ip-172-31-10-55.ec2.internal,cpu,1.5,agent
2026-04-08 12:36:56.396969,ip-172-31-10-55.ec2.internal,memory,68.3,agent
2026-04-08 12:36:56.396969,ip-172-31-10-55.ec2.internal,disk,21.3,agent
2026-04-08 12:37:28.426807,ip-172-31-10-55.ec2.internal,cpu,1.2,agent
2026-04-08 12:37:28.426807,ip-172-31-10-55.ec2.internal,memory,68.3,agent
2026-04-08 12:37:28.426807,ip-172-31-10-55.ec2.internal,disk,21.3,agent
2026-04-08 12:37:48.759131,i-00dfb80a59da9a56d,cpu,1.844359660538058,cloudwatch
2026-04-08 12:38:00.467692,ip-172-31-10-55.ec2.internal,cpu,1.3,agent
2026-04-08 12:38:00.467692,ip-172-31-10-55.ec2.internal,memory,68.3,agent
2026-04-08 12:38:00.467692,ip-172-31-10-55.ec2.internal,disk,21.3,agent
2026-04-08 12:38:32.508788,ip-172-31-10-55.ec2.internal,cpu,0.0,agent
2026-04-08 12:38:32.508788,ip-172-31-10-55.ec2.internal,memory,68.3,agent
2026-04-08 12:38:32.508788,ip-172-31-10-55.ec2.internal,disk,21.3,agent
2026-04-08 12:38:49.488959,i-00dfb80a59da9a56d,cpu,1.868217629115955,cloudwatch
2026-04-08 12:39:04.535331,ip-172-31-10-55.ec2.internal,cpu,0.5,agent
2026-04-08 12:39:04.535331,ip-172-31-10-55.ec2.internal,memory,68.3,agent
2026-04-08 12:39:04.535331,ip-172-31-10-55.ec2.internal,disk,21.3,agent
2026-04-08 12:39:36.577322,ip-172-31-10-55.ec2.internal,cpu,0.8,agent
2026-04-08 12:39:36.577322,ip-172-31-10-55.ec2.internal,memory,68.3,agent
2026-04-08 12:39:36.577322,ip-172-31-10-55.ec2.internal,disk,21.3,agent
2026-04-08 12:39:50.030523,i-00dfb80a59da9a56d,cpu,1.872913742286747,cloudwatch
2026-04-08 12:40:08.616598,ip-172-31-10-55.ec2.internal,cpu,1.0,agent
2026-04-08 12:40:08.616598,ip-172-31-10-55.ec2.internal,memory,68.3,agent
2026-04-08 12:40:08.616598,ip-172-31-10-55.ec2.internal,disk,21.3,agent
2026-04-08 12:40:40.631069,ip-172-31-10-55.ec2.internal,cpu,0.8,agent
2026-04-08 12:40:40.631069,ip-172-31-10-55.ec2.internal,memory,68.3,agent
2026-04-08 12:40:40.631069,ip-172-31-10-55.ec2.internal,disk,21.3,agent
2026-04-08 12:40:50.549515,i-00dfb80a59da9a56d,cpu,1.872913742286747,cloudwatch
2026-04-08 12:41:12.672138,ip-172-31-10-55.ec2.internal,cpu,1.5,agent
2026-04-08 12:41:12.672138,ip-172-31-10-55.ec2.internal,memory,68.3,agent
2026-04-08 12:41:12.672138,ip-172-31-10-55.ec2.internal,disk,21.3,agent
2026-04-08 12:41:44.706652,ip-172-31-10-55.ec2.internal,cpu,1.3,agent
2026-04-08 12:41:44.706652,ip-172-31-10-55.ec2.internal,memory,68.3,agent
2026-04-08 12:41:44.706652,ip-172-31-10-55.ec2.internal,disk,21.3,agent
2026-04-08 12:41:51.136645,i-00dfb80a59da9a56d,cpu,1.8716891463557044,cloudwatch
2026-04-08 12:42:16.739651,ip-172-31-10-55.ec2.internal,cpu,0.7,agent
2026-04-08 12:42:16.739651,ip-172-31-10-55.ec2.internal,memory,68.3,agent
2026-04-08 12:42:16.739651,ip-172-31-10-55.ec2.internal,disk,21.3,agent
2026-04-08 12:42:48.776501,ip-172-31-10-55.ec2.internal,cpu,0.5,agent
2026-04-08 12:42:48.776501,ip-172-31-10-55.ec2.internal,memory,68.3,agent
2026-04-08 12:42:48.776501,ip-172-31-10-55.ec2.internal,disk,21.3,agent
2026-04-08 12:42:51.678512,i-00dfb80a59da9a56d,cpu,1.814459430903803,cloudwatch
2026-04-08 12:43:20.806505,ip-172-31-10-55.ec2.internal,cpu,1.2,agent
2026-04-08 12:43:20.806505,ip-172-31-10-55.ec2.internal,memory,68.3,agent
2026-04-08 12:43:20.806505,ip-172-31-10-55.ec2.internal,disk,21.3,agent
2026-04-08 12:43:52.216928,i-00dfb80a59da9a56d,cpu,1.8462612398445188,cloudwatch
2026-04-08 12:43:52.854413,ip-172-31-10-55.ec2.internal,cpu,6.0,agent
2026-04-08 12:43:52.854413,ip-172-31-10-55.ec2.internal,memory,67.6,agent
2026-04-08 12:43:52.854413,ip-172-31-10-55.ec2.internal,disk,21.3,agent
2026-04-08 12:44:24.886572,ip-172-31-10-55.ec2.internal,cpu,0.8,agent
2026-04-08 12:44:24.886572,ip-172-31-10-55.ec2.internal,memory,68.1,agent
2026-04-08 12:44:24.886572,ip-172-31-10-55.ec2.internal,disk,21.3,agent
2026-04-08 12:44:52.921730,i-00dfb80a59da9a56d,cpu,1.8166806426132354,cloudwatch
2026-04-08 12:44:56.927876,ip-172-31-10-55.ec2.internal,cpu,1.3,agent
2026-04-08 12:44:56.927876,ip-172-31-10-55.ec2.internal,memory,68.1,agent
2026-04-08 12:44:56.927876,ip-172-31-10-55.ec2.internal,disk,21.3,agent
2026-04-08 12:45:28.968999,ip-172-31-10-55.ec2.internal,cpu,0.0,agent
2026-04-08 12:45:28.968999,ip-172-31-10-55.ec2.internal,memory,68.1,agent
2026-04-08 12:45:28.968999,ip-172-31-10-55.ec2.internal,disk,21.3,agent
2026-04-08 12:45:53.442359,i-00dfb80a59da9a56d,cpu,1.8166806426132354,cloudwatch
2026-04-08 12:46:01.006544,ip-172-31-10-55.ec2.internal,cpu,0.5,agent
2026-04-08 12:46:01.006544,ip-172-31-10-55.ec2.internal,memory,68.1,agent
2026-04-08 12:46:01.006544,ip-172-31-10-55.ec2.internal,disk,21.3,agent
2026-04-08 12:46:33.047873,ip-172-31-10-55.ec2.internal,cpu,1.0,agent
2026-04-08 12:46:33.047873,ip-172-31-10-55.ec2.internal,memory,68.1,agent
2026-04-08 12:46:33.047873,ip-172-31-10-55.ec2.internal,disk,21.3,agent
2026-04-08 12:46:53.987627,i-00dfb80a59da9a56d,cpu,1.880054370012373,cloudwatch
2026-04-08 12:47:05.194832,ip-172-31-10-55.ec2.internal,cpu,1.3,agent
2026-04-08 12:47:05.194832,ip-172-31-10-55.ec2.internal,memory,68.1,agent
2026-04-08 12:47:05.194832,ip-172-31-10-55.ec2.internal,disk,21.3,agent
2026-04-08 12:47:37.236005,ip-172-31-10-55.ec2.internal,cpu,0.5,agent
2026-04-08 12:47:37.236005,ip-172-31-10-55.ec2.internal,memory,68.1,agent
2026-04-08 12:47:37.236005,ip-172-31-10-55.ec2.internal,disk,21.3,agent
2026-04-08 12:47:54.521510,i-00dfb80a59da9a56d,cpu,1.8561473577860266,cloudwatch
2026-04-08 12:48:09.276910,ip-172-31-10-55.ec2.internal,cpu,1.0,agent
2026-04-08 12:48:09.276910,ip-172-31-10-55.ec2.internal,memory,68.1,agent
2026-04-08 12:48:09.276910,ip-172-31-10-55.ec2.internal,disk,21.3,agent
2026-04-08 12:48:41.317059,ip-172-31-10-55.ec2.internal,cpu,1.0,agent
2026-04-08 12:48:41.317059,ip-172-31-10-55.ec2.internal,memory,68.1,agent
2026-04-08 12:48:41.317059,ip-172-31-10-55.ec2.internal,disk,21.3,agent
2026-04-08 12:48:55.218666,i-00dfb80a59da9a56d,cpu,1.8541715603496103,cloudwatch
2026-04-08 12:49:13.328783,ip-172-31-10-55.ec2.internal,cpu,0.3,agent
2026-04-08 12:49:13.328783,ip-172-31-10-55.ec2.internal,memory,68.1,agent
2026-04-08 12:49:13.328783,ip-172-31-10-55.ec2.internal,disk,21.3,agent
2026-04-08 12:49:45.366568,ip-172-31-10-55.ec2.internal,cpu,0.8,agent
2026-04-08 12:49:45.366568,ip-172-31-10-55.ec2.internal,memory,68.1,agent
2026-04-08 12:49:45.366568,ip-172-31-10-55.ec2.internal,disk,21.3,agent
2026-04-08 12:50:17.406547,ip-172-31-10-55.ec2.internal,cpu,0.3,agent
2026-04-08 12:50:17.406547,ip-172-31-10-55.ec2.internal,memory,68.2,agent
2026-04-08 12:50:17.406547,ip-172-31-10-55.ec2.internal,disk,21.3,agent
2026-04-08 12:50:49.447200,ip-172-31-10-55.ec2.internal,cpu,0.5,agent
2026-04-08 12:50:49.447200,ip-172-31-10-55.ec2.internal,memory,68.2,agent
2026-04-08 12:50:49.447200,ip-172-31-10-55.ec2.internal,disk,21.3,agent
2026-04-08 12:51:21.486520,ip-172-31-10-55.ec2.internal,cpu,0.3,agent
2026-04-08 12:51:21.486520,ip-172-31-10-55.ec2.internal,memory,68.2,agent
2026-04-08 12:51:21.486520,ip-172-31-10-55.ec2.internal,disk,21.3,agent
2026-04-08 12:51:53.518752,ip-172-31-10-55.ec2.internal,cpu,0.3,agent
2026-04-08 12:51:53.518752,ip-172-31-10-55.ec2.internal,memory,68.2,agent
2026-04-08 12:51:53.518752,ip-172-31-10-55.ec2.internal,disk,21.3,agent
2026-04-08 12:52:25.556525,ip-172-31-10-55.ec2.internal,cpu,0.3,agent
2026-04-08 12:52:25.556525,ip-172-31-10-55.ec2.internal,memory,68.2,agent
2026-04-08 12:52:25.556525,ip-172-31-10-55.ec2.internal,disk,21.3,agent
2026-04-08 12:52:57.584353,ip-172-31-10-55.ec2.internal,cpu,0.5,agent
2026-04-08 12:52:57.584353,ip-172-31-10-55.ec2.internal,memory,68.2,agent
2026-04-08 12:52:57.584353,ip-172-31-10-55.ec2.internal,disk,21.3,agent
2026-04-08 12:53:29.626941,ip-172-31-10-55.ec2.internal,cpu,0.0,agent
2026-04-08 12:53:29.626941,ip-172-31-10-55.ec2.internal,memory,68.2,agent
2026-04-08 12:53:29.626941,ip-172-31-10-55.ec2.internal,disk,21.3,agent
2026-04-08 12:54:01.666139,ip-172-31-10-55.ec2.internal,cpu,1.2,agent
2026-04-08 12:54:01.666139,ip-172-31-10-55.ec2.internal,memory,68.2,agent
2026-04-08 12:54:01.666139,ip-172-31-10-55.ec2.internal,disk,21.3,agent
2026-04-08 12:54:33.736552,ip-172-31-10-55.ec2.internal,cpu,0.5,agent
2026-04-08 12:54:33.736552,ip-172-31-10-55.ec2.internal,memory,68.2,agent
2026-04-08 12:54:33.736552,ip-172-31-10-55.ec2.internal,disk,21.3,agent
2026-04-08 12:55:05.750772,ip-172-31-10-55.ec2.internal,cpu,0.5,agent
2026-04-08 12:55:05.750772,ip-172-31-10-55.ec2.internal,memory,68.2,agent
2026-04-08 12:55:05.750772,ip-172-31-10-55.ec2.internal,disk,21.3,agent
2026-04-08 12:55:37.786582,ip-172-31-10-55.ec2.internal,cpu,0.3,agent
2026-04-08 12:55:37.786582,ip-172-31-10-55.ec2.internal,memory,68.2,agent
2026-04-08 12:55:37.786582,ip-172-31-10-55.ec2.internal,disk,21.3,agent
2026-04-08 12:56:09.827156,ip-172-31-10-55.ec2.internal,cpu,0.0,agent
2026-04-08 12:56:09.827156,ip-172-31-10-55.ec2.internal,memory,68.2,agent
2026-04-08 12:56:09.827156,ip-172-31-10-55.ec2.internal,disk,21.3,agent
2026-04-08 12:56:41.856586,ip-172-31-10-55.ec2.internal,cpu,0.0,agent
2026-04-08 12:56:41.856586,ip-172-31-10-55.ec2.internal,memory,68.2,agent
2026-04-08 12:56:41.856586,ip-172-31-10-55.ec2.internal,disk,21.3,agent
2026-04-08 12:57:13.884392,ip-172-31-10-55.ec2.internal,cpu,3.7,agent
2026-04-08 12:57:13.884392,ip-172-31-10-55.ec2.internal,memory,68.2,agent
2026-04-08 12:57:13.884392,ip-172-31-10-55.ec2.internal,disk,21.3,agent
2026-04-08 12:57:45.904728,ip-172-31-10-55.ec2.internal,cpu,0.3,agent
2026-04-08 12:57:45.904728,ip-172-31-10-55.ec2.internal,memory,68.2,agent
2026-04-08 12:57:45.904728,ip-172-31-10-55.ec2.internal,disk,21.3,agent
2026-04-08 12:58:17.934643,ip-172-31-10-55.ec2.internal,cpu,0.3,agent
2026-04-08 12:58:17.934643,ip-172-31-10-55.ec2.internal,memory,68.2,agent
2026-04-08 12:58:17.934643,ip-172-31-10-55.ec2.internal,disk,21.3,agent
2026-04-08 12:58:49.966556,ip-172-31-10-55.ec2.internal,cpu,0.3,agent
2026-04-08 12:58:49.966556,ip-172-31-10-55.ec2.internal,memory,68.2,agent
2026-04-08 12:58:49.966556,ip-172-31-10-55.ec2.internal,disk,21.3,agent
2026-04-08 12:59:21.999822,ip-172-31-10-55.ec2.internal,cpu,0.5,agent
2026-04-08 12:59:21.999822,ip-172-31-10-55.ec2.internal,memory,68.3,agent
2026-04-08 12:59:21.999822,ip-172-31-10-55.ec2.internal,disk,21.3,agent
2026-04-08 12:59:54.028182,ip-172-31-10-55.ec2.internal,cpu,0.5,agent
2026-04-08 12:59:54.028182,ip-172-31-10-55.ec2.internal,memory,68.3,agent
2026-04-08 12:59:54.028182,ip-172-31-10-55.ec2.internal,disk,21.3,agent
2026-04-08 13:00:26.046848,ip-172-31-10-55.ec2.internal,cpu,0.3,agent
2026-04-08 13:00:26.046848,ip-172-31-10-55.ec2.internal,memory,68.3,agent
2026-04-08 13:00:26.046848,ip-172-31-10-55.ec2.internal,disk,21.3,agent
2026-04-08 13:00:58.087386,ip-172-31-10-55.ec2.internal,cpu,0.7,agent
2026-04-08 13:00:58.087386,ip-172-31-10-55.ec2.internal,memory,68.3,agent
2026-04-08 13:00:58.087386,ip-172-31-10-55.ec2.internal,disk,21.3,agent
2026-04-08 13:01:30.116825,ip-172-31-10-55.ec2.internal,cpu,1.5,agent
2026-04-08 13:01:30.116825,ip-172-31-10-55.ec2.internal,memory,68.3,agent
2026-04-08 13:01:30.116825,ip-172-31-10-55.ec2.internal,disk,21.3,agent
2026-04-08 13:01:56.337848,i-00dfb80a59da9a56d,cpu,1.1005269589443305,cloudwatch
2026-04-08 13:02:02.156608,ip-172-31-10-55.ec2.internal,cpu,0.8,agent
2026-04-08 13:02:02.156608,ip-172-31-10-55.ec2.internal,memory,68.3,agent
2026-04-08 13:02:02.156608,ip-172-31-10-55.ec2.internal,disk,21.3,agent
2026-04-08 13:02:34.202074,ip-172-31-10-55.ec2.internal,cpu,0.5,agent
2026-04-08 13:02:34.202074,ip-172-31-10-55.ec2.internal,memory,68.3,agent
2026-04-08 13:02:34.202074,ip-172-31-10-55.ec2.internal,disk,21.3,agent
2026-04-08 13:02:56.859214,i-00dfb80a59da9a56d,cpu,1.241527058291192,cloudwatch
2026-04-08 13:03:06.242409,ip-172-31-10-55.ec2.internal,cpu,0.5,agent
2026-04-08 13:03:06.242409,ip-172-31-10-55.ec2.internal,memory,68.2,agent
2026-04-08 13:03:06.242409,ip-172-31-10-55.ec2.internal,disk,21.3,agent
2026-04-08 13:03:38.276583,ip-172-31-10-55.ec2.internal,cpu,1.5,agent
2026-04-08 13:03:38.276583,ip-172-31-10-55.ec2.internal,memory,68.3,agent
2026-04-08 13:03:38.276583,ip-172-31-10-55.ec2.internal,disk,21.3,agent
2026-04-08 13:03:57.375623,i-00dfb80a59da9a56d,cpu,1.5207286270517273,cloudwatch
2026-04-08 13:04:10.294769,ip-172-31-10-55.ec2.internal,cpu,1.0,agent
2026-04-08 13:04:10.294769,ip-172-31-10-55.ec2.internal,memory,68.3,agent
2026-04-08 13:04:10.294769,ip-172-31-10-55.ec2.internal,disk,21.3,agent
2026-04-08 13:04:42.335842,ip-172-31-10-55.ec2.internal,cpu,1.0,agent
2026-04-08 13:04:42.335842,ip-172-31-10-55.ec2.internal,memory,68.3,agent
2026-04-08 13:04:42.335842,ip-172-31-10-55.ec2.internal,disk,21.3,agent
2026-04-08 13:04:57.909749,i-00dfb80a59da9a56d,cpu,1.6169699424474941,cloudwatch
2026-04-08 13:05:14.375819,ip-172-31-10-55.ec2.internal,cpu,1.0,agent
2026-04-08 13:05:14.375819,ip-172-31-10-55.ec2.internal,memory,68.3,agent
2026-04-08 13:05:14.375819,ip-172-31-10-55.ec2.internal,disk,21.3,agent
2026-04-08 13:05:46.406490,ip-172-31-10-55.ec2.internal,cpu,0.3,agent
2026-04-08 13:05:46.406490,ip-172-31-10-55.ec2.internal,memory,68.3,agent
2026-04-08 13:05:46.406490,ip-172-31-10-55.ec2.internal,disk,21.3,agent
2026-04-08 13:05:58.424567,i-00dfb80a59da9a56d,cpu,1.6169699424474941,cloudwatch
2026-04-08 13:06:18.446558,ip-172-31-10-55.ec2.internal,cpu,0.3,agent
2026-04-08 13:06:18.446558,ip-172-31-10-55.ec2.internal,memory,68.3,agent
2026-04-08 13:06:18.446558,ip-172-31-10-55.ec2.internal,disk,21.3,agent
2026-04-08 13:06:50.486553,ip-172-31-10-55.ec2.internal,cpu,1.0,agent
2026-04-08 13:06:50.486553,ip-172-31-10-55.ec2.internal,memory,66.7,agent
2026-04-08 13:06:50.486553,ip-172-31-10-55.ec2.internal,disk,21.3,agent
2026-04-08 13:06:59.143386,i-00dfb80a59da9a56d,cpu,1.8615231273453516,cloudwatch
2026-04-08 13:07:17.496813,i-00dfb80a59da9a56d,cpu,1.8615231273453516,cloudwatch
2026-04-08 13:07:22.542922,ip-172-31-10-55.ec2.internal,cpu,37.7,agent
2026-04-08 13:07:22.542922,ip-172-31-10-55.ec2.internal,memory,67.6,agent
2026-04-08 13:07:22.542922,ip-172-31-10-55.ec2.internal,disk,21.3,agent
2026-04-08 13:07:54.576760,ip-172-31-10-55.ec2.internal,cpu,39.2,agent
2026-04-08 13:07:54.576760,ip-172-31-10-55.ec2.internal,memory,67.1,agent
2026-04-08 13:07:54.576760,ip-172-31-10-55.ec2.internal,disk,21.3,agent
2026-04-08 13:08:18.295818,i-00dfb80a59da9a56d,cpu,2.0272182530054024,cloudwatch
2026-04-08 13:08:26.624483,ip-172-31-10-55.ec2.internal,cpu,39.2,agent
2026-04-08 13:08:26.624483,ip-172-31-10-55.ec2.internal,memory,67.5,agent
2026-04-08 13:08:26.624483,ip-172-31-10-55.ec2.internal,disk,21.3,agent
2026-04-08 13:08:58.666822,ip-172-31-10-55.ec2.internal,cpu,33.7,agent
2026-04-08 13:08:58.666822,ip-172-31-10-55.ec2.internal,memory,68.5,agent
2026-04-08 13:08:58.666822,ip-172-31-10-55.ec2.internal,disk,21.3,agent
2026-04-08 13:09:19.236150,i-00dfb80a59da9a56d,cpu,15.140793010443362,cloudwatch
2026-04-08 13:09:30.706576,ip-172-31-10-55.ec2.internal,cpu,41.0,agent
2026-04-08 13:09:30.706576,ip-172-31-10-55.ec2.internal,memory,67.6,agent
2026-04-08 13:09:30.706576,ip-172-31-10-55.ec2.internal,disk,21.3,agent
2026-04-08 13:10:02.755883,ip-172-31-10-55.ec2.internal,cpu,79.0,agent
2026-04-08 13:10:02.755883,ip-172-31-10-55.ec2.internal,memory,68.4,agent
2026-04-08 13:10:02.755883,ip-172-31-10-55.ec2.internal,disk,21.3,agent
2026-04-08 13:10:20.196367,i-00dfb80a59da9a56d,cpu,23.099667309451394,cloudwatch
2026-04-08 13:10:34.898885,ip-172-31-10-55.ec2.internal,cpu,72.2,agent
2026-04-08 13:10:34.898885,ip-172-31-10-55.ec2.internal,memory,70.5,agent
2026-04-08 13:10:34.898885,ip-172-31-10-55.ec2.internal,disk,21.3,agent
2026-04-08 13:11:06.936500,ip-172-31-10-55.ec2.internal,cpu,89.8,agent
2026-04-08 13:11:06.936500,ip-172-31-10-55.ec2.internal,memory,74.6,agent
2026-04-08 13:11:06.936500,ip-172-31-10-55.ec2.internal,disk,21.3,agent
2026-04-08 13:11:21.013754,i-00dfb80a59da9a56d,cpu,54.564847838405385,cloudwatch
2026-04-08 13:11:38.978008,ip-172-31-10-55.ec2.internal,cpu,93.7,agent
2026-04-08 13:11:38.978008,ip-172-31-10-55.ec2.internal,memory,77.3,agent
2026-04-08 13:11:38.978008,ip-172-31-10-55.ec2.internal,disk,21.3,agent
2026-04-08 13:12:11.056644,ip-172-31-10-55.ec2.internal,cpu,52.1,agent
2026-04-08 13:12:11.056644,ip-172-31-10-55.ec2.internal,memory,67.7,agent
2026-04-08 13:12:11.056644,ip-172-31-10-55.ec2.internal,disk,21.3,agent
2026-04-08 13:12:21.845304,i-00dfb80a59da9a56d,cpu,54.655173789908886,cloudwatch
2026-04-08 13:12:43.096583,ip-172-31-10-55.ec2.internal,cpu,39.7,agent
2026-04-08 13:12:43.096583,ip-172-31-10-55.ec2.internal,memory,67.4,agent
2026-04-08 13:12:43.096583,ip-172-31-10-55.ec2.internal,disk,21.3,agent
2026-04-08 13:13:15.120460,ip-172-31-10-55.ec2.internal,cpu,39.2,agent
2026-04-08 13:13:15.120460,ip-172-31-10-55.ec2.internal,memory,67.4,agent
2026-04-08 13:13:15.120460,ip-172-31-10-55.ec2.internal,disk,21.3,agent
2026-04-08 13:13:22.954490,i-00dfb80a59da9a56d,cpu,54.39511585993926,cloudwatch
2026-04-08 13:13:47.157173,ip-172-31-10-55.ec2.internal,cpu,37.9,agent
2026-04-08 13:13:47.157173,ip-172-31-10-55.ec2.internal,memory,67.4,agent
2026-04-08 13:13:47.157173,ip-172-31-10-55.ec2.internal,disk,21.3,agent
2026-04-08 13:14:19.196576,ip-172-31-10-55.ec2.internal,cpu,37.8,agent
2026-04-08 13:14:19.196576,ip-172-31-10-55.ec2.internal,memory,67.4,agent
2026-04-08 13:14:19.196576,ip-172-31-10-55.ec2.internal,disk,21.3,agent
2026-04-08 13:14:24.098304,i-00dfb80a59da9a56d,cpu,54.21925356162111,cloudwatch
2026-04-08 13:14:51.234916,ip-172-31-10-55.ec2.internal,cpu,38.2,agent
2026-04-08 13:14:51.234916,ip-172-31-10-55.ec2.internal,memory,67.6,agent
2026-04-08 13:14:51.234916,ip-172-31-10-55.ec2.internal,disk,21.3,agent
2026-04-08 13:15:23.276531,ip-172-31-10-55.ec2.internal,cpu,59.8,agent
2026-04-08 13:15:23.276531,ip-172-31-10-55.ec2.internal,memory,69.4,agent
2026-04-08 13:15:23.276531,ip-172-31-10-55.ec2.internal,disk,21.3,agent
2026-04-08 13:15:24.975118,i-00dfb80a59da9a56d,cpu,54.23508615016107,cloudwatch
2026-04-08 13:15:55.316549,ip-172-31-10-55.ec2.internal,cpu,90.7,agent
2026-04-08 13:15:55.316549,ip-172-31-10-55.ec2.internal,memory,73.7,agent
2026-04-08 13:15:55.316549,ip-172-31-10-55.ec2.internal,disk,21.3,agent
2026-04-08 13:16:26.864172,i-00dfb80a59da9a56d,cpu,53.84640495223003,cloudwatch
2026-04-08 13:16:27.356660,ip-172-31-10-55.ec2.internal,cpu,34.5,agent
2026-04-08 13:16:27.356660,ip-172-31-10-55.ec2.internal,memory,65.6,agent
2026-04-08 13:16:27.356660,ip-172-31-10-55.ec2.internal,disk,21.4,agent
2026-04-08 13:16:59.390038,ip-172-31-10-55.ec2.internal,cpu,1.7,agent
2026-04-08 13:16:59.390038,ip-172-31-10-55.ec2.internal,memory,67.2,agent
2026-04-08 13:16:59.390038,ip-172-31-10-55.ec2.internal,disk,21.4,agent
2026-04-08 13:17:20.204143,i-00dfb80a59da9a56d,cpu,53.84640495223003,cloudwatch
2026-04-08 13:17:31.426482,ip-172-31-10-55.ec2.internal,cpu,75.8,agent
2026-04-08 13:17:31.426482,ip-172-31-10-55.ec2.internal,memory,70.7,agent
2026-04-08 13:17:31.426482,ip-172-31-10-55.ec2.internal,disk,21.4,agent
2026-04-08 13:18:03.496538,ip-172-31-10-55.ec2.internal,cpu,96.1,agent
2026-04-08 13:18:03.496538,ip-172-31-10-55.ec2.internal,memory,72.9,agent
2026-04-08 13:18:03.496538,ip-172-31-10-55.ec2.internal,disk,21.4,agent
2026-04-08 13:18:21.019795,i-00dfb80a59da9a56d,cpu,40.36280580355417,cloudwatch
2026-04-08 13:18:35.536516,ip-172-31-10-55.ec2.internal,cpu,93.7,agent
2026-04-08 13:18:35.536516,ip-172-31-10-55.ec2.internal,memory,76.7,agent
2026-04-08 13:18:35.536516,ip-172-31-10-55.ec2.internal,disk,21.4,agent
2026-04-08 13:19:07.576567,ip-172-31-10-55.ec2.internal,cpu,89.8,agent
2026-04-08 13:19:07.576567,ip-172-31-10-55.ec2.internal,memory,67.7,agent
2026-04-08 13:19:07.576567,ip-172-31-10-55.ec2.internal,disk,21.4,agent
2026-04-08 13:19:21.924395,i-00dfb80a59da9a56d,cpu,42.96749831025867,cloudwatch
2026-04-08 13:19:39.616623,ip-172-31-10-55.ec2.internal,cpu,44.6,agent
2026-04-08 13:19:39.616623,ip-172-31-10-55.ec2.internal,memory,67.9,agent
2026-04-08 13:19:39.616623,ip-172-31-10-55.ec2.internal,disk,21.4,agent
2026-04-08 13:20:11.656591,ip-172-31-10-55.ec2.internal,cpu,38.0,agent
2026-04-08 13:20:11.656591,ip-172-31-10-55.ec2.internal,memory,67.6,agent
2026-04-08 13:20:11.656591,ip-172-31-10-55.ec2.internal,disk,21.4,agent
2026-04-08 13:20:22.731384,i-00dfb80a59da9a56d,cpu,45.35399864820694,cloudwatch
2026-04-08 13:20:43.696603,ip-172-31-10-55.ec2.internal,cpu,37.8,agent
2026-04-08 13:20:43.696603,ip-172-31-10-55.ec2.internal,memory,67.9,agent
2026-04-08 13:20:43.696603,ip-172-31-10-55.ec2.internal,disk,21.4,agent
2026-04-08 13:21:15.736531,ip-172-31-10-55.ec2.internal,cpu,36.0,agent
2026-04-08 13:21:15.736531,ip-172-31-10-55.ec2.internal,memory,67.8,agent
2026-04-08 13:21:15.736531,ip-172-31-10-55.ec2.internal,disk,21.4,agent
2026-04-08 13:21:23.702342,i-00dfb80a59da9a56d,cpu,56.59166666666666,cloudwatch
2026-04-08 13:21:47.776554,ip-172-31-10-55.ec2.internal,cpu,37.2,agent
2026-04-08 13:21:47.776554,ip-172-31-10-55.ec2.internal,memory,67.7,agent
2026-04-08 13:21:47.776554,ip-172-31-10-55.ec2.internal,disk,21.4,agent
2026-04-08 13:22:19.821176,ip-172-31-10-55.ec2.internal,cpu,36.6,agent
2026-04-08 13:22:19.821176,ip-172-31-10-55.ec2.internal,memory,67.8,agent
2026-04-08 13:22:19.821176,ip-172-31-10-55.ec2.internal,disk,21.4,agent
2026-04-08 13:22:24.700850,i-00dfb80a59da9a56d,cpu,56.08267104583979,cloudwatch
2026-04-08 13:22:51.856523,ip-172-31-10-55.ec2.internal,cpu,32.2,agent
2026-04-08 13:22:51.856523,ip-172-31-10-55.ec2.internal,memory,68.0,agent
2026-04-08 13:22:51.856523,ip-172-31-10-55.ec2.internal,disk,21.4,agent
2026-04-08 13:23:23.896599,ip-172-31-10-55.ec2.internal,cpu,37.8,agent
2026-04-08 13:23:23.896599,ip-172-31-10-55.ec2.internal,memory,67.8,agent
2026-04-08 13:23:23.896599,ip-172-31-10-55.ec2.internal,disk,21.4,agent
2026-04-08 13:23:25.350502,i-00dfb80a59da9a56d,cpu,56.53199978105168,cloudwatch
2026-04-08 13:23:55.936560,ip-172-31-10-55.ec2.internal,cpu,38.8,agent
2026-04-08 13:23:55.936560,ip-172-31-10-55.ec2.internal,memory,67.8,agent
2026-04-08 13:23:55.936560,ip-172-31-10-55.ec2.internal,disk,21.4,agent
2026-04-08 13:24:25.998450,i-00dfb80a59da9a56d,cpu,56.637266491508015,cloudwatch
2026-04-08 13:24:27.976557,ip-172-31-10-55.ec2.internal,cpu,39.9,agent
2026-04-08 13:24:27.976557,ip-172-31-10-55.ec2.internal,memory,67.8,agent
2026-04-08 13:24:27.976557,ip-172-31-10-55.ec2.internal,disk,21.4,agent
2026-04-08 13:25:00.017343,ip-172-31-10-55.ec2.internal,cpu,32.6,agent
2026-04-08 13:25:00.017343,ip-172-31-10-55.ec2.internal,memory,68.8,agent
2026-04-08 13:25:00.017343,ip-172-31-10-55.ec2.internal,disk,21.4,agent
2026-04-08 13:25:26.816785,i-00dfb80a59da9a56d,cpu,56.637266491508015,cloudwatch
2026-04-08 13:25:32.181219,ip-172-31-10-55.ec2.internal,cpu,35.8,agent
2026-04-08 13:25:32.181219,ip-172-31-10-55.ec2.internal,memory,67.8,agent
2026-04-08 13:25:32.181219,ip-172-31-10-55.ec2.internal,disk,21.4,agent
2026-04-08 13:26:04.222577,ip-172-31-10-55.ec2.internal,cpu,40.2,agent
2026-04-08 13:26:04.222577,ip-172-31-10-55.ec2.internal,memory,67.6,agent
2026-04-08 13:26:04.222577,ip-172-31-10-55.ec2.internal,disk,21.4,agent
2026-04-08 13:26:27.690689,i-00dfb80a59da9a56d,cpu,54.7450929949881,cloudwatch
2026-04-08 13:26:36.256557,ip-172-31-10-55.ec2.internal,cpu,32.2,agent
2026-04-08 13:26:36.256557,ip-172-31-10-55.ec2.internal,memory,67.5,agent
2026-04-08 13:26:36.256557,ip-172-31-10-55.ec2.internal,disk,21.4,agent
2026-04-08 13:27:08.426544,ip-172-31-10-55.ec2.internal,cpu,36.2,agent
2026-04-08 13:27:08.426544,ip-172-31-10-55.ec2.internal,memory,67.7,agent
2026-04-08 13:27:08.426544,ip-172-31-10-55.ec2.internal,disk,21.4,agent
2026-04-08 13:27:29.198657,i-00dfb80a59da9a56d,cpu,55.72332726533063,cloudwatch
2026-04-08 13:27:40.467880,ip-172-31-10-55.ec2.internal,cpu,34.0,agent
2026-04-08 13:27:40.467880,ip-172-31-10-55.ec2.internal,memory,67.7,agent
2026-04-08 13:27:40.467880,ip-172-31-10-55.ec2.internal,disk,21.4,agent
2026-04-08 13:28:12.506557,ip-172-31-10-55.ec2.internal,cpu,38.1,agent
2026-04-08 13:28:12.506557,ip-172-31-10-55.ec2.internal,memory,67.7,agent
2026-04-08 13:28:12.506557,ip-172-31-10-55.ec2.internal,disk,21.4,agent
2026-04-08 13:28:30.002804,i-00dfb80a59da9a56d,cpu,56.212130129384946,cloudwatch
2026-04-08 13:28:44.546516,ip-172-31-10-55.ec2.internal,cpu,35.7,agent
2026-04-08 13:28:44.546516,ip-172-31-10-55.ec2.internal,memory,67.5,agent
2026-04-08 13:28:44.546516,ip-172-31-10-55.ec2.internal,disk,21.4,agent
2026-04-08 13:29:16.586542,ip-172-31-10-55.ec2.internal,cpu,31.6,agent
2026-04-08 13:29:16.586542,ip-172-31-10-55.ec2.internal,memory,67.9,agent
2026-04-08 13:29:16.586542,ip-172-31-10-55.ec2.internal,disk,21.4,agent
2026-04-08 13:29:30.694624,i-00dfb80a59da9a56d,cpu,55.934704103507954,cloudwatch
2026-04-08 13:29:48.629315,ip-172-31-10-55.ec2.internal,cpu,35.2,agent
2026-04-08 13:29:48.629315,ip-172-31-10-55.ec2.internal,memory,67.8,agent
2026-04-08 13:29:48.629315,ip-172-31-10-55.ec2.internal,disk,21.4,agent
2026-04-08 13:30:20.666581,ip-172-31-10-55.ec2.internal,cpu,37.7,agent
2026-04-08 13:30:20.666581,ip-172-31-10-55.ec2.internal,memory,67.7,agent
2026-04-08 13:30:20.666581,ip-172-31-10-55.ec2.internal,disk,21.4,agent
2026-04-08 13:30:31.343395,i-00dfb80a59da9a56d,cpu,55.934704103507954,cloudwatch
2026-04-08 13:30:52.706595,ip-172-31-10-55.ec2.internal,cpu,37.7,agent
2026-04-08 13:30:52.706595,ip-172-31-10-55.ec2.internal,memory,67.5,agent
2026-04-08 13:30:52.706595,ip-172-31-10-55.ec2.internal,disk,21.5,agent
2026-04-08 13:31:24.746596,ip-172-31-10-55.ec2.internal,cpu,33.0,agent
2026-04-08 13:31:24.746596,ip-172-31-10-55.ec2.internal,memory,67.7,agent
2026-04-08 13:31:24.746596,ip-172-31-10-55.ec2.internal,disk,21.5,agent
2026-04-08 13:31:32.329098,i-00dfb80a59da9a56d,cpu,56.02086939056136,cloudwatch
2026-04-08 13:31:56.783112,ip-172-31-10-55.ec2.internal,cpu,37.8,agent
2026-04-08 13:31:56.783112,ip-172-31-10-55.ec2.internal,memory,67.8,agent
2026-04-08 13:31:56.783112,ip-172-31-10-55.ec2.internal,disk,21.5,agent
2026-04-08 13:32:28.816681,ip-172-31-10-55.ec2.internal,cpu,38.0,agent
2026-04-08 13:32:28.816681,ip-172-31-10-55.ec2.internal,memory,67.8,agent
2026-04-08 13:32:28.816681,ip-172-31-10-55.ec2.internal,disk,21.5,agent
2026-04-08 13:32:33.166269,i-00dfb80a59da9a56d,cpu,56.557162347323505,cloudwatch
2026-04-08 13:33:00.849369,ip-172-31-10-55.ec2.internal,cpu,35.7,agent
2026-04-08 13:33:00.849369,ip-172-31-10-55.ec2.internal,memory,67.9,agent
2026-04-08 13:33:00.849369,ip-172-31-10-55.ec2.internal,disk,21.5,agent
2026-04-08 13:33:32.886516,ip-172-31-10-55.ec2.internal,cpu,87.9,agent
2026-04-08 13:33:32.886516,ip-172-31-10-55.ec2.internal,memory,68.3,agent
2026-04-08 13:33:32.886516,ip-172-31-10-55.ec2.internal,disk,21.5,agent
2026-04-08 13:33:34.141183,i-00dfb80a59da9a56d,cpu,56.32620509382596,cloudwatch
2026-04-08 13:34:04.926609,ip-172-31-10-55.ec2.internal,cpu,35.2,agent
2026-04-08 13:34:04.926609,ip-172-31-10-55.ec2.internal,memory,67.6,agent
2026-04-08 13:34:04.926609,ip-172-31-10-55.ec2.internal,disk,21.8,agent
2026-04-08 13:34:35.033320,i-00dfb80a59da9a56d,cpu,56.807630741727436,cloudwatch
2026-04-08 13:34:36.966533,ip-172-31-10-55.ec2.internal,cpu,35.7,agent
2026-04-08 13:34:36.966533,ip-172-31-10-55.ec2.internal,memory,67.6,agent
2026-04-08 13:34:36.966533,ip-172-31-10-55.ec2.internal,disk,21.8,agent
2026-04-08 13:35:09.007243,ip-172-31-10-55.ec2.internal,cpu,37.8,agent
2026-04-08 13:35:09.007243,ip-172-31-10-55.ec2.internal,memory,67.5,agent
2026-04-08 13:35:09.007243,ip-172-31-10-55.ec2.internal,disk,21.8,agent
2026-04-08 13:35:36.355809,i-00dfb80a59da9a56d,cpu,56.807630741727436,cloudwatch
2026-04-08 13:35:41.046562,ip-172-31-10-55.ec2.internal,cpu,38.2,agent
2026-04-08 13:35:41.046562,ip-172-31-10-55.ec2.internal,memory,67.9,agent
2026-04-08 13:35:41.046562,ip-172-31-10-55.ec2.internal,disk,21.8,agent
2026-04-08 13:36:13.089000,ip-172-31-10-55.ec2.internal,cpu,34.8,agent
2026-04-08 13:36:13.089000,ip-172-31-10-55.ec2.internal,memory,67.5,agent
2026-04-08 13:36:13.089000,ip-172-31-10-55.ec2.internal,disk,21.8,agent
2026-04-08 13:36:37.259992,i-00dfb80a59da9a56d,cpu,57.718178979969025,cloudwatch
2026-04-08 13:36:45.126572,ip-172-31-10-55.ec2.internal,cpu,39.3,agent
2026-04-08 13:36:45.126572,ip-172-31-10-55.ec2.internal,memory,67.9,agent
2026-04-08 13:36:45.126572,ip-172-31-10-55.ec2.internal,disk,21.8,agent
2026-04-08 13:37:17.169249,ip-172-31-10-55.ec2.internal,cpu,33.3,agent
2026-04-08 13:37:17.169249,ip-172-31-10-55.ec2.internal,memory,67.6,agent
2026-04-08 13:37:17.169249,ip-172-31-10-55.ec2.internal,disk,21.8,agent
2026-04-08 13:37:31.040454,,cpu,37.5,agent
2026-04-08 13:37:31.040454,,memory,56.3,agent
2026-04-08 13:37:31.040454,,disk,21.8,agent
2026-04-08 13:37:36.613488,i-00dfb80a59da9a56d,cpu,56.579314822373284,cloudwatch
2026-04-08 13:37:41.458568,,cpu,100.0,agent
2026-04-08 13:37:41.458568,,memory,72.8,agent
2026-04-08 13:37:41.458568,,disk,21.8,agent
2026-04-08 13:38:07.325546,,cpu,34.0,agent
2026-04-08 13:38:07.325546,,memory,69.7,agent
2026-04-08 13:38:07.325546,,disk,21.8,agent
2026-04-08 13:38:12.495615,,cpu,84.2,agent
2026-04-08 13:38:12.495615,,memory,71.4,agent
2026-04-08 13:38:12.495615,,disk,21.8,agent
2026-04-08 13:38:28.431705,,cpu,50.5,agent
2026-04-08 13:38:28.431705,,memory,69.9,agent
2026-04-08 13:38:28.431705,,disk,21.8,agent
2026-04-08 13:38:38.676600,,cpu,100.0,agent
2026-04-08 13:38:38.676600,,memory,68.5,agent
2026-04-08 13:38:38.676600,,disk,21.8,agent
2026-04-08 13:38:39.059762,i-00dfb80a59da9a56d,cpu,57.8553194501133,cloudwatch
2026-04-08 13:39:00.121722,,cpu,86.9,agent
2026-04-08 13:39:00.121722,,memory,62.0,agent
2026-04-08 13:39:00.121722,,disk,21.8,agent
2026-04-08 13:39:07.832372,i-00dfb80a59da9a56d,cpu,57.8553194501133,cloudwatch
2026-04-08 13:39:10.323364,,cpu,30.2,agent
2026-04-08 13:39:10.323364,,memory,69.6,agent
2026-04-08 13:39:10.323364,,disk,21.8,agent
2026-04-08 13:39:38.697859,,cpu,36.8,agent
2026-04-08 13:39:38.697859,,memory,68.7,agent
2026-04-08 13:39:38.697859,,disk,21.8,agent
2026-04-08 13:39:41.355640,,cpu,37.7,agent
2026-04-08 13:39:41.355640,,memory,69.8,agent
2026-04-08 13:39:41.355640,,disk,21.8,agent
2026-04-08 13:40:09.074610,i-00dfb80a59da9a56d,cpu,58.97199074940763,cloudwatch
2026-04-08 13:40:09.735669,,cpu,67.7,agent
2026-04-08 13:40:09.735669,,memory,69.4,agent
2026-04-08 13:40:09.735669,,disk,21.8,agent
2026-04-08 13:40:12.395695,,cpu,35.4,agent
2026-04-08 13:40:12.395695,,memory,69.4,agent
2026-04-08 13:40:12.395695,,disk,21.8,agent
2026-04-08 13:40:40.775644,,cpu,74.4,agent
2026-04-08 13:40:40.775644,,memory,69.3,agent
2026-04-08 13:40:40.775644,,disk,21.8,agent
2026-04-08 13:40:43.425510,,cpu,39.4,agent
2026-04-08 13:40:43.425510,,memory,69.3,agent
2026-04-08 13:40:43.425510,,disk,21.8,agent
2026-04-08 13:41:10.089154,i-00dfb80a59da9a56d,cpu,57.472223149044076,cloudwatch
2026-04-08 13:41:11.815571,,cpu,88.4,agent
2026-04-08 13:41:11.815571,,memory,79.0,agent
2026-04-08 13:41:11.815571,,disk,21.8,agent
2026-04-08 13:41:14.448247,,cpu,29.6,agent
2026-04-08 13:41:14.448247,,memory,69.0,agent
2026-04-08 13:41:14.448247,,disk,21.8,agent
2026-04-08 13:41:42.895591,,cpu,91.0,agent
2026-04-08 13:41:42.895591,,memory,78.8,agent
2026-04-08 13:41:42.895591,,disk,21.8,agent
2026-04-08 13:41:45.485578,,cpu,37.7,agent
2026-04-08 13:41:45.485578,,memory,69.0,agent
2026-04-08 13:41:45.485578,,disk,21.8,agent
2026-04-08 13:42:11.275551,i-00dfb80a59da9a56d,cpu,55.89027824118871,cloudwatch
2026-04-08 13:42:13.944343,,cpu,87.1,agent
2026-04-08 13:42:13.944343,,memory,77.4,agent
2026-04-08 13:42:13.944343,,disk,21.8,agent
2026-04-08 13:42:16.525542,,cpu,82.4,agent
2026-04-08 13:42:16.525542,,memory,69.3,agent
2026-04-08 13:42:16.525542,,disk,21.8,agent
2026-04-08 13:42:45.115572,,cpu,98.5,agent
2026-04-08 13:42:45.115572,,memory,75.2,agent
2026-04-08 13:42:45.115572,,disk,21.8,agent
2026-04-08 13:42:47.565584,,cpu,93.5,agent
2026-04-08 13:42:47.565584,,memory,78.8,agent
2026-04-08 13:42:47.565584,,disk,21.8,agent
2026-04-08 13:43:12.259182,i-00dfb80a59da9a56d,cpu,55.59629660523692,cloudwatch
2026-04-08 13:43:16.285640,,cpu,100.0,agent
2026-04-08 13:43:16.285640,,memory,69.9,agent
2026-04-08 13:43:16.285640,,disk,21.8,agent
2026-04-08 13:43:18.605638,,cpu,100.0,agent
2026-04-08 13:43:18.605638,,memory,72.5,agent
2026-04-08 13:43:18.605638,,disk,21.8,agent
2026-04-08 13:43:47.325492,,cpu,100.0,agent
2026-04-08 13:43:47.325492,,memory,69.0,agent
2026-04-08 13:43:47.325492,,disk,21.8,agent
2026-04-08 13:43:49.645524,,cpu,100.0,agent
2026-04-08 13:43:49.645524,,memory,69.0,agent
2026-04-08 13:43:49.645524,,disk,21.8,agent
2026-04-08 13:44:13.325794,i-00dfb80a59da9a56d,cpu,57.31388912059436,cloudwatch
2026-04-08 13:44:18.365525,,cpu,100.0,agent
2026-04-08 13:44:18.365525,,memory,69.5,agent
2026-04-08 13:44:18.365525,,disk,21.8,agent
2026-04-08 13:44:20.685496,,cpu,100.0,agent
2026-04-08 13:44:20.685496,,memory,69.6,agent
2026-04-08 13:44:20.685496,,disk,21.8,agent
2026-04-08 13:44:49.414318,,cpu,100.0,agent
2026-04-08 13:44:49.414318,,memory,69.2,agent
2026-04-08 13:44:49.414318,,disk,21.8,agent
2026-04-08 13:44:51.795520,,cpu,100.0,agent
2026-04-08 13:44:51.795520,,memory,69.2,agent
2026-04-08 13:44:51.795520,,disk,21.8,agent
2026-04-08 13:45:15.369138,i-00dfb80a59da9a56d,cpu,65.83944462980882,cloudwatch
2026-04-08 13:45:20.470939,,cpu,100.0,agent
2026-04-08 13:45:20.470939,,memory,69.1,agent
2026-04-08 13:45:20.470939,,disk,21.8,agent
2026-04-08 13:45:22.835521,,cpu,100.0,agent
2026-04-08 13:45:22.835521,,memory,69.1,agent
2026-04-08 13:45:22.835521,,disk,21.8,agent
2026-04-08 13:45:51.534353,,cpu,100.0,agent
2026-04-08 13:45:51.534353,,memory,79.2,agent
2026-04-08 13:45:51.534353,,disk,21.8,agent
2026-04-08 13:45:53.875572,,cpu,100.0,agent
2026-04-08 13:45:53.875572,,memory,69.0,agent
2026-04-08 13:45:53.875572,,disk,21.8,agent
2026-04-08 13:46:16.629758,i-00dfb80a59da9a56d,cpu,100.0,cloudwatch
2026-04-08 13:46:22.625558,,cpu,100.0,agent
2026-04-08 13:46:22.625558,,memory,79.0,agent
2026-04-08 13:46:22.625558,,disk,21.8,agent
2026-04-08 13:46:24.925514,,cpu,100.0,agent
2026-04-08 13:46:24.925514,,memory,79.3,agent
2026-04-08 13:46:24.925514,,disk,21.8,agent
2026-04-08 13:46:59.232386,i-00dfb80a59da9a56d,cpu,99.99500091649864,cloudwatch
2026-04-08 13:47:24.765501,,cpu,100.0,agent
2026-04-08 13:47:24.765501,,memory,68.0,agent
2026-04-08 13:47:24.765501,,disk,21.8,agent
2026-04-08 13:47:27.005587,,cpu,100.0,agent
2026-04-08 13:47:27.005587,,memory,68.0,agent
2026-04-08 13:47:27.005587,,disk,21.8,agent
2026-04-08 13:47:48.802522,i-00dfb80a59da9a56d,cpu,99.9955549058666,cloudwatch
2026-04-08 13:47:55.830078,,cpu,100.0,agent
2026-04-08 13:47:55.830078,,memory,68.1,agent
2026-04-08 13:47:55.830078,,disk,21.8,agent
2026-04-08 13:47:58.045500,,cpu,100.0,agent
2026-04-08 13:47:58.045500,,memory,69.4,agent
2026-04-08 13:47:58.045500,,disk,21.8,agent
2026-04-08 13:48:26.875489,,cpu,100.0,agent
2026-04-08 13:48:26.875489,,memory,69.7,agent
2026-04-08 13:48:26.875489,,disk,21.8,agent
2026-04-08 13:48:29.085502,,cpu,100.0,agent
2026-04-08 13:48:29.085502,,memory,69.7,agent
2026-04-08 13:48:29.085502,,disk,21.8,agent
2026-04-08 13:48:49.810690,i-00dfb80a59da9a56d,cpu,99.99333606517703,cloudwatch
2026-04-08 13:48:57.915507,,cpu,100.0,agent
2026-04-08 13:48:57.915507,,memory,69.8,agent
2026-04-08 13:48:57.915507,,disk,21.8,agent
2026-04-08 13:49:00.125489,,cpu,100.0,agent
2026-04-08 13:49:00.125489,,memory,69.8,agent
2026-04-08 13:49:00.125489,,disk,21.8,agent
2026-04-08 13:49:28.945657,,cpu,33.8,agent
2026-04-08 13:49:28.945657,,memory,70.0,agent
2026-04-08 13:49:28.945657,,disk,21.8,agent
2026-04-08 13:49:31.165527,,cpu,37.2,agent
2026-04-08 13:49:31.165527,,memory,70.0,agent
2026-04-08 13:49:31.165527,,disk,21.8,agent
2026-04-08 13:49:50.586563,i-00dfb80a59da9a56d,cpu,98.76281138992815,cloudwatch
2026-04-08 13:49:59.987958,,cpu,32.0,agent
2026-04-08 13:49:59.987958,,memory,70.1,agent
2026-04-08 13:49:59.987958,,disk,21.8,agent
2026-04-08 13:50:02.194401,,cpu,52.0,agent
2026-04-08 13:50:02.194401,,memory,70.1,agent
2026-04-08 13:50:02.194401,,disk,21.8,agent
2026-04-08 13:50:31.025461,,cpu,35.0,agent
2026-04-08 13:50:31.025461,,memory,70.2,agent
2026-04-08 13:50:31.025461,,disk,21.8,agent
2026-04-08 13:50:33.264147,,cpu,37.7,agent
2026-04-08 13:50:33.264147,,memory,70.2,agent
2026-04-08 13:50:33.264147,,disk,21.8,agent
2026-04-08 13:50:51.220463,i-00dfb80a59da9a56d,cpu,98.76281138992815,cloudwatch
2026-04-08 14:03:55.509202,i-00dfb80a59da9a56d,cpu,55.19573681247219,cloudwatch
2026-04-08 14:09:40.335489,,cpu,100.0,agent
2026-04-08 14:09:40.335489,,memory,68.8,agent
2026-04-08 14:09:40.335489,,disk,21.9,agent
2026-04-08 14:09:41.745476,,cpu,100.0,agent
2026-04-08 14:09:41.745476,,memory,68.8,agent
2026-04-08 14:09:41.745476,,disk,21.9,agent
2026-04-08 14:10:00.944953,i-00dfb80a59da9a56d,cpu,74.78412673290313,cloudwatch
2026-04-08 14:10:11.375495,,cpu,100.0,agent
2026-04-08 14:10:11.375495,,memory,68.7,agent
2026-04-08 14:10:11.375495,,disk,21.9,agent
2026-04-08 14:10:12.785491,,cpu,100.0,agent
2026-04-08 14:10:12.785491,,memory,68.7,agent
2026-04-08 14:10:12.785491,,disk,21.9,agent
2026-04-08 14:10:42.423474,,cpu,100.0,agent
2026-04-08 14:10:42.423474,,memory,68.7,agent
2026-04-08 14:10:42.423474,,disk,21.9,agent
2026-04-08 14:10:43.825513,,cpu,100.0,agent
2026-04-08 14:10:43.825513,,memory,68.7,agent
2026-04-08 14:10:43.825513,,disk,21.9,agent
2026-04-08 14:11:02.296627,i-00dfb80a59da9a56d,cpu,100.0,cloudwatch
2026-04-08 14:11:13.474343,,cpu,100.0,agent
2026-04-08 14:11:13.474343,,memory,78.0,agent
2026-04-08 14:11:13.474343,,disk,21.9,agent
2026-04-08 14:11:14.865585,,cpu,100.0,agent
2026-04-08 14:11:14.865585,,memory,78.7,agent
2026-04-08 14:11:14.865585,,disk,21.9,agent
2026-04-08 14:11:44.575531,,cpu,100.0,agent
2026-04-08 14:11:44.575531,,memory,70.0,agent
2026-04-08 14:11:44.575531,,disk,21.9,agent
2026-04-08 14:11:45.905479,,cpu,100.0,agent
2026-04-08 14:11:45.905479,,memory,73.0,agent
2026-04-08 14:11:45.905479,,disk,21.9,agent
2026-04-08 14:12:04.874536,i-00dfb80a59da9a56d,cpu,100.0,cloudwatch
2026-04-08 14:12:15.655501,,cpu,100.0,agent
2026-04-08 14:12:15.655501,,memory,68.9,agent
2026-04-08 14:12:15.655501,,disk,21.9,agent
2026-04-08 14:12:16.985490,,cpu,100.0,agent
2026-04-08 14:12:16.985490,,memory,68.9,agent
2026-04-08 14:12:16.985490,,disk,21.9,agent
2026-04-08 14:12:46.695519,,cpu,100.0,agent
2026-04-08 14:12:46.695519,,memory,68.7,agent
2026-04-08 14:12:46.695519,,disk,21.9,agent
2026-04-08 14:12:48.025488,,cpu,100.0,agent
2026-04-08 14:12:48.025488,,memory,68.7,agent
2026-04-08 14:12:48.025488,,disk,21.9,agent
2026-04-08 14:13:06.244968,i-00dfb80a59da9a56d,cpu,99.93555662961172,cloudwatch
2026-04-08 14:13:17.754342,,cpu,100.0,agent
2026-04-08 14:13:17.754342,,memory,79.2,agent
2026-04-08 14:13:17.754342,,disk,21.9,agent
2026-04-08 14:13:19.065555,,cpu,100.0,agent
2026-04-08 14:13:19.065555,,memory,68.7,agent
2026-04-08 14:13:19.065555,,disk,21.9,agent
2026-04-08 14:13:48.824309,,cpu,100.0,agent
2026-04-08 14:13:48.824309,,memory,77.7,agent
2026-04-08 14:13:48.824309,,disk,21.9,agent
2026-04-08 14:13:50.105530,,cpu,100.0,agent
2026-04-08 14:13:50.105530,,memory,78.7,agent
2026-04-08 14:13:50.105530,,disk,21.9,agent
2026-04-08 14:14:08.873150,i-00dfb80a59da9a56d,cpu,99.95125081248645,cloudwatch
2026-04-08 14:14:19.875484,,cpu,97.5,agent
2026-04-08 14:14:19.875484,,memory,70.1,agent
2026-04-08 14:14:19.875484,,disk,21.9,agent
2026-04-08 14:14:21.145522,,cpu,100.0,agent
2026-04-08 14:14:21.145522,,memory,72.6,agent
2026-04-08 14:14:21.145522,,disk,21.9,agent
2026-04-08 14:14:50.945489,,cpu,89.6,agent
2026-04-08 14:14:50.945489,,memory,68.7,agent
2026-04-08 14:14:50.945489,,disk,21.9,agent
2026-04-08 14:14:52.185524,,cpu,89.1,agent
2026-04-08 14:14:52.185524,,memory,68.7,agent
2026-04-08 14:14:52.185524,,disk,21.9,agent
2026-04-08 14:15:10.021274,i-00dfb80a59da9a56d,cpu,99.96066698855542,cloudwatch
2026-04-08 14:15:21.985501,,cpu,100.0,agent
2026-04-08 14:15:21.985501,,memory,68.7,agent
2026-04-08 14:15:21.985501,,disk,21.9,agent
2026-04-08 14:15:23.215467,,cpu,100.0,agent
2026-04-08 14:15:23.215467,,memory,68.7,agent
2026-04-08 14:15:23.215467,,disk,21.9,agent
2026-04-08 14:15:53.025480,,cpu,100.0,agent
2026-04-08 14:15:53.025480,,memory,68.8,agent
2026-04-08 14:15:53.025480,,disk,21.9,agent
2026-04-08 14:15:54.255502,,cpu,100.0,agent
2026-04-08 14:15:54.255502,,memory,68.8,agent
2026-04-08 14:15:54.255502,,disk,21.9,agent
2026-04-08 14:16:10.877994,i-00dfb80a59da9a56d,cpu,93.22936604363963,cloudwatch
2026-04-08 14:16:24.065554,,cpu,100.0,agent
2026-04-08 14:16:24.065554,,memory,78.7,agent
2026-04-08 14:16:24.065554,,disk,21.9,agent
2026-04-08 14:16:25.295611,,cpu,100.0,agent
2026-04-08 14:16:25.295611,,memory,79.2,agent
2026-04-08 14:16:25.295611,,disk,21.9,agent
2026-04-08 14:16:55.122333,,cpu,100.0,agent
2026-04-08 14:16:55.122333,,memory,74.1,agent
2026-04-08 14:16:55.122333,,disk,21.9,agent
2026-04-08 14:16:56.335555,,cpu,100.0,agent
2026-04-08 14:16:56.335555,,memory,77.2,agent
2026-04-08 14:16:56.335555,,disk,21.9,agent
2026-04-08 14:17:12.121890,i-00dfb80a59da9a56d,cpu,96.55459990684409,cloudwatch
2026-04-08 14:17:26.187082,,cpu,100.0,agent
2026-04-08 14:17:26.187082,,memory,68.8,agent
2026-04-08 14:17:26.187082,,disk,21.9,agent
2026-04-08 14:17:27.385508,,cpu,100.0,agent
2026-04-08 14:17:27.385508,,memory,69.9,agent
2026-04-08 14:17:27.385508,,disk,21.9,agent
2026-04-08 14:17:57.225525,,cpu,100.0,agent
2026-04-08 14:17:57.225525,,memory,68.8,agent
2026-04-08 14:17:57.225525,,disk,21.9,agent
2026-04-08 14:17:58.425497,,cpu,100.0,agent
2026-04-08 14:17:58.425497,,memory,68.8,agent
2026-04-08 14:17:58.425497,,disk,21.9,agent
2026-04-08 14:18:13.315137,i-00dfb80a59da9a56d,cpu,97.70195654800534,cloudwatch
2026-04-08 14:18:28.655513,,cpu,100.0,agent
2026-04-08 14:18:28.655513,,memory,69.3,agent
2026-04-08 14:18:28.655513,,disk,21.9,agent
2026-04-08 14:18:29.465880,,cpu,100.0,agent
2026-04-08 14:18:29.465880,,memory,69.3,agent
2026-04-08 14:18:29.465880,,disk,21.9,agent
2026-04-08 14:18:59.704347,,cpu,100.0,agent
2026-04-08 14:18:59.704347,,memory,79.2,agent
2026-04-08 14:18:59.704347,,disk,21.9,agent
2026-04-08 14:19:00.505522,,cpu,100.0,agent
2026-04-08 14:19:00.505522,,memory,68.7,agent
2026-04-08 14:19:00.505522,,disk,21.9,agent
2026-04-08 14:19:14.516467,i-00dfb80a59da9a56d,cpu,98.12230074433734,cloudwatch
2026-04-08 14:19:30.784327,,cpu,100.0,agent
2026-04-08 14:19:30.784327,,memory,74.4,agent
2026-04-08 14:19:30.784327,,disk,21.9,agent
2026-04-08 14:19:31.545475,,cpu,100.0,agent
2026-04-08 14:19:31.545475,,memory,76.0,agent
2026-04-08 14:19:31.545475,,disk,21.9,agent
2026-04-08 14:20:01.825861,,cpu,100.0,agent
2026-04-08 14:20:01.825861,,memory,68.8,agent
2026-04-08 14:20:01.825861,,disk,21.9,agent
2026-04-08 14:20:02.588240,,cpu,100.0,agent
2026-04-08 14:20:02.588240,,memory,69.3,agent
2026-04-08 14:20:02.588240,,disk,21.9,agent
2026-04-08 14:20:15.745996,i-00dfb80a59da9a56d,cpu,98.49584062880265,cloudwatch
2026-04-08 14:20:32.865497,,cpu,100.0,agent
2026-04-08 14:20:32.865497,,memory,68.7,agent
2026-04-08 14:20:32.865497,,disk,21.9,agent
2026-04-08 14:20:33.675492,,cpu,100.0,agent
2026-04-08 14:20:33.675492,,memory,68.7,agent
2026-04-08 14:20:33.675492,,disk,21.9,agent
2026-04-08 14:21:03.904578,,cpu,100.0,agent
2026-04-08 14:21:03.904578,,memory,68.7,agent
2026-04-08 14:21:03.904578,,disk,21.9,agent
2026-04-08 14:21:04.715507,,cpu,100.0,agent
2026-04-08 14:21:04.715507,,memory,68.7,agent
2026-04-08 14:21:04.715507,,disk,21.9,agent
2026-04-08 14:21:16.770767,i-00dfb80a59da9a56d,cpu,99.84651830102432,cloudwatch
2026-04-08 14:21:34.945565,,cpu,87.5,agent
2026-04-08 14:21:34.945565,,memory,79.2,agent
2026-04-08 14:21:34.945565,,disk,21.9,agent
2026-04-08 14:21:35.750082,,cpu,53.8,agent
2026-04-08 14:21:35.750082,,memory,68.7,agent
2026-04-08 14:21:35.750082,,disk,21.9,agent
2026-04-08 14:22:05.994366,,cpu,99.0,agent
2026-04-08 14:22:05.994366,,memory,77.5,agent
2026-04-08 14:22:05.994366,,disk,21.9,agent
2026-04-08 14:22:06.785560,,cpu,87.9,agent
2026-04-08 14:22:06.785560,,memory,78.6,agent
2026-04-08 14:22:06.785560,,disk,21.9,agent
2026-04-08 14:22:17.608659,i-00dfb80a59da9a56d,cpu,99.92325915051217,cloudwatch
2026-04-08 14:22:37.084350,,cpu,72.4,agent
2026-04-08 14:22:37.084350,,memory,70.2,agent
2026-04-08 14:22:37.084350,,disk,21.9,agent
2026-04-08 14:22:37.827074,,cpu,87.5,agent
2026-04-08 14:22:37.827074,,memory,72.2,agent
2026-04-08 14:22:37.827074,,disk,21.9,agent
2026-04-08 14:23:08.132004,,cpu,32.2,agent
2026-04-08 14:23:08.132004,,memory,68.8,agent
2026-04-08 14:23:08.132004,,disk,21.9,agent
2026-04-08 14:23:08.865658,,cpu,36.4,agent
2026-04-08 14:23:08.865658,,memory,68.8,agent
2026-04-08 14:23:08.865658,,disk,21.9,agent
2026-04-08 14:23:18.267076,i-00dfb80a59da9a56d,cpu,87.79813334609992,cloudwatch
2026-04-08 14:23:39.173115,,cpu,31.2,agent
2026-04-08 14:23:39.173115,,memory,68.7,agent
2026-04-08 14:23:39.173115,,disk,21.9,agent
2026-04-08 14:23:39.895625,,cpu,33.7,agent
2026-04-08 14:23:39.895625,,memory,68.7,agent
2026-04-08 14:23:39.895625,,disk,21.9,agent
2026-04-08 14:24:10.205891,,cpu,38.5,agent
2026-04-08 14:24:10.205891,,memory,68.7,agent
2026-04-08 14:24:10.205891,,disk,21.9,agent
2026-04-08 14:24:10.935210,,cpu,30.8,agent
2026-04-08 14:24:10.935210,,memory,68.8,agent
2026-04-08 14:24:10.935210,,disk,21.9,agent
2026-04-08 14:24:19.095193,i-00dfb80a59da9a56d,cpu,79.4916617165915,cloudwatch
2026-04-08 14:24:41.247191,,cpu,96.5,agent
2026-04-08 14:24:41.247191,,memory,78.7,agent
2026-04-08 14:24:41.247191,,disk,21.9,agent
2026-04-08 14:24:41.965590,,cpu,88.4,agent
2026-04-08 14:24:41.965590,,memory,79.2,agent
2026-04-08 14:24:41.965590,,disk,21.9,agent
2026-04-08 14:25:12.304373,,cpu,87.1,agent
2026-04-08 14:25:12.304373,,memory,75.1,agent
2026-04-08 14:25:12.304373,,disk,21.9,agent
2026-04-08 14:25:13.015642,,cpu,90.4,agent
2026-04-08 14:25:13.015642,,memory,77.1,agent
2026-04-08 14:25:13.015642,,disk,21.9,agent
2026-04-08 14:25:19.965394,i-00dfb80a59da9a56d,cpu,75.9640334106439,cloudwatch
2026-04-08 14:25:43.356787,,cpu,46.8,agent
2026-04-08 14:25:43.356787,,memory,69.8,agent
2026-04-08 14:25:43.356787,,disk,21.9,agent
2026-04-08 14:25:44.084221,,cpu,85.9,agent
2026-04-08 14:25:44.084221,,memory,71.1,agent
2026-04-08 14:25:44.084221,,disk,21.9,agent
2026-04-08 14:26:14.401058,,cpu,39.4,agent
2026-04-08 14:26:14.401058,,memory,69.2,agent
2026-04-08 14:26:14.401058,,disk,21.9,agent
2026-04-08 14:26:15.145525,,cpu,38.7,agent
2026-04-08 14:26:15.145525,,memory,69.2,agent
2026-04-08 14:26:15.145525,,disk,21.9,agent
2026-04-08 14:26:20.817399,i-00dfb80a59da9a56d,cpu,57.875,cloudwatch
2026-04-08 14:26:45.443606,,cpu,32.8,agent
2026-04-08 14:26:45.443606,,memory,68.9,agent
2026-04-08 14:26:45.443606,,disk,21.9,agent
2026-04-08 14:26:46.186927,,cpu,31.0,agent
2026-04-08 14:26:46.186927,,memory,68.9,agent
2026-04-08 14:26:46.186927,,disk,21.9,agent
2026-04-08 14:27:16.495589,,cpu,38.3,agent
2026-04-08 14:27:16.495589,,memory,69.0,agent
2026-04-08 14:27:16.495589,,disk,21.9,agent
2026-04-08 14:27:17.225573,,cpu,40.8,agent
2026-04-08 14:27:17.225573,,memory,69.0,agent
2026-04-08 14:27:17.225573,,disk,21.9,agent
2026-04-08 14:27:21.796173,i-00dfb80a59da9a56d,cpu,57.16814579240068,cloudwatch
2026-04-08 14:27:47.534625,,cpu,100.0,agent
2026-04-08 14:27:47.534625,,memory,78.6,agent
2026-04-08 14:27:47.534625,,disk,21.9,agent
2026-04-08 14:27:48.265509,,cpu,87.9,agent
2026-04-08 14:27:48.265509,,memory,79.2,agent
2026-04-08 14:27:48.265509,,disk,21.9,agent
2026-04-08 14:28:18.575781,,cpu,99.0,agent
2026-04-08 14:28:18.575781,,memory,75.3,agent
2026-04-08 14:28:18.575781,,disk,21.9,agent
2026-04-08 14:28:19.305521,,cpu,88.4,agent
2026-04-08 14:28:19.305521,,memory,77.7,agent
2026-04-08 14:28:19.305521,,disk,21.9,agent
2026-04-08 14:28:22.524351,i-00dfb80a59da9a56d,cpu,57.16814579240068,cloudwatch
2026-04-08 14:28:49.615576,,cpu,38.0,agent
2026-04-08 14:28:49.615576,,memory,68.8,agent
2026-04-08 14:28:49.615576,,disk,21.9,agent
2026-04-08 14:28:50.365531,,cpu,74.8,agent
2026-04-08 14:28:50.365531,,memory,70.6,agent
2026-04-08 14:28:50.365531,,disk,21.9,agent
2026-04-08 14:29:20.628772,,cpu,38.6,agent
2026-04-08 14:29:20.628772,,memory,69.1,agent
2026-04-08 14:29:20.628772,,disk,21.9,agent
2026-04-08 14:29:21.445581,,cpu,38.8,agent
2026-04-08 14:29:21.445581,,memory,69.1,agent
2026-04-08 14:29:21.445581,,disk,21.9,agent
2026-04-08 14:29:23.219252,i-00dfb80a59da9a56d,cpu,57.951098500484825,cloudwatch
2026-04-08 14:29:51.667325,,cpu,37.4,agent
2026-04-08 14:29:51.667325,,memory,68.8,agent
2026-04-08 14:29:51.667325,,disk,21.9,agent
2026-04-08 14:29:52.486084,,cpu,38.2,agent
2026-04-08 14:29:52.486084,,memory,68.8,agent
2026-04-08 14:29:52.486084,,disk,21.9,agent
2026-04-08 14:30:22.706165,,cpu,47.5,agent
2026-04-08 14:30:22.706165,,memory,68.7,agent
2026-04-08 14:30:22.706165,,disk,21.9,agent
2026-04-08 14:30:23.509535,,cpu,38.4,agent
2026-04-08 14:30:23.509535,,memory,68.7,agent
2026-04-08 14:30:23.509535,,disk,21.9,agent
2026-04-08 14:30:24.011655,i-00dfb80a59da9a56d,cpu,57.78421213372119,cloudwatch
2026-04-08 14:30:53.745539,,cpu,100.0,agent
2026-04-08 14:30:53.745539,,memory,78.6,agent
2026-04-08 14:30:53.745539,,disk,21.9,agent
2026-04-08 14:30:54.545537,,cpu,87.9,agent
2026-04-08 14:30:54.545537,,memory,78.6,agent
2026-04-08 14:30:54.545537,,disk,21.9,agent
2026-04-08 14:31:24.684246,i-00dfb80a59da9a56d,cpu,57.76815703153618,cloudwatch
2026-04-08 14:31:24.792184,,cpu,91.1,agent
2026-04-08 14:31:24.792184,,memory,72.4,agent
2026-04-08 14:31:24.792184,,disk,21.9,agent
2026-04-08 14:31:25.585524,,cpu,99.0,agent
2026-04-08 14:31:25.585524,,memory,74.2,agent
2026-04-08 14:31:25.585524,,disk,21.9,agent
2026-04-08 14:31:55.931496,,cpu,35.2,agent
2026-04-08 14:31:55.931496,,memory,68.8,agent
2026-04-08 14:31:55.931496,,disk,21.9,agent
2026-04-08 14:31:56.645764,,cpu,30.3,agent
2026-04-08 14:31:56.645764,,memory,68.8,agent
2026-04-08 14:31:56.645764,,disk,21.9,agent
2026-04-08 14:32:25.625930,i-00dfb80a59da9a56d,cpu,58.225605516269525,cloudwatch
2026-04-08 14:32:26.965493,,cpu,29.4,agent
2026-04-08 14:32:26.965493,,memory,68.9,agent
2026-04-08 14:32:26.965493,,disk,21.9,agent
2026-04-08 14:32:27.685519,,cpu,34.7,agent
2026-04-08 14:32:27.685519,,memory,68.9,agent
2026-04-08 14:32:27.685519,,disk,21.9,agent
2026-04-08 14:32:57.995769,,cpu,32.8,agent
2026-04-08 14:32:57.995769,,memory,68.8,agent
2026-04-08 14:32:57.995769,,disk,21.9,agent
2026-04-08 14:32:58.724237,,cpu,38.6,agent
2026-04-08 14:32:58.724237,,memory,68.8,agent
2026-04-08 14:32:58.724237,,disk,21.9,agent
2026-04-08 14:33:26.349246,i-00dfb80a59da9a56d,cpu,58.24212080386881,cloudwatch
2026-04-08 14:33:29.035587,,cpu,97.5,agent
2026-04-08 14:33:29.035587,,memory,68.9,agent
2026-04-08 14:33:29.035587,,disk,21.9,agent
2026-04-08 14:33:29.765559,,cpu,52.8,agent
2026-04-08 14:33:29.765559,,memory,69.0,agent
2026-04-08 14:33:29.765559,,disk,21.9,agent
2026-04-08 14:34:00.095628,,cpu,98.0,agent
2026-04-08 14:34:00.095628,,memory,78.7,agent
2026-04-08 14:34:00.095628,,disk,21.9,agent
2026-04-08 14:34:00.804652,,cpu,87.9,agent
2026-04-08 14:34:00.804652,,memory,78.7,agent
2026-04-08 14:34:00.804652,,disk,21.9,agent
2026-04-08 14:34:27.323415,i-00dfb80a59da9a56d,cpu,58.10369664309504,cloudwatch
2026-04-08 14:34:31.875549,,cpu,86.9,agent
2026-04-08 14:34:31.875549,,memory,71.2,agent
2026-04-08 14:34:31.875549,,disk,21.9,agent
2026-04-08 14:35:02.946996,,cpu,53.4,agent
2026-04-08 14:35:02.946996,,memory,68.9,agent
2026-04-08 14:35:02.946996,,disk,21.9,agent
2026-04-08 14:35:33.214946,,cpu,34.3,agent
2026-04-08 14:35:33.214946,,memory,68.8,agent
2026-04-08 14:35:33.214946,,disk,21.9,agent
2026-04-08 14:36:04.255503,,cpu,100.0,agent
2026-04-08 14:36:04.255503,,memory,95.9,agent
2026-04-08 14:36:04.255503,,disk,21.9,agent
2026-04-08 14:36:29.208498,i-00dfb80a59da9a56d,cpu,67.74554902956537,cloudwatch
2026-04-08 14:36:36.075730,,cpu,100.0,agent
2026-04-08 14:36:36.075730,,memory,67.9,agent
2026-04-08 14:36:36.075730,,disk,21.9,agent
2026-04-08 14:37:07.116108,,cpu,100.0,agent
2026-04-08 14:37:07.116108,,memory,79.1,agent
2026-04-08 14:37:07.116108,,disk,21.9,agent
2026-04-08 14:37:37.444318,,cpu,100.0,agent
2026-04-08 14:37:37.444318,,memory,73.6,agent
2026-04-08 14:37:37.444318,,disk,21.9,agent
2026-04-08 14:38:08.485616,,cpu,33.2,agent
2026-04-08 14:38:08.485616,,memory,68.0,agent
2026-04-08 14:38:08.485616,,disk,21.9,agent
2026-04-08 14:38:32.208282,i-00dfb80a59da9a56d,cpu,78.1605876508406,cloudwatch
2026-04-08 14:38:40.455697,,cpu,41.0,agent
2026-04-08 14:38:40.455697,,memory,68.9,agent
2026-04-08 14:38:40.455697,,disk,21.9,agent
2026-04-08 14:39:11.485536,,cpu,34.8,agent
2026-04-08 14:39:11.485536,,memory,68.5,agent
2026-04-08 14:39:11.485536,,disk,21.9,agent
2026-04-08 14:39:41.607648,,cpu,85.9,agent
2026-04-08 14:39:41.607648,,memory,68.4,agent
2026-04-08 14:39:41.607648,,disk,21.9,agent
2026-04-08 14:40:12.645673,,cpu,96.5,agent
2026-04-08 14:40:12.645673,,memory,77.7,agent
2026-04-08 14:40:12.645673,,disk,21.9,agent
2026-04-08 14:40:33.766168,i-00dfb80a59da9a56d,cpu,75.03991757892047,cloudwatch
2026-04-08 14:40:44.645516,,cpu,93.0,agent
2026-04-08 14:40:44.645516,,memory,73.9,agent
2026-04-08 14:40:44.645516,,disk,21.9,agent
2026-04-08 14:41:15.681223,,cpu,38.4,agent
2026-04-08 14:41:15.681223,,memory,68.9,agent
2026-04-08 14:41:15.681223,,disk,21.9,agent
2026-04-08 14:41:45.793946,,cpu,40.0,agent
2026-04-08 14:41:45.793946,,memory,68.9,agent
2026-04-08 14:41:45.793946,,disk,21.9,agent
2026-04-08 14:42:16.836282,,cpu,38.0,agent
2026-04-08 14:42:16.836282,,memory,68.5,agent
2026-04-08 14:42:16.836282,,disk,21.9,agent
2026-04-08 14:42:35.657463,i-00dfb80a59da9a56d,cpu,57.969388331891516,cloudwatch
2026-04-08 16:18:27.565511,,cpu,62.2,agent
2026-04-08 16:18:27.565511,,memory,69.5,agent
2026-04-08 16:18:27.565511,,disk,21.9,agent
2026-04-08 16:18:48.044306,i-00dfb80a59da9a56d,cpu,54.418827957367235,cloudwatch
2026-04-08 16:19:31.035584,,cpu,37.7,agent
2026-04-08 16:19:31.035584,,memory,69.8,agent
2026-04-08 16:19:31.035584,,disk,21.9,agent
2026-04-08 16:20:00.655609,,cpu,38.9,agent
2026-04-08 16:20:00.655609,,memory,69.8,agent
2026-04-08 16:20:00.655609,,disk,21.9,agent
2026-04-08 16:20:33.115594,,cpu,30.7,agent
2026-04-08 16:20:33.115594,,memory,69.6,agent
2026-04-08 16:20:33.115594,,disk,21.9,agent
2026-04-08 16:21:33.756022,,cpu,38.0,agent
2026-04-08 16:21:33.756022,,memory,69.8,agent
2026-04-08 16:21:33.756022,,disk,21.9,agent
2026-04-08 16:22:35.794365,,cpu,38.3,agent
2026-04-08 16:22:35.794365,,memory,69.8,agent
2026-04-08 16:22:35.794365,,disk,21.9,agent
2026-04-08 16:23:37.865544,,cpu,38.5,agent
2026-04-08 16:23:37.865544,,memory,69.8,agent
2026-04-08 16:23:37.865544,,disk,21.9,agent
2026-04-08 16:23:52.013945,i-00dfb80a59da9a56d,cpu,54.77541643728208,cloudwatch
2026-04-08 16:24:10.355527,,cpu,38.0,agent
2026-04-08 16:24:10.355527,,memory,69.9,agent
2026-04-08 16:24:10.355527,,disk,21.9,agent
2026-04-08 16:25:42.025555,,cpu,38.2,agent
2026-04-08 16:25:42.025555,,memory,70.0,agent
2026-04-08 16:25:42.025555,,disk,21.9,agent
2026-04-08 16:26:14.498463,,cpu,30.0,agent
2026-04-08 16:26:14.498463,,memory,69.8,agent
2026-04-08 16:26:14.498463,,disk,21.9,agent
2026-04-08 16:26:45.540827,,cpu,33.8,agent
2026-04-08 16:26:45.540827,,memory,70.5,agent
2026-04-08 16:26:45.540827,,disk,21.9,agent
2026-04-08 16:27:16.573254,,cpu,37.4,agent
2026-04-08 16:27:16.573254,,memory,69.9,agent
2026-04-08 16:27:16.573254,,disk,21.9,agent
2026-04-08 16:27:47.615843,,cpu,50.5,agent
2026-04-08 16:27:47.615843,,memory,70.8,agent
2026-04-08 16:27:47.615843,,disk,21.9,agent
2026-04-08 16:28:55.703843,i-00dfb80a59da9a56d,cpu,55.40433849825587,cloudwatch
2026-04-08 16:29:56.636792,i-00dfb80a59da9a56d,cpu,55.44680413193803,cloudwatch
2026-04-08 16:30:57.323027,i-00dfb80a59da9a56d,cpu,55.44680413193803,cloudwatch
2026-04-08 16:31:58.015910,i-00dfb80a59da9a56d,cpu,54.35929299501193,cloudwatch
2026-04-08 16:32:58.983073,i-00dfb80a59da9a56d,cpu,54.488554604931075,cloudwatch
2026-04-08 16:33:58.665562,,cpu,55.2,agent
2026-04-08 16:33:58.665562,,memory,69.9,agent
2026-04-08 16:33:58.665562,,disk,21.9,agent
2026-04-08 16:34:31.184360,,cpu,38.6,agent
2026-04-08 14:34:31.135554,,cpu,50.7,agent
2026-04-08 14:34:31.135554,,memory,69.6,agent
2026-04-08 14:34:31.135554,,disk,21.9,agent
2026-04-08 14:35:02.179611,,cpu,40.6,agent
2026-04-08 14:35:02.179611,,memory,68.9,agent
2026-04-08 14:35:02.179611,,disk,21.9,agent
2026-04-08 14:35:28.194374,i-00dfb80a59da9a56d,cpu,58.10369664309504,cloudwatch
2026-04-08 14:35:33.985538,,cpu,41.0,agent
2026-04-08 14:35:33.985538,,memory,68.8,agent
2026-04-08 14:35:33.985538,,disk,21.9,agent
2026-04-08 14:36:05.025719,,cpu,100.0,agent
2026-04-08 14:36:05.025719,,memory,77.0,agent
2026-04-08 14:36:05.025719,,disk,21.9,agent
2026-04-08 14:36:35.345720,,cpu,100.0,agent
2026-04-08 14:36:35.345720,,memory,67.9,agent
2026-04-08 14:36:35.345720,,disk,21.9,agent
2026-04-08 14:37:06.385540,,cpu,100.0,agent
2026-04-08 14:37:06.385540,,memory,79.1,agent
2026-04-08 14:37:06.385540,,disk,21.9,agent
2026-04-08 14:37:30.955066,i-00dfb80a59da9a56d,cpu,78.49481042711703,cloudwatch
2026-04-08 14:37:38.335554,,cpu,100.0,agent
2026-04-08 14:37:38.335554,,memory,75.6,agent
2026-04-08 14:37:38.335554,,disk,21.9,agent
2026-04-08 14:38:09.401766,,cpu,36.2,agent
2026-04-08 14:38:09.401766,,memory,68.0,agent
2026-04-08 14:38:09.401766,,disk,21.9,agent
2026-04-08 14:38:39.524384,,cpu,38.0,agent
2026-04-08 14:38:39.524384,,memory,68.9,agent
2026-04-08 14:38:39.524384,,disk,21.9,agent
2026-04-08 14:39:10.565602,,cpu,38.3,agent
2026-04-08 14:39:10.565602,,memory,68.5,agent
2026-04-08 14:39:10.565602,,disk,21.9,agent
2026-04-08 14:39:33.054875,i-00dfb80a59da9a56d,cpu,75.03991757892047,cloudwatch
2026-04-08 14:39:42.521837,,cpu,41.8,agent
2026-04-08 14:39:42.521837,,memory,68.4,agent
2026-04-08 14:39:42.521837,,disk,21.9,agent
2026-04-08 14:40:13.555566,,cpu,87.9,agent
2026-04-08 14:40:13.555566,,memory,78.4,agent
2026-04-08 14:40:13.555566,,disk,21.9,agent
2026-04-08 14:40:43.715537,,cpu,92.0,agent
2026-04-08 14:40:43.715537,,memory,71.9,agent
2026-04-08 14:40:43.715537,,disk,21.9,agent
2026-04-08 14:41:14.751486,,cpu,38.0,agent
2026-04-08 14:41:14.751486,,memory,68.9,agent
2026-04-08 14:41:14.751486,,disk,21.9,agent
2026-04-08 14:41:34.655575,i-00dfb80a59da9a56d,cpu,58.734653545868575,cloudwatch
2026-04-08 14:41:46.715845,,cpu,38.8,agent
2026-04-08 14:41:46.715845,,memory,68.9,agent
2026-04-08 14:41:46.715845,,disk,21.9,agent
2026-04-08 14:42:17.757308,,cpu,37.9,agent
2026-04-08 14:42:17.757308,,memory,68.5,agent
2026-04-08 14:42:17.757308,,disk,21.9,agent
2026-04-08 14:42:48.795568,,cpu,87.9,agent
2026-04-08 14:42:48.795568,,memory,65.7,agent
2026-04-08 14:42:48.795568,,disk,21.9,agent
2026-04-08 14:42:47.894322,,cpu,100.0,agent
2026-04-08 14:42:47.894322,,memory,75.8,agent
2026-04-08 14:42:47.894322,,disk,21.9,agent
2026-04-08 14:42:51.555133,i-00dfb80a59da9a56d,cpu,57.969388331891516,cloudwatch
2026-04-08 14:43:22.465528,,cpu,70.5,agent
2026-04-08 14:43:22.465528,,memory,68.4,agent
2026-04-08 14:43:22.465528,,disk,21.9,agent
2026-04-08 14:43:22.467703,,cpu,70.5,agent
2026-04-08 14:43:22.467703,,memory,68.4,agent
2026-04-08 14:43:22.467703,,disk,21.9,agent
2026-04-08 14:43:52.885047,i-00dfb80a59da9a56d,cpu,59.32707125291917,cloudwatch
2026-04-08 14:43:53.515589,,cpu,96.5,agent
2026-04-08 14:43:53.515589,,memory,79.9,agent
2026-04-08 14:43:53.515589,,disk,21.9,agent
2026-04-08 14:43:53.534481,,cpu,96.0,agent
2026-04-08 14:43:53.534481,,memory,79.9,agent
2026-04-08 14:43:53.534481,,disk,21.9,agent
2026-04-08 14:44:24.554382,,cpu,70.4,agent
2026-04-08 14:44:24.554382,,memory,70.4,agent
2026-04-08 14:44:24.554382,,disk,21.9,agent
2026-04-08 14:44:24.575587,,cpu,71.3,agent
2026-04-08 14:44:24.575587,,memory,70.4,agent
2026-04-08 14:44:24.575587,,disk,21.9,agent
2026-04-08 14:44:53.792108,i-00dfb80a59da9a56d,cpu,58.96425113342654,cloudwatch
2026-04-08 14:44:55.805526,,cpu,39.2,agent
2026-04-08 14:44:55.805526,,memory,69.2,agent
2026-04-08 14:44:55.805526,,disk,21.9,agent
2026-04-08 14:44:55.815771,,cpu,39.7,agent
2026-04-08 14:44:55.815771,,memory,69.2,agent
2026-04-08 14:44:55.815771,,disk,21.9,agent
2026-04-08 14:45:26.835673,,cpu,37.5,agent
2026-04-08 14:45:26.835673,,memory,69.4,agent
2026-04-08 14:45:26.835673,,disk,21.9,agent
2026-04-08 14:45:26.855621,,cpu,37.9,agent
2026-04-08 14:45:26.855621,,memory,69.4,agent
2026-04-08 14:45:26.855621,,disk,21.9,agent
2026-04-08 14:45:54.695599,i-00dfb80a59da9a56d,cpu,58.96425113342654,cloudwatch
2026-04-08 14:45:57.875588,,cpu,38.6,agent
2026-04-08 14:45:57.875588,,memory,68.9,agent
2026-04-08 14:45:57.875588,,disk,21.9,agent
2026-04-08 14:45:58.065530,,cpu,37.4,agent
2026-04-08 14:45:58.065530,,memory,68.9,agent
2026-04-08 14:45:58.065530,,disk,21.9,agent
2026-04-08 14:46:28.915529,,cpu,87.9,agent
2026-04-08 14:46:28.915529,,memory,79.4,agent
2026-04-08 14:46:28.915529,,disk,21.9,agent
2026-04-08 14:46:29.105536,,cpu,87.9,agent
2026-04-08 14:46:29.105536,,memory,79.4,agent
2026-04-08 14:46:29.105536,,disk,21.9,agent
2026-04-08 14:46:55.625568,i-00dfb80a59da9a56d,cpu,58.897527557154035,cloudwatch
2026-04-08 14:47:00.164369,,cpu,88.1,agent
2026-04-08 14:47:00.164369,,memory,77.8,agent
2026-04-08 14:47:00.164369,,disk,21.9,agent
2026-04-08 16:18:28.955574,,cpu,40.5,agent
2026-04-08 16:18:28.955574,,memory,69.5,agent
2026-04-08 16:18:28.955574,,disk,21.9,agent
2026-04-08 16:18:58.605535,,cpu,29.9,agent
2026-04-08 16:18:58.605535,,memory,69.6,agent
2026-04-08 16:18:58.605535,,disk,21.9,agent
2026-04-08 16:19:48.669586,i-00dfb80a59da9a56d,cpu,54.39308058192189,cloudwatch
2026-04-08 16:20:31.673451,,cpu,35.2,agent
2026-04-08 16:20:31.673451,,memory,69.6,agent
2026-04-08 16:20:31.673451,,disk,21.9,agent
2026-04-08 16:20:49.307532,i-00dfb80a59da9a56d,cpu,54.39308058192189,cloudwatch
2026-04-08 16:21:35.187817,,cpu,34.8,agent
2026-04-08 16:21:35.187817,,memory,69.8,agent
2026-04-08 16:21:35.187817,,disk,21.9,agent
2026-04-08 16:21:50.408798,i-00dfb80a59da9a56d,cpu,54.31749954123083,cloudwatch
2026-04-08 16:22:37.235678,,cpu,36.0,agent
2026-04-08 16:22:37.235678,,memory,69.8,agent
2026-04-08 16:22:37.235678,,disk,21.9,agent
2026-04-08 16:23:08.276160,,cpu,37.7,agent
2026-04-08 16:23:08.276160,,memory,69.9,agent
2026-04-08 16:23:08.276160,,disk,21.9,agent
2026-04-08 16:24:39.946077,,cpu,29.6,agent
2026-04-08 16:24:39.946077,,memory,69.9,agent
2026-04-08 16:24:39.946077,,disk,21.9,agent
2026-04-08 16:25:10.985583,,cpu,37.7,agent
2026-04-08 16:25:10.985583,,memory,69.9,agent
2026-04-08 16:25:10.985583,,disk,21.9,agent
2026-04-08 16:26:44.106179,,cpu,53.3,agent
2026-04-08 16:26:44.106179,,memory,70.5,agent
2026-04-08 16:26:44.106179,,disk,21.9,agent
2026-04-08 16:27:55.053128,i-00dfb80a59da9a56d,cpu,55.591895775452265,cloudwatch
2026-04-08 16:29:19.295577,,cpu,55.0,agent
2026-04-08 16:29:19.295577,,memory,71.0,agent
2026-04-08 16:29:19.295577,,disk,21.9,agent
2026-04-08 16:30:21.376934,,cpu,87.5,agent
2026-04-08 16:30:21.376934,,memory,73.4,agent
2026-04-08 16:30:21.376934,,disk,21.9,agent
2026-04-08 16:31:23.465520,,cpu,88.0,agent
2026-04-08 16:31:23.465520,,memory,76.9,agent
2026-04-08 16:31:23.465520,,disk,21.9,agent
2026-04-08 16:32:25.547821,,cpu,93.5,agent
2026-04-08 16:32:25.547821,,memory,79.7,agent
2026-04-08 16:32:25.547821,,disk,21.9,agent
2026-04-08 16:33:59.633524,i-00dfb80a59da9a56d,cpu,54.52128232452344,cloudwatch
2026-04-08 16:34:31.184360,,disk,21.9,agent
2026-04-08 16:35:00.745546,,cpu,54.8,agent
2026-04-08 16:35:00.745546,,memory,69.9,agent
2026-04-08 16:35:00.745546,,disk,21.9,agent
2026-04-08 16:35:31.773348,,cpu,39.5,agent
2026-04-08 16:35:31.773348,,memory,69.9,agent
2026-04-08 16:35:31.773348,,disk,21.9,agent
2026-04-08 16:36:01.221031,i-00dfb80a59da9a56d,cpu,54.46666666666666,cloudwatch
2026-04-08 16:36:04.275636,,cpu,42.9,agent
2026-04-08 16:36:04.275636,,memory,70.0,agent
2026-04-08 16:36:04.275636,,disk,21.9,agent
2026-04-08 16:36:35.305535,,cpu,30.2,agent
2026-04-08 16:36:35.305535,,memory,69.9,agent
2026-04-08 16:36:35.305535,,disk,21.9,agent
2026-04-08 16:37:02.420324,i-00dfb80a59da9a56d,cpu,54.791666666666664,cloudwatch
2026-04-08 16:37:05.207024,,cpu,35.9,agent
2026-04-08 16:37:05.207024,,memory,70.0,agent
2026-04-08 16:37:05.207024,,disk,21.9,agent
2026-04-08 16:37:37.375385,,cpu,36.7,agent
2026-04-08 16:37:37.375385,,memory,70.0,agent
2026-04-08 16:37:37.375385,,disk,21.9,agent
2026-04-08 16:38:07.345536,,cpu,39.7,agent
2026-04-08 16:38:07.345536,,memory,70.1,agent
2026-04-08 16:38:07.345536,,disk,21.9,agent
2026-04-08 16:38:08.405556,,cpu,29.5,agent
2026-04-08 16:38:08.405556,,memory,70.1,agent
2026-04-08 16:38:08.405556,,disk,21.9,agent
2026-04-08 16:39:09.455663,,cpu,35.0,agent
2026-04-08 16:39:09.455663,,memory,70.1,agent
2026-04-08 16:39:09.455663,,disk,21.9,agent
2026-04-08 16:39:10.475809,,cpu,40.5,agent
2026-04-08 16:39:10.475809,,memory,70.1,agent
2026-04-08 16:39:10.475809,,disk,21.9,agent
2026-04-08 16:40:05.375180,i-00dfb80a59da9a56d,cpu,55.20778726876133,cloudwatch
2026-04-08 16:40:11.535614,,memory,70.1,agent
2026-04-08 16:40:11.535614,,disk,21.9,agent
2026-04-08 16:40:12.545503,,cpu,39.8,agent
2026-04-08 16:40:12.545503,,memory,70.1,agent
2026-04-08 16:40:12.545503,,disk,21.9,agent
2026-04-08 16:40:42.575538,,cpu,38.4,agent
2026-04-08 16:40:42.575538,,memory,70.1,agent
2026-04-08 16:40:42.575538,,disk,21.9,agent
2026-04-08 16:40:43.585467,,cpu,57.5,agent
2026-04-08 16:40:43.585467,,memory,70.1,agent
2026-04-08 16:40:43.585467,,disk,21.9,agent
2026-04-08 16:41:06.350930,i-00dfb80a59da9a56d,cpu,55.25,cloudwatch
2026-04-08 16:41:13.615559,,cpu,37.7,agent
2026-04-08 16:41:13.615559,,memory,70.1,agent
2026-04-08 16:41:13.615559,,disk,21.9,agent
2026-04-08 16:41:14.625498,,cpu,34.5,agent
2026-04-08 16:41:14.625498,,memory,70.1,agent
2026-04-08 16:41:14.625498,,disk,21.9,agent
2026-04-08 16:41:44.653129,,cpu,33.3,agent
2026-04-08 16:41:44.653129,,memory,70.1,agent
2026-04-08 16:41:44.653129,,disk,21.9,agent
2026-04-08 16:41:45.664344,,cpu,42.5,agent
2026-04-08 14:46:59.955561,,cpu,87.9,agent
2026-04-08 14:46:59.955561,,memory,77.4,agent
2026-04-08 14:46:59.955561,,disk,21.9,agent
2026-04-08 14:47:31.028329,,cpu,56.7,agent
2026-04-08 14:47:31.028329,,memory,70.2,agent
2026-04-08 14:47:31.028329,,disk,21.9,agent
2026-04-08 14:47:31.408922,,cpu,75.9,agent
2026-04-08 14:47:31.408922,,memory,70.9,agent
2026-04-08 14:47:31.408922,,disk,21.9,agent
2026-04-08 14:50:13.409852,i-00dfb80a59da9a56d,cpu,52.29943651040812,cloudwatch
2026-04-08 14:50:37.215740,,cpu,32.2,agent
2026-04-08 14:50:37.215740,,memory,68.2,agent
2026-04-08 14:50:37.215740,,disk,21.9,agent
2026-04-08 14:50:37.683883,,cpu,39.3,agent
2026-04-08 14:50:37.683883,,memory,68.2,agent
2026-04-08 14:50:37.683883,,disk,21.9,agent
2026-04-08 14:51:08.255572,,cpu,39.8,agent
2026-04-08 14:51:08.255572,,memory,68.4,agent
2026-04-08 14:51:08.255572,,disk,21.9,agent
2026-04-08 14:51:08.715637,,cpu,39.1,agent
2026-04-08 14:51:08.715637,,memory,68.4,agent
2026-04-08 14:51:08.715637,,disk,21.9,agent
2026-04-08 14:51:14.730177,i-00dfb80a59da9a56d,cpu,51.00970582849151,cloudwatch
2026-04-08 14:51:39.295587,,cpu,40.8,agent
2026-04-08 14:51:39.295587,,memory,68.8,agent
2026-04-08 14:51:39.295587,,disk,21.9,agent
2026-04-08 14:51:39.755820,,cpu,40.8,agent
2026-04-08 14:51:39.755820,,memory,68.8,agent
2026-04-08 14:51:39.755820,,disk,21.9,agent
2026-04-08 14:52:10.334663,,cpu,40.6,agent
2026-04-08 14:52:10.334663,,memory,69.2,agent
2026-04-08 14:52:10.334663,,disk,21.9,agent
2026-04-08 14:52:10.795676,,cpu,38.4,agent
2026-04-08 14:52:10.795676,,memory,69.2,agent
2026-04-08 14:52:10.795676,,disk,21.9,agent
2026-04-08 14:52:15.658196,i-00dfb80a59da9a56d,cpu,54.42881800860113,cloudwatch
2026-04-08 14:52:41.375632,,cpu,38.4,agent
2026-04-08 14:52:41.375632,,memory,68.8,agent
2026-04-08 14:52:41.375632,,disk,21.9,agent
2026-04-08 14:52:41.835600,,cpu,40.7,agent
2026-04-08 14:52:41.835600,,memory,68.8,agent
2026-04-08 14:52:41.835600,,disk,21.9,agent
2026-04-08 14:53:12.485525,,cpu,39.5,agent
2026-04-08 14:53:12.485525,,memory,68.6,agent
2026-04-08 14:53:12.485525,,disk,21.9,agent
2026-04-08 14:53:12.875684,,cpu,39.7,agent
2026-04-08 14:53:12.875684,,memory,68.6,agent
2026-04-08 14:53:12.875684,,disk,21.9,agent
2026-04-08 14:53:16.676706,i-00dfb80a59da9a56d,cpu,54.73032311684519,cloudwatch
2026-04-08 14:53:43.645507,,cpu,37.8,agent
2026-04-08 14:53:43.645507,,memory,68.7,agent
2026-04-08 14:53:43.645507,,disk,21.9,agent
2026-04-08 14:53:43.906577,,cpu,41.3,agent
2026-04-08 14:53:43.906577,,memory,68.7,agent
2026-04-08 14:53:43.906577,,disk,21.9,agent
2026-04-08 14:54:14.685566,,cpu,38.0,agent
2026-04-08 14:54:14.685566,,memory,68.5,agent
2026-04-08 14:54:14.685566,,disk,21.9,agent
2026-04-08 14:54:14.945512,,cpu,35.3,agent
2026-04-08 14:54:14.945512,,memory,68.5,agent
2026-04-08 14:54:14.945512,,disk,21.9,agent
2026-04-08 14:54:17.504996,i-00dfb80a59da9a56d,cpu,54.964409004300556,cloudwatch
2026-04-08 14:54:45.725511,,cpu,35.8,agent
2026-04-08 14:54:45.725511,,memory,68.6,agent
2026-04-08 14:54:45.725511,,disk,21.9,agent
2026-04-08 14:54:45.964254,,cpu,35.0,agent
2026-04-08 14:54:45.964254,,memory,68.6,agent
2026-04-08 14:54:45.964254,,disk,21.9,agent
2026-04-08 14:55:16.755837,,cpu,31.0,agent
2026-04-08 14:55:16.755837,,memory,68.6,agent
2026-04-08 14:55:16.755837,,disk,21.9,agent
2026-04-08 14:55:17.085562,,cpu,40.2,agent
2026-04-08 14:55:17.085562,,memory,68.6,agent
2026-04-08 14:55:17.085562,,disk,21.9,agent
2026-04-08 14:55:18.304315,i-00dfb80a59da9a56d,cpu,54.944860536773774,cloudwatch
2026-04-08 14:55:47.795608,,cpu,30.0,agent
2026-04-08 14:55:47.795608,,memory,68.6,agent
2026-04-08 14:55:47.795608,,disk,21.9,agent
2026-04-08 14:55:48.185563,,cpu,38.5,agent
2026-04-08 14:55:48.185563,,memory,68.6,agent
2026-04-08 14:55:48.185563,,disk,21.9,agent
2026-04-08 14:56:18.835747,,cpu,34.3,agent
2026-04-08 14:56:18.835747,,memory,68.6,agent
2026-04-08 14:56:18.835747,,disk,21.9,agent
2026-04-08 14:56:18.893423,i-00dfb80a59da9a56d,cpu,55.13836624596223,cloudwatch
2026-04-08 14:56:19.225586,,cpu,52.7,agent
2026-04-08 14:56:19.225586,,memory,68.6,agent
2026-04-08 14:56:19.225586,,disk,21.9,agent
2026-04-08 14:56:49.875639,,cpu,35.8,agent
2026-04-08 14:56:49.875639,,memory,68.8,agent
2026-04-08 14:56:49.875639,,disk,21.9,agent
2026-04-08 14:56:50.265553,,cpu,45.3,agent
2026-04-08 14:56:50.265553,,memory,69.2,agent
2026-04-08 14:56:50.265553,,disk,21.9,agent
2026-04-08 14:57:19.841869,i-00dfb80a59da9a56d,cpu,54.933134943073874,cloudwatch
2026-04-08 14:57:20.915539,,cpu,56.3,agent
2026-04-08 14:57:20.915539,,memory,69.7,agent
2026-04-08 14:57:20.915539,,disk,21.9,agent
2026-04-08 14:57:21.335593,,cpu,79.5,agent
2026-04-08 14:57:21.335593,,memory,70.2,agent
2026-04-08 14:57:21.335593,,disk,21.9,agent
2026-04-08 14:57:51.988693,,cpu,80.1,agent
2026-04-08 14:57:51.988693,,memory,70.8,agent
2026-04-08 14:57:51.988693,,disk,21.9,agent
2026-04-08 14:57:52.375488,,cpu,100.0,agent
2026-04-08 14:57:52.375488,,memory,71.6,agent
2026-04-08 14:57:52.375488,,disk,21.9,agent
2026-04-08 14:58:23.025482,,cpu,86.9,agent
2026-04-08 14:58:23.025482,,memory,72.1,agent
2026-04-08 14:58:23.025482,,disk,21.9,agent
2026-04-08 14:58:54.065001,,cpu,89.6,agent
2026-04-08 14:58:54.065001,,memory,73.9,agent
2026-04-08 14:58:54.065001,,disk,21.9,agent
2026-04-08 14:59:21.553597,i-00dfb80a59da9a56d,cpu,54.61201481739171,cloudwatch
2026-04-08 14:59:25.544352,,cpu,93.6,agent
2026-04-08 14:59:25.544352,,memory,75.7,agent
2026-04-08 14:59:25.544352,,disk,21.9,agent
2026-04-08 14:59:56.585533,,cpu,87.5,agent
2026-04-08 14:59:56.585533,,memory,77.1,agent
2026-04-08 14:59:56.585533,,disk,21.9,agent
2026-04-08 15:00:27.235568,,cpu,100.0,agent
2026-04-08 15:00:27.235568,,memory,77.2,agent
2026-04-08 15:00:27.235568,,disk,21.9,agent
2026-04-08 15:00:58.277499,,cpu,99.5,agent
2026-04-08 15:00:58.277499,,memory,78.2,agent
2026-04-08 15:00:58.277499,,disk,21.9,agent
2026-04-08 15:01:23.106579,i-00dfb80a59da9a56d,cpu,52.9342155702595,cloudwatch
2026-04-08 15:01:29.705534,,cpu,83.0,agent
2026-04-08 15:01:29.705534,,memory,68.8,agent
2026-04-08 15:01:29.705534,,disk,21.9,agent
2026-04-08 15:02:00.745416,,cpu,58.0,agent
2026-04-08 15:02:00.745416,,memory,68.7,agent
2026-04-08 15:02:00.745416,,disk,21.9,agent
2026-04-08 15:02:31.445963,,cpu,52.8,agent
2026-04-08 15:02:31.445963,,memory,68.9,agent
2026-04-08 15:02:31.445963,,disk,21.9,agent
2026-04-08 15:03:02.485650,,cpu,54.5,agent
2026-04-08 15:03:02.485650,,memory,69.1,agent
2026-04-08 15:03:02.485650,,disk,21.9,agent
2026-04-08 15:03:24.478605,i-00dfb80a59da9a56d,cpu,54.078788494922826,cloudwatch
2026-04-08 15:03:33.837559,,cpu,32.5,agent
2026-04-08 15:03:33.837559,,memory,68.8,agent
2026-04-08 15:03:33.837559,,disk,21.9,agent
2026-04-08 15:04:04.864964,,cpu,33.0,agent
2026-04-08 15:04:04.864964,,memory,68.8,agent
2026-04-08 15:04:04.864964,,disk,21.9,agent
2026-04-08 15:04:35.615569,,cpu,37.7,agent
2026-04-08 15:04:35.615569,,memory,69.0,agent
2026-04-08 15:04:35.615569,,disk,21.9,agent
2026-04-08 15:05:06.657067,,cpu,30.2,agent
2026-04-08 15:05:06.657067,,memory,68.8,agent
2026-04-08 15:05:06.657067,,disk,21.9,agent
2026-04-08 15:05:25.861946,i-00dfb80a59da9a56d,cpu,54.52828128903468,cloudwatch
2026-04-08 15:05:37.975606,,cpu,38.8,agent
2026-04-08 15:05:37.975606,,memory,68.8,agent
2026-04-08 15:05:37.975606,,disk,21.9,agent
2026-04-08 15:06:09.015707,,cpu,33.2,agent
2026-04-08 15:06:09.015707,,memory,69.3,agent
2026-04-08 15:06:09.015707,,disk,21.9,agent
2026-04-08 15:06:39.765852,,cpu,38.3,agent
2026-04-08 15:06:39.765852,,memory,68.8,agent
2026-04-08 15:06:39.765852,,disk,21.9,agent
2026-04-08 15:07:10.807076,,cpu,37.7,agent
2026-04-08 15:07:10.807076,,memory,68.8,agent
2026-04-08 15:07:10.807076,,disk,21.9,agent
2026-04-08 15:07:27.494775,i-00dfb80a59da9a56d,cpu,55.60020394072518,cloudwatch
2026-04-08 15:07:42.125565,,cpu,38.2,agent
2026-04-08 15:07:42.125565,,memory,68.8,agent
2026-04-08 15:07:42.125565,,disk,21.9,agent
2026-04-08 15:08:13.165524,,cpu,37.2,agent
2026-04-08 15:08:13.165524,,memory,68.8,agent
2026-04-08 15:08:13.165524,,disk,21.9,agent
2026-04-08 15:08:43.923555,,cpu,32.0,agent
2026-04-08 15:08:43.923555,,memory,68.9,agent
2026-04-08 15:08:43.923555,,disk,21.9,agent
2026-04-08 15:09:14.961997,,cpu,36.8,agent
2026-04-08 15:09:14.961997,,memory,68.8,agent
2026-04-08 15:09:14.961997,,disk,21.9,agent
2026-04-08 15:09:28.788489,i-00dfb80a59da9a56d,cpu,55.36389661664136,cloudwatch
2026-04-08 15:09:46.275609,,cpu,38.7,agent
2026-04-08 15:09:46.275609,,memory,68.9,agent
2026-04-08 15:09:46.275609,,disk,21.9,agent
2026-04-08 16:18:59.995810,,cpu,38.0,agent
2026-04-08 16:18:59.995810,,memory,69.6,agent
2026-04-08 16:18:59.995810,,disk,21.9,agent
2026-04-08 16:19:29.621255,,cpu,31.0,agent
2026-04-08 16:19:29.621255,,memory,69.8,agent
2026-04-08 16:19:29.621255,,disk,21.9,agent
2026-04-08 16:20:02.062135,,cpu,51.7,agent
2026-04-08 16:20:02.062135,,memory,69.8,agent
2026-04-08 16:20:02.062135,,disk,21.9,agent
2026-04-08 16:21:04.145534,,cpu,38.1,agent
2026-04-08 16:21:04.145534,,memory,69.8,agent
2026-04-08 16:21:04.145534,,disk,21.9,agent
2026-04-08 16:22:04.773276,,cpu,37.2,agent
2026-04-08 16:22:04.773276,,memory,69.8,agent
2026-04-08 16:22:04.773276,,disk,21.9,agent
2026-04-08 16:23:06.835618,,cpu,34.5,agent
2026-04-08 16:23:06.835618,,memory,69.9,agent
2026-04-08 16:23:06.835618,,disk,21.9,agent
2026-04-08 16:24:41.396805,,cpu,37.0,agent
2026-04-08 16:24:41.396805,,memory,69.9,agent
2026-04-08 16:24:41.396805,,disk,21.9,agent
2026-04-08 16:24:52.739794,i-00dfb80a59da9a56d,cpu,54.81803537101185,cloudwatch
2026-04-08 16:25:43.465737,,cpu,43.5,agent
2026-04-08 16:25:43.465737,,memory,70.0,agent
2026-04-08 16:25:43.465737,,disk,21.9,agent
2026-04-08 16:26:13.065588,,cpu,38.3,agent
2026-04-08 16:26:13.065588,,memory,69.8,agent
2026-04-08 14:58:20.485708,i-00dfb80a59da9a56d,cpu,54.70768642318895,cloudwatch
2026-04-08 14:58:23.415508,,cpu,85.9,agent
2026-04-08 14:58:23.415508,,memory,73.0,agent
2026-04-08 14:58:23.415508,,disk,21.9,agent
2026-04-08 14:58:54.465520,,cpu,89.6,agent
2026-04-08 14:58:54.465520,,memory,74.8,agent
2026-04-08 14:58:54.465520,,disk,21.9,agent
2026-04-08 14:59:25.145517,,cpu,87.9,agent
2026-04-08 14:59:25.145517,,memory,75.1,agent
2026-04-08 14:59:25.145517,,disk,21.9,agent
2026-04-08 14:59:56.195284,,cpu,87.5,agent
2026-04-08 14:59:56.195284,,memory,75.9,agent
2026-04-08 14:59:56.195284,,disk,21.9,agent
2026-04-08 15:00:22.478850,i-00dfb80a59da9a56d,cpu,54.55276413470868,cloudwatch
2026-04-08 15:00:27.625482,,cpu,87.5,agent
2026-04-08 15:00:27.625482,,memory,78.0,agent
2026-04-08 15:00:27.625482,,disk,21.9,agent
2026-04-08 15:00:58.665531,,cpu,87.5,agent
2026-04-08 15:00:58.665531,,memory,79.1,agent
2026-04-08 15:00:58.665531,,disk,21.9,agent
2026-04-08 15:01:29.345538,,cpu,88.1,agent
2026-04-08 15:01:29.345538,,memory,79.1,agent
2026-04-08 15:01:29.345538,,disk,21.9,agent
2026-04-08 15:02:00.415593,,cpu,77.0,agent
2026-04-08 15:02:00.415593,,memory,68.7,agent
2026-04-08 15:02:00.415593,,disk,21.9,agent
2026-04-08 15:02:23.773279,i-00dfb80a59da9a56d,cpu,54.078788494922826,cloudwatch
2026-04-08 15:02:31.786630,,cpu,38.1,agent
2026-04-08 15:02:31.786630,,memory,68.9,agent
2026-04-08 15:02:31.786630,,disk,21.9,agent
2026-04-08 15:03:02.825562,,cpu,40.5,agent
2026-04-08 15:03:02.825562,,memory,69.1,agent
2026-04-08 15:03:02.825562,,disk,21.9,agent
2026-04-08 15:03:33.534747,,cpu,38.0,agent
2026-04-08 15:03:33.534747,,memory,68.8,agent
2026-04-08 15:03:33.534747,,disk,21.9,agent
2026-04-08 15:04:04.576102,,cpu,37.4,agent
2026-04-08 15:04:04.576102,,memory,68.8,agent
2026-04-08 15:04:04.576102,,disk,21.9,agent
2026-04-08 15:04:25.166360,i-00dfb80a59da9a56d,cpu,54.52828128903468,cloudwatch
2026-04-08 15:04:35.905519,,cpu,34.2,agent
2026-04-08 15:04:35.905519,,memory,69.0,agent
2026-04-08 15:04:35.905519,,disk,21.9,agent
2026-04-08 15:05:06.935699,,cpu,38.2,agent
2026-04-08 15:05:06.935699,,memory,68.8,agent
2026-04-08 15:05:06.935699,,disk,21.9,agent
2026-04-08 15:05:37.695596,,cpu,29.5,agent
2026-04-08 15:05:37.695596,,memory,68.8,agent
2026-04-08 15:05:37.695596,,disk,21.9,agent
2026-04-08 15:06:08.725562,,cpu,37.7,agent
2026-04-08 15:06:08.725562,,memory,69.3,agent
2026-04-08 15:06:08.725562,,disk,21.9,agent
2026-04-08 15:06:26.829001,i-00dfb80a59da9a56d,cpu,55.564250164047465,cloudwatch
2026-04-08 15:06:40.048247,,cpu,31.0,agent
2026-04-08 15:06:40.048247,,memory,68.8,agent
2026-04-08 15:06:40.048247,,disk,21.9,agent
2026-04-08 15:07:11.085539,,cpu,38.7,agent
2026-04-08 15:07:11.085539,,memory,68.8,agent
2026-04-08 15:07:11.085539,,disk,21.9,agent
2026-04-08 15:07:41.845353,,cpu,31.2,agent
2026-04-08 15:07:41.845353,,memory,68.8,agent
2026-04-08 15:07:41.845353,,disk,21.9,agent
2026-04-08 15:08:12.882031,,cpu,38.0,agent
2026-04-08 15:08:12.882031,,memory,68.8,agent
2026-04-08 15:08:12.882031,,disk,21.9,agent
2026-04-08 15:08:28.105040,i-00dfb80a59da9a56d,cpu,55.438204104135046,cloudwatch
2026-04-08 15:08:44.201215,,cpu,39.8,agent
2026-04-08 15:08:44.201215,,memory,68.9,agent
2026-04-08 15:08:44.201215,,disk,21.9,agent
2026-04-08 15:09:15.235672,,cpu,32.8,agent
2026-04-08 15:09:15.235672,,memory,68.8,agent
2026-04-08 15:09:15.235672,,disk,21.9,agent
2026-04-08 15:09:46.002167,,cpu,32.5,agent
2026-04-08 15:09:46.002167,,memory,68.9,agent
2026-04-08 15:09:46.002167,,disk,21.9,agent
2026-04-08 15:10:17.042678,,cpu,37.2,agent
2026-04-08 15:10:17.042678,,memory,69.0,agent
2026-04-08 15:10:17.042678,,disk,21.9,agent
2026-04-08 15:10:17.315596,,cpu,38.5,agent
2026-04-08 15:10:17.315596,,memory,69.0,agent
2026-04-08 15:10:17.315596,,disk,21.9,agent
2026-04-08 15:10:29.620671,i-00dfb80a59da9a56d,cpu,55.36389661664136,cloudwatch
2026-04-08 15:10:48.075586,,cpu,38.0,agent
2026-04-08 15:10:48.075586,,memory,68.9,agent
2026-04-08 15:10:48.075586,,disk,21.9,agent
2026-04-08 15:10:48.357183,,cpu,32.3,agent
2026-04-08 15:10:48.357183,,memory,68.9,agent
2026-04-08 15:10:48.357183,,disk,21.9,agent
2026-04-08 15:11:19.115563,,cpu,38.0,agent
2026-04-08 15:11:19.115563,,memory,69.1,agent
2026-04-08 15:11:19.115563,,disk,21.9,agent
2026-04-08 15:11:19.397999,,cpu,32.5,agent
2026-04-08 15:11:19.397999,,memory,69.1,agent
2026-04-08 15:11:19.397999,,disk,21.9,agent
2026-04-08 15:11:30.475281,i-00dfb80a59da9a56d,cpu,53.8210165427499,cloudwatch
2026-04-08 15:11:50.155657,,cpu,30.5,agent
2026-04-08 15:11:50.155657,,memory,69.0,agent
2026-04-08 15:11:50.155657,,disk,21.9,agent
2026-04-08 15:11:50.437735,,cpu,38.2,agent
2026-04-08 15:11:50.437735,,memory,69.0,agent
2026-04-08 15:11:50.437735,,disk,21.9,agent
2026-04-08 15:12:21.195597,,cpu,39.4,agent
2026-04-08 15:12:21.195597,,memory,69.5,agent
2026-04-08 15:12:21.195597,,disk,21.9,agent
2026-04-08 15:12:21.479991,,cpu,38.2,agent
2026-04-08 15:12:21.479991,,memory,69.5,agent
2026-04-08 15:12:21.479991,,disk,21.9,agent
2026-04-08 15:12:52.235652,,cpu,31.8,agent
2026-04-08 15:12:52.235652,,memory,69.0,agent
2026-04-08 15:12:52.235652,,disk,21.9,agent
2026-04-08 15:13:23.271063,,cpu,56.0,agent
2026-04-08 15:13:23.271063,,memory,70.3,agent
2026-04-08 15:13:23.271063,,disk,21.9,agent
2026-04-08 15:13:31.614290,i-00dfb80a59da9a56d,cpu,53.7835648410867,cloudwatch
2026-04-08 15:13:54.635510,,cpu,88.0,agent
2026-04-08 15:13:54.635510,,memory,72.5,agent
2026-04-08 15:13:54.635510,,disk,21.9,agent
2026-04-08 15:14:25.675540,,cpu,95.0,agent
2026-04-08 15:14:25.675540,,memory,73.7,agent
2026-04-08 15:14:25.675540,,disk,21.9,agent
2026-04-08 15:14:56.425510,,cpu,92.5,agent
2026-04-08 15:14:56.425510,,memory,74.1,agent
2026-04-08 15:14:56.425510,,disk,21.9,agent
2026-04-08 15:15:27.465497,,cpu,92.4,agent
2026-04-08 15:15:27.465497,,memory,73.8,agent
2026-04-08 15:15:27.465497,,disk,21.9,agent
2026-04-08 15:15:32.925154,i-00dfb80a59da9a56d,cpu,53.87136883980132,cloudwatch
2026-04-08 15:15:58.835560,,cpu,96.0,agent
2026-04-08 15:15:58.835560,,memory,76.5,agent
2026-04-08 15:15:58.835560,,disk,21.9,agent
2026-04-08 15:16:29.894348,,cpu,87.6,agent
2026-04-08 15:16:29.894348,,memory,77.6,agent
2026-04-08 15:16:29.894348,,disk,21.9,agent
2026-04-08 15:17:00.615543,,cpu,87.5,agent
2026-04-08 15:17:00.615543,,memory,77.9,agent
2026-04-08 15:17:00.615543,,disk,21.9,agent
2026-04-08 15:17:31.676717,,cpu,100.0,agent
2026-04-08 15:17:31.676717,,memory,77.9,agent
2026-04-08 15:17:31.676717,,disk,21.9,agent
2026-04-08 15:17:37.699620,i-00dfb80a59da9a56d,cpu,55.080659706109664,cloudwatch
2026-04-08 15:18:03.078223,,cpu,100.0,agent
2026-04-08 15:18:03.078223,,memory,69.7,agent
2026-04-08 15:18:03.078223,,disk,21.9,agent
2026-04-08 15:18:34.115526,,cpu,100.0,agent
2026-04-08 15:18:34.115526,,memory,68.7,agent
2026-04-08 15:18:34.115526,,disk,21.9,agent
2026-04-08 15:19:04.855527,,cpu,100.0,agent
2026-04-08 15:19:04.855527,,memory,69.0,agent
2026-04-08 15:19:04.855527,,disk,21.9,agent
2026-04-08 15:19:35.895633,,cpu,38.6,agent
2026-04-08 15:19:35.895633,,memory,68.7,agent
2026-04-08 15:19:35.895633,,disk,21.9,agent
2026-04-08 15:19:42.216508,i-00dfb80a59da9a56d,cpu,70.69545625986524,cloudwatch
2026-04-08 15:20:07.234834,,cpu,100.0,agent
2026-04-08 15:20:07.234834,,memory,68.0,agent
2026-04-08 15:20:07.234834,,disk,21.9,agent
2026-04-08 15:20:38.359077,,cpu,100.0,agent
2026-04-08 15:20:38.359077,,memory,76.6,agent
2026-04-08 15:20:38.359077,,disk,21.9,agent
2026-04-08 15:20:43.279478,i-00dfb80a59da9a56d,cpu,70.69545625986524,cloudwatch
2026-04-08 15:21:09.435743,,cpu,100.0,agent
2026-04-08 15:21:09.435743,,memory,74.4,agent
2026-04-08 15:21:09.435743,,disk,21.9,agent
2026-04-08 15:21:40.544286,,cpu,100.0,agent
2026-04-08 15:21:40.544286,,memory,74.0,agent
2026-04-08 15:21:40.544286,,disk,21.9,agent
2026-04-08 15:22:11.565536,,cpu,99.0,agent
2026-04-08 15:22:11.565536,,memory,74.1,agent
2026-04-08 15:22:11.565536,,disk,21.9,agent
2026-04-08 15:22:42.605495,,cpu,95.5,agent
2026-04-08 15:22:42.605495,,memory,75.4,agent
2026-04-08 15:22:42.605495,,disk,21.9,agent
2026-04-08 15:22:45.108665,i-00dfb80a59da9a56d,cpu,89.02308978470772,cloudwatch
2026-04-08 15:23:13.675531,,cpu,87.5,agent
2026-04-08 15:23:13.675531,,memory,77.3,agent
2026-04-08 15:23:13.675531,,disk,21.9,agent
2026-04-08 15:23:44.725504,,cpu,100.0,agent
2026-04-08 15:23:44.725504,,memory,78.1,agent
2026-04-08 15:23:44.725504,,disk,21.9,agent
2026-04-08 15:24:15.796076,,cpu,100.0,agent
2026-04-08 15:24:15.796076,,memory,77.7,agent
2026-04-08 15:24:15.796076,,disk,21.9,agent
2026-04-08 15:24:46.845588,,cpu,100.0,agent
2026-04-08 15:24:46.845588,,memory,77.4,agent
2026-04-08 15:24:46.845588,,disk,21.9,agent
2026-04-08 15:24:47.532459,i-00dfb80a59da9a56d,cpu,80.24506780092437,cloudwatch
2026-04-08 15:25:17.954346,,cpu,100.0,agent
2026-04-08 15:25:17.954346,,memory,77.4,agent
2026-04-08 15:25:17.954346,,disk,21.9,agent
2026-04-08 15:25:49.024312,,cpu,100.0,agent
2026-04-08 15:25:49.024312,,memory,77.6,agent
2026-04-08 15:25:49.024312,,disk,21.9,agent
2026-04-08 15:26:19.965503,,cpu,100.0,agent
2026-04-08 15:26:19.965503,,memory,77.4,agent
2026-04-08 15:26:19.965503,,disk,21.9,agent
2026-04-08 15:26:50.925347,i-00dfb80a59da9a56d,cpu,99.9974976227416,cloudwatch
2026-04-08 15:27:22.225514,,cpu,100.0,agent
2026-04-08 15:27:22.225514,,memory,78.3,agent
2026-04-08 15:27:22.225514,,disk,21.9,agent
2026-04-08 15:27:53.140931,,cpu,100.0,agent
2026-04-08 15:27:53.140931,,memory,78.5,agent
2026-04-08 15:27:53.140931,,disk,21.9,agent
2026-04-08 15:27:53.286101,,cpu,100.0,agent
2026-04-08 15:27:53.286101,,memory,78.9,agent
2026-04-08 15:27:53.286101,,disk,21.9,agent
2026-04-08 15:28:24.235522,,cpu,100.0,agent
2026-04-08 15:28:24.235522,,memory,78.8,agent
2026-04-08 15:28:24.235522,,disk,21.9,agent
2026-04-08 15:12:31.037839,i-00dfb80a59da9a56d,cpu,53.69956388296284,cloudwatch
2026-04-08 15:12:52.513463,,cpu,42.7,agent
2026-04-08 15:12:52.513463,,memory,69.5,agent
2026-04-08 15:12:52.513463,,disk,21.9,agent
2026-04-08 15:13:23.551682,,cpu,70.0,agent
2026-04-08 15:13:23.551682,,memory,70.5,agent
2026-04-08 15:13:23.551682,,disk,21.9,agent
2026-04-08 15:13:54.345499,,cpu,88.0,agent
2026-04-08 15:13:54.345499,,memory,71.7,agent
2026-04-08 15:13:54.345499,,disk,21.9,agent
2026-04-08 15:14:25.385530,,cpu,87.5,agent
2026-04-08 15:14:25.385530,,memory,73.1,agent
2026-04-08 15:14:25.385530,,disk,21.9,agent
2026-04-08 15:14:32.323552,i-00dfb80a59da9a56d,cpu,53.87136883980132,cloudwatch
2026-04-08 15:14:56.725548,,cpu,89.5,agent
2026-04-08 15:14:56.725548,,memory,75.0,agent
2026-04-08 15:14:56.725548,,disk,21.9,agent
2026-04-08 15:15:27.785510,,cpu,92.4,agent
2026-04-08 15:15:27.785510,,memory,74.6,agent
2026-04-08 15:15:27.785510,,disk,21.9,agent
2026-04-08 15:15:58.505554,,cpu,96.0,agent
2026-04-08 15:15:58.505554,,memory,76.0,agent
2026-04-08 15:15:58.505554,,disk,21.9,agent
2026-04-08 15:16:29.545503,,cpu,87.5,agent
2026-04-08 15:16:29.545503,,memory,76.9,agent
2026-04-08 15:16:29.545503,,disk,21.9,agent
2026-04-08 15:16:33.815497,i-00dfb80a59da9a56d,cpu,55.143384577313626,cloudwatch
2026-04-08 15:17:00.935566,,cpu,87.5,agent
2026-04-08 15:17:00.935566,,memory,78.2,agent
2026-04-08 15:17:00.935566,,disk,21.9,agent
2026-04-08 15:17:32.005764,,cpu,100.0,agent
2026-04-08 15:17:32.005764,,memory,76.2,agent
2026-04-08 15:17:32.005764,,disk,21.9,agent
2026-04-08 15:18:02.775725,,cpu,100.0,agent
2026-04-08 15:18:02.775725,,memory,69.7,agent
2026-04-08 15:18:02.775725,,disk,21.9,agent
2026-04-08 15:18:33.815492,,cpu,100.0,agent
2026-04-08 15:18:33.815492,,memory,68.7,agent
2026-04-08 15:18:33.815492,,disk,21.9,agent
2026-04-08 15:18:40.285196,i-00dfb80a59da9a56d,cpu,63.37140365816488,cloudwatch
2026-04-08 15:19:05.161701,,cpu,100.0,agent
2026-04-08 15:19:05.161701,,memory,69.0,agent
2026-04-08 15:19:05.161701,,disk,21.9,agent
2026-04-08 15:19:36.195621,,cpu,38.5,agent
2026-04-08 15:19:36.195621,,memory,68.7,agent
2026-04-08 15:19:36.195621,,disk,21.9,agent
2026-04-08 15:20:07.234175,,cpu,100.0,agent
2026-04-08 15:20:07.234175,,memory,68.0,agent
2026-04-08 15:20:07.234175,,disk,21.9,agent
2026-04-08 15:20:38.391788,,cpu,100.0,agent
2026-04-08 15:20:38.391788,,memory,76.6,agent
2026-04-08 15:20:38.391788,,disk,21.9,agent
2026-04-08 15:21:09.405494,,cpu,100.0,agent
2026-04-08 15:21:09.405494,,memory,74.3,agent
2026-04-08 15:21:09.405494,,disk,21.9,agent
2026-04-08 15:21:40.517161,,cpu,100.0,agent
2026-04-08 15:21:40.517161,,memory,73.8,agent
2026-04-08 15:21:40.517161,,disk,21.9,agent
2026-04-08 15:21:44.268511,i-00dfb80a59da9a56d,cpu,86.37733524259883,cloudwatch
2026-04-08 15:22:11.595440,,cpu,98.5,agent
2026-04-08 15:22:11.595440,,memory,74.2,agent
2026-04-08 15:22:11.595440,,disk,21.9,agent
2026-04-08 15:22:42.635514,,cpu,94.5,agent
2026-04-08 15:22:42.635514,,memory,75.5,agent
2026-04-08 15:22:42.635514,,disk,21.9,agent
2026-04-08 15:23:13.646662,,cpu,87.5,agent
2026-04-08 15:23:13.646662,,memory,77.3,agent
2026-04-08 15:23:13.646662,,disk,21.9,agent
2026-04-08 15:23:44.715550,,cpu,100.0,agent
2026-04-08 15:23:44.715550,,memory,78.1,agent
2026-04-08 15:23:44.715550,,disk,21.9,agent
2026-04-08 15:23:46.185432,i-00dfb80a59da9a56d,cpu,80.5209180844888,cloudwatch
2026-04-08 15:24:15.834303,,cpu,100.0,agent
2026-04-08 15:24:15.834303,,memory,77.8,agent
2026-04-08 15:24:15.834303,,disk,21.9,agent
2026-04-08 15:24:46.894305,,cpu,100.0,agent
2026-04-08 15:24:46.894305,,memory,77.5,agent
2026-04-08 15:24:46.894305,,disk,21.9,agent
2026-04-08 15:25:17.885492,,cpu,100.0,agent
2026-04-08 15:25:17.885492,,memory,77.4,agent
2026-04-08 15:25:17.885492,,disk,21.9,agent
2026-04-08 15:25:48.925486,,cpu,100.0,agent
2026-04-08 15:25:48.925486,,memory,77.3,agent
2026-04-08 15:25:48.925486,,disk,21.9,agent
2026-04-08 15:25:49.155137,i-00dfb80a59da9a56d,cpu,80.24506780092437,cloudwatch
2026-04-08 15:26:20.065516,,cpu,100.0,agent
2026-04-08 15:26:20.065516,,memory,77.7,agent
2026-04-08 15:26:20.065516,,disk,21.9,agent
2026-04-08 15:26:51.045541,,cpu,100.0,agent
2026-04-08 15:26:51.045541,,memory,78.1,agent
2026-04-08 15:26:51.045541,,disk,21.9,agent
2026-04-08 15:26:51.154361,,cpu,100.0,agent
2026-04-08 15:26:51.154361,,memory,78.3,agent
2026-04-08 15:26:51.154361,,disk,21.9,agent
2026-04-08 15:27:22.094607,,cpu,100.0,agent
2026-04-08 15:27:22.094607,,memory,78.2,agent
2026-04-08 15:27:22.094607,,disk,21.9,agent
2026-04-08 15:27:52.719594,i-00dfb80a59da9a56d,cpu,99.99443909670879,cloudwatch
2026-04-08 15:28:24.444347,,cpu,100.0,agent
2026-04-08 15:28:24.444347,,memory,79.2,agent
2026-04-08 15:28:24.444347,,disk,21.9,agent
2026-04-08 15:28:55.318188,,cpu,87.6,agent
2026-04-08 15:28:55.318188,,memory,79.2,agent
2026-04-08 15:28:55.318188,,disk,21.9,agent
2026-04-08 15:28:54.340022,i-00dfb80a59da9a56d,cpu,99.99582932253159,cloudwatch
2026-04-08 15:28:55.515546,,cpu,87.6,agent
2026-04-08 15:28:55.515546,,memory,79.3,agent
2026-04-08 15:28:55.515546,,disk,21.9,agent
2026-04-08 15:29:26.565501,,cpu,85.9,agent
2026-04-08 15:29:26.565501,,memory,69.1,agent
2026-04-08 15:29:26.565501,,disk,21.9,agent
2026-04-08 15:29:57.405516,,cpu,84.4,agent
2026-04-08 15:29:57.405516,,memory,68.9,agent
2026-04-08 15:29:57.405516,,disk,21.9,agent
2026-04-08 15:30:28.444221,,cpu,45.8,agent
2026-04-08 15:30:28.444221,,memory,69.0,agent
2026-04-08 15:30:28.444221,,disk,21.9,agent
2026-04-08 15:30:56.308222,i-00dfb80a59da9a56d,cpu,95.27142906477846,cloudwatch
2026-04-08 15:30:59.685028,,cpu,30.2,agent
2026-04-08 15:30:59.685028,,memory,69.2,agent
2026-04-08 15:30:59.685028,,disk,21.9,agent
2026-04-08 15:31:30.715651,,cpu,32.2,agent
2026-04-08 15:31:30.715651,,memory,68.9,agent
2026-04-08 15:31:30.715651,,disk,21.9,agent
2026-04-08 15:32:01.552539,,cpu,34.2,agent
2026-04-08 15:32:01.552539,,memory,69.5,agent
2026-04-08 15:32:01.552539,,disk,21.9,agent
2026-04-08 16:21:02.705633,,cpu,51.9,agent
2026-04-08 16:21:02.705633,,memory,69.7,agent
2026-04-08 16:21:02.705633,,disk,21.9,agent
2026-04-08 16:22:06.225528,,cpu,36.7,agent
2026-04-08 16:22:06.225528,,memory,69.8,agent
2026-04-08 16:22:06.225528,,disk,21.9,agent
2026-04-08 16:22:51.306404,i-00dfb80a59da9a56d,cpu,54.692221916376106,cloudwatch
2026-04-08 16:23:39.315635,,cpu,31.2,agent
2026-04-08 16:23:39.315635,,memory,69.8,agent
2026-04-08 16:23:39.315635,,disk,21.9,agent
2026-04-08 16:26:13.065588,,disk,21.9,agent
2026-04-08 16:26:54.327791,i-00dfb80a59da9a56d,cpu,55.48737865542827,cloudwatch
2026-04-08 16:27:46.175566,,cpu,39.4,agent
2026-04-08 16:27:46.175566,,memory,70.0,agent
2026-04-08 16:27:46.175566,,disk,21.9,agent
2026-04-08 16:28:18.655543,,cpu,62.5,agent
2026-04-08 16:28:18.655543,,memory,71.2,agent
2026-04-08 16:28:18.655543,,disk,21.9,agent
2026-04-08 16:28:48.255616,,cpu,29.3,agent
2026-04-08 16:28:48.255616,,memory,70.1,agent
2026-04-08 16:28:48.255616,,disk,21.9,agent
2026-04-08 16:29:20.775494,,cpu,93.0,agent
2026-04-08 16:29:20.775494,,memory,74.8,agent
2026-04-08 16:29:20.775494,,disk,21.9,agent
2026-04-08 16:29:50.335623,,cpu,88.9,agent
2026-04-08 16:29:50.335623,,memory,72.9,agent
2026-04-08 16:29:50.335623,,disk,21.9,agent
2026-04-08 16:30:22.895531,,cpu,87.5,agent
2026-04-08 16:30:22.895531,,memory,77.0,agent
2026-04-08 16:30:22.895531,,disk,21.9,agent
2026-04-08 16:30:53.935487,,cpu,87.9,agent
2026-04-08 16:30:53.935487,,memory,79.2,agent
2026-04-08 16:30:53.935487,,disk,21.9,agent
2026-04-08 16:31:54.505556,,cpu,99.5,agent
2026-04-08 16:31:54.505556,,memory,78.8,agent
2026-04-08 16:31:54.505556,,disk,21.9,agent
2026-04-08 16:32:27.073201,,cpu,57.0,agent
2026-04-08 16:32:27.073201,,memory,69.8,agent
2026-04-08 16:32:27.073201,,disk,21.9,agent
2026-04-08 16:32:58.105559,,cpu,31.5,agent
2026-04-08 16:32:58.105559,,memory,69.9,agent
2026-04-08 16:32:58.105559,,disk,21.9,agent
2026-04-08 16:33:29.129482,,cpu,37.4,agent
2026-04-08 16:33:29.129482,,memory,69.9,agent
2026-04-08 16:33:29.129482,,disk,21.9,agent
2026-04-08 16:34:29.705563,,cpu,49.2,agent
2026-04-08 16:34:29.705563,,memory,70.1,agent
2026-04-08 16:34:29.705563,,disk,21.9,agent
2026-04-08 16:35:00.329035,i-00dfb80a59da9a56d,cpu,54.50035919295209,cloudwatch
2026-04-08 16:35:02.202494,,cpu,44.1,agent
2026-04-08 16:35:02.202494,,memory,69.9,agent
2026-04-08 16:35:02.202494,,disk,21.9,agent
2026-04-08 16:35:33.245641,,cpu,29.6,agent
2026-04-08 16:35:33.245641,,memory,69.9,agent
2026-04-08 16:35:33.245641,,disk,21.9,agent
2026-04-08 16:36:02.934702,,cpu,47.8,agent
2026-04-08 16:36:02.934702,,memory,69.9,agent
2026-04-08 16:36:02.934702,,disk,21.9,agent
2026-04-08 16:36:34.165567,,cpu,39.4,agent
2026-04-08 16:36:34.165567,,memory,69.9,agent
2026-04-08 16:36:34.165567,,disk,21.9,agent
2026-04-08 16:37:06.335584,,cpu,38.9,agent
2026-04-08 16:37:06.335584,,memory,70.0,agent
2026-04-08 16:37:06.335584,,disk,21.9,agent
2026-04-08 16:37:36.245544,,cpu,47.5,agent
2026-04-08 16:37:36.245544,,memory,70.0,agent
2026-04-08 16:37:36.245544,,disk,21.9,agent
2026-04-08 16:38:03.225508,i-00dfb80a59da9a56d,cpu,55.09166666666666,cloudwatch
2026-04-08 16:38:38.385558,,cpu,39.8,agent
2026-04-08 16:38:38.385558,,memory,70.2,agent
2026-04-08 16:38:38.385558,,disk,21.9,agent
2026-04-08 16:38:39.435543,,cpu,38.2,agent
2026-04-08 16:38:39.435543,,memory,70.2,agent
2026-04-08 16:38:39.435543,,disk,21.9,agent
2026-04-08 16:39:04.023526,i-00dfb80a59da9a56d,cpu,55.133333333333326,cloudwatch
2026-04-08 16:39:40.495577,,cpu,37.7,agent
2026-04-08 16:39:40.495577,,memory,70.1,agent
2026-04-08 16:39:40.495577,,disk,21.9,agent
2026-04-08 16:39:41.515630,,cpu,37.5,agent
2026-04-08 16:39:41.515630,,memory,70.1,agent
2026-04-08 16:39:41.515630,,disk,21.9,agent
2026-04-08 16:40:11.535614,,cpu,38.3,agent
2026-04-08 15:29:26.358151,,cpu,88.0,agent
2026-04-08 15:29:26.358151,,memory,79.5,agent
2026-04-08 15:29:26.358151,,disk,21.9,agent
2026-04-08 15:29:55.389502,i-00dfb80a59da9a56d,cpu,95.27142906477846,cloudwatch
2026-04-08 15:29:57.605533,,cpu,68.0,agent
2026-04-08 15:29:57.605533,,memory,68.9,agent
2026-04-08 15:29:57.605533,,disk,21.9,agent
2026-04-08 15:30:28.645508,,cpu,38.1,agent
2026-04-08 15:30:28.645508,,memory,69.0,agent
2026-04-08 15:30:28.645508,,disk,21.9,agent
2026-04-08 15:30:59.485497,,cpu,36.7,agent
2026-04-08 15:30:59.485497,,memory,69.2,agent
2026-04-08 15:30:59.485497,,disk,21.9,agent
2026-04-08 15:31:30.524377,,cpu,37.7,agent
2026-04-08 15:31:30.524377,,memory,68.9,agent
2026-04-08 15:31:30.524377,,disk,21.9,agent
2026-04-08 15:31:57.379299,i-00dfb80a59da9a56d,cpu,53.95008035661419,cloudwatch
2026-04-08 15:32:01.750797,,cpu,39.1,agent
2026-04-08 15:32:01.750797,,memory,69.5,agent
2026-04-08 15:32:01.750797,,disk,21.9,agent
2026-04-08 15:32:32.595224,,cpu,34.5,agent
2026-04-08 15:32:32.595224,,memory,68.9,agent
2026-04-08 15:32:32.595224,,disk,21.9,agent
2026-04-08 15:32:32.809285,,cpu,38.2,agent
2026-04-08 15:32:32.809285,,memory,68.9,agent
2026-04-08 15:32:32.809285,,disk,21.9,agent
2026-04-08 15:32:59.056918,i-00dfb80a59da9a56d,cpu,54.03060912663168,cloudwatch
2026-04-08 15:33:03.634661,,cpu,34.8,agent
2026-04-08 15:33:03.634661,,memory,69.1,agent
2026-04-08 15:33:03.634661,,disk,21.9,agent
2026-04-08 15:33:03.851282,,cpu,32.5,agent
2026-04-08 15:33:03.851282,,memory,69.1,agent
2026-04-08 15:33:03.851282,,disk,21.9,agent
2026-04-08 15:33:34.674102,,cpu,30.0,agent
2026-04-08 15:33:34.674102,,memory,69.0,agent
2026-04-08 15:33:34.674102,,disk,21.9,agent
2026-04-08 15:33:34.885564,,cpu,38.8,agent
2026-04-08 15:33:34.885564,,memory,69.0,agent
2026-04-08 15:33:34.885564,,disk,21.9,agent
2026-04-08 15:34:00.171163,i-00dfb80a59da9a56d,cpu,54.27863894697686,cloudwatch
2026-04-08 15:34:05.713646,,cpu,36.8,agent
2026-04-08 15:34:05.713646,,memory,69.3,agent
2026-04-08 15:34:05.713646,,disk,21.9,agent
2026-04-08 15:34:05.914364,,cpu,39.1,agent
2026-04-08 15:34:05.914364,,memory,69.3,agent
2026-04-08 15:34:05.914364,,disk,21.9,agent
2026-04-08 15:34:36.746738,,cpu,37.7,agent
2026-04-08 15:34:36.746738,,memory,69.5,agent
2026-04-08 15:34:36.746738,,disk,21.9,agent
2026-04-08 15:34:36.955561,,cpu,37.9,agent
2026-04-08 15:34:36.955561,,memory,69.5,agent
2026-04-08 15:34:36.955561,,disk,21.9,agent
2026-04-08 15:35:01.246581,i-00dfb80a59da9a56d,cpu,54.344953764724934,cloudwatch
2026-04-08 15:35:07.785606,,cpu,38.5,agent
2026-04-08 15:35:07.785606,,memory,69.1,agent
2026-04-08 15:35:07.785606,,disk,21.9,agent
2026-04-08 15:35:07.995577,,cpu,38.7,agent
2026-04-08 15:35:07.995577,,memory,69.1,agent
2026-04-08 15:35:07.995577,,disk,21.9,agent
2026-04-08 15:35:38.805573,,cpu,37.7,agent
2026-04-08 15:35:38.805573,,memory,69.0,agent
2026-04-08 15:35:38.805573,,disk,21.9,agent
2026-04-08 15:35:39.035598,,cpu,38.7,agent
2026-04-08 15:35:39.035598,,memory,69.0,agent
2026-04-08 15:35:39.035598,,disk,21.9,agent
2026-04-08 15:36:03.071913,i-00dfb80a59da9a56d,cpu,55.08333333333333,cloudwatch
2026-04-08 15:36:09.843884,,cpu,33.3,agent
2026-04-08 15:36:09.843884,,memory,69.2,agent
2026-04-08 15:36:09.843884,,disk,21.9,agent
2026-04-08 15:36:10.076268,,cpu,41.4,agent
2026-04-08 15:36:10.076268,,memory,69.2,agent
2026-04-08 15:36:10.076268,,disk,21.9,agent
2026-04-08 15:36:40.875710,,cpu,37.3,agent
2026-04-08 15:36:40.875710,,memory,69.0,agent
2026-04-08 15:36:40.875710,,disk,21.9,agent
2026-04-08 15:36:41.115623,,cpu,40.4,agent
2026-04-08 15:36:41.115623,,memory,69.0,agent
2026-04-08 15:36:41.115623,,disk,21.9,agent
2026-04-08 15:37:04.414916,i-00dfb80a59da9a56d,cpu,54.79032629569194,cloudwatch
2026-04-08 15:37:11.917221,,cpu,34.5,agent
2026-04-08 15:37:11.917221,,memory,69.0,agent
2026-04-08 15:37:11.917221,,disk,21.9,agent
2026-04-08 15:37:12.156203,,cpu,41.0,agent
2026-04-08 15:37:12.156203,,memory,69.0,agent
2026-04-08 15:37:12.156203,,disk,21.9,agent
2026-04-08 15:37:42.951175,,cpu,48.7,agent
2026-04-08 15:37:42.951175,,memory,69.1,agent
2026-04-08 15:37:42.951175,,disk,21.9,agent
2026-04-08 15:37:43.195581,,cpu,50.8,agent
2026-04-08 15:37:43.195581,,memory,69.1,agent
2026-04-08 15:37:43.195581,,disk,21.9,agent
2026-04-08 15:38:05.476256,i-00dfb80a59da9a56d,cpu,55.053126231094126,cloudwatch
2026-04-08 15:38:13.975661,,cpu,33.7,agent
2026-04-08 15:38:13.975661,,memory,69.0,agent
2026-04-08 15:38:13.975661,,disk,21.9,agent
2026-04-08 15:38:14.235589,,cpu,40.2,agent
2026-04-08 15:38:14.235589,,memory,69.0,agent
2026-04-08 15:38:14.235589,,disk,21.9,agent
2026-04-08 15:38:45.015640,,cpu,37.2,agent
2026-04-08 15:38:45.015640,,memory,69.1,agent
2026-04-08 15:38:45.015640,,disk,21.9,agent
2026-04-08 15:38:45.277536,,cpu,40.7,agent
2026-04-08 15:38:45.277536,,memory,69.1,agent
2026-04-08 15:38:45.277536,,disk,21.9,agent
2026-04-08 16:04:48.995566,i-00dfb80a59da9a56d,cpu,32.5427227560764,cloudwatch
2026-04-08 16:05:00.475614,,cpu,42.4,agent
2026-04-08 16:05:00.475614,,memory,69.9,agent
2026-04-08 16:05:00.475614,,disk,21.9,agent
2026-04-08 16:05:00.735570,,cpu,42.6,agent
2026-04-08 16:05:00.735570,,memory,69.9,agent
2026-04-08 16:05:00.735570,,disk,21.9,agent
2026-04-08 16:05:31.515532,,cpu,87.5,agent
2026-04-08 16:05:31.515532,,memory,78.0,agent
2026-04-08 16:05:31.515532,,disk,21.9,agent
2026-04-08 16:05:31.775515,,cpu,87.5,agent
2026-04-08 16:05:31.775515,,memory,78.4,agent
2026-04-08 16:05:31.775515,,disk,21.9,agent
2026-04-08 16:05:49.904950,i-00dfb80a59da9a56d,cpu,32.5427227560764,cloudwatch
2026-04-08 16:06:02.553379,,cpu,1.5,agent
2026-04-08 16:06:02.553379,,memory,69.3,agent
2026-04-08 16:06:02.553379,,disk,21.9,agent
2026-04-08 16:06:02.816167,,cpu,3.9,agent
2026-04-08 16:06:02.816167,,memory,69.3,agent
2026-04-08 16:06:02.816167,,disk,21.9,agent
2026-04-08 16:06:33.614588,,cpu,0.0,agent
2026-04-08 16:06:33.614588,,memory,68.8,agent
2026-04-08 16:06:33.614588,,disk,21.9,agent
2026-04-08 16:06:33.890595,,cpu,0.0,agent
2026-04-08 16:06:33.890595,,memory,68.8,agent
2026-04-08 16:06:33.890595,,disk,21.9,agent
2026-04-08 16:06:50.485830,i-00dfb80a59da9a56d,cpu,65.12940243878697,cloudwatch
2026-04-08 16:07:04.644354,,cpu,13.4,agent
2026-04-08 16:07:04.644354,,memory,70.2,agent
2026-04-08 16:07:04.644354,,disk,21.9,agent
2026-04-08 16:07:04.921426,,cpu,26.8,agent
2026-04-08 16:07:04.921426,,memory,70.7,agent
2026-04-08 16:07:04.921426,,disk,21.9,agent
2026-04-08 16:07:35.686829,,cpu,35.5,agent
2026-04-08 16:07:35.686829,,memory,68.8,agent
2026-04-08 16:07:35.686829,,disk,21.9,agent
2026-04-08 16:07:35.950344,,cpu,23.0,agent
2026-04-08 16:07:35.950344,,memory,68.8,agent
2026-04-08 16:07:35.950344,,disk,21.9,agent
2026-04-08 16:07:51.068826,i-00dfb80a59da9a56d,cpu,49.227934959191316,cloudwatch
2026-04-08 16:08:06.715718,,cpu,0.5,agent
2026-04-08 16:08:06.715718,,memory,69.2,agent
2026-04-08 16:08:06.715718,,disk,21.9,agent
2026-04-08 16:08:06.983599,,cpu,1.5,agent
2026-04-08 16:08:06.983599,,memory,69.2,agent
2026-04-08 16:08:06.983599,,disk,21.9,agent
2026-04-08 16:08:37.754756,,cpu,0.0,agent
2026-04-08 16:08:37.754756,,memory,68.9,agent
2026-04-08 16:08:37.754756,,disk,21.9,agent
2026-04-08 16:08:38.001383,,cpu,0.0,agent
2026-04-08 16:08:38.001383,,memory,68.9,agent
2026-04-08 16:08:38.001383,,disk,21.9,agent
2026-04-08 16:08:51.707345,i-00dfb80a59da9a56d,cpu,40.463419208137516,cloudwatch
2026-04-08 16:09:08.774787,,cpu,0.0,agent
2026-04-08 16:09:08.774787,,memory,69.0,agent
2026-04-08 16:09:08.774787,,disk,21.9,agent
2026-04-08 16:09:09.033163,,cpu,8.0,agent
2026-04-08 16:09:09.033163,,memory,69.7,agent
2026-04-08 16:09:09.033163,,disk,21.9,agent
2026-04-08 16:09:39.815980,,cpu,50.5,agent
2026-04-08 16:09:39.815980,,memory,79.2,agent
2026-04-08 16:09:39.815980,,disk,21.9,agent
2026-04-08 16:09:40.065501,,cpu,39.1,agent
2026-04-08 16:09:40.065501,,memory,68.9,agent
2026-04-08 16:09:40.065501,,disk,21.9,agent
2026-04-08 16:09:52.372187,i-00dfb80a59da9a56d,cpu,35.22678194409205,cloudwatch
2026-04-08 16:10:10.854957,,cpu,0.0,agent
2026-04-08 16:10:10.854957,,memory,68.9,agent
2026-04-08 16:10:10.854957,,disk,21.9,agent
2026-04-08 16:10:11.105169,,cpu,1.0,agent
2026-04-08 16:10:11.105169,,memory,68.9,agent
2026-04-08 16:10:11.105169,,disk,21.9,agent
2026-04-08 16:10:41.879826,,cpu,0.5,agent
2026-04-08 16:10:41.879826,,memory,69.1,agent
2026-04-08 16:10:41.879826,,disk,21.9,agent
2026-04-08 16:10:42.141949,,cpu,1.5,agent
2026-04-08 16:10:42.141949,,memory,69.1,agent
2026-04-08 16:10:42.141949,,disk,21.9,agent
2026-04-08 16:10:52.986640,i-00dfb80a59da9a56d,cpu,35.22678194409205,cloudwatch
2026-04-08 16:11:12.900869,,cpu,0.0,agent
2026-04-08 16:11:12.900869,,memory,70.1,agent
2026-04-08 16:11:12.900869,,disk,21.9,agent
2026-04-08 16:11:13.181561,,cpu,0.5,agent
2026-04-08 16:11:13.181561,,memory,70.1,agent
2026-04-08 16:11:13.181561,,disk,21.9,agent
2026-04-08 16:11:43.935584,,cpu,55.3,agent
2026-04-08 16:11:43.935584,,memory,79.6,agent
2026-04-08 16:11:43.935584,,disk,21.9,agent
2026-04-08 16:11:44.215152,,cpu,55.1,agent
2026-04-08 16:11:44.215152,,memory,79.6,agent
2026-04-08 16:11:44.215152,,disk,21.9,agent
2026-04-08 16:11:53.552338,i-00dfb80a59da9a56d,cpu,16.036315097774377,cloudwatch
2026-04-08 16:12:13.905865,i-00dfb80a59da9a56d,cpu,16.036315097774377,cloudwatch
2026-04-08 16:12:14.975791,,cpu,83.0,agent
2026-04-08 16:12:14.975791,,memory,68.7,agent
2026-04-08 16:12:14.975791,,disk,21.9,agent
2026-04-08 16:12:15.256439,,cpu,64.3,agent
2026-04-08 16:12:15.256439,,memory,68.8,agent
2026-04-08 16:12:15.256439,,disk,21.9,agent
2026-04-08 16:12:43.276682,i-00dfb80a59da9a56d,cpu,16.59643228740514,cloudwatch
2026-04-08 16:12:46.018620,,cpu,38.2,agent
2026-04-08 16:12:46.018620,,memory,68.8,agent
2026-04-08 16:12:46.018620,,disk,21.9,agent
2026-04-08 16:12:46.295767,,cpu,33.0,agent
2026-04-08 16:12:46.295767,,memory,68.9,agent
2026-04-08 16:12:46.295767,,disk,21.9,agent
2026-04-08 16:13:17.055589,,cpu,38.5,agent
2026-04-08 16:13:17.055589,,memory,68.7,agent
2026-04-08 16:13:17.055589,,disk,21.9,agent
2026-04-08 16:13:17.345566,,cpu,34.5,agent
2026-04-08 16:13:17.345566,,memory,68.7,agent
2026-04-08 16:13:17.345566,,disk,21.9,agent
2026-04-08 16:13:44.389314,i-00dfb80a59da9a56d,cpu,26.228574215553856,cloudwatch
2026-04-08 16:13:48.085614,,cpu,46.2,agent
2026-04-08 16:13:48.085614,,memory,69.9,agent
2026-04-08 16:13:48.085614,,disk,21.9,agent
2026-04-08 16:13:48.394342,,cpu,61.4,agent
2026-04-08 16:13:48.394342,,memory,70.5,agent
2026-04-08 16:13:48.394342,,disk,21.9,agent
2026-04-08 16:14:19.135567,,cpu,79.6,agent
2026-04-08 16:14:19.135567,,memory,70.9,agent
2026-04-08 16:14:19.135567,,disk,21.9,agent
2026-04-08 16:14:19.585479,,cpu,88.0,agent
2026-04-08 16:14:19.585479,,memory,72.2,agent
2026-04-08 16:14:19.585479,,disk,21.9,agent
2026-04-08 16:14:45.120219,i-00dfb80a59da9a56d,cpu,32.07619270577642,cloudwatch
2026-04-08 16:14:50.175505,,cpu,87.9,agent
2026-04-08 16:14:50.175505,,memory,72.1,agent
2026-04-08 16:14:50.175505,,disk,21.9,agent
2026-04-08 16:14:50.635494,,cpu,97.0,agent
2026-04-08 16:14:50.635494,,memory,73.3,agent
2026-04-08 16:14:50.635494,,disk,21.9,agent
2026-04-08 16:15:21.235529,,cpu,90.5,agent
2026-04-08 16:15:21.235529,,memory,73.7,agent
2026-04-08 16:15:21.235529,,disk,21.9,agent
2026-04-08 16:15:21.675922,,cpu,90.5,agent
2026-04-08 16:15:21.675922,,memory,74.8,agent
2026-04-08 16:15:21.675922,,disk,21.9,agent
2026-04-08 16:15:45.799237,i-00dfb80a59da9a56d,cpu,32.07619270577642,cloudwatch
2026-04-08 16:15:52.295488,,cpu,87.5,agent
2026-04-08 16:15:52.295488,,memory,75.0,agent
2026-04-08 16:15:52.295488,,disk,21.9,agent
2026-04-08 16:15:53.225488,,cpu,90.0,agent
2026-04-08 16:15:53.225488,,memory,77.6,agent
2026-04-08 16:15:53.225488,,disk,21.9,agent
2026-04-08 16:16:23.364991,,cpu,94.0,agent
2026-04-08 16:16:23.364991,,memory,76.6,agent
2026-04-08 16:16:23.364991,,disk,21.9,agent
2026-04-08 16:16:24.274297,,cpu,87.6,agent
2026-04-08 16:16:24.274297,,memory,78.9,agent
2026-04-08 16:16:24.274297,,disk,21.9,agent
2026-04-08 16:16:46.430677,i-00dfb80a59da9a56d,cpu,54.4159342374744,cloudwatch
2026-04-08 16:16:54.406801,,cpu,88.0,agent
2026-04-08 16:16:54.406801,,memory,78.5,agent
2026-04-08 16:16:54.406801,,disk,21.9,agent
2026-04-08 16:16:55.504341,,cpu,100.0,agent
2026-04-08 16:16:55.504341,,memory,79.9,agent
2026-04-08 16:16:55.504341,,disk,21.9,agent
2026-04-08 16:17:25.445517,,cpu,89.5,agent
2026-04-08 16:17:25.445517,,memory,79.0,agent
2026-04-08 16:17:25.445517,,disk,21.9,agent
2026-04-08 16:17:26.855575,,cpu,70.9,agent
2026-04-08 16:17:26.855575,,memory,69.5,agent
2026-04-08 16:17:26.855575,,disk,21.9,agent
2026-04-08 16:17:47.299385,i-00dfb80a59da9a56d,cpu,54.444548387600754,cloudwatch
2026-04-08 16:17:56.487728,,cpu,89.4,agent
2026-04-08 16:17:56.487728,,memory,79.8,agent
2026-04-08 16:17:56.487728,,disk,21.9,agent
2026-04-08 16:17:57.895759,,cpu,35.5,agent
2026-04-08 16:17:57.895759,,memory,69.6,agent
2026-04-08 16:17:57.895759,,disk,21.9,agent
2026-04-08 16:24:08.905558,,cpu,32.7,agent
2026-04-08 16:24:08.905558,,memory,69.9,agent
2026-04-08 16:24:08.905558,,disk,21.9,agent
2026-04-08 16:25:12.425533,,cpu,29.6,agent
2026-04-08 16:25:12.425533,,memory,69.9,agent
2026-04-08 16:25:12.425533,,disk,21.9,agent
2026-04-08 16:25:53.420481,i-00dfb80a59da9a56d,cpu,54.81803537101185,cloudwatch
2026-04-08 16:27:15.145565,,cpu,29.6,agent
2026-04-08 16:27:15.145565,,memory,69.9,agent
2026-04-08 16:27:15.145565,,disk,21.9,agent
2026-04-08 16:28:17.215596,,cpu,37.7,agent
2026-04-08 16:28:17.215596,,memory,69.9,agent
2026-04-08 16:28:17.215596,,disk,21.9,agent
2026-04-08 16:28:49.714325,,cpu,88.1,agent
2026-04-08 16:28:49.714325,,memory,73.1,agent
2026-04-08 16:28:49.714325,,disk,21.9,agent
2026-04-08 16:29:51.845496,,cpu,89.0,agent
2026-04-08 16:29:51.845496,,memory,76.2,agent
2026-04-08 16:29:51.845496,,disk,21.9,agent
2026-04-08 16:30:52.415577,,cpu,91.0,agent
2026-04-08 16:30:52.415577,,memory,75.9,agent
2026-04-08 16:30:52.415577,,disk,21.9,agent
2026-04-08 16:31:24.995501,,cpu,88.0,agent
2026-04-08 16:31:24.995501,,memory,80.1,agent
2026-04-08 16:31:24.995501,,disk,21.9,agent
2026-04-08 16:31:56.035627,,cpu,92.4,agent
2026-04-08 16:31:56.035627,,memory,70.1,agent
2026-04-08 16:31:56.035627,,disk,21.9,agent
2026-04-08 16:32:56.589340,,cpu,88.0,agent
2026-04-08 16:32:56.589340,,memory,80.1,agent
2026-04-08 16:32:56.589340,,disk,21.9,agent
2026-04-08 16:33:27.625562,,cpu,82.0,agent
2026-04-08 16:33:27.625562,,memory,69.9,agent
2026-04-08 16:33:27.625562,,disk,21.9,agent
2026-04-08 16:34:00.164585,,cpu,51.5,agent
2026-04-08 16:34:00.164585,,memory,69.9,agent
2026-04-08 16:34:00.164585,,disk,21.9,agent
2026-04-08 16:34:31.184360,,memory,70.1,agent
2026-04-08 16:41:45.664344,,memory,70.1,agent
2026-04-08 16:41:45.664344,,disk,21.9,agent
2026-04-08 16:42:16.705526,,cpu,37.7,agent
2026-04-08 16:42:16.705526,,memory,70.2,agent
2026-04-08 16:42:16.705526,,disk,21.9,agent
2026-04-08 16:42:47.745537,,cpu,38.0,agent
2026-04-08 16:42:47.745537,,memory,70.1,agent
2026-04-08 16:42:47.745537,,disk,21.9,agent
2026-04-08 16:43:48.805589,,cpu,37.9,agent
2026-04-08 16:43:48.805589,,memory,70.2,agent
2026-04-08 16:43:48.805589,,disk,21.9,agent
2026-04-08 16:44:20.862731,,cpu,31.3,agent
2026-04-08 16:44:20.862731,,memory,70.4,agent
2026-04-08 16:44:20.862731,,disk,21.9,agent
2026-04-08 16:45:21.918171,,cpu,46.0,agent
2026-04-08 16:45:21.918171,,memory,70.3,agent
2026-04-08 16:45:21.918171,,disk,21.9,agent
2026-04-08 16:46:11.941650,i-00dfb80a59da9a56d,cpu,54.30181006033534,cloudwatch
2026-04-08 16:46:56.074377,,cpu,93.1,agent
2026-04-08 16:46:56.074377,,memory,76.4,agent
2026-04-08 16:46:56.074377,,disk,21.9,agent
2026-04-08 16:47:57.185564,,cpu,89.0,agent
2026-04-08 16:47:57.185564,,memory,76.7,agent
2026-04-08 16:47:57.185564,,disk,21.9,agent
2026-04-08 16:48:29.228874,,cpu,88.0,agent
2026-04-08 16:48:29.228874,,memory,79.8,agent
2026-04-08 16:48:29.228874,,disk,21.9,agent
2026-04-08 16:49:30.305545,,cpu,87.5,agent
2026-04-08 16:49:30.305545,,memory,79.5,agent
2026-04-08 16:49:30.305545,,disk,21.9,agent
2026-04-08 16:42:07.267222,i-00dfb80a59da9a56d,cpu,55.2262211601021,cloudwatch
2026-04-08 16:43:17.765550,,cpu,37.7,agent
2026-04-08 16:43:17.765550,,memory,70.2,agent
2026-04-08 16:43:17.765550,,disk,21.9,agent
2026-04-08 16:44:09.935704,i-00dfb80a59da9a56d,cpu,54.87545705931875,cloudwatch
2026-04-08 16:44:51.886807,,cpu,43.4,agent
2026-04-08 16:44:51.886807,,memory,71.1,agent
2026-04-08 16:44:51.886807,,disk,21.9,agent
2026-04-08 16:45:52.955548,,cpu,68.3,agent
2026-04-08 16:45:52.955548,,memory,71.5,agent
2026-04-08 16:45:52.955548,,disk,21.9,agent
2026-04-08 16:46:25.014320,,cpu,91.5,agent
2026-04-08 16:46:25.014320,,memory,75.6,agent
2026-04-08 16:46:25.014320,,disk,21.9,agent
2026-04-08 16:47:26.105496,,cpu,89.9,agent
2026-04-08 16:47:26.105496,,memory,75.9,agent
2026-04-08 16:47:26.105496,,disk,21.9,agent
2026-04-08 16:48:13.848794,i-00dfb80a59da9a56d,cpu,53.91160428398456,cloudwatch
2026-04-08 16:49:00.274353,,cpu,89.7,agent
2026-04-08 16:49:00.274353,,memory,80.4,agent
2026-04-08 16:49:00.274353,,disk,21.9,agent
2026-04-08 16:50:01.355571,,cpu,87.6,agent
2026-04-08 16:50:01.355571,,memory,80.4,agent
2026-04-08 16:50:01.355571,,disk,21.9,agent
2026-04-08 16:42:15.691123,,cpu,31.2,agent
2026-04-08 16:42:15.691123,,memory,70.1,agent
2026-04-08 16:42:15.691123,,disk,21.9,agent
2026-04-08 16:42:46.728138,,cpu,33.8,agent
2026-04-08 16:42:46.728138,,memory,70.1,agent
2026-04-08 16:42:46.728138,,disk,21.9,agent
2026-04-08 16:43:18.785484,,cpu,32.7,agent
2026-04-08 16:43:18.785484,,memory,70.2,agent
2026-04-08 16:43:18.785484,,disk,21.9,agent
2026-04-08 16:44:19.845551,,cpu,38.2,agent
2026-04-08 16:44:19.845551,,memory,70.4,agent
2026-04-08 16:44:19.845551,,disk,21.9,agent
2026-04-08 16:45:11.009541,i-00dfb80a59da9a56d,cpu,54.53990343529695,cloudwatch
2026-04-08 16:45:53.965540,,cpu,100.0,agent
2026-04-08 16:45:53.965540,,memory,73.8,agent
2026-04-08 16:45:53.965540,,disk,21.9,agent
2026-04-08 16:46:55.035446,,cpu,88.6,agent
2026-04-08 16:46:55.035446,,memory,73.8,agent
2026-04-08 16:46:55.035446,,disk,21.9,agent
2026-04-08 16:47:27.125540,,cpu,89.0,agent
2026-04-08 16:47:27.125540,,memory,78.4,agent
2026-04-08 16:47:27.125540,,disk,21.9,agent
2026-04-08 16:48:28.225512,,cpu,93.0,agent
2026-04-08 16:48:28.225512,,memory,77.3,agent
2026-04-08 16:48:28.225512,,disk,21.9,agent
2026-04-08 16:49:14.880009,i-00dfb80a59da9a56d,cpu,53.97514418897215,cloudwatch
2026-04-08 16:50:02.397200,,cpu,78.7,agent
2026-04-08 16:50:02.397200,,memory,70.1,agent
2026-04-08 16:50:02.397200,,disk,21.9,agent
2026-04-08 16:43:08.775493,i-00dfb80a59da9a56d,cpu,55.10011227347633,cloudwatch
2026-04-08 16:43:49.820766,,cpu,38.0,agent
2026-04-08 16:43:49.820766,,memory,70.2,agent
2026-04-08 16:43:49.820766,,disk,21.9,agent
2026-04-08 16:44:50.885592,,cpu,37.8,agent
2026-04-08 16:44:50.885592,,memory,70.2,agent
2026-04-08 16:44:50.885592,,disk,21.9,agent
2026-04-08 16:45:22.925924,,cpu,76.0,agent
2026-04-08 16:45:22.925924,,memory,72.0,agent
2026-04-08 16:45:22.925924,,disk,21.9,agent
2026-04-08 16:46:23.995489,,cpu,88.0,agent
2026-04-08 16:46:23.995489,,memory,72.8,agent
2026-04-08 16:46:23.995489,,disk,21.9,agent
2026-04-08 16:47:12.937068,i-00dfb80a59da9a56d,cpu,53.922171066235265,cloudwatch
2026-04-08 16:47:58.165508,,cpu,100.0,agent
2026-04-08 16:47:58.165508,,memory,79.1,agent
2026-04-08 16:47:58.165508,,disk,21.9,agent
2026-04-08 16:48:59.265513,,cpu,87.5,agent
2026-04-08 16:48:59.265513,,memory,78.8,agent
2026-04-08 16:48:59.265513,,disk,21.9,agent
2026-04-08 16:49:31.344353,,cpu,88.6,agent
2026-04-08 16:49:31.344353,,memory,80.4,agent
2026-04-08 16:49:31.344353,,disk,21.9,agent
2026-04-08 16:50:15.871618,i-00dfb80a59da9a56d,cpu,54.17029852089722,cloudwatch
2026-04-08 16:50:32.425588,,cpu,93.0,agent
2026-04-08 16:50:32.425588,,memory,80.4,agent
2026-04-08 16:50:32.425588,,disk,21.9,agent
2026-04-08 16:50:33.465563,,cpu,69.3,agent
2026-04-08 16:50:33.465563,,memory,70.6,agent
2026-04-08 16:50:33.465563,,disk,21.9,agent
2026-04-08 16:51:03.465520,,cpu,87.7,agent
2026-04-08 16:51:03.465520,,memory,80.5,agent
2026-04-08 16:51:03.465520,,disk,21.9,agent
2026-04-08 16:51:04.504690,,cpu,70.4,agent
2026-04-08 16:51:04.504690,,memory,70.1,agent
2026-04-08 16:51:04.504690,,disk,21.9,agent
2026-04-08 16:51:16.953436,i-00dfb80a59da9a56d,cpu,55.43599753098777,cloudwatch
2026-04-08 16:51:34.505550,,cpu,87.5,agent
2026-04-08 16:51:34.505550,,memory,80.3,agent
2026-04-08 16:51:34.505550,,disk,21.9,agent
2026-04-08 16:51:35.691115,,cpu,40.2,agent
2026-04-08 16:51:35.691115,,memory,70.1,agent
2026-04-08 16:51:35.691115,,disk,21.9,agent
2026-04-08 16:52:05.545535,,cpu,87.6,agent
2026-04-08 16:52:05.545535,,memory,80.3,agent
2026-04-08 16:52:05.545535,,disk,21.9,agent
2026-04-08 16:52:06.735613,,cpu,71.2,agent
2026-04-08 16:52:06.735613,,memory,70.1,agent
2026-04-08 16:52:06.735613,,disk,21.9,agent
2026-04-08 16:52:18.077441,i-00dfb80a59da9a56d,cpu,55.40373588627713,cloudwatch
2026-04-08 16:52:36.615574,,cpu,87.5,agent
2026-04-08 16:52:36.615574,,memory,80.4,agent
2026-04-08 16:52:36.615574,,disk,21.9,agent
2026-04-08 16:52:37.785524,,cpu,42.4,agent
2026-04-08 16:52:37.785524,,memory,70.6,agent
2026-04-08 16:52:37.785524,,disk,21.9,agent
2026-04-08 16:53:07.655535,,cpu,87.5,agent
2026-04-08 16:53:07.655535,,memory,74.7,agent
2026-04-08 16:53:07.655535,,disk,21.9,agent
2026-04-08 16:53:08.825555,,cpu,37.7,agent
2026-04-08 16:53:08.825555,,memory,70.3,agent
2026-04-08 16:53:08.825555,,disk,21.9,agent
2026-04-08 16:53:18.885382,i-00dfb80a59da9a56d,cpu,55.23962871325864,cloudwatch
2026-04-08 16:53:38.695637,,cpu,83.0,agent
2026-04-08 16:53:38.695637,,memory,70.1,agent
2026-04-08 16:53:38.695637,,disk,21.9,agent
2026-04-08 16:53:39.865831,,cpu,38.5,agent
2026-04-08 16:53:39.865831,,memory,70.1,agent
2026-04-08 16:53:39.865831,,disk,21.9,agent
2026-04-08 16:54:09.735597,,cpu,45.2,agent
2026-04-08 16:54:09.735597,,memory,70.4,agent
2026-04-08 16:54:09.735597,,disk,21.9,agent
2026-04-08 16:54:10.905558,,cpu,35.2,agent
2026-04-08 16:54:10.905558,,memory,70.4,agent
2026-04-08 16:54:10.905558,,disk,21.9,agent
2026-04-08 16:54:19.834572,i-00dfb80a59da9a56d,cpu,55.06541121250427,cloudwatch
2026-04-08 16:54:40.775650,,cpu,38.0,agent
2026-04-08 16:54:40.775650,,memory,70.7,agent
2026-04-08 16:54:40.775650,,disk,21.9,agent
2026-04-08 16:54:41.945574,,cpu,37.7,agent
2026-04-08 16:54:41.945574,,memory,70.7,agent
2026-04-08 16:54:41.945574,,disk,21.9,agent
2026-04-08 16:55:11.801901,,cpu,32.0,agent
2026-04-08 16:55:11.801901,,memory,70.6,agent
2026-04-08 16:55:11.801901,,disk,21.9,agent
2026-04-08 16:55:12.985555,,cpu,37.7,agent
2026-04-08 16:55:12.985555,,memory,70.6,agent
2026-04-08 16:55:12.985555,,disk,21.9,agent
2026-04-08 16:55:20.849065,i-00dfb80a59da9a56d,cpu,55.06541121250427,cloudwatch
2026-04-08 16:55:42.835628,,cpu,34.0,agent
2026-04-08 16:55:42.835628,,memory,70.2,agent
2026-04-08 16:55:42.835628,,disk,21.9,agent
2026-04-08 16:55:44.025511,,cpu,39.5,agent
2026-04-08 16:55:44.025511,,memory,70.2,agent
2026-04-08 16:55:44.025511,,disk,21.9,agent
2026-04-08 16:55:54.067374,i-00dfb80a59da9a56d,cpu,55.06541121250427,cloudwatch
2026-04-08 16:56:13.845896,,cpu,0.0,agent
2026-04-08 16:56:13.845896,,memory,67.4,agent
2026-04-08 16:56:13.845896,,disk,21.9,agent
2026-04-08 16:56:15.065592,,cpu,0.0,agent
2026-04-08 16:56:15.065592,,memory,67.4,agent
2026-04-08 16:56:15.065592,,disk,21.9,agent
2026-04-08 16:56:44.875322,,cpu,0.5,agent
2026-04-08 16:56:44.875322,,memory,67.5,agent
2026-04-08 16:56:44.875322,,disk,21.9,agent
2026-04-08 16:56:46.105841,,cpu,0.0,agent
2026-04-08 16:56:46.105841,,memory,67.5,agent
2026-04-08 16:56:46.105841,,disk,21.9,agent
2026-04-08 16:56:54.724421,i-00dfb80a59da9a56d,cpu,46.1194473583429,cloudwatch
2026-04-08 16:58:27.785922,i-00dfb80a59da9a56d,cpu,40.19858903876306,cloudwatch
2026-04-08 16:58:48.995609,,cpu,92.4,agent
2026-04-08 16:58:48.995609,,memory,68.9,agent
2026-04-08 16:58:48.995609,,disk,21.9,agent
2026-04-08 16:58:50.245529,,cpu,48.7,agent
2026-04-08 16:58:50.245529,,memory,69.0,agent
2026-04-08 16:58:50.245529,,disk,21.9,agent
2026-04-08 16:59:20.037534,,cpu,56.8,agent
2026-04-08 16:59:20.037534,,memory,69.0,agent
2026-04-08 16:59:20.037534,,disk,21.9,agent
2026-04-08 16:59:21.285566,,cpu,39.9,agent
2026-04-08 16:59:21.285566,,memory,69.2,agent
2026-04-08 16:59:21.285566,,disk,21.9,agent
2026-04-08 16:59:28.558180,i-00dfb80a59da9a56d,cpu,44.13553789767711,cloudwatch
2026-04-08 16:59:51.075674,,cpu,39.5,agent
2026-04-08 16:59:51.075674,,memory,69.6,agent
2026-04-08 16:59:51.075674,,disk,21.9,agent
2026-04-08 16:59:52.325563,,cpu,38.0,agent
2026-04-08 16:59:52.325563,,memory,69.6,agent
2026-04-08 16:59:52.325563,,disk,21.9,agent
2026-04-08 17:00:22.115707,,cpu,100.0,agent
2026-04-08 17:00:22.115707,,memory,80.1,agent
2026-04-08 17:00:22.115707,,disk,21.9,agent
2026-04-08 17:00:23.365599,,cpu,38.0,agent
2026-04-08 17:00:23.365599,,memory,69.8,agent
2026-04-08 17:00:23.365599,,disk,21.9,agent
2026-04-08 17:00:29.259693,i-00dfb80a59da9a56d,cpu,44.13553789767711,cloudwatch
2026-04-08 17:00:53.155587,,cpu,67.3,agent
2026-04-08 17:00:53.155587,,memory,70.0,agent
2026-04-08 17:00:53.155587,,disk,21.9,agent
2026-04-08 17:00:54.408226,,cpu,33.7,agent
2026-04-08 17:00:54.408226,,memory,70.0,agent
2026-04-08 17:00:54.408226,,disk,21.9,agent
2026-04-08 17:01:24.195613,,cpu,48.0,agent
2026-04-08 17:01:24.195613,,memory,70.3,agent
2026-04-08 17:01:24.195613,,disk,21.9,agent
2026-04-08 17:01:25.445547,,cpu,34.7,agent
2026-04-08 17:01:25.445547,,memory,70.3,agent
2026-04-08 17:01:25.445547,,disk,21.9,agent
2026-04-08 17:01:30.130331,i-00dfb80a59da9a56d,cpu,55.46119415721731,cloudwatch
2026-04-08 17:01:55.235614,,cpu,39.8,agent
2026-04-08 17:01:55.235614,,memory,70.5,agent
2026-04-08 17:01:55.235614,,disk,21.9,agent
2026-04-08 17:01:56.478221,,cpu,32.0,agent
2026-04-08 17:01:56.478221,,memory,70.5,agent
2026-04-08 17:01:56.478221,,disk,21.9,agent
2026-04-08 17:02:26.277367,,cpu,37.7,agent
2026-04-08 17:02:26.277367,,memory,70.3,agent
2026-04-08 17:02:26.277367,,disk,21.9,agent
2026-04-08 17:02:27.515692,,cpu,38.0,agent
2026-04-08 17:02:27.515692,,memory,70.3,agent
2026-04-08 17:02:27.515692,,disk,21.9,agent
2026-04-08 17:02:30.844692,i-00dfb80a59da9a56d,cpu,55.44912943814487,cloudwatch
2026-04-08 17:02:57.298614,,cpu,34.3,agent
2026-04-08 17:02:57.298614,,memory,70.3,agent
2026-04-08 17:02:57.298614,,disk,21.9,agent
2026-04-08 17:02:58.555599,,cpu,37.7,agent
2026-04-08 17:02:58.555599,,memory,70.3,agent
2026-04-08 17:02:58.555599,,disk,21.9,agent
2026-04-08 17:03:28.329402,,cpu,39.5,agent
2026-04-08 17:03:28.329402,,memory,70.3,agent
2026-04-08 17:03:28.329402,,disk,21.9,agent
2026-04-08 17:03:29.595663,,cpu,29.6,agent
2026-04-08 17:03:29.595663,,memory,70.3,agent
2026-04-08 17:03:29.595663,,disk,21.9,agent
2026-04-08 17:03:31.576220,i-00dfb80a59da9a56d,cpu,55.23661958240026,cloudwatch
2026-04-08 17:03:59.389197,,cpu,39.5,agent
2026-04-08 17:03:59.389197,,memory,70.8,agent
2026-04-08 17:03:59.389197,,disk,21.9,agent
2026-04-08 17:04:00.635748,,cpu,36.6,agent
2026-04-08 17:04:00.635748,,memory,70.8,agent
2026-04-08 17:04:00.635748,,disk,21.9,agent
2026-04-08 17:04:30.475601,,cpu,37.7,agent
2026-04-08 17:04:30.475601,,memory,70.8,agent
2026-04-08 17:04:30.475601,,disk,21.9,agent
2026-04-08 17:04:31.674993,,cpu,33.2,agent
2026-04-08 17:04:31.674993,,memory,70.8,agent
2026-04-08 17:04:31.674993,,disk,21.9,agent
2026-04-08 17:04:32.302183,i-00dfb80a59da9a56d,cpu,55.18158821538469,cloudwatch
2026-04-08 17:05:01.516232,,cpu,41.5,agent
2026-04-08 17:05:01.516232,,memory,70.4,agent
2026-04-08 17:05:01.516232,,disk,21.9,agent
2026-04-08 17:05:02.715656,,cpu,52.2,agent
2026-04-08 17:05:02.715656,,memory,70.4,agent
2026-04-08 17:05:02.715656,,disk,21.9,agent
2026-04-08 17:05:32.725617,,cpu,39.8,agent
2026-04-08 17:05:32.725617,,memory,70.8,agent
2026-04-08 17:05:32.725617,,disk,21.9,agent
2026-04-08 17:05:32.953377,i-00dfb80a59da9a56d,cpu,55.18158821538469,cloudwatch
2026-04-08 17:05:33.756354,,cpu,54.0,agent
2026-04-08 17:05:33.756354,,memory,70.8,agent
2026-04-08 17:05:33.756354,,disk,21.9,agent
2026-04-08 17:06:03.925691,,cpu,63.0,agent
2026-04-08 17:06:03.925691,,memory,70.9,agent
2026-04-08 17:06:03.925691,,disk,21.9,agent
2026-04-08 17:06:04.795607,,cpu,52.3,agent
2026-04-08 17:06:04.795607,,memory,71.0,agent
2026-04-08 17:06:04.795607,,disk,21.9,agent
2026-04-08 17:06:33.615915,i-00dfb80a59da9a56d,cpu,54.62499999999999,cloudwatch
2026-04-08 17:06:35.215663,,cpu,39.1,agent
2026-04-08 17:06:35.215663,,memory,70.9,agent
2026-04-08 17:06:35.215663,,disk,21.9,agent
2026-04-08 17:08:08.954325,,cpu,42.0,agent
2026-04-08 17:08:08.954325,,memory,70.9,agent
2026-04-08 17:08:08.954325,,disk,21.9,agent
2026-04-08 17:08:39.376517,,cpu,38.2,agent
2026-04-08 17:08:39.376517,,memory,70.5,agent
2026-04-08 17:08:39.376517,,disk,21.9,agent
2026-04-08 17:09:10.415580,,cpu,64.0,agent
2026-04-08 17:09:10.415580,,memory,71.7,agent
2026-04-08 17:09:10.415580,,disk,21.9,agent
2026-04-08 17:09:41.487720,,cpu,87.9,agent
2026-04-08 17:09:41.487720,,memory,73.6,agent
2026-04-08 17:09:41.487720,,disk,21.9,agent
2026-04-08 17:10:12.527862,,cpu,92.5,agent
2026-04-08 17:10:12.527862,,memory,75.5,agent
2026-04-08 17:10:12.527862,,disk,21.9,agent
2026-04-08 17:11:14.645561,,cpu,88.0,agent
2026-04-08 17:11:14.645561,,memory,77.9,agent
2026-04-08 17:11:14.645561,,disk,21.9,agent
2026-04-08 17:11:37.150814,i-00dfb80a59da9a56d,cpu,55.18633652197079,cloudwatch
2026-04-08 17:11:46.275569,,cpu,88.5,agent
2026-04-08 17:11:46.275569,,memory,80.2,agent
2026-04-08 17:11:46.275569,,disk,21.9,agent
2026-04-08 17:12:47.775592,,cpu,100.0,agent
2026-04-08 17:12:47.775592,,memory,78.9,agent
2026-04-08 17:12:47.775592,,disk,21.9,agent
2026-04-08 17:13:50.484342,,cpu,88.1,agent
2026-04-08 17:13:50.484342,,memory,80.8,agent
2026-04-08 17:13:50.484342,,disk,21.9,agent
2026-04-08 17:14:21.544255,,cpu,1.0,agent
2026-04-08 17:14:21.544255,,memory,69.6,agent
2026-04-08 17:14:21.544255,,disk,21.9,agent
2026-04-08 17:06:35.837481,,cpu,42.2,agent
2026-04-08 17:06:35.837481,,memory,70.9,agent
2026-04-08 17:06:35.837481,,disk,21.9,agent
2026-04-08 17:08:40.013384,,cpu,67.8,agent
2026-04-08 17:08:40.013384,,memory,72.0,agent
2026-04-08 17:08:40.013384,,disk,21.9,agent
2026-04-08 17:09:42.095570,,cpu,88.5,agent
2026-04-08 17:09:42.095570,,memory,75.0,agent
2026-04-08 17:09:42.095570,,disk,21.9,agent
2026-04-08 17:10:13.135549,,cpu,92.5,agent
2026-04-08 17:10:13.135549,,memory,76.8,agent
2026-04-08 17:10:13.135549,,disk,21.9,agent
2026-04-08 17:10:36.474389,i-00dfb80a59da9a56d,cpu,54.88364718215253,cloudwatch
2026-04-08 17:11:15.225488,,cpu,88.0,agent
2026-04-08 17:11:15.225488,,memory,79.5,agent
2026-04-08 17:11:15.225488,,disk,21.9,agent
2026-04-08 17:11:45.685136,,cpu,92.0,agent
2026-04-08 17:11:45.685136,,memory,78.9,agent
2026-04-08 17:11:45.685136,,disk,21.9,agent
2026-04-08 17:12:17.325474,,cpu,87.5,agent
2026-04-08 17:12:17.325474,,memory,79.3,agent
2026-04-08 17:12:17.325474,,disk,21.9,agent
2026-04-08 17:13:18.848236,,cpu,87.5,agent
2026-04-08 17:13:18.848236,,memory,78.9,agent
2026-04-08 17:13:18.848236,,disk,21.9,agent
2026-04-08 17:13:38.480086,i-00dfb80a59da9a56d,cpu,55.535596067401485,cloudwatch
2026-04-08 17:07:06.255567,,cpu,39.0,agent
2026-04-08 17:07:06.255567,,memory,70.6,agent
2026-04-08 17:07:06.255567,,disk,21.9,agent
2026-04-08 17:07:37.915611,,cpu,30.8,agent
2026-04-08 17:07:37.915611,,memory,70.5,agent
2026-04-08 17:07:37.915611,,disk,21.9,agent
2026-04-08 17:08:35.126231,i-00dfb80a59da9a56d,cpu,54.60560999367278,cloudwatch
2026-04-08 17:10:43.565494,,cpu,88.5,agent
2026-04-08 17:10:43.565494,,memory,76.6,agent
2026-04-08 17:10:43.565494,,disk,21.9,agent
2026-04-08 17:13:19.435538,,cpu,97.5,agent
2026-04-08 17:13:19.435538,,memory,79.8,agent
2026-04-08 17:13:19.435538,,disk,21.9,agent
2026-04-08 17:13:49.889246,,cpu,93.5,agent
2026-04-08 17:13:49.889246,,memory,80.2,agent
2026-04-08 17:13:49.889246,,disk,21.9,agent
2026-04-08 17:14:20.932033,,cpu,0.0,agent
2026-04-08 17:14:20.932033,,memory,69.6,agent
2026-04-08 17:14:20.932033,,disk,21.9,agent
2026-04-08 17:07:06.875596,,cpu,39.5,agent
2026-04-08 17:07:06.875596,,memory,70.6,agent
2026-04-08 17:07:06.875596,,disk,21.9,agent
2026-04-08 17:07:34.267677,i-00dfb80a59da9a56d,cpu,54.68333333333333,cloudwatch
2026-04-08 17:07:37.295590,,cpu,40.7,agent
2026-04-08 17:07:37.295590,,memory,70.5,agent
2026-04-08 17:07:37.295590,,disk,21.9,agent
2026-04-08 17:08:08.335556,,cpu,38.0,agent
2026-04-08 17:08:08.335556,,memory,70.5,agent
2026-04-08 17:08:08.335556,,disk,21.9,agent
2026-04-08 17:09:11.055505,,cpu,99.5,agent
2026-04-08 17:09:11.055505,,memory,72.9,agent
2026-04-08 17:09:11.055505,,disk,21.9,agent
2026-04-08 17:09:35.810507,i-00dfb80a59da9a56d,cpu,54.88364718215253,cloudwatch
2026-04-08 17:10:44.176454,,cpu,99.5,agent
2026-04-08 17:10:44.176454,,memory,77.6,agent
2026-04-08 17:10:44.176454,,disk,21.9,agent
2026-04-08 17:12:16.735566,,cpu,99.0,agent
2026-04-08 17:12:16.735566,,memory,77.2,agent
2026-04-08 17:12:16.735566,,disk,21.9,agent
2026-04-08 17:12:37.868679,i-00dfb80a59da9a56d,cpu,55.403016978757535,cloudwatch
2026-04-08 17:12:48.384348,,cpu,88.1,agent
2026-04-08 17:12:48.384348,,memory,80.0,agent
2026-04-08 17:12:48.384348,,disk,21.9,agent
2026-04-08 17:14:31.808156,i-00dfb80a59da9a56d,cpu,53.24014352058786,cloudwatch
2026-04-08 17:14:34.177552,,cpu,98.5,agent
2026-04-08 17:14:34.177552,,memory,78.2,agent
2026-04-08 17:14:34.177552,,disk,21.9,agent
2026-04-08 17:15:05.215533,,cpu,87.9,agent
2026-04-08 17:15:05.215533,,memory,77.4,agent
2026-04-08 17:15:05.215533,,disk,21.9,agent
2026-04-08 17:15:33.439846,i-00dfb80a59da9a56d,cpu,53.24014352058786,cloudwatch
2026-04-08 17:15:36.265542,,cpu,87.5,agent
2026-04-08 17:15:36.265542,,memory,78.2,agent
2026-04-08 17:15:36.265542,,disk,21.9,agent
2026-04-08 17:16:07.305526,,cpu,92.0,agent
2026-04-08 17:16:07.305526,,memory,79.1,agent
2026-04-08 17:16:07.305526,,disk,21.9,agent
2026-04-08 17:16:34.541222,i-00dfb80a59da9a56d,cpu,52.275,cloudwatch
2026-04-08 17:16:38.345544,,cpu,87.9,agent
2026-04-08 17:16:38.345544,,memory,79.7,agent
2026-04-08 17:16:38.345544,,disk,21.9,agent
2026-04-08 17:17:09.386727,,cpu,0.0,agent
2026-04-08 17:17:09.386727,,memory,67.8,agent
2026-04-08 17:17:09.386727,,disk,21.9,agent
2026-04-08 17:17:25.453675,i-00dfb80a59da9a56d,cpu,47.78493403488908,cloudwatch
2026-04-08 17:17:29.107809,,cpu,98.5,agent
2026-04-08 17:17:29.107809,,memory,71.2,agent
2026-04-08 17:17:29.107809,,disk,21.9,agent
2026-04-08 17:18:00.195504,,cpu,92.0,agent
2026-04-08 17:18:00.195504,,memory,72.4,agent
2026-04-08 17:18:00.195504,,disk,21.9,agent
2026-04-08 17:18:26.330018,i-00dfb80a59da9a56d,cpu,48.203077786545805,cloudwatch
2026-04-08 17:18:31.225574,,cpu,72.4,agent
2026-04-08 17:18:31.225574,,memory,70.5,agent
2026-04-08 17:18:31.225574,,disk,21.9,agent
2026-04-08 17:19:02.265543,,cpu,94.2,agent
2026-04-08 17:19:02.265543,,memory,71.6,agent
2026-04-08 17:19:02.265543,,disk,21.9,agent
2026-04-08 17:19:27.044870,i-00dfb80a59da9a56d,cpu,49.75828485777757,cloudwatch
2026-04-08 17:19:33.325491,,cpu,93.0,agent
2026-04-08 17:19:33.325491,,memory,73.7,agent
2026-04-08 17:19:33.325491,,disk,21.9,agent
2026-04-08 17:20:04.365510,,cpu,87.9,agent
2026-04-08 17:20:04.365510,,memory,74.6,agent
2026-04-08 17:20:04.365510,,disk,21.9,agent
2026-04-08 17:20:27.732903,i-00dfb80a59da9a56d,cpu,49.75828485777757,cloudwatch
2026-04-08 17:20:35.415610,,cpu,92.0,agent
2026-04-08 17:20:35.415610,,memory,74.9,agent
2026-04-08 17:20:35.415610,,disk,21.9,agent
2026-04-08 17:21:06.455529,,cpu,91.4,agent
2026-04-08 17:21:06.455529,,memory,76.3,agent
2026-04-08 17:21:06.455529,,disk,21.9,agent
2026-04-08 17:21:28.487847,i-00dfb80a59da9a56d,cpu,55.420833333333334,cloudwatch
2026-04-08 17:21:37.495568,,cpu,100.0,agent
2026-04-08 17:21:37.495568,,memory,78.2,agent
2026-04-08 17:21:37.495568,,disk,21.9,agent
2026-04-08 17:22:08.535572,,cpu,87.5,agent
2026-04-08 17:22:08.535572,,memory,79.6,agent
2026-04-08 17:22:08.535572,,disk,21.9,agent
2026-04-08 17:22:29.035284,i-00dfb80a59da9a56d,cpu,55.420833333333334,cloudwatch
2026-04-08 17:22:39.575681,,cpu,74.9,agent
2026-04-08 17:22:39.575681,,memory,69.3,agent
2026-04-08 17:22:39.575681,,disk,21.9,agent
2026-04-08 17:23:10.615686,,cpu,51.5,agent
2026-04-08 17:23:10.615686,,memory,69.3,agent
2026-04-08 17:23:10.615686,,disk,21.9,agent
2026-04-08 17:23:29.895021,i-00dfb80a59da9a56d,cpu,55.095186343806716,cloudwatch
2026-04-08 17:23:41.655585,,cpu,38.0,agent
2026-04-08 17:23:41.655585,,memory,69.6,agent
2026-04-08 17:23:41.655585,,disk,21.9,agent
2026-04-08 17:24:12.695580,,cpu,37.7,agent
2026-04-08 17:24:12.695580,,memory,69.4,agent
2026-04-08 17:24:12.695580,,disk,21.9,agent
2026-04-08 17:24:30.573646,i-00dfb80a59da9a56d,cpu,54.85948240837871,cloudwatch
2026-04-08 17:24:43.735572,,cpu,38.6,agent
2026-04-08 17:24:43.735572,,memory,69.5,agent
2026-04-08 17:24:43.735572,,disk,21.9,agent
2026-04-08 17:25:14.765527,,cpu,31.0,agent
2026-04-08 17:25:14.765527,,memory,69.4,agent
2026-04-08 17:25:14.765527,,disk,21.9,agent
2026-04-08 17:25:31.304050,i-00dfb80a59da9a56d,cpu,54.85948240837871,cloudwatch
2026-04-08 17:25:45.795665,,cpu,29.8,agent
2026-04-08 17:25:45.795665,,memory,69.5,agent
2026-04-08 17:25:45.795665,,disk,21.9,agent
2026-04-08 17:26:16.835623,,cpu,37.7,agent
2026-04-08 17:26:16.835623,,memory,69.4,agent
2026-04-08 17:26:16.835623,,disk,21.9,agent
2026-04-08 17:26:32.022333,i-00dfb80a59da9a56d,cpu,54.474835413538955,cloudwatch
2026-04-08 17:26:47.875626,,cpu,37.9,agent
2026-04-08 17:26:47.875626,,memory,69.6,agent
2026-04-08 17:26:47.875626,,disk,21.9,agent
2026-04-08 17:27:18.915580,,cpu,38.0,agent
2026-04-08 17:27:18.915580,,memory,69.5,agent
2026-04-08 17:27:18.915580,,disk,21.9,agent
2026-04-08 17:27:32.616903,i-00dfb80a59da9a56d,cpu,54.30864943022277,cloudwatch
2026-04-08 17:27:49.955655,,cpu,35.5,agent
2026-04-08 17:27:49.955655,,memory,69.4,agent
2026-04-08 17:27:49.955655,,disk,21.9,agent
2026-04-08 17:28:20.995736,,cpu,30.0,agent
2026-04-08 17:28:20.995736,,memory,69.9,agent
2026-04-08 17:28:20.995736,,disk,21.9,agent
2026-04-08 17:28:33.293428,i-00dfb80a59da9a56d,cpu,54.27315373933374,cloudwatch
2026-04-08 17:28:52.034576,,cpu,33.8,agent
2026-04-08 17:28:52.034576,,memory,69.5,agent
2026-04-08 17:28:52.034576,,disk,21.9,agent
2026-04-08 17:29:23.055831,,cpu,38.2,agent
2026-04-08 17:29:23.055831,,memory,69.6,agent
2026-04-08 17:29:23.055831,,disk,21.9,agent
2026-04-08 17:29:34.234320,i-00dfb80a59da9a56d,cpu,54.48800698167629,cloudwatch
2026-04-08 17:29:54.095586,,cpu,38.0,agent
2026-04-08 17:29:54.095586,,memory,69.6,agent
2026-04-08 17:29:54.095586,,disk,21.9,agent
2026-04-08 17:30:25.127729,,cpu,36.3,agent
2026-04-08 17:30:25.127729,,memory,69.6,agent
2026-04-08 17:30:25.127729,,disk,21.9,agent
2026-04-08 17:30:34.932370,i-00dfb80a59da9a56d,cpu,54.48800698167629,cloudwatch
2026-04-08 17:30:56.165512,,cpu,40.2,agent
2026-04-08 17:30:56.165512,,memory,69.6,agent
2026-04-08 17:30:56.165512,,disk,21.9,agent
2026-04-08 17:31:27.215640,,cpu,40.2,agent
2026-04-08 17:31:27.215640,,memory,69.6,agent
2026-04-08 17:31:27.215640,,disk,21.9,agent
2026-04-08 17:31:35.622834,i-00dfb80a59da9a56d,cpu,54.758333333333326,cloudwatch
2026-04-08 17:31:58.241082,,cpu,41.1,agent
2026-04-08 17:31:58.241082,,memory,69.5,agent
2026-04-08 17:31:58.241082,,disk,21.9,agent
2026-04-08 17:32:29.275681,,cpu,40.6,agent
2026-04-08 17:32:29.275681,,memory,69.8,agent
2026-04-08 17:32:29.275681,,disk,21.9,agent
2026-04-08 17:32:36.258629,i-00dfb80a59da9a56d,cpu,54.98333333333333,cloudwatch
2026-04-08 17:33:00.315623,,cpu,34.2,agent
2026-04-08 17:33:00.315623,,memory,70.1,agent
2026-04-08 17:33:00.315623,,disk,21.9,agent
2026-04-08 17:33:31.355607,,cpu,40.5,agent
2026-04-08 17:33:31.355607,,memory,69.7,agent
2026-04-08 17:33:31.355607,,disk,21.9,agent
2026-04-08 17:33:37.112345,i-00dfb80a59da9a56d,cpu,55.37291666666666,cloudwatch
2026-04-08 17:34:02.398237,,cpu,64.7,agent
2026-04-08 17:34:02.398237,,memory,69.6,agent
2026-04-08 17:34:02.398237,,disk,21.9,agent
2026-04-08 17:34:33.444692,,cpu,61.0,agent
2026-04-08 17:34:33.444692,,memory,70.7,agent
2026-04-08 17:34:33.444692,,disk,21.9,agent
2026-04-08 17:34:37.882523,i-00dfb80a59da9a56d,cpu,55.38219633651969,cloudwatch
2026-04-08 17:35:04.495531,,cpu,81.5,agent
2026-04-08 17:35:04.495531,,memory,71.7,agent
2026-04-08 17:35:04.495531,,disk,21.9,agent
2026-04-08 17:35:35.535708,,cpu,87.6,agent
2026-04-08 17:35:35.535708,,memory,73.0,agent
2026-04-08 17:35:35.535708,,disk,21.9,agent
2026-04-08 17:35:38.934289,i-00dfb80a59da9a56d,cpu,55.38219633651969,cloudwatch
2026-04-08 17:36:06.575520,,cpu,98.0,agent
2026-04-08 17:36:06.575520,,memory,73.8,agent
2026-04-08 17:36:06.575520,,disk,21.9,agent
2026-04-08 17:36:37.615501,,cpu,100.0,agent
2026-04-08 17:36:37.615501,,memory,75.0,agent
2026-04-08 17:36:37.615501,,disk,21.9,agent
2026-04-08 17:36:39.785274,i-00dfb80a59da9a56d,cpu,54.28966866466866,cloudwatch
2026-04-08 17:37:08.755576,,cpu,88.0,agent
2026-04-08 17:37:08.755576,,memory,76.3,agent
2026-04-08 17:37:08.755576,,disk,22.0,agent
2026-04-08 17:37:39.865514,,cpu,87.5,agent
2026-04-08 17:37:39.865514,,memory,78.8,agent
2026-04-08 17:37:39.865514,,disk,22.0,agent
2026-04-08 17:37:41.165339,i-00dfb80a59da9a56d,cpu,54.22225269447492,cloudwatch
2026-04-08 17:38:10.905536,,cpu,89.9,agent
2026-04-08 17:38:10.905536,,memory,79.8,agent
2026-04-08 17:38:10.905536,,disk,22.0,agent
2026-04-08 17:38:42.065524,,cpu,87.9,agent
2026-04-08 17:38:42.065524,,memory,69.5,agent
2026-04-08 17:38:42.065524,,disk,22.0,agent
2026-04-08 17:38:42.351977,i-00dfb80a59da9a56d,cpu,54.23335618752285,cloudwatch
2026-04-08 17:39:13.365528,,cpu,43.7,agent
2026-04-08 17:39:13.365528,,memory,69.5,agent
2026-04-08 17:39:13.365528,,disk,22.0,agent
2026-04-08 17:39:43.056339,i-00dfb80a59da9a56d,cpu,54.15478858489848,cloudwatch
2026-04-08 17:39:44.378344,,cpu,38.5,agent
2026-04-08 17:39:44.378344,,memory,69.6,agent
2026-04-08 17:39:44.378344,,disk,22.0,agent
2026-04-08 17:40:15.415625,,cpu,30.3,agent
2026-04-08 17:40:15.415625,,memory,69.6,agent
2026-04-08 17:40:15.415625,,disk,22.0,agent
2026-04-08 17:40:43.788311,i-00dfb80a59da9a56d,cpu,54.15478858489848,cloudwatch
2026-04-08 17:40:46.455640,,cpu,38.3,agent
2026-04-08 17:40:46.455640,,memory,69.6,agent
2026-04-08 17:40:46.455640,,disk,22.0,agent
2026-04-08 17:42:19.571106,,cpu,32.2,agent
2026-04-08 17:42:19.571106,,memory,69.7,agent
2026-04-08 17:42:19.571106,,disk,22.0,agent
2026-04-08 17:43:46.715008,i-00dfb80a59da9a56d,cpu,54.02894583540487,cloudwatch
2026-04-08 17:44:54.745577,,cpu,38.0,agent
2026-04-08 17:44:54.745577,,memory,70.2,agent
2026-04-08 17:44:54.745577,,disk,22.0,agent
2026-04-08 17:46:27.855614,,cpu,38.5,agent
2026-04-08 17:46:27.855614,,memory,70.0,agent
2026-04-08 17:46:27.855614,,disk,22.0,agent
2026-04-08 17:47:50.162624,i-00dfb80a59da9a56d,cpu,55.10909989490015,cloudwatch
2026-04-08 17:49:03.035646,,cpu,38.3,agent
2026-04-08 17:49:03.035646,,memory,69.8,agent
2026-04-08 17:49:03.035646,,disk,22.0,agent
2026-04-08 17:41:17.495602,,cpu,38.3,agent
2026-04-08 17:41:17.495602,,memory,69.7,agent
2026-04-08 17:41:17.495602,,disk,22.0,agent
2026-04-08 17:42:45.821030,i-00dfb80a59da9a56d,cpu,53.72266125041011,cloudwatch
2026-04-08 17:43:52.676765,,cpu,38.0,agent
2026-04-08 17:43:52.676765,,memory,69.7,agent
2026-04-08 17:43:52.676765,,disk,22.0,agent
2026-04-08 17:45:25.785552,,cpu,37.7,agent
2026-04-08 17:45:25.785552,,memory,69.9,agent
2026-04-08 17:45:25.785552,,disk,22.0,agent
2026-04-08 17:46:49.301834,i-00dfb80a59da9a56d,cpu,54.97198317568356,cloudwatch
2026-04-08 17:48:00.955587,,cpu,38.3,agent
2026-04-08 17:48:00.955587,,memory,69.7,agent
2026-04-08 17:48:00.955587,,disk,22.0,agent
2026-04-08 17:49:34.075580,,cpu,38.3,agent
2026-04-08 17:49:34.075580,,memory,69.8,agent
2026-04-08 17:49:34.075580,,disk,22.0,agent
2026-04-08 17:41:44.815540,i-00dfb80a59da9a56d,cpu,53.575,cloudwatch
2026-04-08 17:42:50.613161,,cpu,29.5,agent
2026-04-08 17:42:50.613161,,memory,70.2,agent
2026-04-08 17:42:50.613161,,disk,22.0,agent
2026-04-08 17:44:23.715639,,cpu,30.3,agent
2026-04-08 17:44:23.715639,,memory,69.9,agent
2026-04-08 17:44:23.715639,,disk,22.0,agent
2026-04-08 17:45:48.459248,i-00dfb80a59da9a56d,cpu,54.19649000165723,cloudwatch
2026-04-08 17:46:58.895576,,cpu,37.6,agent
2026-04-08 17:46:58.895576,,memory,69.8,agent
2026-04-08 17:46:58.895576,,disk,22.0,agent
2026-04-08 17:48:31.997472,,cpu,38.0,agent
2026-04-08 17:48:31.997472,,memory,69.8,agent
2026-04-08 17:48:31.997472,,disk,22.0,agent
2026-04-08 17:49:52.160567,i-00dfb80a59da9a56d,cpu,55.06713854345503,cloudwatch
2026-04-08 17:41:48.535533,,cpu,36.2,agent
2026-04-08 17:41:48.535533,,memory,69.7,agent
2026-04-08 17:41:48.535533,,disk,22.0,agent
2026-04-08 17:43:21.645561,,cpu,30.3,agent
2026-04-08 17:43:21.645561,,memory,70.0,agent
2026-04-08 17:43:21.645561,,disk,22.0,agent
2026-04-08 17:44:47.516745,i-00dfb80a59da9a56d,cpu,54.19649000165723,cloudwatch
2026-04-08 17:45:56.825508,,cpu,29.9,agent
2026-04-08 17:45:56.825508,,memory,69.7,agent
2026-04-08 17:45:56.825508,,disk,22.0,agent
2026-04-08 17:47:29.914363,,cpu,38.9,agent
2026-04-08 17:47:29.914363,,memory,69.9,agent
2026-04-08 17:47:29.914363,,disk,22.0,agent
2026-04-08 17:48:51.086119,i-00dfb80a59da9a56d,cpu,55.075018886907664,cloudwatch
2026-04-08 17:50:05.108912,,cpu,43.2,agent
2026-04-08 17:50:05.108912,,memory,70.6,agent
2026-04-08 17:50:05.108912,,disk,22.0,agent
2026-04-08 17:50:31.369715,i-00dfb80a59da9a56d,cpu,55.06713854345503,cloudwatch
2026-04-08 17:50:36.145525,,cpu,99.5,agent
2026-04-08 17:50:36.145525,,memory,71.1,agent
2026-04-08 17:50:36.145525,,disk,22.0,agent
2026-04-08 17:50:58.581830,i-00dfb80a59da9a56d,cpu,55.06713854345503,cloudwatch
2026-04-08 17:51:07.214956,,cpu,90.5,agent
2026-04-08 17:51:07.214956,,memory,74.9,agent
2026-04-08 17:51:07.214956,,disk,22.0,agent
2026-04-08 17:51:38.265485,,cpu,58.6,agent
2026-04-08 17:51:38.265485,,memory,75.7,agent
2026-04-08 17:51:38.265485,,disk,22.0,agent
2026-04-08 17:51:59.431651,i-00dfb80a59da9a56d,cpu,57.10331585987626,cloudwatch
2026-04-08 17:52:09.305548,,cpu,0.0,agent
2026-04-08 17:52:09.305548,,memory,67.8,agent
2026-04-08 17:52:09.305548,,disk,22.0,agent
2026-04-08 17:52:40.325577,,cpu,0.5,agent
2026-04-08 17:52:40.325577,,memory,67.8,agent
2026-04-08 17:52:40.325577,,disk,22.0,agent
2026-04-08 17:53:00.076866,i-00dfb80a59da9a56d,cpu,48.26054390658417,cloudwatch
2026-04-08 17:53:11.884824,i-00dfb80a59da9a56d,cpu,48.26054390658417,cloudwatch
2026-04-08 17:53:15.496679,,cpu,95.5,agent
2026-04-08 17:53:15.496679,,memory,73.3,agent
2026-04-08 17:53:15.496679,,disk,22.0,agent
2026-04-08 17:53:46.585559,,cpu,93.0,agent
2026-04-08 17:53:46.585559,,memory,75.0,agent
2026-04-08 17:53:46.585559,,disk,22.0,agent
2026-04-08 17:54:12.732686,i-00dfb80a59da9a56d,cpu,40.72428786466897,cloudwatch
2026-04-08 17:54:17.625509,,cpu,87.5,agent
2026-04-08 17:54:17.625509,,memory,74.6,agent
2026-04-08 17:54:17.625509,,disk,22.0,agent
2026-04-08 17:54:48.665486,,cpu,94.5,agent
2026-04-08 17:54:48.665486,,memory,75.5,agent
2026-04-08 17:54:48.665486,,disk,22.0,agent
2026-04-08 17:55:13.356890,i-00dfb80a59da9a56d,cpu,44.24315241580598,cloudwatch
2026-04-08 17:55:19.705588,,cpu,28.6,agent
2026-04-08 17:55:19.705588,,memory,68.2,agent
2026-04-08 17:55:19.705588,,disk,22.0,agent
2026-04-08 17:55:29.595736,i-00dfb80a59da9a56d,cpu,44.24315241580598,cloudwatch
2026-04-08 17:55:32.936557,,cpu,100.0,agent
2026-04-08 17:55:32.936557,,memory,76.6,agent
2026-04-08 17:55:32.936557,,disk,22.0,agent
2026-04-08 17:56:04.005551,,cpu,97.5,agent
2026-04-08 17:56:04.005551,,memory,76.8,agent
2026-04-08 17:56:04.005551,,disk,22.0,agent
2026-04-08 17:56:30.727241,i-00dfb80a59da9a56d,cpu,47.7125,cloudwatch
2026-04-08 17:56:35.165634,,cpu,90.5,agent
2026-04-08 17:56:35.165634,,memory,78.4,agent
2026-04-08 17:56:35.165634,,disk,22.0,agent
2026-04-08 17:57:06.204891,,cpu,87.5,agent
2026-04-08 17:57:06.204891,,memory,79.3,agent
2026-04-08 17:57:06.204891,,disk,22.0,agent
2026-04-08 17:57:31.415993,i-00dfb80a59da9a56d,cpu,50.39265510568373,cloudwatch
2026-04-08 17:57:37.245533,,cpu,87.5,agent
2026-04-08 17:57:37.245533,,memory,79.6,agent
2026-04-08 17:57:37.245533,,disk,22.0,agent
2026-04-08 17:58:08.305563,,cpu,61.3,agent
2026-04-08 17:58:08.305563,,memory,69.3,agent
2026-04-08 17:58:08.305563,,disk,22.0,agent
2026-04-08 17:58:32.026679,i-00dfb80a59da9a56d,cpu,52.195393805243945,cloudwatch
2026-04-08 17:58:39.347611,,cpu,33.8,agent
2026-04-08 17:58:39.347611,,memory,69.3,agent
2026-04-08 17:58:39.347611,,disk,22.0,agent
2026-04-08 17:59:10.385549,,cpu,37.7,agent
2026-04-08 17:59:10.385549,,memory,69.3,agent
2026-04-08 17:59:10.385549,,disk,22.0,agent
2026-04-08 17:59:33.101381,i-00dfb80a59da9a56d,cpu,52.88279626950807,cloudwatch
2026-04-08 17:59:41.425562,,cpu,38.0,agent
2026-04-08 17:59:41.425562,,memory,69.4,agent
2026-04-08 17:59:41.425562,,disk,22.0,agent
2026-04-08 18:00:12.449618,,cpu,38.0,agent
2026-04-08 18:00:12.449618,,memory,69.3,agent
2026-04-08 18:00:12.449618,,disk,22.0,agent
2026-04-08 18:00:33.858665,i-00dfb80a59da9a56d,cpu,52.88279626950807,cloudwatch
2026-04-08 18:00:43.490178,,cpu,36.4,agent
2026-04-08 18:00:43.490178,,memory,69.4,agent
2026-04-08 18:00:43.490178,,disk,22.0,agent
2026-04-08 18:01:14.525530,,cpu,37.7,agent
2026-04-08 18:01:14.525530,,memory,69.4,agent
2026-04-08 18:01:14.525530,,disk,22.0,agent
2026-04-08 18:01:34.523969,i-00dfb80a59da9a56d,cpu,53.94628243804064,cloudwatch
2026-04-08 18:01:45.567580,,cpu,33.2,agent
2026-04-08 18:01:45.567580,,memory,69.4,agent
2026-04-08 18:01:45.567580,,disk,22.0,agent
2026-04-08 18:02:16.605549,,cpu,37.7,agent
2026-04-08 18:02:16.605549,,memory,69.3,agent
2026-04-08 18:02:16.605549,,disk,22.0,agent
2026-04-08 18:02:35.422287,i-00dfb80a59da9a56d,cpu,54.21388413042979,cloudwatch
2026-04-08 18:02:47.645511,,cpu,37.2,agent
2026-04-08 18:02:47.645511,,memory,69.6,agent
2026-04-08 18:02:47.645511,,disk,22.0,agent
2026-04-08 18:03:06.796445,i-00dfb80a59da9a56d,cpu,54.21388413042979,cloudwatch
2026-04-08 18:03:18.676358,,cpu,36.5,agent
2026-04-08 18:03:18.676358,,memory,69.0,agent
2026-04-08 18:03:18.676358,,disk,22.0,agent
2026-04-08 18:03:37.435118,i-00dfb80a59da9a56d,cpu,55.52524417834035,cloudwatch
2026-04-08 18:03:49.726715,,cpu,32.0,agent
2026-04-08 18:03:49.726715,,memory,68.8,agent
2026-04-08 18:03:49.726715,,disk,22.0,agent
2026-04-08 18:04:20.769248,,cpu,38.3,agent
2026-04-08 18:04:20.769248,,memory,68.8,agent
2026-04-08 18:04:20.769248,,disk,22.0,agent
2026-04-08 18:04:38.315995,i-00dfb80a59da9a56d,cpu,55.55500976243195,cloudwatch
2026-04-08 18:04:51.806883,,cpu,37.4,agent
2026-04-08 18:04:51.806883,,memory,69.1,agent
2026-04-08 18:04:51.806883,,disk,22.0,agent
2026-04-08 18:05:22.845564,,cpu,38.0,agent
2026-04-08 18:05:22.845564,,memory,69.1,agent
2026-04-08 18:05:22.845564,,disk,22.0,agent
2026-04-08 18:05:39.004394,i-00dfb80a59da9a56d,cpu,55.55500976243195,cloudwatch
2026-04-08 18:05:53.885558,,cpu,38.0,agent
2026-04-08 18:05:53.885558,,memory,69.2,agent
2026-04-08 18:05:53.885558,,disk,22.0,agent
2026-04-08 18:06:24.925519,,cpu,39.0,agent
2026-04-08 18:06:24.925519,,memory,69.5,agent
2026-04-08 18:06:24.925519,,disk,22.0,agent
2026-04-08 18:06:39.658113,i-00dfb80a59da9a56d,cpu,54.412711916983504,cloudwatch
2026-04-08 18:06:55.965260,,cpu,45.5,agent
2026-04-08 18:06:55.965260,,memory,69.3,agent
2026-04-08 18:06:55.965260,,disk,22.0,agent
2026-04-08 18:07:27.003650,,cpu,38.6,agent
2026-04-08 18:07:27.003650,,memory,69.6,agent
2026-04-08 18:07:27.003650,,disk,22.0,agent
2026-04-08 18:07:40.389324,i-00dfb80a59da9a56d,cpu,54.883474611322335,cloudwatch
2026-04-08 18:07:58.045350,,cpu,46.0,agent
2026-04-08 18:07:58.045350,,memory,69.9,agent
2026-04-08 18:07:58.045350,,disk,22.0,agent
2026-04-08 18:08:29.085592,,cpu,74.6,agent
2026-04-08 18:08:29.085592,,memory,70.5,agent
2026-04-08 18:08:29.085592,,disk,22.0,agent
2026-04-08 18:08:40.983266,i-00dfb80a59da9a56d,cpu,55.1300416891025,cloudwatch
2026-04-08 18:09:00.135610,,cpu,86.9,agent
2026-04-08 18:09:00.135610,,memory,71.7,agent
2026-04-08 18:09:00.135610,,disk,22.0,agent
2026-04-08 18:09:31.176809,,cpu,87.9,agent
2026-04-08 18:09:31.176809,,memory,71.9,agent
2026-04-08 18:09:31.176809,,disk,22.0,agent
2026-04-08 18:09:41.672562,i-00dfb80a59da9a56d,cpu,55.230700017948664,cloudwatch
2026-04-08 18:10:02.226774,,cpu,87.9,agent
2026-04-08 18:10:02.226774,,memory,72.3,agent
2026-04-08 18:10:02.226774,,disk,22.0,agent
2026-04-08 18:10:33.335536,,cpu,89.1,agent
2026-04-08 18:10:33.335536,,memory,71.5,agent
2026-04-08 18:10:33.335536,,disk,22.0,agent
2026-04-08 18:10:42.330149,i-00dfb80a59da9a56d,cpu,55.230700017948664,cloudwatch
2026-04-08 18:11:04.382774,,cpu,98.5,agent
2026-04-08 18:11:04.382774,,memory,73.5,agent
2026-04-08 18:11:04.382774,,disk,22.0,agent
2026-04-08 18:11:35.418132,,cpu,87.5,agent
2026-04-08 18:11:35.418132,,memory,75.4,agent
2026-04-08 18:11:35.418132,,disk,22.0,agent
2026-04-08 18:11:43.108425,i-00dfb80a59da9a56d,cpu,55.4,cloudwatch
2026-04-08 18:12:06.468854,,cpu,96.5,agent
2026-04-08 18:12:06.468854,,memory,75.7,agent
2026-04-08 18:12:06.468854,,disk,22.0,agent
2026-04-08 18:12:37.505519,,cpu,87.5,agent
2026-04-08 18:12:37.505519,,memory,78.1,agent
2026-04-08 18:12:37.505519,,disk,22.0,agent
2026-04-08 18:12:43.958959,i-00dfb80a59da9a56d,cpu,55.2076394092279,cloudwatch
2026-04-08 18:13:08.545555,,cpu,87.5,agent
2026-04-08 18:13:08.545555,,memory,78.8,agent
2026-04-08 18:13:08.545555,,disk,22.0,agent
2026-04-08 18:13:39.585524,,cpu,87.1,agent
2026-04-08 18:13:39.585524,,memory,79.6,agent
2026-04-08 18:13:39.585524,,disk,22.0,agent
2026-04-08 18:13:44.768186,i-00dfb80a59da9a56d,cpu,55.11754396620046,cloudwatch
2026-04-08 18:14:10.655569,,cpu,96.5,agent
2026-04-08 18:14:10.655569,,memory,79.7,agent
2026-04-08 18:14:10.655569,,disk,22.0,agent
2026-04-08 18:14:41.705554,,cpu,59.8,agent
2026-04-08 18:14:41.705554,,memory,69.3,agent
2026-04-08 18:14:41.705554,,disk,22.0,agent
2026-04-08 18:14:45.397827,i-00dfb80a59da9a56d,cpu,54.90818265377451,cloudwatch
2026-04-08 18:15:12.735627,,cpu,32.7,agent
2026-04-08 18:15:12.735627,,memory,69.9,agent
2026-04-08 18:15:12.735627,,disk,22.0,agent
2026-04-08 18:15:55.777009,i-00dfb80a59da9a56d,cpu,54.90818265377451,cloudwatch
2026-04-08 18:16:14.785539,,cpu,0.0,agent
2026-04-08 18:16:14.785539,,memory,67.1,agent
2026-04-08 18:16:14.785539,,disk,22.0,agent
2026-04-08 18:16:45.812550,,cpu,0.0,agent
2026-04-08 18:16:45.812550,,memory,67.1,agent
2026-04-08 18:16:45.812550,,disk,22.0,agent
2026-04-08 18:16:56.627924,i-00dfb80a59da9a56d,cpu,44.387117532590416,cloudwatch
2026-04-08 18:17:16.840416,,cpu,0.5,agent
2026-04-08 18:17:16.840416,,memory,67.1,agent
2026-04-08 18:17:16.840416,,disk,22.0,agent
2026-04-08 18:17:47.865574,,cpu,0.0,agent
2026-04-08 18:17:47.865574,,memory,67.1,agent
2026-04-08 18:17:47.865574,,disk,22.0,agent
2026-04-08 18:17:57.240073,i-00dfb80a59da9a56d,cpu,29.994189466171388,cloudwatch
2026-04-08 18:18:18.898780,,cpu,0.0,agent
2026-04-08 18:18:18.898780,,memory,67.2,agent
2026-04-08 18:18:18.898780,,disk,22.0,agent
2026-04-08 18:18:49.938774,,cpu,0.5,agent
2026-04-08 18:18:49.938774,,memory,67.2,agent
2026-04-08 18:18:49.938774,,disk,22.0,agent
2026-04-08 18:18:57.804035,i-00dfb80a59da9a56d,cpu,22.76439209962854,cloudwatch
2026-04-08 18:19:20.959199,,cpu,0.0,agent
2026-04-08 18:19:20.959199,,memory,67.2,agent
2026-04-08 18:19:20.959199,,disk,22.0,agent
2026-04-08 18:19:51.975035,,cpu,0.5,agent
2026-04-08 18:19:51.975035,,memory,67.2,agent
2026-04-08 18:19:51.975035,,disk,22.0,agent
2026-04-08 18:19:58.468478,i-00dfb80a59da9a56d,cpu,18.44506889048641,cloudwatch
2026-04-08 18:20:23.012592,,cpu,0.5,agent
2026-04-08 18:20:23.012592,,memory,67.4,agent
2026-04-08 18:20:23.012592,,disk,22.0,agent
2026-04-08 18:20:54.052015,,cpu,0.0,agent
2026-04-08 18:20:54.052015,,memory,67.4,agent
2026-04-08 18:20:54.052015,,disk,22.0,agent
2026-04-08 18:20:59.194518,i-00dfb80a59da9a56d,cpu,18.44506889048641,cloudwatch
2026-04-08 18:21:25.087840,,cpu,1.0,agent
2026-04-08 18:21:25.087840,,memory,67.4,agent
2026-04-08 18:21:25.087840,,disk,22.0,agent
2026-04-08 18:21:56.099188,,cpu,0.5,agent
2026-04-08 18:21:56.099188,,memory,67.4,agent
2026-04-08 18:21:56.099188,,disk,22.0,agent
2026-04-08 18:21:59.827601,i-00dfb80a59da9a56d,cpu,1.1952717834723678,cloudwatch
2026-04-08 18:22:27.135688,,cpu,0.0,agent
2026-04-08 18:22:27.135688,,memory,67.6,agent
2026-04-08 18:22:27.135688,,disk,22.0,agent
2026-04-08 18:22:58.158510,,cpu,0.0,agent
2026-04-08 18:22:58.158510,,memory,67.6,agent
2026-04-08 18:22:58.158510,,disk,22.0,agent
2026-04-08 18:23:00.501205,i-00dfb80a59da9a56d,cpu,1.1583023485275916,cloudwatch
2026-04-08 18:23:29.195722,,cpu,1.5,agent
2026-04-08 18:23:29.195722,,memory,67.6,agent
2026-04-08 18:23:29.195722,,disk,22.0,agent
2026-04-08 18:24:00.235373,,cpu,2.0,agent
2026-04-08 18:24:00.235373,,memory,67.6,agent
2026-04-08 18:24:00.235373,,disk,22.0,agent
2026-04-08 18:24:01.119783,i-00dfb80a59da9a56d,cpu,1.1624767613956937,cloudwatch
2026-04-08 18:24:31.264726,,cpu,1.5,agent
2026-04-08 18:24:31.264726,,memory,67.6,agent
2026-04-08 18:24:31.264726,,disk,22.0,agent
2026-04-08 18:25:02.092754,i-00dfb80a59da9a56d,cpu,1.1497689478291329,cloudwatch
2026-04-08 18:25:02.292227,,cpu,26.8,agent
2026-04-08 18:25:02.292227,,memory,67.6,agent
2026-04-08 18:25:02.292227,,disk,22.0,agent
2026-04-08 18:25:33.359172,,cpu,1.0,agent
2026-04-08 18:25:33.359172,,memory,67.6,agent
2026-04-08 18:25:33.359172,,disk,22.0,agent
2026-04-08 18:26:03.101225,i-00dfb80a59da9a56d,cpu,1.2166666666666666,cloudwatch
2026-04-08 18:26:04.395598,,cpu,1.5,agent
2026-04-08 18:26:04.395598,,memory,67.6,agent
2026-04-08 18:26:04.395598,,disk,22.0,agent
2026-04-08 18:26:35.433850,,cpu,0.5,agent
2026-04-08 18:26:35.433850,,memory,67.6,agent
2026-04-08 18:26:35.433850,,disk,22.0,agent
2026-04-08 18:27:03.913758,i-00dfb80a59da9a56d,cpu,1.1588655144417381,cloudwatch
2026-04-08 18:27:06.465553,,cpu,0.5,agent
2026-04-08 18:27:06.465553,,memory,67.6,agent
2026-04-08 18:27:06.465553,,disk,22.0,agent
2026-04-08 18:27:37.501158,,cpu,0.0,agent
2026-04-08 18:27:37.501158,,memory,67.6,agent
2026-04-08 18:27:37.501158,,disk,22.0,agent
2026-04-08 18:28:04.468251,i-00dfb80a59da9a56d,cpu,1.166647087498293,cloudwatch
2026-04-08 18:28:08.514391,,cpu,1.0,agent
2026-04-08 18:28:08.514391,,memory,67.7,agent
2026-04-08 18:28:08.514391,,disk,22.0,agent
2026-04-08 18:28:39.538433,,cpu,0.0,agent
2026-04-08 18:28:39.538433,,memory,67.8,agent
2026-04-08 18:28:39.538433,,disk,22.0,agent
2026-04-08 18:29:05.061355,i-00dfb80a59da9a56d,cpu,1.2691097338210071,cloudwatch
2026-04-08 18:29:10.571584,,cpu,1.0,agent
2026-04-08 18:29:10.571584,,memory,67.8,agent
2026-04-08 18:29:10.571584,,disk,22.0,agent
2026-04-08 18:29:41.676359,,cpu,2.0,agent
2026-04-08 18:29:41.676359,,memory,67.8,agent
2026-04-08 18:29:41.676359,,disk,22.0,agent
2026-04-08 18:30:05.740461,i-00dfb80a59da9a56d,cpu,1.343621120390139,cloudwatch
2026-04-08 18:30:12.686031,,cpu,8.0,agent
2026-04-08 18:30:12.686031,,memory,68.0,agent
2026-04-08 18:30:12.686031,,disk,22.0,agent
2026-04-08 18:30:43.725987,,cpu,1.0,agent
2026-04-08 18:30:43.725987,,memory,68.0,agent
2026-04-08 18:30:43.725987,,disk,22.0,agent
2026-04-08 18:31:06.506665,i-00dfb80a59da9a56d,cpu,1.6067801125578605,cloudwatch
2026-04-08 18:31:14.735703,,cpu,0.5,agent
2026-04-08 18:31:14.735703,,memory,68.4,agent
2026-04-08 18:31:14.735703,,disk,22.0,agent
2026-04-08 18:31:45.755600,,cpu,0.0,agent
2026-04-08 18:31:45.755600,,memory,68.5,agent
2026-04-08 18:31:45.755600,,disk,22.0,agent
2026-04-08 18:32:07.074600,i-00dfb80a59da9a56d,cpu,1.7575726259884255,cloudwatch
2026-04-08 18:32:16.770454,,cpu,0.5,agent
2026-04-08 18:32:16.770454,,memory,68.5,agent
2026-04-08 18:32:16.770454,,disk,22.0,agent
2026-04-08 18:32:49.206744,i-00dfb80a59da9a56d,cpu,1.7722856260071975,cloudwatch
2026-04-08 18:33:18.836278,,cpu,32.2,agent
2026-04-08 18:33:18.836278,,memory,68.8,agent
2026-04-08 18:33:18.836278,,disk,22.0,agent
2026-04-08 18:33:49.875623,,cpu,39.2,agent
2026-04-08 18:33:49.875623,,memory,68.8,agent
2026-04-08 18:33:49.875623,,disk,22.0,agent
2026-04-08 18:33:50.068864,i-00dfb80a59da9a56d,cpu,7.937519662667728,cloudwatch
2026-04-08 18:34:20.918130,,cpu,29.5,agent
2026-04-08 18:34:20.918130,,memory,69.1,agent
2026-04-08 18:34:20.918130,,disk,22.0,agent
2026-04-08 18:34:50.811142,i-00dfb80a59da9a56d,cpu,17.105233186717935,cloudwatch
2026-04-08 18:34:51.955621,,cpu,41.2,agent
2026-04-08 18:34:51.955621,,memory,69.1,agent
2026-04-08 18:34:51.955621,,disk,22.0,agent
2026-04-08 18:35:22.995579,,cpu,36.0,agent
2026-04-08 18:35:22.995579,,memory,69.3,agent
2026-04-08 18:35:22.995579,,disk,22.0,agent
2026-04-08 18:35:51.509438,i-00dfb80a59da9a56d,cpu,17.105233186717935,cloudwatch
2026-04-08 18:35:54.030602,,cpu,32.3,agent
2026-04-08 18:35:54.030602,,memory,69.3,agent
2026-04-08 18:35:54.030602,,disk,22.0,agent
2026-04-08 18:36:25.070820,,cpu,29.1,agent
2026-04-08 18:36:25.070820,,memory,69.4,agent
2026-04-08 18:36:25.070820,,disk,22.0,agent
2026-04-08 18:36:52.143090,i-00dfb80a59da9a56d,cpu,54.74902634164211,cloudwatch
2026-04-08 18:36:56.105612,,cpu,31.3,agent
2026-04-08 18:36:56.105612,,memory,70.5,agent
2026-04-08 18:36:56.105612,,disk,22.0,agent
2026-04-08 18:37:27.145559,,cpu,42.2,agent
2026-04-08 18:37:27.145559,,memory,69.8,agent
2026-04-08 18:37:27.145559,,disk,22.0,agent
2026-04-08 18:37:52.827815,i-00dfb80a59da9a56d,cpu,55.21046200553919,cloudwatch
2026-04-08 18:37:58.185529,,cpu,49.3,agent
2026-04-08 18:37:58.185529,,memory,70.8,agent
2026-04-08 18:37:58.185529,,disk,22.0,agent
2026-04-08 18:38:29.226426,,cpu,70.9,agent
2026-04-08 18:38:29.226426,,memory,71.3,agent
2026-04-08 18:38:29.226426,,disk,22.0,agent
2026-04-08 18:38:53.445244,i-00dfb80a59da9a56d,cpu,55.28284650415439,cloudwatch
2026-04-08 18:39:00.265492,,cpu,87.5,agent
2026-04-08 18:39:00.265492,,memory,72.6,agent
2026-04-08 18:39:00.265492,,disk,22.0,agent
2026-04-08 18:39:31.334887,,cpu,87.5,agent
2026-04-08 18:39:31.334887,,memory,73.3,agent
2026-04-08 18:39:31.334887,,disk,22.0,agent
2026-04-08 18:39:54.173750,i-00dfb80a59da9a56d,cpu,55.39627720332352,cloudwatch
2026-04-08 18:40:02.395282,,cpu,100.0,agent
2026-04-08 18:40:02.395282,,memory,73.0,agent
2026-04-08 18:40:02.395282,,disk,22.0,agent
2026-04-08 18:40:33.435495,,cpu,87.9,agent
2026-04-08 18:40:33.435495,,memory,73.1,agent
2026-04-08 18:40:33.435495,,disk,22.0,agent
2026-04-08 18:40:54.865372,i-00dfb80a59da9a56d,cpu,55.39627720332352,cloudwatch
2026-04-08 18:41:04.514819,,cpu,87.9,agent
2026-04-08 18:41:04.514819,,memory,74.6,agent
2026-04-08 18:41:04.514819,,disk,22.0,agent
2026-04-08 18:41:35.585514,,cpu,100.0,agent
2026-04-08 18:41:35.585514,,memory,76.2,agent
2026-04-08 18:41:35.585514,,disk,22.0,agent
2026-04-08 18:41:55.753567,i-00dfb80a59da9a56d,cpu,55.762496057156255,cloudwatch
2026-04-08 18:42:06.625781,,cpu,98.0,agent
2026-04-08 18:42:06.625781,,memory,78.1,agent
2026-04-08 18:42:06.625781,,disk,22.0,agent
2026-04-08 18:42:37.665519,,cpu,88.0,agent
2026-04-08 18:42:37.665519,,memory,79.0,agent
2026-04-08 18:42:37.665519,,disk,22.0,agent
2026-04-08 18:42:56.483243,i-00dfb80a59da9a56d,cpu,55.55912896311626,cloudwatch
2026-04-08 18:43:08.727232,,cpu,88.0,agent
2026-04-08 18:43:08.727232,,memory,80.0,agent
2026-04-08 18:43:08.727232,,disk,22.0,agent
2026-04-08 18:43:39.775546,,cpu,87.5,agent
2026-04-08 18:43:39.775546,,memory,80.7,agent
2026-04-08 18:43:39.775546,,disk,22.0,agent
2026-04-08 18:43:57.344780,i-00dfb80a59da9a56d,cpu,55.39643005567053,cloudwatch
2026-04-08 18:44:10.815626,,cpu,73.9,agent
2026-04-08 18:44:10.815626,,memory,70.1,agent
2026-04-08 18:44:10.815626,,disk,22.0,agent
2026-04-08 18:44:41.855552,,cpu,45.2,agent
2026-04-08 18:44:41.855552,,memory,70.1,agent
2026-04-08 18:44:41.855552,,disk,22.0,agent
2026-04-08 18:44:58.273883,i-00dfb80a59da9a56d,cpu,55.30300794503427,cloudwatch
2026-04-08 18:45:12.895662,,cpu,35.1,agent
2026-04-08 18:45:12.895662,,memory,70.1,agent
2026-04-08 18:45:12.895662,,disk,22.0,agent
2026-04-08 18:45:43.935648,,cpu,37.2,agent
2026-04-08 18:45:43.935648,,memory,70.1,agent
2026-04-08 18:45:43.935648,,disk,22.0,agent
2026-04-08 18:45:58.877255,i-00dfb80a59da9a56d,cpu,55.30300794503427,cloudwatch
2026-04-08 18:46:14.966842,,cpu,38.0,agent
2026-04-08 18:46:14.966842,,memory,70.2,agent
2026-04-08 18:46:14.966842,,disk,22.0,agent
2026-04-08 18:46:46.005076,,cpu,38.8,agent
2026-04-08 18:46:46.005076,,memory,70.2,agent
2026-04-08 18:46:46.005076,,disk,22.0,agent
2026-04-08 18:46:59.492930,i-00dfb80a59da9a56d,cpu,54.29337231904583,cloudwatch
2026-04-08 18:47:17.045511,,cpu,36.9,agent
2026-04-08 18:47:17.045511,,memory,70.7,agent
2026-04-08 18:47:17.045511,,disk,22.0,agent
2026-04-08 18:47:48.085537,,cpu,30.3,agent
2026-04-08 18:47:48.085537,,memory,70.3,agent
2026-04-08 18:47:48.085537,,disk,22.0,agent
2026-04-08 18:48:00.264632,i-00dfb80a59da9a56d,cpu,54.267803768252776,cloudwatch
2026-04-08 18:48:19.124361,,cpu,36.0,agent
2026-04-08 18:48:19.124361,,memory,70.7,agent
2026-04-08 18:48:19.124361,,disk,22.0,agent
2026-04-08 18:50:01.831526,i-00dfb80a59da9a56d,cpu,54.44352173012262,cloudwatch
2026-04-08 18:51:56.395532,,cpu,39.5,agent
2026-04-08 18:51:56.395532,,memory,70.4,agent
2026-04-08 18:51:56.395532,,disk,22.0,agent
2026-04-08 18:54:06.130177,i-00dfb80a59da9a56d,cpu,55.46703311668488,cloudwatch
2026-04-08 18:57:09.575423,i-00dfb80a59da9a56d,cpu,54.79722486362044,cloudwatch
2026-04-08 18:57:37.865523,,cpu,73.6,agent
2026-04-08 18:57:37.865523,,memory,72.0,agent
2026-04-08 18:57:37.865523,,disk,22.0,agent
2026-04-08 18:58:08.905474,,cpu,87.9,agent
2026-04-08 18:58:08.905474,,memory,74.2,agent
2026-04-08 18:58:08.905474,,disk,22.0,agent
2026-04-08 18:48:50.165553,,cpu,38.0,agent
2026-04-08 18:48:50.165553,,memory,70.2,agent
2026-04-08 18:48:50.165553,,disk,22.0,agent
2026-04-08 18:51:25.355613,,cpu,37.7,agent
2026-04-08 18:51:25.355613,,memory,70.5,agent
2026-04-08 18:51:25.355613,,disk,22.0,agent
2026-04-08 18:52:27.445524,,cpu,40.8,agent
2026-04-08 18:52:27.445524,,memory,70.3,agent
2026-04-08 18:52:27.445524,,disk,22.0,agent
2026-04-08 18:55:02.627817,,cpu,39.2,agent
2026-04-08 18:55:02.627817,,memory,70.3,agent
2026-04-08 18:55:02.627817,,disk,22.0,agent
2026-04-08 18:55:33.715663,,cpu,29.9,agent
2026-04-08 18:55:33.715663,,memory,70.4,agent
2026-04-08 18:55:33.715663,,disk,22.0,agent
2026-04-08 18:56:04.754361,,cpu,38.3,agent
2026-04-08 18:56:04.754361,,memory,70.6,agent
2026-04-08 18:56:04.754361,,disk,22.0,agent
2026-04-08 18:56:08.549867,i-00dfb80a59da9a56d,cpu,55.561116393907554,cloudwatch
2026-04-08 18:56:35.786681,,cpu,37.4,agent
2026-04-08 18:56:35.786681,,memory,70.4,agent
2026-04-08 18:56:35.786681,,disk,22.0,agent
2026-04-08 18:58:39.945471,,cpu,93.0,agent
2026-04-08 18:58:39.945471,,memory,75.9,agent
2026-04-08 18:58:39.945471,,disk,22.0,agent
2026-04-08 18:49:00.970579,i-00dfb80a59da9a56d,cpu,54.24668615952291,cloudwatch
2026-04-08 18:50:23.279400,,cpu,34.0,agent
2026-04-08 18:50:23.279400,,memory,70.6,agent
2026-04-08 18:50:23.279400,,disk,22.0,agent
2026-04-08 18:50:54.319227,,cpu,38.0,agent
2026-04-08 18:50:54.319227,,memory,70.4,agent
2026-04-08 18:50:54.319227,,disk,22.0,agent
2026-04-08 18:52:04.117154,i-00dfb80a59da9a56d,cpu,55.39109124045984,cloudwatch
2026-04-08 18:53:05.063337,i-00dfb80a59da9a56d,cpu,55.494060826973225,cloudwatch
2026-04-08 18:53:29.515626,,cpu,29.1,agent
2026-04-08 18:53:29.515626,,memory,70.3,agent
2026-04-08 18:53:29.515626,,disk,22.0,agent
2026-04-08 18:58:10.643313,i-00dfb80a59da9a56d,cpu,54.77592768685807,cloudwatch
2026-04-08 18:59:12.144630,i-00dfb80a59da9a56d,cpu,54.63134800964053,cloudwatch
2026-04-08 18:49:21.205552,,cpu,37.7,agent
2026-04-08 18:49:21.205552,,memory,70.3,agent
2026-04-08 18:49:21.205552,,disk,22.0,agent
2026-04-08 18:49:52.245551,,cpu,35.5,agent
2026-04-08 18:49:52.245551,,memory,70.3,agent
2026-04-08 18:49:52.245551,,disk,22.0,agent
2026-04-08 18:51:03.370406,i-00dfb80a59da9a56d,cpu,54.78537944380495,cloudwatch
2026-04-08 18:52:58.477815,,cpu,36.0,agent
2026-04-08 18:52:58.477815,,memory,70.3,agent
2026-04-08 18:52:58.477815,,disk,22.0,agent
2026-04-08 18:54:00.545566,,cpu,39.9,agent
2026-04-08 18:54:00.545566,,memory,70.3,agent
2026-04-08 18:54:00.545566,,disk,22.0,agent
2026-04-08 18:54:31.585570,,cpu,38.3,agent
2026-04-08 18:54:31.585570,,memory,70.4,agent
2026-04-08 18:54:31.585570,,disk,22.0,agent
2026-04-08 18:55:07.602851,i-00dfb80a59da9a56d,cpu,55.35819115691752,cloudwatch
2026-04-08 18:57:06.825595,,cpu,59.1,agent
2026-04-08 18:57:06.825595,,memory,71.7,agent
2026-04-08 18:57:06.825595,,disk,22.0,agent
2026-04-08 18:59:10.985516,,cpu,93.0,agent
2026-04-08 18:59:10.985516,,memory,76.7,agent
2026-04-08 18:59:10.985516,,disk,22.0,agent
2026-04-09 09:46:54.562807,,cpu,5.1,agent
2026-04-09 09:46:54.562807,,memory,32.9,agent
2026-04-09 09:46:54.562807,,disk,22.0,agent
2026-04-09 09:47:25.708999,,cpu,0.5,agent
2026-04-09 09:47:25.708999,,memory,33.4,agent
2026-04-09 09:47:25.708999,,disk,22.0,agent
2026-04-09 09:47:30.635669,i-00dfb80a59da9a56d,cpu,0.0005955081389719999,cloudwatch
2026-04-09 09:47:56.748756,,cpu,0.0,agent
2026-04-09 09:47:56.748756,,memory,34.1,agent
2026-04-09 09:47:56.748756,,disk,22.0,agent
2026-04-09 09:48:27.761129,,cpu,0.0,agent
2026-04-09 09:48:27.761129,,memory,34.3,agent
2026-04-09 09:48:27.761129,,disk,22.0,agent
2026-04-09 09:48:31.659288,i-00dfb80a59da9a56d,cpu,0.9211310874028193,cloudwatch
2026-04-09 09:48:58.774654,,cpu,0.0,agent
2026-04-09 09:48:58.774654,,memory,34.3,agent
2026-04-09 09:48:58.774654,,disk,22.0,agent
2026-04-09 09:49:16.899622,,cpu,0.5,agent
2026-04-09 09:49:16.899622,,memory,35.0,agent
2026-04-09 09:49:16.899622,,disk,22.0,agent
2026-04-09 09:49:29.814178,,cpu,0.5,agent
2026-04-09 09:49:29.814178,,memory,35.1,agent
2026-04-09 09:49:29.814178,,disk,22.0,agent
2026-04-09 09:49:32.431268,i-00dfb80a59da9a56d,cpu,0.9610147255902118,cloudwatch
2026-04-09 09:49:47.926591,,cpu,0.0,agent
2026-04-09 09:49:47.926591,,memory,35.2,agent
2026-04-09 09:49:47.926591,,disk,22.0,agent
2026-04-09 09:50:00.832499,,cpu,0.0,agent
2026-04-09 09:50:00.832499,,memory,35.2,agent
2026-04-09 09:50:00.832499,,disk,22.0,agent
2026-04-09 09:50:18.941249,,cpu,1.0,agent
2026-04-09 09:50:18.941249,,memory,35.2,agent
2026-04-09 09:50:18.941249,,disk,22.0,agent
2026-04-09 09:50:31.870107,,cpu,0.0,agent
2026-04-09 09:50:31.870107,,memory,35.2,agent
2026-04-09 09:50:31.870107,,disk,22.0,agent
2026-04-09 09:50:32.974996,i-00dfb80a59da9a56d,cpu,1.0814843256485631,cloudwatch
2026-04-09 09:50:49.976490,,cpu,0.0,agent
2026-04-09 09:50:49.976490,,memory,35.3,agent
2026-04-09 09:50:49.976490,,disk,22.0,agent
2026-04-09 09:51:02.906574,,cpu,1.0,agent
2026-04-09 09:51:02.906574,,memory,34.7,agent
2026-04-09 09:51:02.906574,,disk,22.0,agent
2026-04-09 09:51:21.016035,,cpu,0.0,agent
2026-04-09 09:51:21.016035,,memory,34.7,agent
2026-04-09 09:51:21.016035,,disk,22.0,agent
2026-04-09 09:51:33.531503,i-00dfb80a59da9a56d,cpu,1.3988110106409553,cloudwatch
2026-04-09 09:51:33.923573,,cpu,9.5,agent
2026-04-09 09:51:33.923573,,memory,34.8,agent
2026-04-09 09:51:33.923573,,disk,22.0,agent
2026-04-09 09:51:52.046455,,cpu,1.0,agent
2026-04-09 09:51:52.046455,,memory,34.9,agent
2026-04-09 09:51:52.046455,,disk,22.0,agent
2026-04-09 09:52:04.962817,,cpu,1.0,agent
2026-04-09 09:52:04.962817,,memory,34.9,agent
2026-04-09 09:52:04.962817,,disk,22.0,agent
2026-04-09 09:52:23.078866,,cpu,0.0,agent
2026-04-09 09:52:23.078866,,memory,34.9,agent
2026-04-09 09:52:23.078866,,disk,22.0,agent
2026-04-09 09:52:34.145814,i-00dfb80a59da9a56d,cpu,1.4500435476564633,cloudwatch
2026-04-09 09:52:36.002351,,cpu,0.0,agent
2026-04-09 09:52:36.002351,,memory,34.9,agent
2026-04-09 09:52:36.002351,,disk,22.0,agent
2026-04-09 09:52:54.118278,,cpu,1.0,agent
2026-04-09 09:52:54.118278,,memory,34.9,agent
2026-04-09 09:52:54.118278,,disk,22.0,agent
2026-04-09 09:53:07.016462,,cpu,0.5,agent
2026-04-09 09:53:07.016462,,memory,34.9,agent
2026-04-09 09:53:07.016462,,disk,22.0,agent
2026-04-09 09:53:25.152612,,cpu,0.5,agent
2026-04-09 09:53:25.152612,,memory,34.9,agent
2026-04-09 09:53:25.152612,,disk,22.0,agent
2026-04-09 09:53:34.704336,i-00dfb80a59da9a56d,cpu,1.29447347621542,cloudwatch
2026-04-09 09:53:38.054252,,cpu,0.0,agent
2026-04-09 09:53:38.054252,,memory,34.9,agent
2026-04-09 09:53:38.054252,,disk,22.0,agent
2026-04-09 09:53:56.191631,,cpu,1.5,agent
2026-04-09 09:53:56.191631,,memory,35.0,agent
2026-04-09 09:53:56.191631,,disk,22.0,agent
2026-04-09 09:54:09.076509,,cpu,1.0,agent
2026-04-09 09:54:09.076509,,memory,35.0,agent
2026-04-09 09:54:09.076509,,disk,22.0,agent
2026-04-09 09:54:27.217729,,cpu,0.0,agent
2026-04-09 09:54:27.217729,,memory,34.9,agent
2026-04-09 09:54:27.217729,,disk,22.0,agent
2026-04-09 09:54:35.280226,i-00dfb80a59da9a56d,cpu,1.231050607652814,cloudwatch
2026-04-09 09:54:40.114557,,cpu,1.5,agent
2026-04-09 09:54:40.114557,,memory,34.9,agent
2026-04-09 09:54:40.114557,,disk,22.0,agent
2026-04-09 09:54:58.246468,,cpu,0.5,agent
2026-04-09 09:54:58.246468,,memory,34.9,agent
2026-04-09 09:54:58.246468,,disk,22.0,agent
2026-04-09 09:55:11.146478,,cpu,0.5,agent
2026-04-09 09:55:11.146478,,memory,34.9,agent
2026-04-09 09:55:11.146478,,disk,22.0,agent
2026-04-09 09:55:29.278457,,cpu,0.0,agent
2026-04-09 09:55:29.278457,,memory,34.9,agent
2026-04-09 09:55:29.278457,,disk,22.0,agent
2026-04-09 09:55:35.979152,i-00dfb80a59da9a56d,cpu,1.1816744616681318,cloudwatch
2026-04-09 09:55:42.185271,,cpu,0.0,agent
2026-04-09 09:55:42.185271,,memory,35.0,agent
2026-04-09 09:55:42.185271,,disk,22.0,agent
2026-04-09 09:56:00.292151,,cpu,1.0,agent
2026-04-09 09:56:00.292151,,memory,35.0,agent
2026-04-09 09:56:00.292151,,disk,22.0,agent
2026-04-09 09:56:13.208857,,cpu,0.0,agent
2026-04-09 09:56:13.208857,,memory,35.0,agent
2026-04-09 09:56:13.208857,,disk,22.0,agent
2026-04-09 09:56:31.326469,,cpu,0.0,agent
2026-04-09 09:56:31.326469,,memory,35.0,agent
2026-04-09 09:56:31.326469,,disk,22.0,agent
2026-04-09 09:56:36.537372,i-00dfb80a59da9a56d,cpu,1.0416666666666665,cloudwatch
2026-04-09 09:56:44.245686,,cpu,1.0,agent
2026-04-09 09:56:44.245686,,memory,35.0,agent
2026-04-09 09:56:44.245686,,disk,22.0,agent
