instance_id,timestamp,cpu,disk,memory,instance_age_days,is_anomaly,severity,reboot_count
i-00dfb80a59da9a56d,2026-03-30 03:16:00,2.1666666666666665,24.0,24.09,0,0,normal,0
i-00dfb80a59da9a56d,2026-03-30 03:17:00,2.147222222222222,24.0,24.29,0,0,normal,0
i-00dfb80a59da9a56d,2026-03-30 03:18:00,,24.0,24.29,0,0,normal,0
i-00dfb80a59da9a56d,2026-03-30 03:19:00,2.15,24.0,23.46,0,0,normal,0
i-00dfb80a59da9a56d,2026-03-30 03:20:00,2.144639056801718,24.0,23.18,0,0,normal,0
i-00dfb80a59da9a56d,2026-03-30 03:21:00,2.2218159802620456,24.0,23.41,0,0,normal,0
i-00dfb80a59da9a56d,2026-03-30 03:22:00,2.200662701089912,24.0,23.19,0,0,normal,0
i-00dfb80a59da9a56d,2026-03-30 03:23:00,2.1771327188117224,24.0,23.6,0,0,normal,0
i-00dfb80a59da9a56d,2026-03-30 03:24:00,2.185039508382711,20.0,1.529527655867898,0,0,normal,0
i-00dfb80a59da9a56d,2026-03-30 03:25:00,,24.0,24.48,0,0,normal,0
i-00dfb80a59da9a56d,2026-03-30 03:26:00,2.293616240471067,24.0,24.8,0,0,normal,0
i-00dfb80a59da9a56d,2026-03-30 03:27:00,2.255141453568867,24.0,23.97,0,0,normal,0
i-00dfb80a59da9a56d,2026-03-30 03:28:00,2.2171540601177666,24.0,24.38,0,0,normal,0
i-00dfb80a59da9a56d,2026-03-30 03:29:00,2.2087232480942136,24.0,24.02,0,0,normal,0
i-00dfb80a59da9a56d,2026-03-30 03:46:00,2.229166666666667,24.0,22.32,0,0,normal,0
i-00dfb80a59da9a56d,2026-03-30 03:47:00,2.2604658155241,24.0,23.16,0,0,normal,0
i-00dfb80a59da9a56d,2026-03-30 03:48:00,2.2604658155241,24.0,23.27,0,0,normal,0
i-00dfb80a59da9a56d,2026-03-30 03:49:00,2.267938489442236,24.0,22.8,0,0,normal,0
i-00dfb80a59da9a56d,2026-03-30 03:50:00,2.267938489442236,24.0,23.18,0,0,normal,0
i-00dfb80a59da9a56d,2026-03-30 03:51:00,2.196793941516956,24.0,23.9,0,0,normal,0
i-00dfb80a59da9a56d,2026-03-30 03:52:00,2.075121402164102,20.0,1.4525849815148713,0,0,normal,0
i-00dfb80a59da9a56d,2026-03-30 03:53:00,,24.0,22.85,0,0,normal,0
i-00dfb80a59da9a56d,2026-03-30 03:54:00,2.1000910516230764,24.0,22.82,0,0,normal,0
i-00dfb80a59da9a56d,2026-03-30 03:55:00,2.0399348941781907,24.0,22.34,0,0,normal,0
i-00dfb80a59da9a56d,2026-03-30 03:56:00,2.230504427683031,24.0,22.68,0,0,normal,0
i-00dfb80a59da9a56d,2026-03-30 03:57:00,2.2092251740109097,24.0,22.31,0,0,normal,0
i-00dfb80a59da9a56d,2026-03-30 03:58:00,2.221502213841516,24.0,22.65,0,0,normal,0
i-00dfb80a59da9a56d,2026-03-30 03:59:00,2.210167083890651,20.0,1.5471169587234557,0,0,normal,0
i-00dfb80a59da9a56d,2026-03-30 04:00:00,,24.0,24.12,0,0,normal,0
i-00dfb80a59da9a56d,2026-03-30 04:01:00,2.313004409684666,24.0,23.56,0,0,normal,0
i-00dfb80a59da9a56d,2026-03-30 04:02:00,2.346898836646389,24.0,25.38,0,0,normal,0
i-00dfb80a59da9a56d,2026-03-30 04:03:00,1.8715808602231607,24.0,24.05,0,0,normal,0
i-00dfb80a59da9a56d,2026-03-30 04:04:00,1.925234247386536,24.0,24.09,0,0,normal,0
i-00dfb80a59da9a56d,2026-03-30 04:05:00,1.925234247386536,24.0,23.67,0,0,normal,0
i-00dfb80a59da9a56d,2026-03-30 04:07:00,2.179203905334522,24.0,23.68,0,0,normal,0
i-00dfb80a59da9a56d,2026-03-30 04:08:00,2.1777905204244,24.0,23.56,0,0,normal,0
i-00dfb80a59da9a56d,2026-03-30 04:09:00,2.1546193086071788,24.0,24.05,0,0,normal,0
i-00dfb80a59da9a56d,2026-03-30 04:10:00,2.1653621135524097,24.0,24.31,0,0,normal,0
i-00dfb80a59da9a56d,2026-03-30 04:11:00,2.1949309753376296,24.0,24.13,0,0,normal,0
i-00dfb80a59da9a56d,2026-03-30 04:12:00,2.205584936535117,24.0,24.31,0,0,normal,0
i-00dfb80a59da9a56d,2026-03-30 04:14:00,2.1916887024013376,24.0,24.12,0,0,normal,0
i-00dfb80a59da9a56d,2026-03-30 04:15:00,2.2000176285877364,24.0,24.34,0,0,normal,0
i-00dfb80a59da9a56d,2026-03-30 04:16:00,2.1481740520557526,24.0,24.05,0,0,normal,0
i-00dfb80a59da9a56d,2026-03-30 04:17:00,2.157724684018584,24.0,24.76,0,0,normal,0
i-00dfb80a59da9a56d,2026-03-30 04:18:00,2.1703768463472715,24.0,22.4,0,0,normal,0
i-00dfb80a59da9a56d,2026-03-30 04:19:00,2.1549906962474443,20.0,1.508493487373211,0,0,normal,0
i-00dfb80a59da9a56d,2026-03-30 04:20:00,,24.0,24.13,0,0,normal,0
i-00dfb80a59da9a56d,2026-03-30 04:21:00,2.2416666666666667,24.0,23.67,0,0,normal,0
i-00dfb80a59da9a56d,2026-03-30 04:22:00,2.1791666666666667,24.0,22.27,0,0,normal,0
i-00dfb80a59da9a56d,2026-03-30 04:23:00,2.16875,24.0,23.6,0,0,normal,0
i-00dfb80a59da9a56d,2026-03-30 04:24:00,2.178333333333333,24.0,23.32,0,0,normal,0
i-00dfb80a59da9a56d,2026-03-30 04:25:00,2.178333333333333,24.0,23.6,0,0,normal,0
i-00dfb80a59da9a56d,2026-03-30 04:27:00,2.186548100781003,24.0,23.53,0,0,normal,0
i-00dfb80a59da9a56d,2026-03-30 04:28:00,2.166634662726877,24.0,23.23,0,0,normal,0
i-00dfb80a59da9a56d,2026-03-30 04:29:00,2.176590458086606,24.0,23.45,0,0,normal,0
i-00dfb80a59da9a56d,2026-03-30 04:30:00,2.16663392379301,24.0,23.28,0,0,normal,0
i-00dfb80a59da9a56d,2026-03-30 04:31:00,2.1708333333333334,24.0,24.38,0,0,normal,0
i-00dfb80a59da9a56d,2026-03-30 04:32:00,2.25,20.0,1.575,0,0,normal,0
i-00dfb80a59da9a56d,2026-03-30 04:33:00,,24.0,23.91,0,0,normal,0
i-00dfb80a59da9a56d,2026-03-30 04:34:00,2.220833333333333,24.0,24.84,0,0,normal,0
i-00dfb80a59da9a56d,2026-03-30 04:35:00,2.172996453014937,24.0,24.51,0,0,normal,0
i-00dfb80a59da9a56d,2026-03-30 04:36:00,2.049999028347222,24.0,24.83,0,0,normal,0
i-00dfb80a59da9a56d,2026-03-30 04:37:00,2.0694437966759254,24.0,24.68,0,0,normal,0
i-00dfb80a59da9a56d,2026-03-30 04:38:00,2.043733125831,24.0,25.06,0,0,normal,0
i-00dfb80a59da9a56d,2026-03-30 04:39:00,2.037008286575688,20.0,1.4259058006029814,0,0,normal,0
i-00dfb80a59da9a56d,2026-03-30 04:40:00,,24.0,24.4,0,0,normal,0
i-00dfb80a59da9a56d,2026-03-30 04:41:00,1.883333333333333,24.0,22.77,0,0,normal,0
i-00dfb80a59da9a56d,2026-03-30 04:42:00,1.932491132537343,24.0,24.82,0,0,normal,0
i-00dfb80a59da9a56d,2026-03-30 04:43:00,1.903752754409312,24.0,24.42,0,0,normal,0
i-00dfb80a59da9a56d,2026-03-30 04:44:00,1.9083233044448804,24.0,24.9,0,0,normal,0
i-00dfb80a59da9a56d,2026-03-30 04:45:00,1.9083233044448804,24.0,24.38,0,0,normal,0
i-00dfb80a59da9a56d,2026-03-30 04:47:00,1.8250429340575929,24.0,24.28,0,0,normal,0
i-00dfb80a59da9a56d,2026-03-30 04:48:00,1.7944730671495064,24.0,24.03,0,0,normal,0
i-00dfb80a59da9a56d,2026-03-30 04:49:00,1.8021048003621296,24.0,24.39,0,0,normal,0
i-00dfb80a59da9a56d,2026-03-30 04:50:00,1.776683840289704,24.0,24.05,0,0,normal,0
i-00dfb80a59da9a56d,2026-03-30 04:51:00,1.715973089540557,24.0,24.11,0,0,normal,0
i-00dfb80a59da9a56d,2026-03-30 04:52:00,1.719471225484627,24.0,24.41,0,0,normal,0
i-00dfb80a59da9a56d,2026-03-30 04:53:00,1.719471225484627,24.0,24.17,0,0,normal,0
i-00dfb80a59da9a56d,2026-03-30 04:54:00,1.6979367524468034,24.0,24.5,0,0,normal,0
i-00dfb80a59da9a56d,2026-03-30 04:55:00,1.696682735290776,24.0,24.04,0,0,normal,0
i-00dfb80a59da9a56d,2026-03-30 04:56:00,1.65,24.0,24.46,0,0,normal,0
i-00dfb80a59da9a56d,2026-03-30 04:57:00,1.635655803677985,24.0,24.08,0,0,normal,0
i-00dfb80a59da9a56d,2026-03-30 04:58:00,1.635655803677985,24.0,24.41,0,0,normal,0
i-00dfb80a59da9a56d,2026-03-30 04:59:00,1.6541885157553693,24.0,24.07,0,0,normal,0
i-00dfb80a59da9a56d,2026-03-30 05:00:00,1.6416841459376286,24.0,24.69,0,0,normal,0
i-00dfb80a59da9a56d,2026-03-30 05:29:00,0.0001577347978801,20.0,0.000110414358516,0,0,normal,0
i-00dfb80a59da9a56d,2026-03-30 05:31:00,7.59987333544441,20.0,5.319911334811087,0,0,normal,0
i-00dfb80a59da9a56d,2026-03-30 05:32:00,4.1919561519246535,20.0,2.934369306347257,0,0,normal,0
i-00dfb80a59da9a56d,2026-03-30 05:33:00,2.9694829877112023,20.0,2.078638091397841,0,0,normal,0
i-00dfb80a59da9a56d,2026-03-30 05:34:00,2.4062789074500683,20.0,1.6843952352150475,0,0,normal,0
i-00dfb80a59da9a56d,2026-03-30 05:35:00,5.376632265807724,20.0,3.763642586065407,0,0,normal,0
i-00dfb80a59da9a56d,2026-03-30 05:47:00,1.9367682917286573,24.0,22.88,0,0,normal,0
i-00dfb80a59da9a56d,2026-03-30 05:48:00,2.0362441933737343,24.0,23.19,0,0,normal,0
i-00dfb80a59da9a56d,2026-03-30 05:54:00,0.0011623278607227,20.0,0.0008136295025058,0,0,normal,0
i-00dfb80a59da9a56d,2026-03-30 06:07:00,0.0011917222913862,20.0,0.0008342056039703,0,0,normal,0
i-synthetic-01,2026-03-30 03:16:40.162942,2.1666666666666665,44.6,5.0,10,0,normal,0
i-synthetic-01,2026-03-30 03:16:42.439242,2.1666666666666665,40.5,5.0,10,0,normal,0
i-synthetic-01,2026-03-30 03:17:51.597278,2.147222222222222,44.0,8.6,10,0,normal,0
i-synthetic-01,2026-03-30 03:17:53.680359,2.147222222222222,35.5,8.9,10,0,normal,0
i-synthetic-01,2026-03-30 03:19:02.380328,2.15,40.1,10.8,10,0,normal,0
i-synthetic-01,2026-03-30 03:19:04.739826,2.15,38.7,5.0,10,0,normal,0
i-synthetic-01,2026-03-30 03:20:13.298905,2.144639056801718,35.8,8.3,10,0,normal,0
i-synthetic-01,2026-03-30 03:20:16.093017,2.144639056801718,44.4,5.0,10,0,normal,0
i-synthetic-01,2026-03-30 03:21:24.103564,2.251914127007957,39.1,5.0,10,0,normal,0
i-synthetic-01,2026-03-30 03:21:26.950833,2.1917178335161345,37.3,5.0,10,0,normal,0
i-synthetic-01,2026-03-30 03:22:35.506124,2.200662701089912,39.1,11.1,10,0,normal,0
i-synthetic-01,2026-03-30 03:22:37.512053,2.200662701089912,36.3,5.0,10,0,normal,0
i-synthetic-01,2026-03-30 03:23:46.680296,2.1771327188117224,39.0,5.0,10,0,normal,0
i-synthetic-01,2026-03-30 03:23:48.100327,2.1771327188117224,35.8,5.0,10,0,normal,0
i-synthetic-01,2026-03-30 03:24:57.625391,2.185039508382711,38.4,6.2,10,0,normal,0
i-synthetic-01,2026-03-30 03:26:09.683774,2.293616240471067,41.0,5.0,10,0,normal,0
i-synthetic-01,2026-03-30 03:27:21.258903,2.255141453568867,38.7,5.0,10,0,normal,0
i-synthetic-01,2026-03-30 03:28:32.349312,2.2171540601177666,39.5,5.0,10,0,normal,0
i-synthetic-01,2026-03-30 03:29:43.843039,2.2087232480942136,37.3,7.3,10,0,normal,0
i-synthetic-01,2026-04-01 07:29:03.103717,2.126622676572852,42.6,5.0,12,0,normal,0
i-synthetic-01,2026-03-30 03:46:34.726358,2.229166666666667,43.7,5.0,10,0,normal,0
i-synthetic-01,2026-03-30 03:47:44.619750,2.2604658155241,44.5,5.0,10,0,normal,0
i-synthetic-01,2026-03-30 03:48:19.852766,2.2604658155241,36.0,5.0,10,0,normal,0
i-synthetic-01,2026-03-30 03:49:30.712919,2.267938489442236,42.8,5.0,10,0,normal,0
i-synthetic-01,2026-03-30 03:50:40.704390,2.267938489442236,38.4,7.1,10,0,normal,0
i-synthetic-01,2026-03-30 03:51:44.821104,2.196793941516956,35.8,5.0,10,0,normal,0
i-synthetic-01,2026-03-30 03:52:55.218943,2.075121402164102,38.7,5.0,10,0,normal,0
i-synthetic-01,2026-03-30 03:54:05.636469,2.1000910516230764,39.7,11.3,10,0,normal,0
i-synthetic-01,2026-03-30 03:55:16.444062,2.0399348941781907,42.5,7.1,10,0,normal,0
i-synthetic-01,2026-03-30 03:56:27.197807,2.230504427683031,36.7,5.0,10,0,normal,0
i-synthetic-01,2026-03-30 03:57:37.024931,2.2092251740109097,42.5,5.0,10,0,normal,0
i-synthetic-01,2026-03-30 03:58:47.043569,2.221502213841516,40.8,5.0,10,0,normal,0
i-synthetic-01,2026-03-30 03:59:58.045253,2.210167083890651,35.5,5.0,10,0,normal,0
i-synthetic-01,2026-03-30 04:01:08.477440,2.313004409684666,44.9,5.0,10,0,normal,0
i-synthetic-01,2026-03-30 04:02:18.569320,2.346898836646389,39.5,5.0,10,0,normal,0
i-synthetic-01,2026-03-30 04:03:30.371308,1.8715808602231607,36.7,5.0,10,0,normal,0
i-synthetic-01,2026-03-30 04:04:41.232016,1.925234247386536,43.6,5.2,10,0,normal,0
i-synthetic-01,2026-03-30 04:05:52.159479,1.925234247386536,38.4,5.0,10,0,normal,0
i-synthetic-01,2026-03-30 04:07:02.875809,2.179203905334522,38.4,6.2,10,0,normal,0
i-synthetic-01,2026-03-30 04:08:13.370057,2.1777905204244,43.8,5.0,10,0,normal,0
i-synthetic-01,2026-03-30 04:09:23.992828,2.1546193086071788,37.8,5.5,10,0,normal,0
i-synthetic-01,2026-03-30 04:10:33.838717,2.1653621135524097,42.9,5.0,10,0,normal,0
i-synthetic-01,2026-03-30 04:11:44.281156,2.1949309753376296,36.8,5.0,10,0,normal,0
i-synthetic-01,2026-03-30 04:12:53.935222,2.205584936535117,43.3,9.4,10,0,normal,0
i-synthetic-01,2026-03-30 04:14:04.124077,2.1916887024013376,35.8,5.0,10,0,normal,0
i-synthetic-01,2026-03-30 04:15:15.161562,2.2000176285877364,41.7,5.0,10,0,normal,0
i-synthetic-01,2026-03-30 04:16:25.673419,2.1481740520557526,39.5,5.0,10,0,normal,0
i-synthetic-01,2026-03-30 04:17:36.313191,2.157724684018584,41.9,5.0,10,0,normal,0
i-synthetic-01,2026-03-30 04:18:47.492577,2.1703768463472715,35.5,5.0,10,0,normal,0
i-synthetic-01,2026-03-30 04:19:58.066268,2.1549906962474443,43.7,5.0,10,0,normal,0
i-synthetic-01,2026-03-30 04:21:08.287358,2.2416666666666667,42.9,5.0,10,0,normal,0
i-synthetic-01,2026-03-30 04:22:19.202755,2.1791666666666667,36.3,5.0,10,0,normal,0
i-synthetic-01,2026-03-30 04:23:29.514296,2.16875,37.7,10.3,10,0,normal,0
i-synthetic-01,2026-03-30 04:24:39.882718,2.178333333333333,40.8,9.9,10,0,normal,0
i-synthetic-01,2026-03-30 04:25:50.985189,2.178333333333333,41.1,7.0,10,0,normal,0
i-synthetic-01,2026-03-30 04:27:02.010644,2.186548100781003,43.8,5.0,10,0,normal,0
i-synthetic-01,2026-03-30 04:28:12.489017,2.166634662726877,44.0,5.0,10,0,normal,0
i-synthetic-01,2026-03-30 04:29:23.118663,2.176590458086606,36.2,5.0,10,0,normal,0
i-synthetic-01,2026-03-30 04:30:33.335977,2.16663392379301,44.2,5.0,10,0,normal,0
i-synthetic-01,2026-03-30 04:31:44.066925,2.1708333333333334,41.8,5.0,10,0,normal,0
i-synthetic-01,2026-03-30 04:32:55.477910,2.25,40.0,5.0,10,0,normal,0
i-synthetic-01,2026-03-30 04:34:06.410760,2.220833333333333,37.2,5.0,10,0,normal,0
i-synthetic-01,2026-03-30 04:35:29.570334,2.172996453014937,40.2,5.0,10,0,normal,0
i-synthetic-01,2026-03-30 04:36:28.705788,2.049999028347222,38.8,5.0,10,0,normal,0
i-synthetic-01,2026-03-30 04:37:39.822871,2.0694437966759254,35.6,6.6,10,0,normal,0
i-synthetic-01,2026-03-30 04:38:46.017989,2.043733125831,41.4,5.0,10,0,normal,0
i-synthetic-01,2026-03-30 04:39:56.754398,2.037008286575688,40.2,5.0,10,0,normal,0
i-synthetic-01,2026-03-30 04:41:07.711386,1.883333333333333,41.2,5.0,10,0,normal,0
i-synthetic-01,2026-03-30 04:42:18.178771,1.932491132537343,37.7,6.5,10,0,normal,0
i-synthetic-01,2026-03-30 04:43:29.096828,1.903752754409312,37.5,5.0,10,0,normal,0
i-synthetic-01,2026-03-30 04:44:41.299720,1.9083233044448804,37.3,5.0,10,0,normal,0
i-synthetic-01,2026-03-30 04:45:51.924380,1.9083233044448804,37.4,9.4,10,0,normal,0
i-synthetic-01,2026-03-30 04:47:02.103934,1.8250429340575929,42.0,11.0,10,0,normal,0
i-synthetic-01,2026-03-30 04:48:12.536257,1.7944730671495064,40.5,11.1,10,0,normal,0
i-synthetic-01,2026-03-30 04:49:23.330138,1.8021048003621296,40.2,10.1,10,0,normal,0
i-synthetic-01,2026-03-30 04:50:28.321459,1.776683840289704,38.4,5.0,10,0,normal,0
i-synthetic-01,2026-03-30 04:51:39.000674,1.715973089540557,37.5,6.8,10,0,normal,0
i-synthetic-01,2026-03-30 04:52:48.723271,1.719471225484627,42.0,5.0,10,0,normal,0
i-synthetic-01,2026-03-30 04:53:03.420707,1.719471225484627,39.1,5.0,10,0,normal,0
i-synthetic-01,2026-03-30 04:54:13.608084,1.6979367524468034,36.4,5.0,10,0,normal,0
i-synthetic-01,2026-03-30 04:55:24.388285,1.696682735290776,40.9,5.0,10,0,normal,0
i-synthetic-01,2026-03-30 04:56:34.552589,1.65,40.0,5.3,10,0,normal,0
i-synthetic-01,2026-03-30 04:57:44.950680,1.635655803677985,43.3,5.0,10,0,normal,0
i-synthetic-01,2026-03-30 04:58:06.958552,1.635655803677985,38.5,5.0,10,0,normal,0
i-synthetic-01,2026-03-30 04:59:17.705982,1.6541885157553693,41.4,5.0,10,0,normal,0
i-synthetic-01,2026-03-30 05:00:28.354874,1.6416841459376286,38.1,5.0,10,0,normal,0
i-synthetic-01,2026-03-30 05:29:59.560013,0.0001577347978801,41.0,8.9,10,0,normal,0
i-synthetic-01,2026-03-30 05:31:12.050313,7.59987333544441,39.8,10.9,10,0,normal,0
i-synthetic-01,2026-04-01 07:30:14.081399,2.1133287683121784,44.0,9.0,12,0,normal,0
i-synthetic-01,2026-04-01 07:31:24.295427,2.198058381762777,46.7,5.0,12,0,normal,0
i-synthetic-01,2026-04-01 07:32:32.841628,2.1365291908813884,48.9,7.1,12,0,normal,0
i-synthetic-01,2026-04-01 07:33:41.652799,2.158334477741634,47.0,5.0,12,0,normal,0
i-synthetic-01,2026-04-01 07:34:50.707375,2.139124528231125,43.9,5.0,12,0,normal,0
i-synthetic-01,2026-04-01 07:37:06.865762,2.083333333333333,39.7,5.0,12,0,normal,0
i-synthetic-01,2026-04-01 07:38:15.984118,2.068843817590757,47.2,6.2,12,0,normal,0
i-synthetic-01,2026-04-01 07:39:24.692562,2.076632863193068,44.7,5.0,12,0,normal,0
i-synthetic-01,2026-04-01 07:41:34.794834,2.12312457329359,43.7,5.0,12,0,normal,0
i-synthetic-01,2026-04-01 07:42:44.771523,2.065728953313462,41.8,5.0,12,0,normal,0
i-synthetic-01,2026-04-01 07:43:55.332149,2.077152635542308,40.3,5.0,12,0,normal,0
i-synthetic-01,2026-04-01 07:45:04.556194,2.058306533807213,48.0,8.4,12,0,normal,0
i-synthetic-01,2026-04-01 07:46:16.689549,100.0,39.1,74.6,12,1,critical,0
i-synthetic-01,2026-04-01 09:06:15.028080,1.559711078119005,41.7,5.0,12,0,normal,0
i-synthetic-01,2026-04-01 09:07:24.017411,1.6048555390595023,46.2,7.2,12,0,normal,0
i-synthetic-01,2026-04-01 09:08:32.831247,1.5833390470322362,45.6,5.4,12,0,normal,0
i-synthetic-01,2026-04-01 09:09:42.428249,1.6003689824233254,44.7,5.0,12,0,normal,0
i-synthetic-01,2026-04-01 09:10:51.240812,1.5866912027904412,48.2,7.5,12,0,normal,0
i-synthetic-01,2026-04-01 09:12:01.936978,1.6583333333333332,44.0,9.8,12,0,normal,0
i-synthetic-01,2026-04-01 09:13:12.286236,1.6227109409608114,42.2,5.0,12,0,normal,0
i-synthetic-01,2026-04-01 09:14:21.273482,1.6086998723872752,41.6,5.0,12,0,normal,0
i-synthetic-01,2026-04-01 09:15:31.014942,1.6416465913306315,40.3,5.0,12,0,normal,0
i-synthetic-01,2026-04-01 09:16:40.776026,1.6347773866915771,42.3,5.0,12,0,normal,0
i-synthetic-01,2026-04-01 09:17:50.201674,1.6840553600124553,41.8,5.0,12,0,normal,0
i-synthetic-01,2026-04-01 09:19:00.195098,1.6583415375843336,43.9,5.0,12,0,normal,0
i-synthetic-01,2026-04-01 09:20:10.822621,1.6566715892172668,44.5,5.0,12,0,normal,0
i-synthetic-01,2026-04-01 09:21:19.783865,1.7083333333333333,44.0,5.8,12,0,normal,0
i-synthetic-01,2026-04-01 09:22:28.161315,1.6465332571549314,45.8,5.0,12,0,normal,0
i-synthetic-01,2026-03-30 05:32:24.149203,4.1919561519246535,41.3,5.0,10,0,normal,0
i-synthetic-01,2026-03-30 05:33:36.014987,2.9694829877112023,40.8,11.3,10,0,normal,0
i-synthetic-01,2026-03-30 05:34:48.578780,2.4062789074500683,38.5,5.0,10,0,normal,0
i-synthetic-01,2026-03-30 05:35:59.617641,5.376632265807724,40.4,5.0,10,0,normal,0
i-synthetic-01,2026-03-30 05:47:37.904106,1.9367682917286573,38.2,9.0,10,0,normal,0
i-synthetic-01,2026-03-30 05:48:49.787600,2.0362441933737343,35.1,8.0,10,0,normal,0
i-synthetic-01,2026-03-30 05:54:43.142581,0.0011623278607227,36.4,5.0,10,0,normal,0
i-synthetic-01,2026-03-30 06:07:15.589093,0.0011917222913862,39.7,5.0,10,0,normal,0
i-synthetic-01,2026-03-30 17:38:25.932061,0.4552595729457918,37.7,5.0,10,0,normal,0
i-synthetic-01,2026-03-30 17:39:39.214001,0.4533739989022323,39.8,5.1,10,0,normal,0
i-synthetic-01,2026-03-30 17:40:53.124015,0.4533739989022323,37.3,5.0,10,0,normal,0
i-synthetic-01,2026-03-30 17:42:05.929552,0.500033383081266,36.2,5.0,10,0,normal,0
i-synthetic-01,2026-03-30 17:43:18.894088,0.5029526705389248,40.8,5.7,10,0,normal,0
i-synthetic-01,2026-03-30 17:44:26.921884,0.4984564283047305,36.8,5.0,10,0,normal,0
i-synthetic-01,2026-03-30 17:52:18.415335,0.8751839155239717,43.8,5.0,10,0,normal,0
i-synthetic-01,2026-03-30 17:54:14.165759,0.6625919577619858,44.7,10.0,10,0,normal,0
i-synthetic-01,2026-03-30 17:55:27.015022,0.7000735662095886,42.4,9.4,10,0,normal,0
i-synthetic-01,2026-03-30 17:56:42.126850,0.449595364172245,43.6,5.0,10,0,normal,0
i-synthetic-01,2026-03-30 17:57:49.497310,0.4247976820861224,41.9,5.0,10,0,normal,0
i-synthetic-01,2026-03-30 17:58:56.881767,0.4472349764825531,36.1,9.9,10,0,normal,0
i-synthetic-01,2026-03-30 18:00:09.059706,0.4332548532697644,39.7,5.0,10,0,normal,0
i-synthetic-01,2026-03-30 18:08:53.865649,0.6277831692821448,38.0,7.3,10,0,normal,0
i-synthetic-01,2026-03-30 18:10:01.697469,0.5937540436282753,38.2,7.8,10,0,normal,0
i-synthetic-01,2026-03-30 18:12:13.795516,0.5,36.6,5.0,10,0,normal,0
i-synthetic-01,2026-03-30 18:13:26.193208,1.783184642712894,38.3,5.0,10,0,normal,0
i-synthetic-01,2026-03-30 18:14:33.413307,1.8978051487013368,43.8,5.0,10,0,normal,0
i-synthetic-01,2026-03-30 18:15:43.026586,1.9457722742685744,35.9,5.0,10,0,normal,0
i-synthetic-01,2026-03-30 18:16:56.780215,2.396179471337686,37.3,5.0,10,0,normal,0
i-synthetic-01,2026-03-30 18:18:10.305780,2.748089735668843,40.8,5.0,10,0,normal,0
i-synthetic-01,2026-03-30 18:18:44.158658,2.661868551479854,39.8,5.0,10,0,normal,0
i-synthetic-01,2026-03-30 18:19:52.551519,2.561493329667676,43.2,5.0,10,0,normal,0
i-synthetic-01,2026-03-30 18:22:26.331345,2.295814166986106,44.2,11.3,10,0,normal,0
i-synthetic-01,2026-03-30 18:24:12.971970,2.2339653598018416,41.3,5.0,10,0,normal,0
i-synthetic-01,2026-03-30 18:25:37.416223,2.2316547345809417,37.3,5.0,10,0,normal,0
i-synthetic-01,2026-03-30 18:26:48.860962,1.88502986020752,43.6,5.0,10,0,normal,0
i-synthetic-01,2026-03-30 18:27:57.317022,2.4245144638567155,35.5,5.0,10,0,normal,0
i-synthetic-01,2026-03-30 18:29:10.667226,2.341342975904477,40.2,5.0,10,0,normal,0
i-synthetic-01,2026-03-30 18:30:19.793836,2.2868793183889147,41.0,5.0,10,0,normal,0
i-synthetic-01,2026-03-30 18:31:28.959691,2.2666666666666666,43.2,5.0,10,0,normal,0
i-synthetic-01,2026-03-30 18:32:42.975406,1.9451162584161763,42.3,5.0,10,0,normal,0
i-synthetic-01,2026-03-30 18:33:50.454601,2.0390665570506674,36.7,5.0,10,0,normal,0
i-synthetic-01,2026-03-30 18:35:04.496535,2.0642351427521994,44.9,10.5,10,0,normal,0
i-synthetic-01,2026-03-30 18:36:15.663899,2.2563402327943654,38.8,5.0,10,0,normal,0
i-synthetic-01,2026-04-01 07:47:26.631936,100.0,41.8,83.5,12,1,critical,0
i-synthetic-01,2026-04-01 07:48:57.112739,99.99722222222222,39.2,82.8,12,1,critical,1
i-synthetic-01,2026-04-01 07:50:11.435206,99.99666666666668,40.0,82.6,12,1,critical,1
i-synthetic-01,2026-04-01 07:51:23.982724,100.0,47.0,72.6,12,1,critical,1
i-synthetic-01,2026-04-01 07:52:38.132116,100.0,41.7,86.9,12,1,critical,1
i-synthetic-01,2026-04-01 09:23:36.471261,4.31991106032551,48.5,6.8,12,0,normal,0
i-synthetic-01,2026-04-01 09:24:44.285210,28.2378499619108,39.9,24.8,12,0,normal,0
i-synthetic-01,2026-04-01 09:25:52.272483,42.59027996952864,44.5,30.8,12,0,normal,0
i-synthetic-01,2026-04-01 09:27:00.962116,100.0,43.8,81.3,12,1,critical,0
i-synthetic-01,2026-04-01 09:28:09.773134,97.43333333333334,39.8,78.0,12,1,critical,1
i-synthetic-01,2026-04-01 09:29:18.551179,73.48333333333333,47.4,64.2,12,0,normal,0
i-synthetic-01,2026-04-01 09:30:26.868062,59.125,41.5,46.7,12,0,normal,0
i-synthetic-01,2026-04-01 09:31:35.865549,1.731803573510066,47.7,9.1,12,0,normal,0
i-synthetic-01,2026-04-01 09:32:43.785419,1.6791201296245677,49.0,9.2,12,0,normal,0
i-synthetic-01,2026-04-01 09:33:51.914535,1.6860800864163783,42.8,5.0,12,0,normal,0
i-synthetic-01,2026-04-01 09:34:59.671963,39.241543798454586,41.3,32.8,12,0,normal,0
i-synthetic-01,2026-04-01 09:36:07.410240,100.0,41.8,89.0,12,1,critical,0
i-synthetic-01,2026-04-01 09:37:16.071752,99.9933275505438,43.5,87.3,12,1,critical,1
i-synthetic-01,2026-04-01 09:38:24.792300,99.99555170036253,42.0,84.1,12,1,critical,1
i-synthetic-01,2026-04-01 09:39:33.655014,99.9966637752719,44.4,78.0,12,1,critical,1
i-synthetic-01,2026-04-01 09:40:42.719636,99.99666493082832,39.8,78.9,12,1,critical,1
i-synthetic-01,2026-04-01 09:41:51.575089,99.99000016666388,47.4,82.2,12,1,critical,1
i-synthetic-01,2026-04-01 09:42:59.871407,99.99500008333196,45.1,70.3,12,1,critical,1
i-synthetic-01,2026-04-01 09:44:09.031529,77.5933333749993,47.5,64.5,12,0,normal,0
i-synthetic-01,2026-04-01 09:45:18.456534,62.40829473809977,43.2,46.6,12,0,normal,0
i-synthetic-01,2026-04-01 09:46:27.653806,1.5583333333333331,48.8,5.0,12,0,normal,0
i-synthetic-01,2026-04-01 09:47:35.782114,1.611764538546506,48.9,10.6,12,0,normal,0
i-synthetic-01,2026-04-01 09:48:43.574755,1.5888529177690005,48.2,5.0,12,0,normal,0
i-synthetic-01,2026-03-30 18:37:28.813605,2.204120539270721,35.4,5.0,10,0,normal,0
i-synthetic-01,2026-04-01 07:53:50.659735,99.99722222222222,43.3,85.4,12,1,critical,0
i-synthetic-01,2026-04-01 07:55:05.291322,90.52733421588708,40.0,74.3,12,1,warning,1
i-synthetic-01,2026-04-01 07:56:18.661224,0.4670792533404507,48.2,6.3,12,0,normal,0
i-synthetic-01,2026-04-01 07:57:29.973903,1.262706293336892,41.6,5.0,12,0,normal,0
i-synthetic-01,2026-04-01 07:58:42.963836,1.5029153066690393,39.4,8.1,12,0,normal,0
i-synthetic-01,2026-04-01 07:59:54.540044,1.6480198133351127,44.9,5.0,12,0,normal,0
i-synthetic-01,2026-04-01 08:01:04.779204,100.0,48.8,75.8,12,1,critical,0
i-synthetic-01,2026-04-01 08:02:15.980905,99.99583333333334,41.2,86.3,12,1,critical,1
i-synthetic-01,2026-04-01 08:03:26.377117,99.99722222222222,47.3,72.4,12,1,critical,1
i-synthetic-01,2026-04-01 08:04:37.581959,99.99791666666668,47.7,75.2,12,1,critical,1
i-synthetic-01,2026-04-01 08:05:48.780892,99.995,44.4,81.5,12,1,critical,1
i-synthetic-01,2026-04-01 08:07:00.781138,100.0,40.4,74.7,12,1,critical,1
i-synthetic-01,2026-04-01 08:08:12.138375,100.0,48.8,82.3,12,1,critical,1
i-synthetic-01,2026-04-01 08:09:23.177068,99.99791666666668,40.2,75.5,12,1,critical,1
i-synthetic-01,2026-04-01 08:10:33.983323,93.57333333333334,45.6,82.8,12,1,warning,1
i-synthetic-01,2026-04-01 08:11:45.737334,1.9482790201988245,46.0,5.0,12,0,normal,0
i-synthetic-01,2026-04-01 08:12:56.138854,1.886639510099412,44.4,5.0,12,0,normal,0
i-synthetic-01,2026-04-01 08:14:06.538984,1.8791379569613944,45.6,5.0,12,0,normal,0
i-synthetic-01,2026-04-01 08:15:15.593829,1.8866436989024489,39.5,11.4,12,0,normal,0
i-synthetic-01,2026-04-01 08:16:25.638953,1.7916666666666667,48.8,5.0,12,0,normal,0
i-synthetic-01,2026-04-01 08:17:34.959794,1.8375,47.2,5.0,12,0,normal,0
i-synthetic-01,2026-04-01 08:18:45.258331,1.808333333333333,46.1,7.4,12,0,normal,0
i-synthetic-01,2026-04-01 08:19:54.279048,1.825,42.7,7.9,12,0,normal,0
i-synthetic-01,2026-04-01 08:21:05.438509,99.98832301866648,40.1,75.7,12,1,critical,0
i-synthetic-01,2026-04-01 08:22:17.367749,99.99416150933324,42.5,78.1,12,1,critical,1
i-synthetic-01,2026-04-01 08:23:28.364807,99.99332989511106,48.0,85.8,12,1,critical,1
i-synthetic-01,2026-04-01 08:24:40.483538,99.9949974213333,40.9,74.4,12,1,critical,1
i-synthetic-01,2026-04-01 08:25:52.302670,96.93933127039996,43.8,80.7,12,1,critical,1
i-synthetic-01,2026-03-30 18:38:36.267420,2.058302581736036,38.9,5.0,10,0,normal,0
i-synthetic-01,2026-04-01 08:27:04.622410,1.5958333333333332,47.2,5.0,12,0,normal,0
i-synthetic-01,2026-04-01 08:28:13.608741,1.585658910425779,44.9,5.2,12,0,normal,0
i-synthetic-01,2026-04-01 08:29:23.370426,1.606272273831545,46.9,5.0,12,0,normal,0
i-synthetic-01,2026-04-01 08:30:39.440684,1.59807983198737,44.6,5.0,12,0,normal,0
i-synthetic-01,2026-04-01 08:31:50.370613,1.6764529258690863,45.6,5.0,12,0,normal,0
i-synthetic-01,2026-04-01 08:33:03.043248,1.6310398641785842,39.5,10.3,12,0,normal,0
i-synthetic-01,2026-04-01 08:34:13.255515,1.6146008979174626,46.0,7.2,12,0,normal,0
i-synthetic-01,2026-04-01 08:35:21.599263,1.6286450368152952,39.9,5.1,12,0,normal,0
i-synthetic-01,2026-04-01 08:36:30.392872,1.5569580204152995,48.2,8.1,12,0,normal,0
i-synthetic-01,2026-04-01 08:37:41.234970,1.6042084045059468,46.4,5.0,12,0,normal,0
i-synthetic-01,2026-04-01 08:38:52.015944,1.5916944918928533,44.9,10.1,12,0,normal,0
i-synthetic-01,2026-04-01 08:40:06.735267,1.5980787080578462,48.1,5.0,12,0,normal,0
i-synthetic-01,2026-04-01 08:41:21.231654,1.6764529258690863,42.5,5.0,12,0,normal,0
i-synthetic-01,2026-04-01 08:42:34.933920,1.5965597962678766,44.4,8.8,12,0,normal,0
i-synthetic-01,2026-04-01 08:43:47.246429,1.6060398641785845,46.6,5.0,12,0,normal,0
i-synthetic-01,2026-04-01 08:45:09.607830,1.6050199353589316,43.7,6.8,12,0,normal,0
i-synthetic-01,2026-04-01 08:46:32.172875,1.568051779071513,44.5,5.0,12,0,normal,0
i-synthetic-01,2026-04-01 08:47:44.494868,1.6173592228690898,46.5,10.4,12,0,normal,0
i-synthetic-01,2026-04-01 08:48:56.610412,1.5916748362386277,40.8,9.1,12,0,normal,0
i-synthetic-01,2026-04-01 08:50:07.411952,1.591963326129162,43.6,5.0,12,0,normal,0
i-synthetic-01,2026-04-01 08:51:18.232921,1.6583333333333332,48.5,5.0,12,0,normal,0
i-synthetic-01,2026-04-01 08:52:29.278919,1.6,44.9,5.0,12,0,normal,0
i-synthetic-01,2026-04-01 08:55:56.379373,1.5399999999999998,43.3,9.0,12,0,normal,0
i-synthetic-01,2026-04-01 09:49:51.479309,1.6020563549934168,40.2,8.2,12,0,normal,0
i-synthetic-01,2026-04-01 09:51:00.047013,1.5883117506614002,45.7,8.6,12,0,normal,0
i-synthetic-01,2026-04-01 09:52:07.606292,1.6159679782858474,42.6,7.7,12,0,normal,0
i-synthetic-01,2026-04-01 09:53:16.579745,1.6305784820402651,44.8,9.1,12,0,normal,0
i-synthetic-01,2026-04-01 09:54:24.559285,19.84221381890048,41.0,22.8,12,0,normal,0
i-synthetic-01,2026-03-30 18:39:43.796287,1.7726875384267815,39.3,5.0,10,0,normal,0
i-synthetic-01,2026-04-01 08:57:07.999851,1.1744336946808098,44.9,5.0,12,0,normal,0
i-synthetic-01,2026-04-01 09:55:32.193407,35.87377105512038,46.8,23.8,12,0,normal,0
i-synthetic-01,2026-04-01 09:56:40.784653,99.99500441276872,43.0,76.5,12,1,critical,0
i-synthetic-01,2026-04-01 09:57:50.234175,99.99750220638435,46.8,87.8,12,1,critical,1
i-synthetic-01,2026-04-01 09:58:59.633952,99.99555702647848,40.2,87.9,12,1,critical,1
i-synthetic-01,2026-04-01 10:00:08.201422,65.77585321854583,44.1,46.8,12,0,normal,0
i-synthetic-01,2026-04-01 10:01:17.596865,1.6666666666666663,46.5,5.3,12,0,normal,0
i-synthetic-01,2026-04-01 10:02:25.369336,1.4333333333333331,47.0,5.0,12,0,normal,0
i-synthetic-01,2026-04-01 10:03:33.645173,1.361111111111111,42.6,5.0,12,0,normal,0
i-synthetic-01,2026-04-01 10:04:41.782059,1.308587516194861,44.7,5.0,12,0,normal,0
i-synthetic-01,2026-04-01 10:05:49.649700,1.3715831829890262,47.1,5.0,12,0,normal,0
i-synthetic-01,2026-04-01 10:06:56.937759,1.559711078119005,43.8,5.0,12,0,normal,0
i-synthetic-01,2026-04-01 10:08:05.324571,1.5893481371507792,46.2,5.0,12,0,normal,0
i-synthetic-01,2026-04-01 10:09:13.151195,1.602065554763905,46.0,5.0,12,0,normal,0
i-synthetic-01,2026-04-01 10:10:21.062619,1.5899857771444577,47.1,5.0,12,0,normal,0
i-synthetic-01,2026-04-01 10:19:14.696381,1.6024259276249575,45.7,5.0,12,0,normal,0
i-synthetic-01,2026-04-01 10:35:09.460356,1.614980405835637,40.1,5.0,12,0,normal,0
i-synthetic-01,2026-04-01 10:36:17.364511,1.5583333333333331,42.7,5.0,12,0,normal,0
i-synthetic-01,2026-04-01 10:37:25.260370,1.603438559827708,48.6,5.3,12,0,normal,0
i-synthetic-01,2026-04-01 10:38:33.447677,1.5888627325914737,44.6,5.0,12,0,normal,0
i-synthetic-01,2026-04-01 10:39:41.228755,1.6037829960241257,40.6,11.0,12,0,normal,0
i-synthetic-01,2026-04-01 10:40:49.303254,1.5980263968193005,46.6,5.0,12,0,normal,0
i-synthetic-01,2026-04-01 10:41:56.847457,1.6597994895491015,42.9,7.6,12,0,normal,0
i-synthetic-01,2026-04-01 10:43:05.010103,1.6249984111029268,44.3,11.1,12,0,normal,0
i-synthetic-01,2026-04-01 10:44:12.633688,1.6086765778569465,41.1,5.0,12,0,normal,0
i-synthetic-01,2026-04-01 10:45:20.318472,1.61527459561889,48.8,5.0,12,0,normal,0
i-synthetic-01,2026-04-01 10:46:28.795889,1.5569580204152995,46.5,6.8,12,0,normal,0
i-synthetic-01,2026-03-30 18:40:51.693192,1.866887227551888,42.8,9.0,10,0,normal,0
i-synthetic-01,2026-03-30 18:41:26.213773,2.2916666666666665,37.0,6.9,10,0,normal,0
i-synthetic-01,2026-03-30 18:42:35.938983,2.2198667033003625,43.3,7.6,10,0,normal,0
i-synthetic-01,2026-03-30 18:43:47.125740,2.238927583670231,41.3,5.0,10,0,normal,0
i-synthetic-01,2026-03-30 18:44:58.674617,2.278646191457611,41.4,5.0,10,0,normal,0
i-synthetic-01,2026-03-30 18:47:15.931388,57.13333333333333,44.7,41.6,10,0,normal,0
i-synthetic-01,2026-03-30 18:48:29.744667,54.61845672228328,40.8,44.4,10,0,normal,0
i-synthetic-01,2026-03-30 18:49:39.751806,65.963425499708,42.1,57.5,10,0,normal,0
i-synthetic-01,2026-03-30 18:50:58.598691,63.40117301041681,35.3,59.2,10,0,normal,0
i-synthetic-01,2026-03-30 18:52:08.109810,2.191666666666667,37.2,7.9,10,0,normal,0
i-synthetic-01,2026-03-30 18:53:22.518604,45.96666666666667,44.4,29.4,10,0,normal,0
i-synthetic-01,2026-03-30 18:54:37.547328,51.06284572782171,37.7,36.8,10,0,normal,0
i-synthetic-01,2026-03-30 18:55:48.023164,41.26490341810511,36.0,30.5,10,0,normal,0
i-synthetic-01,2026-03-30 18:56:56.077651,2.1936409435158306,44.7,9.2,10,0,normal,0
i-synthetic-01,2026-03-30 18:58:10.535514,2.305153805091249,35.3,5.0,10,0,normal,0
i-synthetic-01,2026-03-30 18:59:24.332685,45.69632690254562,44.3,37.7,10,0,normal,0
i-synthetic-01,2026-03-30 19:00:33.742311,41.36606675066407,39.6,35.3,10,0,normal,0
i-synthetic-01,2026-03-30 19:01:41.997241,2.166666666666667,35.5,6.9,10,0,normal,0
i-synthetic-01,2026-03-30 19:02:50.531846,2.0833000011110743,41.3,5.0,10,0,normal,0
i-synthetic-01,2026-03-30 19:04:03.964432,2.097861729465304,38.4,9.8,10,0,normal,0
i-synthetic-01,2026-03-30 19:05:12.204942,2.0588129637656443,42.0,5.0,10,0,normal,0
i-synthetic-01,2026-03-30 19:06:25.669451,1.9166666666666663,40.2,5.0,10,0,normal,0
i-synthetic-01,2026-03-30 19:06:50.873600,1.9166666666666663,43.2,5.0,10,0,normal,0
i-synthetic-01,2026-03-30 19:08:03.851365,1.9666666666666663,40.9,5.0,10,0,normal,0
i-synthetic-01,2026-03-30 19:09:11.786129,1.9638888888888888,36.0,11.4,10,0,normal,0
i-synthetic-01,2026-03-30 19:10:25.296841,16.107951177273783,41.2,9.0,10,0,normal,0
i-synthetic-01,2026-03-30 19:11:36.273984,99.99833183198211,42.1,74.1,10,1,critical,0
i-synthetic-01,2026-03-30 19:12:48.738947,99.99583557996016,41.4,70.1,10,1,critical,1
i-synthetic-01,2026-03-30 19:13:57.188264,99.99388738393766,35.6,85.7,10,1,critical,1
i-synthetic-01,2026-03-30 19:18:42.342547,2.661111111111111,44.2,5.0,10,0,normal,0
i-synthetic-01,2026-04-01 08:57:29.376816,1.1744336946808098,42.4,6.8,12,0,normal,0
i-synthetic-01,2026-04-01 08:58:38.862543,1.2945187882077005,41.6,9.5,12,0,normal,0
i-synthetic-01,2026-04-01 08:59:48.187170,1.3788620483768963,48.0,5.0,12,0,normal,0
i-synthetic-01,2026-04-01 09:00:56.369995,1.4116955739443149,47.1,5.9,12,0,normal,0
i-synthetic-01,2026-04-01 10:11:10.264201,1.6681401905016098,45.2,5.0,12,0,normal,0
i-synthetic-01,2026-04-01 10:20:22.699315,1.6002740754332994,48.7,5.0,12,0,normal,0
i-synthetic-01,2026-04-01 10:21:30.741772,1.7333333333333332,44.1,5.0,12,0,normal,0
i-synthetic-01,2026-04-01 10:22:38.676894,1.6583333333333332,42.9,5.6,12,0,normal,0
i-synthetic-01,2026-04-01 10:23:46.280270,1.6661714559546474,44.7,5.1,12,0,normal,0
i-synthetic-01,2026-04-01 10:24:53.854699,1.645811887210118,47.8,10.7,12,0,normal,0
i-synthetic-01,2026-04-01 10:26:01.282665,1.6499828431014276,45.7,7.9,12,0,normal,0
i-synthetic-01,2026-04-01 10:47:36.526494,1.5958677035534383,45.9,5.0,12,0,normal,0
i-synthetic-01,2026-04-01 10:48:43.624891,1.5861340245911812,45.4,5.0,12,0,normal,0
i-synthetic-01,2026-04-01 10:49:51.106574,1.599654970344207,44.5,5.0,12,0,normal,0
i-synthetic-01,2026-04-01 10:50:59.227474,1.593334332089668,48.3,5.0,12,0,normal,0
i-synthetic-01,2026-04-01 10:52:07.086549,1.5957867312680358,43.7,5.0,12,0,normal,0
i-synthetic-01,2026-04-01 10:53:14.477087,1.6161477425256507,43.5,5.0,12,0,normal,0
i-synthetic-01,2026-04-01 10:54:22.365319,1.605867369503615,48.0,5.0,12,0,normal,0
i-synthetic-01,2026-04-01 10:55:30.014576,1.6180272289362254,47.5,5.0,12,0,normal,0
i-synthetic-01,2026-04-01 10:56:38.152948,1.809901914992994,47.8,5.0,12,0,normal,0
i-synthetic-01,2026-04-01 10:57:45.823190,48.404950957496496,42.0,38.6,12,0,normal,0
i-synthetic-01,2026-04-01 11:00:03.685156,79.3569803829986,43.4,65.3,12,0,normal,0
i-synthetic-01,2026-04-01 11:02:22.501911,53.31916519314283,40.9,35.2,12,0,normal,0
i-synthetic-01,2026-04-01 11:04:39.456851,27.47208259657141,43.4,17.6,12,0,normal,0
i-synthetic-01,2026-04-01 11:06:56.055151,1.5333333333333332,46.7,5.0,12,0,normal,0
i-synthetic-01,2026-04-01 11:09:13.221947,69.91108234817972,44.5,58.5,12,0,normal,0
i-synthetic-01,2026-04-01 11:11:31.036720,100.0,45.1,70.0,12,1,critical,0
i-synthetic-01,2026-03-30 19:15:06.497178,91.91144111493396,35.7,66.7,10,1,warning,1
i-synthetic-01,2026-03-30 19:17:30.059911,2.4458333333333333,44.5,5.0,10,0,normal,0
i-synthetic-01,2026-04-01 09:02:17.113406,1.5916666666666666,40.9,5.7,12,0,normal,0
i-synthetic-01,2026-04-01 10:11:33.980075,1.6681401905016098,41.9,5.0,12,0,normal,0
i-synthetic-01,2026-04-01 10:12:41.943664,1.6083861160990556,40.2,5.0,12,0,normal,0
i-synthetic-01,2026-04-01 10:13:49.609127,1.631084374550743,47.2,5.0,12,0,normal,0
i-synthetic-01,2026-04-01 10:14:57.277267,1.6108132809130573,45.3,5.1,12,0,normal,0
i-synthetic-01,2026-04-01 10:26:54.828708,1.5583333333333331,42.2,5.0,12,0,normal,0
i-synthetic-01,2026-04-01 10:58:54.707952,65.59496730499767,39.2,50.6,12,0,normal,0
i-synthetic-01,2026-04-01 11:01:12.612001,99.996663719619,45.3,85.5,12,1,critical,0
i-synthetic-01,2026-04-01 11:03:31.422653,36.10444346209522,44.8,21.0,12,0,normal,0
i-synthetic-01,2026-04-01 11:05:47.780210,22.3093327439238,41.1,16.1,12,0,normal,0
i-synthetic-01,2026-04-01 11:08:04.498655,59.88144313090629,41.7,42.3,12,0,normal,0
i-synthetic-01,2026-04-01 11:10:21.928460,75.92553254521044,42.2,67.5,12,0,normal,0
i-synthetic-01,2026-04-01 11:12:40.014238,99.99583333333334,46.9,82.7,12,1,critical,0
i-synthetic-01,2026-03-30 19:16:21.170001,2.108333333333333,41.5,11.6,10,0,normal,0
i-synthetic-01,2026-03-30 19:22:13.644771,2.216666666666667,39.7,5.0,10,0,normal,0
i-synthetic-01,2026-04-01 09:02:41.659200,1.5916666666666666,41.5,7.4,12,0,normal,0
i-synthetic-01,2026-04-01 10:15:18.143946,1.6183593819948623,43.7,5.0,12,0,normal,0
i-synthetic-01,2026-04-01 10:16:25.504663,1.551370377166497,45.4,5.0,12,0,normal,0
i-synthetic-01,2026-04-01 10:17:32.866138,1.5965185219165818,46.2,5.0,12,0,normal,0
i-synthetic-01,2026-04-01 10:27:14.950309,1.6076015491871067,46.4,5.0,12,0,normal,0
i-synthetic-01,2026-04-01 10:28:22.589048,1.597198526132745,39.5,5.0,12,0,normal,0
i-synthetic-01,2026-04-01 10:29:30.628420,1.6103988945995589,47.8,5.5,12,0,normal,0
i-synthetic-01,2026-04-01 10:30:38.811868,1.5966524490129803,46.2,5.0,12,0,normal,0
i-synthetic-01,2026-04-01 11:13:48.094760,99.99722222222222,39.0,81.5,12,1,critical,0
i-synthetic-01,2026-03-30 19:19:56.087716,2.549501698471376,36.2,5.0,10,0,normal,0
i-synthetic-01,2026-03-31 16:57:40.431559,2.31477342261044,40.2,5.0,11,0,normal,0
i-synthetic-01,2026-03-31 16:58:48.546123,1.8487378372958487,37.7,5.0,11,0,normal,0
i-synthetic-01,2026-03-31 17:02:34.813150,0.0010467955688276,37.5,5.0,11,0,normal,0
i-synthetic-01,2026-03-31 17:07:09.352783,0.4289565078972376,45.3,5.0,11,0,normal,0
i-synthetic-01,2026-03-31 17:08:02.597770,0.4289565078972376,44.3,7.8,11,0,normal,0
i-synthetic-01,2026-03-31 17:09:10.854856,34.186837632076326,42.2,26.5,11,0,normal,0
i-synthetic-01,2026-03-31 17:10:18.347769,47.34947010566106,39.9,39.4,11,0,normal,0
i-synthetic-01,2026-03-31 17:11:27.573710,99.99500441276872,40.6,78.1,11,1,critical,0
i-synthetic-01,2026-03-31 17:12:36.620783,99.99333553971768,38.0,87.9,11,1,critical,1
i-synthetic-01,2026-03-31 17:13:44.812801,88.3650014709229,41.0,67.0,11,1,warning,0
i-synthetic-01,2026-03-31 17:14:55.560212,66.36966916414603,41.7,62.5,11,0,normal,0
i-synthetic-01,2026-03-31 17:16:04.616508,0.3996469785023229,45.6,5.0,11,0,normal,0
i-synthetic-01,2026-03-31 17:17:12.235602,0.4667259197314189,40.7,5.0,11,0,normal,0
i-synthetic-01,2026-03-31 17:18:19.924456,23.46115061315428,43.2,22.3,11,0,normal,0
i-synthetic-01,2026-03-31 17:19:27.295266,42.59586295986571,45.6,30.4,11,0,normal,0
i-synthetic-01,2026-03-31 17:20:34.746864,54.07569125044631,40.2,44.8,11,0,normal,0
i-synthetic-01,2026-03-31 17:21:44.961292,99.996663719619,44.1,75.5,11,1,critical,0
i-synthetic-01,2026-03-31 17:22:56.564894,99.9983318598095,41.7,81.2,11,1,critical,1
i-synthetic-01,2026-03-31 17:24:10.316203,87.51093539465532,37.6,78.5,11,1,warning,0
i-synthetic-01,2026-03-31 17:25:20.407441,89.99874831572426,41.3,80.1,11,1,warning,0
i-synthetic-01,2026-03-31 17:26:29.648224,99.95,45.0,77.2,11,1,critical,1
i-synthetic-01,2026-03-31 17:27:39.540127,90.01870527299114,42.8,66.1,11,1,warning,1
i-synthetic-01,2026-03-31 17:28:48.867720,63.798015172807766,37.8,42.8,11,0,normal,0
i-synthetic-01,2026-03-31 17:29:57.805917,50.38809471293916,45.4,43.8,11,0,normal,0
i-synthetic-01,2026-03-31 17:31:06.413421,99.975,41.8,74.9,11,1,critical,0
i-synthetic-01,2026-03-31 17:32:15.168630,99.98500220638437,41.0,84.4,11,1,critical,1
i-synthetic-01,2026-03-31 17:33:23.832102,99.9900014709229,38.4,70.1,11,1,critical,1
i-synthetic-01,2026-03-31 17:34:32.587282,99.99166703309692,41.0,86.7,11,1,critical,1
i-synthetic-01,2026-03-31 17:35:41.166113,95.54166695981088,42.7,70.7,11,1,critical,1
i-synthetic-01,2026-03-31 17:36:50.048322,0.507884701846702,47.0,9.5,11,0,normal,0
i-synthetic-01,2026-03-31 17:37:58.963674,0.5039423509233509,43.0,5.0,11,0,normal,0
i-synthetic-01,2026-03-31 17:39:06.204166,9.45666527956812,40.9,10.5,11,0,normal,0
i-synthetic-01,2026-03-31 17:40:14.010819,27.564331356236067,37.0,27.6,11,0,normal,0
i-synthetic-01,2026-03-31 17:41:22.022649,99.98667843404992,37.7,81.1,11,1,critical,0
i-synthetic-01,2026-03-31 17:42:31.083238,99.99333921702495,45.6,89.8,11,1,critical,1
i-synthetic-01,2026-03-31 17:43:39.973215,99.99278170023888,40.6,75.6,11,1,critical,1
i-synthetic-01,2026-03-31 17:44:48.934589,91.0487529418458,37.6,63.2,11,1,warning,1
i-synthetic-01,2026-03-31 17:45:57.759690,72.91733568680998,43.9,48.3,11,0,normal,0
i-synthetic-01,2026-03-31 17:47:07.069712,0.4460506780989873,44.4,6.3,11,0,normal,0
i-synthetic-01,2026-03-31 17:48:14.825153,0.4584782298437693,45.3,5.0,11,0,normal,0
i-synthetic-01,2026-03-31 17:49:22.907336,5.247860137755082,46.4,5.0,11,0,normal,0
i-synthetic-01,2026-03-31 17:50:31.194132,24.198288110204068,43.4,22.0,11,0,normal,0
i-synthetic-01,2026-03-31 17:51:39.298823,99.98499974999582,40.5,86.7,11,1,critical,0
i-synthetic-01,2026-03-31 17:52:47.860540,99.99249987499792,44.6,88.2,11,1,critical,1
i-synthetic-01,2026-03-31 17:53:56.391811,99.9922221388875,44.6,88.2,11,1,critical,1
i-synthetic-01,2026-03-31 17:55:05.504487,99.9946671939433,46.5,77.1,11,1,critical,1
i-synthetic-01,2026-03-31 17:56:14.387902,99.99500441276872,43.8,89.3,11,1,critical,1
i-synthetic-01,2026-03-31 17:57:22.858684,99.99583406619384,42.1,87.3,11,1,critical,1
i-synthetic-01,2026-03-31 17:58:31.694819,99.9972227107959,44.7,71.0,11,1,critical,1
i-synthetic-01,2026-03-31 17:59:40.659150,95.22411684292894,38.4,69.7,11,1,critical,1
i-synthetic-01,2026-03-31 18:00:49.143366,76.26262680767648,43.6,59.1,11,0,normal,0
i-synthetic-01,2026-03-31 18:01:57.799808,0.5166666666666667,41.1,8.4,11,0,normal,0
i-synthetic-01,2026-03-31 18:03:05.434575,0.4693025303995796,38.9,5.0,11,0,normal,0
i-synthetic-01,2026-03-31 18:04:13.675272,0.4520636396426152,38.6,5.0,11,0,normal,0
i-synthetic-01,2026-03-31 18:05:20.897404,0.4615626563396729,40.4,5.0,11,0,normal,0
i-synthetic-01,2026-03-31 18:06:28.639021,0.3916666666666666,46.6,5.0,11,0,normal,0
i-synthetic-01,2026-03-31 18:07:36.603612,0.4460543619085747,39.1,5.0,11,0,normal,0
i-synthetic-01,2026-03-31 18:08:44.382608,0.4307029079390498,37.9,10.1,11,0,normal,0
i-synthetic-01,2026-03-31 18:09:52.783624,1.0827600880046089,37.5,7.2,11,0,normal,0
i-synthetic-01,2026-03-31 18:11:01.617806,20.86420626878223,45.7,11.3,11,0,normal,0
i-synthetic-01,2026-03-31 18:12:10.506696,99.99750220638435,44.5,73.8,11,1,critical,0
i-synthetic-01,2026-03-31 18:13:19.421411,99.99833480425625,42.2,77.6,11,1,critical,1
i-synthetic-01,2026-03-31 18:14:27.887783,99.99708593517671,39.7,72.1,11,1,critical,1
i-synthetic-01,2026-03-31 18:15:36.976927,92.40717063317123,45.4,76.2,11,1,warning,1
i-synthetic-01,2026-03-31 18:16:46.295519,0.4246249146587181,45.9,5.0,11,0,normal,0
i-synthetic-01,2026-03-31 18:17:54.786767,0.4583631354283464,42.0,5.0,11,0,normal,0
i-synthetic-01,2026-03-31 18:19:03.311336,0.4332404306404729,39.0,5.0,11,0,normal,0
i-synthetic-01,2026-03-31 18:20:11.384823,4.71379162911732,44.1,5.0,11,0,normal,0
i-synthetic-01,2026-03-31 18:21:26.248518,99.99166666666666,37.5,88.7,11,1,critical,0
i-synthetic-01,2026-03-31 18:22:35.405114,99.99583333333334,39.4,81.8,11,1,critical,1
i-synthetic-01,2026-03-31 18:23:44.781635,99.99722222222222,37.9,83.6,11,1,critical,1
i-synthetic-01,2026-03-31 18:24:54.235162,99.99791666666668,44.2,76.7,11,1,critical,1
i-synthetic-01,2026-03-31 18:27:07.273280,99.9983318598095,38.6,73.1,11,1,critical,1
i-synthetic-01,2026-03-31 18:28:15.777536,99.9972227107959,46.8,82.5,11,1,critical,1
i-synthetic-01,2026-03-31 18:29:24.277753,99.99791703309693,45.1,84.1,11,1,critical,1
i-synthetic-01,2026-03-31 18:30:33.477904,95.73556818366971,40.0,78.6,11,1,critical,1
i-synthetic-01,2026-03-31 18:31:42.460246,0.525,39.2,5.0,11,0,normal,0
i-synthetic-01,2026-03-31 18:32:50.695708,0.4541666666666666,46.1,5.0,11,0,normal,0
i-synthetic-01,2026-03-31 18:33:58.523858,0.4694444444444444,42.0,5.0,11,0,normal,0
i-synthetic-01,2026-03-31 18:35:06.192164,0.4499999999999999,39.3,5.0,11,0,normal,0
i-synthetic-01,2026-03-31 18:36:14.012478,0.3833333333333333,37.3,8.0,11,0,normal,0
i-synthetic-01,2026-03-31 18:37:22.258443,0.4791666666666666,44.3,5.0,11,0,normal,0
i-synthetic-01,2026-03-31 18:38:29.494011,0.4805555555555555,40.2,5.0,11,0,normal,0
i-synthetic-01,2026-03-31 18:39:37.568637,0.4582485457048335,37.5,5.0,11,0,normal,0
i-synthetic-01,2026-03-31 18:40:46.046297,0.4650174660427485,44.4,5.0,11,0,normal,0
i-synthetic-01,2026-03-31 18:41:53.603397,0.5166666666666667,41.2,5.0,11,0,normal,0
i-synthetic-01,2026-03-31 18:43:01.351806,0.4541666666666666,41.0,5.0,11,0,normal,0
i-synthetic-01,2026-03-31 18:44:09.389766,0.4457503496969293,44.4,8.9,11,0,normal,0
i-synthetic-01,2026-03-31 18:45:17.308266,0.456598613118654,44.7,5.0,11,0,normal,0
i-synthetic-01,2026-03-31 18:46:26.449699,0.3920129447678782,44.0,5.0,11,0,normal,0
i-synthetic-01,2026-03-31 18:47:34.627824,0.4374638759675,37.1,5.0,11,0,normal,0
i-synthetic-01,2026-03-31 18:48:42.191052,0.4223113858288259,46.3,6.5,11,0,normal,0
i-synthetic-01,2026-03-31 18:49:49.655638,0.4396502060382861,40.5,5.0,11,0,normal,0
i-synthetic-01,2026-03-31 18:50:57.351136,0.4317201648306288,38.8,5.0,11,0,normal,0
i-synthetic-01,2026-03-31 18:52:04.784707,0.507884701846702,46.8,5.0,11,0,normal,0
i-synthetic-01,2026-03-31 18:53:12.652785,0.4610769933159712,46.7,5.0,11,0,normal,0
i-synthetic-01,2026-03-31 18:54:20.167150,0.443724411653645,38.2,5.0,11,0,normal,0
i-synthetic-01,2026-03-31 18:55:28.034621,0.4583128626562494,40.5,9.3,11,0,normal,0
i-synthetic-01,2026-03-31 18:56:35.596826,0.3999999999999999,38.6,5.0,11,0,normal,0
i-synthetic-01,2026-03-31 18:57:43.337619,0.4416666666666666,43.1,5.9,11,0,normal,0
i-synthetic-01,2026-03-31 18:58:51.200589,0.4248847777056193,40.5,5.0,11,0,normal,0
i-synthetic-01,2026-03-31 18:59:58.801406,0.4437740975668351,41.0,5.0,11,0,normal,0
i-synthetic-01,2026-03-31 19:02:10.307787,0.4539386736160835,37.5,5.0,11,0,normal,0
i-synthetic-01,2026-03-31 19:03:17.993307,0.4638793341592113,37.9,5.0,11,0,normal,0
i-synthetic-01,2026-03-31 19:04:25.941964,0.4479095006194084,40.8,5.0,11,0,normal,0
i-synthetic-01,2026-03-31 19:05:33.792315,0.4549942671621935,44.5,8.1,11,0,normal,0
i-synthetic-01,2026-03-31 19:06:41.314447,0.3999999999999999,43.1,5.0,11,0,normal,0
i-synthetic-01,2026-03-31 19:07:49.327325,0.4541666666666666,37.9,5.0,11,0,normal,0
i-synthetic-01,2026-03-31 19:08:56.592056,0.4332181110389526,41.7,5.0,11,0,normal,0
i-synthetic-01,2026-03-31 19:10:04.712378,0.4458537470905811,40.4,6.2,11,0,normal,0
i-synthetic-01,2026-03-31 19:11:12.701222,0.517114832855141,45.1,5.0,11,0,normal,0
i-synthetic-01,2026-03-31 19:12:20.383916,0.4583809056787319,37.7,7.8,11,0,normal,0
i-synthetic-01,2026-03-31 19:13:28.277334,0.4696210558518128,38.6,5.0,11,0,normal,0
i-synthetic-01,2026-03-31 19:14:36.223068,0.4500460418347408,41.2,5.0,11,0,normal,0
i-synthetic-01,2026-03-31 19:15:44.020940,0.4584571047073876,37.9,5.0,11,0,normal,0
i-synthetic-01,2026-03-31 19:16:51.580955,0.4083333333333332,38.5,5.5,11,0,normal,0
i-synthetic-01,2026-03-31 19:17:59.207432,0.4539501876151779,42.7,5.0,11,0,normal,0
i-synthetic-01,2026-03-31 19:19:06.679499,0.4458321689948136,45.7,5.0,11,0,normal,0
i-synthetic-01,2026-03-31 19:20:14.196681,0.4365951308963154,41.1,5.0,11,0,normal,0
i-synthetic-01,2026-03-31 19:21:22.279548,0.508782758102991,42.6,7.1,11,0,normal,0
i-synthetic-01,2026-03-31 19:22:30.134057,0.4500518789432578,45.1,5.0,11,0,normal,0
i-synthetic-01,2026-03-31 19:23:37.848669,0.4668486050123328,38.7,5.0,11,0,normal,0
i-synthetic-01,2026-03-31 19:24:45.791585,0.4521296930645299,44.6,5.0,11,0,normal,0
i-synthetic-01,2026-03-31 19:25:53.555968,0.461703754451624,39.0,5.3,11,0,normal,0
i-synthetic-01,2026-03-31 19:27:01.460210,0.4291666666666666,46.7,8.4,11,0,normal,0
i-synthetic-01,2026-03-31 19:28:09.309021,0.4167820927004038,39.2,5.0,11,0,normal,0
i-synthetic-01,2026-03-31 19:29:17.095706,0.4355032361919695,45.3,5.0,11,0,normal,0
i-synthetic-01,2026-03-31 19:30:24.468858,0.4266667889102805,45.4,9.6,11,0,normal,0
i-synthetic-01,2026-03-31 19:31:32.419430,0.5171234590554991,38.4,9.1,11,0,normal,0
i-synthetic-01,2026-03-31 19:32:39.978842,0.4543950628610828,40.7,8.5,11,0,normal,0
i-synthetic-01,2026-03-31 19:33:47.613437,0.466674290043757,42.2,5.0,11,0,normal,0
i-synthetic-01,2026-03-31 19:34:55.295538,0.4479223841994844,46.7,5.0,11,0,normal,0
i-synthetic-01,2026-03-31 19:36:02.464795,0.3916666666666666,42.6,5.0,11,0,normal,0
i-synthetic-01,2026-03-31 19:37:10.535922,0.4458333333333333,42.6,5.0,11,0,normal,0
i-synthetic-01,2026-03-31 19:38:17.852097,0.4276647276064447,46.1,5.0,11,0,normal,0
i-synthetic-01,2026-03-31 19:39:25.722268,0.4437718325534357,43.4,5.0,11,0,normal,0
i-synthetic-01,2026-03-31 19:40:33.835122,0.4333507993760818,45.6,5.0,11,0,normal,0
i-synthetic-01,2026-03-31 19:41:41.703012,0.5,41.0,6.4,11,0,normal,0
i-synthetic-01,2026-03-31 19:42:49.526679,0.4499999999999999,42.7,9.3,11,0,normal,0
i-synthetic-01,2026-03-31 19:43:57.718735,0.4666666666666666,45.5,6.3,11,0,normal,0
i-synthetic-01,2026-03-31 19:45:05.637498,0.4436672605864818,44.8,5.0,11,0,normal,0
i-synthetic-01,2026-03-31 19:46:13.752416,0.3833333333333333,45.5,5.0,11,0,normal,0
i-synthetic-01,2026-03-31 19:47:21.723562,0.4458333333333333,37.8,5.0,11,0,normal,0
i-synthetic-01,2026-03-31 19:48:29.909785,0.4277777777777777,45.0,5.0,11,0,normal,0
i-synthetic-01,2026-03-31 19:49:37.521977,0.4415620351251137,43.7,5.0,11,0,normal,0
i-synthetic-01,2026-03-31 19:50:44.868746,0.428249628100091,44.2,5.0,11,0,normal,0
i-synthetic-01,2026-03-31 19:51:52.480118,0.4754120237539201,39.4,5.0,11,0,normal,0
i-synthetic-01,2026-03-31 19:52:59.812693,0.4458589460007194,42.8,5.0,11,0,normal,0
i-synthetic-01,2026-03-31 19:54:07.835056,0.4437793640194815,40.4,5.0,11,0,normal,0
i-synthetic-01,2026-03-31 19:55:15.841441,0.4534437624551802,46.7,5.0,11,0,normal,0
i-synthetic-01,2026-03-31 19:56:23.847779,0.3830013987877173,42.7,6.0,11,0,normal,0
i-synthetic-01,2026-03-31 19:57:31.476122,0.4415006993938586,40.4,8.9,11,0,normal,0
i-synthetic-01,2026-03-31 19:58:38.758412,0.4277827887198131,38.8,6.6,11,0,normal,0
i-synthetic-01,2026-03-31 19:59:46.340060,0.4437537582065265,40.5,5.0,11,0,normal,0
i-synthetic-01,2026-03-31 20:00:53.489238,0.4332685097957547,38.9,5.0,11,0,normal,0
i-synthetic-01,2026-03-31 20:02:01.349372,0.5087742710348969,38.8,5.0,11,0,normal,0
i-synthetic-01,2026-03-31 20:03:10.036466,0.4584803125671879,37.9,5.0,11,0,normal,0
i-synthetic-01,2026-03-31 20:04:18.049009,0.4417769010920576,38.5,5.0,11,0,normal,0
i-synthetic-01,2026-03-31 20:05:25.365914,0.4517548542069794,37.2,5.0,11,0,normal,0
i-synthetic-01,2026-03-31 20:06:33.549104,0.3829950210647261,40.3,5.0,11,0,normal,0
i-synthetic-01,2026-03-31 20:07:40.634485,0.4498308438656964,37.6,5.0,11,0,normal,0
i-synthetic-01,2026-03-31 20:08:48.856472,0.4305582108330903,43.8,5.0,11,0,normal,0
i-synthetic-01,2026-03-31 20:09:56.768525,0.4437519914581511,43.4,5.0,11,0,normal,0
i-synthetic-01,2026-03-31 20:12:08.136907,0.4499488233072901,42.4,5.0,11,0,normal,0
i-synthetic-01,2026-03-31 20:13:24.165915,0.4637128570488841,41.3,5.0,11,0,normal,0
i-synthetic-01,2026-03-31 20:14:31.465371,0.4478713846295936,44.3,5.0,11,0,normal,0
i-synthetic-01,2026-03-31 20:15:39.495104,0.4549637743703416,37.9,5.0,11,0,normal,0
i-synthetic-01,2026-03-31 20:16:47.465467,0.3999999999999999,42.7,5.0,11,0,normal,0
i-synthetic-01,2026-03-31 20:17:55.943686,0.4499999999999999,37.8,5.0,11,0,normal,0
i-synthetic-01,2026-03-31 20:19:03.726751,0.4333333333333333,44.2,5.0,11,0,normal,0
i-synthetic-01,2026-03-31 20:20:11.665328,0.4399999999999999,45.7,5.0,11,0,normal,0
i-synthetic-01,2026-03-31 20:21:19.898676,0.5,38.1,5.0,11,0,normal,0
i-synthetic-01,2026-03-31 20:22:27.595878,0.4499999999999999,44.0,5.0,11,0,normal,0
i-synthetic-01,2026-03-31 20:23:35.595570,0.4666666666666666,43.9,5.0,11,0,normal,0
i-synthetic-01,2026-03-31 20:24:43.197495,0.4499999999999999,38.3,5.7,11,0,normal,0
i-synthetic-01,2026-03-31 20:25:50.663938,0.4599999999999999,41.2,5.0,11,0,normal,0
i-synthetic-01,2026-03-31 20:26:59.129993,0.3913209997835246,43.0,5.0,11,0,normal,0
i-synthetic-01,2026-03-31 20:28:07.316111,0.4304651044008735,46.9,5.0,11,0,normal,0
i-synthetic-01,2026-03-31 20:29:15.245443,0.4436821616339885,40.5,5.0,11,0,normal,0
i-synthetic-01,2026-03-31 20:30:22.928120,0.435016458451268,43.8,5.0,11,0,normal,0
i-synthetic-01,2026-03-31 20:31:30.822786,0.507884701846702,44.9,5.0,11,0,normal,0
i-synthetic-01,2026-03-31 20:32:38.818658,0.4541191737835441,38.8,5.0,11,0,normal,0
i-synthetic-01,2026-03-31 20:33:46.677604,0.4888572269668071,46.4,5.0,11,0,normal,0
i-synthetic-01,2026-03-31 20:34:55.134684,0.4665563286045098,37.6,5.0,11,0,normal,0
i-synthetic-01,2026-03-31 20:36:02.893197,0.3920064055514778,43.1,5.0,11,0,normal,0
i-synthetic-01,2026-03-31 20:37:10.412405,0.4418365361090722,39.8,7.8,11,0,normal,0
i-synthetic-01,2026-03-31 20:38:18.040124,0.4306688018504925,41.7,5.0,11,0,normal,0
i-synthetic-01,2026-03-31 20:39:26.349197,0.4437282928104461,44.8,5.0,11,0,normal,0
i-synthetic-01,2026-03-31 20:40:34.075876,0.4350533633924341,40.2,5.0,11,0,normal,0
i-synthetic-01,2026-03-31 20:41:41.662870,0.5,39.2,5.0,11,0,normal,0
i-synthetic-01,2026-03-31 20:42:49.620116,0.4458333333333333,40.6,5.0,11,0,normal,0
i-synthetic-01,2026-03-31 20:43:57.861963,0.4637417965981901,39.0,5.0,11,0,normal,0
i-synthetic-01,2026-03-31 20:45:05.589703,0.4599824737696579,42.5,5.0,11,0,normal,0
i-synthetic-01,2026-03-31 20:46:13.650345,0.3913144836313983,37.1,5.0,11,0,normal,0
i-synthetic-01,2026-03-31 20:47:21.458455,0.4373279363272743,40.8,9.2,11,0,normal,0
i-synthetic-01,2026-03-31 20:48:29.232668,0.4276630686626273,37.1,5.0,11,0,normal,0
i-synthetic-01,2026-03-31 20:49:36.870156,0.4458578157845912,37.3,5.0,11,0,normal,0
i-synthetic-01,2026-03-31 20:50:44.305431,0.4316862526276729,45.2,5.0,11,0,normal,0
i-synthetic-01,2026-03-31 20:51:52.049122,0.5083333333333333,38.4,5.0,11,0,normal,0
i-synthetic-01,2026-03-31 20:52:59.886035,0.4499999999999999,39.0,5.0,11,0,normal,0
i-synthetic-01,2026-03-31 20:54:07.813554,0.4499999999999999,44.7,5.0,11,0,normal,0
i-synthetic-01,2026-03-31 20:55:15.142643,0.458246548881821,39.1,7.0,11,0,normal,0
i-synthetic-01,2026-03-31 20:56:22.909014,0.4003536457203863,37.8,5.0,11,0,normal,0
i-synthetic-01,2026-03-31 20:57:30.858212,0.4460101561935264,46.6,5.0,11,0,normal,0
i-synthetic-01,2026-03-31 20:58:38.394406,0.4305557636297919,38.7,5.0,11,0,normal,0
i-synthetic-01,2026-03-31 20:59:46.513677,0.4459421617718376,45.4,5.0,11,0,normal,0
i-synthetic-01,2026-03-31 21:00:53.579207,0.4350192326480037,39.4,7.3,11,0,normal,0
i-synthetic-01,2026-03-31 21:02:01.673328,0.4543871355174484,41.5,5.0,11,0,normal,0
i-synthetic-01,2026-03-31 21:03:09.132439,0.4640358681227434,40.1,6.6,11,0,normal,0
i-synthetic-01,2026-03-31 21:04:16.657699,0.4501102344253909,40.6,5.0,11,0,normal,0
i-synthetic-01,2026-03-31 21:05:25.752831,0.4567548542069793,45.4,5.0,11,0,normal,0
i-synthetic-01,2026-03-31 21:06:33.333692,0.3916666666666666,43.3,5.0,11,0,normal,0
i-synthetic-01,2026-03-31 21:07:40.634906,0.4416666666666666,42.6,5.0,11,0,normal,0
i-synthetic-01,2026-03-31 21:08:48.112855,0.425,39.4,5.0,11,0,normal,0
i-synthetic-01,2026-03-31 21:09:56.381802,0.44375,44.9,5.0,11,0,normal,0
i-synthetic-01,2026-03-31 21:11:04.293817,0.5,42.3,5.0,11,0,normal,0
i-synthetic-01,2026-03-31 21:12:11.619464,0.4458333333333333,39.0,5.0,11,0,normal,0
i-synthetic-01,2026-03-31 21:13:18.977110,0.4637417965981901,44.0,5.0,11,0,normal,0
i-synthetic-01,2026-03-31 21:14:27.142405,0.4498896807819759,45.6,6.8,11,0,normal,0
i-synthetic-01,2026-03-31 21:15:35.211294,0.4566638756746741,38.0,5.0,11,0,normal,0
i-synthetic-01,2026-03-31 21:16:43.069894,0.3999999999999999,38.7,5.3,11,0,normal,0
i-synthetic-01,2026-03-31 21:17:51.005266,0.4416666666666666,37.9,5.0,11,0,normal,0
i-synthetic-01,2026-03-31 21:18:59.237841,0.425,42.2,5.0,11,0,normal,0
i-synthetic-01,2026-03-31 21:20:06.912465,0.4458333333333333,37.5,5.0,11,0,normal,0
i-synthetic-01,2026-03-31 21:21:15.223078,0.5,38.7,7.5,11,0,normal,0
i-synthetic-01,2026-03-31 21:22:23.342716,0.4456637580763338,43.3,5.0,11,0,normal,0
i-synthetic-01,2026-03-31 21:23:31.559142,0.4611402211823587,38.7,5.0,11,0,normal,0
i-synthetic-01,2026-03-31 21:24:38.572517,0.4479384992201023,42.9,5.0,11,0,normal,0
i-synthetic-01,2026-03-31 21:25:46.470632,0.4566841327094152,42.5,5.0,11,0,normal,0
i-synthetic-01,2026-03-31 21:26:53.921313,0.3833333333333333,44.2,9.5,11,0,normal,0
i-synthetic-01,2026-03-31 21:28:01.727203,0.4374999999999999,46.0,5.0,11,0,normal,0
i-synthetic-01,2026-03-31 21:29:09.819591,0.4416907642335018,37.5,5.0,11,0,normal,0
i-synthetic-01,2026-03-31 21:30:17.788102,0.433282007087266,37.5,5.0,11,0,normal,0
i-synthetic-01,2026-03-31 21:31:26.094907,0.508782758102991,46.8,5.0,11,0,normal,0
i-synthetic-01,2026-03-31 21:32:34.257790,0.4458920784453541,38.7,5.0,11,0,normal,0
i-synthetic-01,2026-03-31 21:33:42.038724,0.4612924347617056,44.7,5.0,11,0,normal,0
i-synthetic-01,2026-03-31 21:34:50.117238,0.4500440600562591,45.5,5.0,11,0,normal,0
i-synthetic-01,2026-03-31 21:35:57.370487,0.4584555192846022,38.9,5.0,11,0,normal,0
i-synthetic-01,2026-03-31 21:37:04.724926,0.4416666666666666,42.0,7.9,11,0,normal,0
i-synthetic-01,2026-03-31 21:38:12.945145,0.4277777777777777,37.2,5.0,11,0,normal,0
i-synthetic-01,2026-03-31 21:39:20.467128,0.4458333333333333,43.7,5.0,11,0,normal,0
i-synthetic-01,2026-03-31 21:40:28.082254,0.4383333333333333,37.0,5.0,11,0,normal,0
i-synthetic-01,2026-03-31 21:41:35.307193,0.5,39.5,5.0,11,0,normal,0
i-synthetic-01,2026-03-31 21:42:43.682626,0.4456604998917622,44.9,5.0,11,0,normal,0
i-synthetic-01,2026-03-31 21:43:51.947085,0.4639210189780025,37.9,7.3,11,0,normal,0
i-synthetic-01,2026-03-31 21:44:59.723345,0.4500240975668351,38.0,7.8,11,0,normal,0
i-synthetic-01,2026-03-31 21:46:07.228250,0.3916666666666666,46.2,5.0,11,0,normal,0
i-synthetic-01,2026-03-31 21:47:15.227279,0.4458375000694455,44.7,5.0,11,0,normal,0
i-synthetic-01,2026-03-31 21:48:23.511271,0.4250027778240748,39.0,5.0,11,0,normal,0
i-synthetic-01,2026-03-31 21:49:31.520291,0.4438605106717193,44.8,5.0,11,0,normal,0
i-synthetic-01,2026-03-31 21:50:39.036868,0.4350884085373754,42.7,5.0,11,0,normal,0
i-synthetic-01,2026-03-31 21:51:47.677127,0.507884701846702,46.8,6.2,11,0,normal,0
i-synthetic-01,2026-03-31 21:52:55.321760,0.4541191737835441,42.5,5.0,11,0,normal,0
i-synthetic-01,2026-03-31 21:54:02.706796,0.4664903639920645,46.4,7.6,11,0,normal,0
i-synthetic-01,2026-03-31 21:55:09.988691,0.4616507700158369,43.5,5.0,11,0,normal,0
i-synthetic-01,2026-03-31 21:56:18.451449,0.3913275161526676,43.5,6.0,11,0,normal,0
i-synthetic-01,2026-03-31 21:57:25.944397,0.4414970914096671,46.2,5.0,11,0,normal,0
i-synthetic-01,2026-03-31 21:58:33.301928,0.425000196123604,38.8,5.0,11,0,normal,0
i-synthetic-01,2026-03-31 21:59:41.327627,0.4416668137593696,40.0,9.5,11,0,normal,0
i-synthetic-01,2026-03-31 22:00:49.220749,0.4332628467079603,40.1,5.0,11,0,normal,0
i-synthetic-01,2026-03-31 22:01:56.978568,0.5171234590554991,40.9,5.0,11,0,normal,0
i-synthetic-01,2026-03-31 22:03:04.687937,0.4667037085018967,40.9,5.0,11,0,normal,0
i-synthetic-01,2026-03-31 22:04:12.284100,0.4521111147097558,37.2,5.0,11,0,normal,0
i-synthetic-01,2026-03-31 22:05:20.073342,0.4617773031979013,44.5,5.0,11,0,normal,0
i-synthetic-01,2026-03-31 22:06:28.035245,0.407959370576971,37.2,5.0,11,0,normal,0
i-synthetic-01,2026-03-31 22:07:36.308190,0.454209062217337,43.3,5.0,11,0,normal,0
i-synthetic-01,2026-03-31 22:08:44.360539,0.4332463747393995,46.3,5.0,11,0,normal,0
i-synthetic-01,2026-03-31 22:09:56.778391,0.4479601201040433,37.3,8.5,11,0,normal,0
i-synthetic-01,2026-03-31 22:11:04.632148,0.5087742710348969,40.2,8.4,11,0,normal,0
i-synthetic-01,2026-03-31 22:12:12.357733,0.4625366034874083,44.2,5.0,11,0,normal,0
i-synthetic-01,2026-03-31 22:13:19.972872,0.4723915210575971,46.2,5.0,11,0,normal,0
i-synthetic-01,2026-03-31 22:14:27.988078,0.4522103074598645,37.6,8.8,11,0,normal,0
i-synthetic-01,2026-03-31 22:15:35.443142,0.4616816543472961,41.4,10.2,11,0,normal,0
i-synthetic-01,2026-03-31 22:16:43.298166,0.4003469673717221,45.2,5.0,11,0,normal,0
i-synthetic-01,2026-03-31 22:17:50.752076,0.4460068170191943,40.1,7.3,11,0,normal,0
i-synthetic-01,2026-03-31 22:18:58.372041,0.4278934335683517,45.1,9.1,11,0,normal,0
i-synthetic-01,2026-03-31 22:20:06.305553,0.4458118356505194,45.6,5.0,11,0,normal,0
i-synthetic-01,2026-03-31 22:21:14.330296,0.5083333333333333,41.3,5.0,11,0,normal,0
i-synthetic-01,2026-03-31 22:22:22.885305,0.4585104312626498,41.2,5.0,11,0,normal,0
i-synthetic-01,2026-03-31 22:23:30.955668,0.4667847319528777,42.8,6.0,11,0,normal,0
i-synthetic-01,2026-03-31 22:24:38.911720,0.4458388986615875,40.2,5.0,11,0,normal,0
i-synthetic-01,2026-03-31 22:25:46.563916,0.4584259731362494,43.7,5.0,11,0,normal,0
i-synthetic-01,2026-03-31 22:26:54.554912,0.4083333333333332,37.3,9.5,11,0,normal,0
i-synthetic-01,2026-03-31 22:28:02.162699,0.4414570601524209,46.9,5.5,11,0,normal,0
i-synthetic-01,2026-03-31 22:29:10.088223,0.44373176626818,37.6,5.0,11,0,normal,0
i-synthetic-01,2026-03-31 22:30:18.277439,0.4316520796812106,39.9,5.7,11,0,normal,0
i-synthetic-01,2026-03-31 22:31:26.277813,0.525,42.2,5.0,11,0,normal,0
i-synthetic-01,2026-03-31 22:32:33.925667,0.4625,46.9,9.3,11,0,normal,0
i-synthetic-01,2026-03-31 22:33:41.526271,0.4693022552301022,38.0,5.0,11,0,normal,0
i-synthetic-01,2026-03-31 22:34:49.686326,0.4478947523764192,40.8,5.0,11,0,normal,0
i-synthetic-01,2026-03-31 22:35:56.878644,0.4599824685678021,45.0,8.4,11,0,normal,0
i-synthetic-01,2026-03-31 22:37:04.314381,0.4456204622660361,37.6,5.0,11,0,normal,0
i-synthetic-01,2026-03-31 22:38:11.756320,0.4221887354810205,41.4,5.0,11,0,normal,0
i-synthetic-01,2026-03-31 22:39:19.655184,0.4332071947200707,43.9,5.0,11,0,normal,0
i-synthetic-01,2026-03-31 22:40:27.183649,0.4249670368863521,37.3,9.1,11,0,normal,0
i-synthetic-01,2026-03-31 22:41:35.617030,0.5166666666666667,37.7,5.0,11,0,normal,0
i-synthetic-01,2026-03-31 22:42:45.768120,0.4539970914096671,42.1,5.0,11,0,normal,0
i-synthetic-01,2026-03-31 22:43:59.233494,0.469475964011329,43.2,5.0,11,0,normal,0
i-synthetic-01,2026-03-31 22:45:07.595651,0.4467015912410469,44.8,5.0,11,0,normal,0
i-synthetic-01,2026-03-31 22:46:20.497510,0.4083333333333332,44.7,5.0,11,0,normal,0
i-synthetic-01,2026-03-31 22:47:28.517327,0.4497871289327027,45.1,5.0,11,0,normal,0
i-synthetic-01,2026-03-31 22:48:37.149478,0.4248580859551351,37.3,5.0,11,0,normal,0
i-synthetic-01,2026-03-31 22:49:44.662228,0.4436435644663513,45.2,5.0,11,0,normal,0
i-synthetic-01,2026-03-31 22:50:52.356408,0.4299799079552789,46.9,5.0,11,0,normal,0
i-synthetic-01,2026-03-31 22:52:00.239510,0.4912409245320722,46.6,5.0,11,0,normal,0
i-synthetic-01,2026-03-31 22:53:08.055158,0.4581627515385407,46.1,5.0,11,0,normal,0
i-synthetic-01,2026-03-31 22:54:15.774269,0.439538524586714,37.7,5.0,11,0,normal,0
i-synthetic-01,2026-03-31 22:55:23.445002,0.4516308196693712,39.3,5.0,11,0,normal,0
i-synthetic-01,2026-03-31 22:56:31.973319,0.399653633517618,42.7,5.0,11,0,normal,0
i-synthetic-01,2026-03-31 22:57:39.631542,0.4456601500921423,41.1,6.1,11,0,normal,0
i-synthetic-01,2026-03-31 22:58:47.109791,0.4276601463939893,46.0,5.0,11,0,normal,0
i-synthetic-01,2026-03-31 22:59:55.743411,0.4437704488449857,45.0,5.0,11,0,normal,0
i-synthetic-01,2026-03-31 23:01:04.180217,0.5333333333333333,42.6,10.4,11,0,normal,0
i-synthetic-01,2026-03-31 23:02:15.821331,0.4624999999999999,42.9,5.0,11,0,normal,0
i-synthetic-01,2026-04-01 04:02:09.759577,0.4498271665584289,46.4,5.0,12,0,normal,0
i-synthetic-01,2026-04-01 04:30:56.033882,0.4400753005694034,41.2,5.0,12,0,normal,0
i-synthetic-01,2026-04-01 04:32:04.901351,0.5333333333333333,47.6,5.0,12,0,normal,0
i-synthetic-01,2026-04-01 04:33:12.441230,34.70118798897529,46.8,32.1,12,0,normal,0
i-synthetic-01,2026-04-01 04:34:19.627547,51.02589099173147,41.8,33.0,12,0,normal,0
i-synthetic-01,2026-04-01 04:35:28.531400,60.82071279338518,43.4,46.6,12,0,normal,0
i-synthetic-01,2026-04-01 04:36:37.540759,9.63315737764974,45.6,5.0,12,0,normal,0
i-synthetic-01,2026-04-01 04:37:45.385921,54.09157868882487,40.1,45.9,12,0,normal,0
i-synthetic-01,2026-04-01 04:38:53.672169,69.39438579254991,48.0,51.3,12,0,normal,0
i-synthetic-01,2026-04-01 04:40:02.111026,77.0432893860784,41.7,69.9,12,0,normal,0
i-synthetic-01,2026-04-01 04:41:10.893515,99.99166666666666,41.9,77.5,12,1,critical,0
i-synthetic-01,2026-04-01 04:42:19.790197,76.18979856346722,47.8,54.1,12,0,normal,0
i-synthetic-01,2026-04-01 04:43:29.061630,83.83572478684563,44.9,62.9,12,1,warning,0
i-synthetic-01,2026-04-01 04:44:38.443509,87.86637692346756,45.5,61.3,12,1,warning,0
i-synthetic-01,2026-04-01 04:45:47.173542,90.28476820544071,40.7,67.6,12,1,warning,1
i-synthetic-01,2026-04-01 04:46:55.540167,14.433333333333334,43.9,13.1,12,0,normal,0
i-synthetic-01,2026-04-01 04:48:03.389441,13.495833333333334,47.9,17.4,12,0,normal,0
i-synthetic-01,2026-04-01 04:49:10.723762,34.32674002031621,40.3,33.7,12,0,normal,0
i-synthetic-01,2026-04-01 04:50:18.509741,47.46039289880671,41.3,28.6,12,0,normal,0
i-synthetic-01,2026-04-01 04:51:28.189386,100.0,45.7,71.5,12,1,critical,0
i-synthetic-01,2026-04-01 04:52:36.789833,99.99583333333334,39.8,75.4,12,1,critical,1
i-synthetic-01,2026-04-01 04:53:45.148374,99.99722222222222,42.2,81.7,12,1,critical,1
i-synthetic-01,2026-04-01 04:54:53.576042,76.30321459153488,39.8,56.8,12,0,normal,0
i-synthetic-01,2026-04-01 04:57:05.692421,99.998334776527,46.7,78.8,12,1,critical,0
i-synthetic-01,2026-04-01 04:58:14.415472,99.99722173865396,48.0,70.1,12,1,critical,1
i-synthetic-01,2026-04-01 04:59:23.296415,99.99791630399046,45.6,85.5,12,1,critical,1
i-synthetic-01,2026-04-01 05:00:31.479641,94.92818774818178,48.8,73.8,12,1,warning,1
i-synthetic-01,2026-04-01 05:01:40.449297,2.1314505520123888,47.1,9.2,12,0,normal,0
i-synthetic-01,2026-04-01 05:02:48.424830,2.178225276006194,39.8,5.0,12,0,normal,0
i-synthetic-01,2026-04-01 05:03:55.949045,2.182705739559685,47.8,11.1,12,0,normal,0
i-synthetic-01,2026-04-01 05:05:04.424453,3.9899048867882847,43.0,5.0,12,0,normal,0
i-synthetic-01,2026-04-01 05:06:13.155065,100.0,41.2,89.8,12,1,critical,0
i-synthetic-01,2026-04-01 05:07:21.611405,99.99583333333334,46.4,77.0,12,1,critical,1
i-synthetic-01,2026-04-01 05:08:30.179514,99.99722222222222,48.8,79.4,12,1,critical,1
i-synthetic-01,2026-04-01 05:09:39.192143,99.99666776985885,48.2,75.6,12,1,critical,1
i-synthetic-01,2026-04-01 05:10:47.816859,99.99666695981088,45.9,72.2,12,1,critical,1
i-synthetic-01,2026-04-01 05:11:56.681759,100.0,42.9,79.7,12,1,critical,1
i-synthetic-01,2026-04-01 05:13:06.314907,99.99388338393445,41.9,89.6,12,1,critical,1
i-synthetic-01,2026-04-01 05:14:15.417906,99.99541253795084,41.5,80.0,12,1,critical,1
i-synthetic-01,2026-04-01 05:15:23.980162,97.894663363694,41.8,88.0,12,1,critical,1
i-synthetic-01,2026-04-01 05:16:33.522405,2.12312457329359,47.9,5.0,12,0,normal,0
i-synthetic-01,2026-04-01 05:17:41.903769,2.1541941114253493,44.3,5.0,12,0,normal,0
i-synthetic-01,2026-04-01 05:18:49.649634,2.141684963172456,40.4,5.0,12,0,normal,0
i-synthetic-01,2026-04-01 05:19:58.088598,2.157868997807304,46.1,8.6,12,0,normal,0
i-synthetic-01,2026-04-01 05:21:06.316114,2.233333333333333,46.2,5.0,12,0,normal,0
i-synthetic-01,2026-04-01 05:22:13.578556,2.1657050481503064,39.5,11.4,12,0,normal,0
i-synthetic-01,2026-04-01 05:23:22.110902,2.172236733242343,43.5,5.7,12,0,normal,0
i-synthetic-01,2026-04-01 05:24:29.797545,2.1537142092160564,43.3,5.0,12,0,normal,0
i-synthetic-01,2026-04-01 05:25:37.511826,2.17131217305294,48.4,5.0,12,0,normal,0
i-synthetic-01,2026-04-01 05:26:48.995528,93.94131482809814,43.4,75.3,12,1,warning,0
i-synthetic-01,2026-04-01 05:27:57.864291,96.97065741404909,41.0,75.7,12,1,critical,1
i-synthetic-01,2026-04-01 05:29:06.608408,98.4828264549977,49.0,76.5,12,1,critical,1
i-synthetic-01,2026-04-01 05:30:15.357144,98.78626116399816,48.5,73.6,12,1,critical,1
i-synthetic-01,2026-04-01 05:31:24.116765,8.408473474557908,41.6,5.0,12,0,normal,0
i-synthetic-01,2026-04-01 05:32:32.399629,5.333403403945621,42.3,12.4,12,0,normal,0
i-synthetic-01,2026-04-01 05:33:40.352410,4.300704887721133,43.0,5.0,12,0,normal,0
i-synthetic-01,2026-04-01 05:34:48.112198,3.7567786657908497,47.7,5.0,12,0,normal,0
i-synthetic-01,2026-04-01 05:35:55.299788,3.4466998047289947,45.8,5.0,12,0,normal,0
i-synthetic-01,2026-04-01 05:37:03.482471,2.1509320038256017,39.3,5.4,12,0,normal,0
i-synthetic-01,2026-04-01 05:38:11.272916,2.133954669217068,47.7,11.4,12,0,normal,0
i-synthetic-01,2026-04-01 05:39:20.002734,2.158297287089475,47.2,5.0,12,0,normal,0
i-synthetic-01,2026-04-01 05:40:27.994826,2.152020674231684,41.0,6.5,12,0,normal,0
i-synthetic-01,2026-04-01 05:41:36.015799,2.198058381762777,41.6,5.9,12,0,normal,0
i-synthetic-01,2026-04-01 05:42:44.291770,2.1615291908813883,44.1,10.0,12,0,normal,0
i-synthetic-01,2026-04-01 05:43:53.445031,2.1916825463133165,42.4,7.7,12,0,normal,0
i-synthetic-01,2026-04-01 05:45:01.553513,2.199612378603104,40.9,9.7,12,0,normal,0
i-synthetic-01,2026-04-01 05:46:10.393531,1.0092248152534735,48.6,5.0,12,0,normal,0
i-synthetic-01,2026-04-01 05:47:18.687409,1.3462790742934034,39.8,5.0,12,0,normal,0
i-synthetic-01,2026-04-01 05:48:26.303192,1.6225193828622688,45.2,10.3,12,0,normal,0
i-synthetic-01,2026-04-01 05:49:35.448736,1.793972870480035,44.3,6.4,12,0,normal,0
i-synthetic-01,2026-04-01 05:50:44.515276,1.866844963050695,41.9,5.0,12,0,normal,0
i-synthetic-01,2026-04-01 05:51:53.190226,2.283333333333333,48.3,5.0,12,0,normal,0
i-synthetic-01,2026-04-01 05:53:01.883776,2.2521109593932764,45.9,5.0,12,0,normal,0
i-synthetic-01,2026-04-01 05:54:15.037394,2.1078332195449576,39.4,6.3,12,0,normal,0
i-synthetic-01,2026-04-01 05:55:24.365334,2.1379332423026325,43.2,8.2,12,0,normal,0
i-synthetic-01,2026-04-01 05:56:34.271144,2.13521944384206,48.0,5.0,12,0,normal,0
i-synthetic-01,2026-04-01 05:57:43.610588,2.208287800919232,39.7,5.0,12,0,normal,0
i-synthetic-01,2026-04-01 05:58:52.119763,2.0332842753103315,41.2,7.1,12,0,normal,0
i-synthetic-01,2026-04-01 06:00:00.798551,2.1025663826746546,44.9,5.3,12,0,normal,0
i-synthetic-01,2026-04-01 06:01:08.879474,2.3062577014020715,46.9,5.0,12,0,normal,0
i-synthetic-01,2026-04-01 06:02:16.989237,2.254119742503658,42.5,5.0,12,0,normal,0
i-synthetic-01,2026-04-01 06:03:25.473978,2.2659612108922915,47.7,5.0,12,0,normal,0
i-synthetic-01,2026-04-01 06:04:33.379854,2.2499571710347497,40.0,11.0,12,0,normal,0
i-synthetic-01,2026-04-01 06:05:41.929290,9.108299070161134,40.8,6.0,12,0,normal,0
i-synthetic-01,2026-04-01 06:06:49.960357,100.0,40.8,86.1,12,1,critical,0
i-synthetic-01,2026-04-01 06:07:58.556657,99.99249987499792,45.5,88.9,12,1,critical,1
i-synthetic-01,2026-04-01 06:09:07.521914,99.99416660416564,49.0,73.6,12,1,critical,1
i-synthetic-01,2026-04-01 06:10:16.732511,93.1903332833325,39.4,71.2,12,1,warning,1
i-synthetic-01,2026-04-01 06:11:25.664407,2.283333333333333,41.2,8.0,12,0,normal,0
i-synthetic-01,2026-04-01 06:12:33.311253,2.225,39.8,5.0,12,0,normal,0
i-synthetic-01,2026-04-01 06:13:40.900785,2.221570113066791,41.8,5.0,12,0,normal,0
i-synthetic-01,2026-04-01 06:14:48.113756,2.2062379714749896,43.0,5.0,12,0,normal,0
i-synthetic-01,2026-04-01 06:15:55.887088,5.691657043846658,41.5,5.0,12,0,normal,0
i-synthetic-01,2026-04-01 06:17:03.246426,99.99333553971768,41.8,87.5,12,1,critical,0
i-synthetic-01,2026-04-01 06:18:12.524116,99.99555702647848,40.3,89.5,12,1,critical,1
i-synthetic-01,2026-04-01 06:19:21.238244,99.99666776985885,48.1,78.8,12,1,critical,1
i-synthetic-01,2026-04-01 06:20:30.013655,99.99666695981088,39.4,84.5,12,1,critical,1
i-synthetic-01,2026-04-01 06:21:39.153710,99.99500441276872,43.5,83.2,12,1,critical,1
i-synthetic-01,2026-04-01 06:22:47.913149,99.99750220638435,40.3,78.8,12,1,critical,1
i-synthetic-01,2026-04-01 06:23:57.334520,99.99833480425625,44.7,74.8,12,1,critical,1
i-synthetic-01,2026-04-01 06:25:06.847450,96.83679004292868,44.6,79.7,12,1,critical,1
i-synthetic-01,2026-04-01 06:26:15.921875,1.9934275276494235,40.8,5.0,12,0,normal,0
i-synthetic-01,2026-04-01 06:27:23.223928,2.046713763824712,44.7,5.0,12,0,normal,0
i-synthetic-01,2026-04-01 06:28:30.854393,2.03055414005368,45.3,7.6,12,0,normal,0
i-synthetic-01,2026-04-01 06:29:38.919824,2.0395822717069265,43.2,5.0,12,0,normal,0
i-synthetic-01,2026-04-01 06:30:47.235463,2.0019929396568985,46.2,5.0,12,0,normal,0
i-synthetic-01,2026-04-01 06:31:55.459997,0.6916666666666665,48.7,5.0,12,0,normal,0
i-synthetic-01,2026-04-01 06:33:03.365229,1.5160758459656931,46.6,8.5,12,0,normal,0
i-synthetic-01,2026-04-01 06:34:11.482416,1.6120568844742698,41.3,5.0,12,0,normal,0
i-synthetic-01,2026-04-01 06:35:19.031583,1.8613121742460823,48.6,11.3,12,0,normal,0
i-synthetic-01,2026-04-01 06:36:27.075925,100.0,46.1,88.5,12,1,critical,0
i-synthetic-01,2026-04-01 06:37:35.670352,100.0,43.4,87.3,12,1,critical,1
i-synthetic-01,2026-04-01 06:38:44.725225,99.99833480425625,45.9,72.9,12,1,critical,1
i-synthetic-01,2026-04-01 06:39:53.627292,99.99791703309693,41.4,83.7,12,1,critical,1
i-synthetic-01,2026-04-01 06:42:06.612022,2.15,39.7,11.2,12,0,normal,0
i-synthetic-01,2026-04-01 06:43:14.589074,2.157693481868794,47.8,5.0,12,0,normal,0
i-synthetic-01,2026-04-01 06:44:22.180278,2.1245201114015955,39.5,5.8,12,0,normal,0
i-synthetic-01,2026-04-01 06:45:29.965170,2.124616089121276,44.3,5.0,12,0,normal,0
i-synthetic-01,2026-04-01 06:46:38.487813,2.05181243431698,47.8,5.0,12,0,normal,0
i-synthetic-01,2026-04-01 06:47:46.230502,2.096739550491823,44.2,5.0,12,0,normal,0
i-synthetic-01,2026-04-01 06:48:19.367643,2.058354012019221,41.6,11.5,12,0,normal,0
i-synthetic-01,2026-04-01 06:48:37.168899,2.058354012019221,40.0,5.1,12,0,normal,0
i-synthetic-01,2026-04-01 06:49:38.995486,2.0650593185461688,43.3,5.0,12,0,normal,0
i-synthetic-01,2026-04-01 06:50:46.606689,2.042047454836935,48.1,9.8,12,0,normal,0
i-synthetic-01,2026-04-01 06:51:04.985107,2.058333333333333,46.6,9.1,12,0,normal,0
i-synthetic-01,2026-04-01 06:51:51.467626,2.058333333333333,41.2,5.0,12,0,normal,0
i-synthetic-01,2026-04-01 06:52:59.991488,2.01606603981298,39.1,5.0,12,0,normal,0
i-synthetic-01,2026-04-01 06:54:07.496019,1.991639834628948,45.2,5.0,12,0,normal,0
i-synthetic-01,2026-04-01 06:58:15.087941,1.8755191949074312,43.7,5.0,12,0,normal,0
i-synthetic-01,2026-04-01 06:59:24.499074,14.19830606284724,43.4,12.5,12,0,normal,0
i-synthetic-01,2026-04-01 07:00:33.556056,31.35764573283153,46.2,16.9,12,0,normal,0
i-synthetic-01,2026-04-01 07:01:42.652668,100.0,46.9,87.4,12,1,critical,0
i-synthetic-01,2026-04-01 07:02:52.201123,100.0,39.8,75.8,12,1,critical,1
i-synthetic-01,2026-04-01 07:04:02.212521,94.10708443652553,46.4,83.3,12,1,warning,1
i-synthetic-01,2026-04-01 07:05:13.195240,90.35064160964043,44.5,74.2,12,1,warning,1
i-synthetic-01,2026-04-01 07:06:23.955787,99.96666666666668,42.3,90.0,12,1,critical,1
i-synthetic-01,2026-04-01 07:07:34.019482,99.95416666666668,40.8,78.1,12,1,critical,1
i-synthetic-01,2026-04-01 07:08:43.959588,86.16111111111111,42.5,73.0,12,1,warning,0
i-synthetic-01,2026-04-01 07:09:54.998038,67.94711722063101,45.9,63.9,12,0,normal,0
i-synthetic-01,2026-04-01 07:11:08.077883,7.776464123357701,45.9,5.0,12,0,normal,0
i-synthetic-01,2026-04-01 07:12:20.356403,5.06844124645874,41.6,5.0,12,0,normal,0
i-synthetic-01,2026-04-01 07:13:31.956924,4.109516386528049,46.1,12.4,12,0,normal,0
i-synthetic-01,2026-04-01 07:14:43.965665,3.6571372898960366,44.6,5.0,12,0,normal,0
i-synthetic-01,2026-04-01 07:15:56.149175,3.3590431652501627,42.4,5.0,12,0,normal,0
i-synthetic-01,2026-04-01 07:17:15.669556,2.182395619980128,41.6,5.0,12,0,normal,0
i-synthetic-01,2026-04-01 07:18:31.293240,2.202152635542308,46.0,5.0,12,0,normal,0
i-synthetic-01,2026-04-01 07:19:43.925771,2.208356265236643,42.5,5.0,12,0,normal,0
i-synthetic-01,2026-04-01 07:20:53.589828,2.208351678855981,41.9,8.7,12,0,normal,0
i-synthetic-01,2026-04-01 07:22:04.759009,2.1625,39.1,11.7,12,0,normal,0
i-synthetic-01,2026-04-01 07:23:15.170560,2.172222222222222,44.2,5.0,12,0,normal,0
i-synthetic-01,2026-04-01 07:24:24.122293,2.1499999999999995,41.6,6.9,12,0,normal,0
i-synthetic-01,2026-04-01 07:25:33.664463,2.16,41.0,9.3,12,0,normal,0
i-synthetic-01,2026-04-01 07:26:43.802126,2.0731687009808004,48.6,5.0,12,0,normal,0
i-synthetic-01,2026-04-01 07:27:53.256047,2.1208754743164464,48.9,5.0,12,0,normal,0
i-synthetic-01,2026-04-01 09:03:58.530606,1.6055555555555554,47.7,5.0,12,0,normal,0
i-synthetic-01,2026-04-01 09:05:06.711205,1.6030420905977496,47.0,5.0,12,0,normal,0
i-synthetic-01,2026-04-01 10:18:28.703994,1.5837901257221656,39.3,10.6,12,0,normal,0
i-synthetic-01,2026-04-01 10:31:59.433448,1.6568697650408806,43.3,8.1,12,0,normal,0
i-synthetic-01,2026-04-01 10:33:07.334880,1.621703302416086,43.8,5.0,12,0,normal,0
i-synthetic-01,2026-04-01 10:34:15.257468,1.6058608101453975,41.7,5.0,12,0,normal,0
i-synthetic-02,2026-03-30 03:16:40.162942,2.1666666666666665,37.3,5.0,10,0,normal,0
i-synthetic-02,2026-03-30 03:16:42.439242,2.1666666666666665,41.7,5.0,10,0,normal,0
i-synthetic-02,2026-03-30 03:17:51.597278,2.147222222222222,35.8,5.0,10,0,normal,0
i-synthetic-02,2026-03-30 03:17:53.680359,2.147222222222222,44.7,10.1,10,0,normal,0
i-synthetic-02,2026-03-30 03:19:02.380328,2.15,43.3,5.0,10,0,normal,0
i-synthetic-02,2026-03-30 03:19:04.739826,2.15,41.0,7.4,10,0,normal,0
i-synthetic-02,2026-03-30 03:20:13.298905,2.144639056801718,44.7,5.0,10,0,normal,0
i-synthetic-02,2026-03-30 03:20:16.093017,2.144639056801718,35.3,7.5,10,0,normal,0
i-synthetic-02,2026-03-30 03:21:24.103564,2.251914127007957,40.9,5.0,10,0,normal,0
i-synthetic-02,2026-03-30 03:21:26.950833,2.1917178335161345,44.5,5.0,10,0,normal,0
i-synthetic-02,2026-03-30 03:22:35.506124,2.200662701089912,36.4,5.0,10,0,normal,0
i-synthetic-02,2026-03-30 03:22:37.512053,2.200662701089912,41.3,7.9,10,0,normal,0
i-synthetic-02,2026-03-30 03:23:46.680296,2.1771327188117224,40.6,5.0,10,0,normal,0
i-synthetic-02,2026-03-30 03:23:48.100327,2.1771327188117224,41.4,5.0,10,0,normal,0
i-synthetic-02,2026-03-30 03:24:57.625391,2.185039508382711,37.2,6.0,10,0,normal,0
i-synthetic-02,2026-03-30 03:26:09.683774,2.293616240471067,37.4,5.0,10,0,normal,0
i-synthetic-02,2026-03-30 03:27:21.258903,2.255141453568867,38.9,11.6,10,0,normal,0
i-synthetic-02,2026-03-30 03:28:32.349312,2.2171540601177666,41.3,6.4,10,0,normal,0
i-synthetic-02,2026-03-30 03:29:43.843039,2.2087232480942136,42.8,5.0,10,0,normal,0
i-synthetic-02,2026-04-01 07:29:03.103717,2.126622676572852,39.7,5.0,12,0,normal,0
i-synthetic-02,2026-03-30 03:46:34.726358,2.229166666666667,40.6,5.0,10,0,normal,0
i-synthetic-02,2026-03-30 03:47:44.619750,2.2604658155241,40.6,6.7,10,0,normal,0
i-synthetic-02,2026-03-30 03:48:19.852766,2.2604658155241,40.9,5.0,10,0,normal,0
i-synthetic-02,2026-03-30 03:49:30.712919,2.267938489442236,39.1,5.0,10,0,normal,0
i-synthetic-02,2026-03-30 03:50:40.704390,2.267938489442236,43.2,5.5,10,0,normal,0
i-synthetic-02,2026-03-30 03:51:44.821104,2.196793941516956,41.3,5.0,10,0,normal,0
i-synthetic-02,2026-03-30 03:52:55.218943,2.075121402164102,43.6,5.0,10,0,normal,0
i-synthetic-02,2026-03-30 03:54:05.636469,2.1000910516230764,44.3,5.0,10,0,normal,0
i-synthetic-02,2026-03-30 03:55:16.444062,2.0399348941781907,43.8,9.3,10,0,normal,0
i-synthetic-02,2026-03-30 03:56:27.197807,2.230504427683031,35.9,6.9,10,0,normal,0
i-synthetic-02,2026-03-30 03:57:37.024931,2.2092251740109097,42.2,5.0,10,0,normal,0
i-synthetic-02,2026-03-30 03:58:47.043569,2.221502213841516,43.2,5.0,10,0,normal,0
i-synthetic-02,2026-03-30 03:59:58.045253,2.210167083890651,36.2,5.0,10,0,normal,0
i-synthetic-02,2026-03-30 04:01:08.477440,2.313004409684666,41.8,5.0,10,0,normal,0
i-synthetic-02,2026-03-30 04:02:18.569320,2.346898836646389,36.8,5.0,10,0,normal,0
i-synthetic-02,2026-03-30 04:03:30.371308,1.8715808602231607,35.5,6.1,10,0,normal,0
i-synthetic-02,2026-03-30 04:04:41.232016,1.925234247386536,40.1,5.0,10,0,normal,0
i-synthetic-02,2026-03-30 04:05:52.159479,1.925234247386536,35.1,5.0,10,0,normal,0
i-synthetic-02,2026-03-30 04:07:02.875809,2.179203905334522,35.9,5.0,10,0,normal,0
i-synthetic-02,2026-03-30 04:08:13.370057,2.1777905204244,38.0,5.0,10,0,normal,0
i-synthetic-02,2026-03-30 04:09:23.992828,2.1546193086071788,43.6,5.0,10,0,normal,0
i-synthetic-02,2026-03-30 04:10:33.838717,2.1653621135524097,38.4,11.7,10,0,normal,0
i-synthetic-02,2026-03-30 04:11:44.281156,2.1949309753376296,41.1,6.8,10,0,normal,0
i-synthetic-02,2026-03-30 04:12:53.935222,2.205584936535117,44.2,5.0,10,0,normal,0
i-synthetic-02,2026-03-30 04:14:04.124077,2.1916887024013376,39.9,5.0,10,0,normal,0
i-synthetic-02,2026-03-30 04:15:15.161562,2.2000176285877364,38.7,5.0,10,0,normal,0
i-synthetic-02,2026-03-30 04:16:25.673419,2.1481740520557526,43.5,5.0,10,0,normal,0
i-synthetic-02,2026-03-30 04:17:36.313191,2.157724684018584,35.4,5.0,10,0,normal,0
i-synthetic-02,2026-03-30 04:18:47.492577,2.1703768463472715,40.1,5.0,10,0,normal,0
i-synthetic-02,2026-03-30 04:19:58.066268,2.1549906962474443,41.9,5.0,10,0,normal,0
i-synthetic-02,2026-03-30 04:21:08.287358,2.2416666666666667,39.5,9.4,10,0,normal,0
i-synthetic-02,2026-03-30 04:22:19.202755,2.1791666666666667,39.3,5.0,10,0,normal,0
i-synthetic-02,2026-03-30 04:23:29.514296,2.16875,44.0,10.4,10,0,normal,0
i-synthetic-02,2026-03-30 04:24:39.882718,2.178333333333333,41.4,5.0,10,0,normal,0
i-synthetic-02,2026-03-30 04:25:50.985189,2.178333333333333,37.4,5.0,10,0,normal,0
i-synthetic-02,2026-03-30 04:27:02.010644,2.186548100781003,37.7,9.7,10,0,normal,0
i-synthetic-02,2026-03-30 04:28:12.489017,2.166634662726877,35.0,5.0,10,0,normal,0
i-synthetic-02,2026-03-30 04:29:23.118663,2.176590458086606,38.7,5.6,10,0,normal,0
i-synthetic-02,2026-03-30 04:30:33.335977,2.16663392379301,39.6,11.6,10,0,normal,0
i-synthetic-02,2026-03-30 04:31:44.066925,2.1708333333333334,39.2,9.5,10,0,normal,0
i-synthetic-02,2026-03-30 04:32:55.477910,2.25,37.4,5.0,10,0,normal,0
i-synthetic-02,2026-03-30 04:34:06.410760,2.220833333333333,39.6,5.0,10,0,normal,0
i-synthetic-02,2026-03-30 04:35:29.570334,2.172996453014937,39.9,5.0,10,0,normal,0
i-synthetic-02,2026-03-30 04:36:28.705788,2.049999028347222,41.3,5.0,10,0,normal,0
i-synthetic-02,2026-03-30 04:37:39.822871,2.0694437966759254,42.7,5.0,10,0,normal,0
i-synthetic-02,2026-03-30 04:38:46.017989,2.043733125831,39.7,5.0,10,0,normal,0
i-synthetic-02,2026-03-30 04:39:56.754398,2.037008286575688,42.3,10.3,10,0,normal,0
i-synthetic-02,2026-03-30 04:41:07.711386,1.883333333333333,36.7,5.0,10,0,normal,0
i-synthetic-02,2026-03-30 04:42:18.178771,1.932491132537343,41.1,9.0,10,0,normal,0
i-synthetic-02,2026-03-30 04:43:29.096828,1.903752754409312,36.3,9.8,10,0,normal,0
i-synthetic-02,2026-03-30 04:44:41.299720,1.9083233044448804,44.9,5.0,10,0,normal,0
i-synthetic-02,2026-03-30 04:45:51.924380,1.9083233044448804,44.8,10.5,10,0,normal,0
i-synthetic-02,2026-03-30 04:47:02.103934,1.8250429340575929,36.8,5.0,10,0,normal,0
i-synthetic-02,2026-03-30 04:48:12.536257,1.7944730671495064,39.9,5.0,10,0,normal,0
i-synthetic-02,2026-03-30 04:49:23.330138,1.8021048003621296,40.2,10.0,10,0,normal,0
i-synthetic-02,2026-03-30 04:50:28.321459,1.776683840289704,40.5,8.7,10,0,normal,0
i-synthetic-02,2026-03-30 04:51:39.000674,1.715973089540557,42.5,10.9,10,0,normal,0
i-synthetic-02,2026-03-30 04:52:48.723271,1.719471225484627,42.1,7.9,10,0,normal,0
i-synthetic-02,2026-03-30 04:53:03.420707,1.719471225484627,36.0,5.0,10,0,normal,0
i-synthetic-02,2026-03-30 04:54:13.608084,1.6979367524468034,44.5,5.0,10,0,normal,0
i-synthetic-02,2026-03-30 04:55:24.388285,1.696682735290776,42.2,5.0,10,0,normal,0
i-synthetic-02,2026-03-30 04:56:34.552589,1.65,44.9,5.0,10,0,normal,0
i-synthetic-02,2026-03-30 04:57:44.950680,1.635655803677985,44.5,6.2,10,0,normal,0
i-synthetic-02,2026-03-30 04:58:06.958552,1.635655803677985,44.7,5.0,10,0,normal,0
i-synthetic-02,2026-03-30 04:59:17.705982,1.6541885157553693,36.1,5.0,10,0,normal,0
i-synthetic-02,2026-03-30 05:00:28.354874,1.6416841459376286,36.2,8.7,10,0,normal,0
i-synthetic-02,2026-03-30 05:29:59.560013,0.0001577347978801,39.1,5.0,10,0,normal,0
i-synthetic-02,2026-03-30 05:31:12.050313,7.59987333544441,39.2,5.0,10,0,normal,0
i-synthetic-02,2026-04-01 07:30:14.081399,2.1133287683121784,40.9,11.5,12,0,normal,0
i-synthetic-02,2026-04-01 07:31:24.295427,2.198058381762777,44.8,5.0,12,0,normal,0
i-synthetic-02,2026-04-01 07:32:32.841628,2.1365291908813884,47.7,11.5,12,0,normal,0
i-synthetic-02,2026-04-01 07:33:41.652799,2.158334477741634,42.6,5.0,12,0,normal,0
i-synthetic-02,2026-04-01 07:34:50.707375,2.139124528231125,44.8,8.9,12,0,normal,0
i-synthetic-02,2026-04-01 07:37:06.865762,2.083333333333333,44.7,5.0,12,0,normal,0
i-synthetic-02,2026-04-01 07:38:15.984118,2.068843817590757,47.2,5.0,12,0,normal,0
i-synthetic-02,2026-04-01 07:39:24.692562,2.076632863193068,43.8,9.5,12,0,normal,0
i-synthetic-02,2026-04-01 07:41:34.794834,2.12312457329359,46.2,5.0,12,0,normal,0
i-synthetic-02,2026-04-01 07:42:44.771523,2.065728953313462,41.2,10.0,12,0,normal,0
i-synthetic-02,2026-04-01 07:43:55.332149,2.077152635542308,45.8,10.9,12,0,normal,0
i-synthetic-02,2026-04-01 07:45:04.556194,2.058306533807213,39.1,5.0,12,0,normal,0
i-synthetic-02,2026-04-01 07:46:16.689549,100.0,39.0,74.6,12,1,critical,0
i-synthetic-02,2026-04-01 09:06:15.028080,1.559711078119005,42.0,5.0,12,0,normal,0
i-synthetic-02,2026-04-01 09:07:24.017411,1.6048555390595023,48.8,5.0,12,0,normal,0
i-synthetic-02,2026-04-01 09:08:32.831247,1.5833390470322362,41.4,9.6,12,0,normal,0
i-synthetic-02,2026-04-01 09:09:42.428249,1.6003689824233254,45.4,5.0,12,0,normal,0
i-synthetic-02,2026-04-01 09:10:51.240812,1.5866912027904412,40.7,5.0,12,0,normal,0
i-synthetic-02,2026-04-01 09:12:01.936978,1.6583333333333332,47.9,9.1,12,0,normal,0
i-synthetic-02,2026-04-01 09:13:12.286236,1.6227109409608114,39.2,5.0,12,0,normal,0
i-synthetic-02,2026-04-01 09:14:21.273482,1.6086998723872752,44.3,5.0,12,0,normal,0
i-synthetic-02,2026-04-01 09:15:31.014942,1.6416465913306315,44.8,5.0,12,0,normal,0
i-synthetic-02,2026-04-01 09:16:40.776026,1.6347773866915771,39.5,8.1,12,0,normal,0
i-synthetic-02,2026-04-01 09:17:50.201674,1.6840553600124553,39.7,5.0,12,0,normal,0
i-synthetic-02,2026-04-01 09:19:00.195098,1.6583415375843336,39.1,7.7,12,0,normal,0
i-synthetic-02,2026-04-01 09:20:10.822621,1.6566715892172668,46.0,5.0,12,0,normal,0
i-synthetic-02,2026-04-01 09:21:19.783865,1.7083333333333333,45.4,7.4,12,0,normal,0
i-synthetic-02,2026-04-01 09:22:28.161315,1.6465332571549314,39.8,5.0,12,0,normal,0
i-synthetic-02,2026-03-30 05:32:24.149203,4.1919561519246535,41.6,5.0,10,0,normal,0
i-synthetic-02,2026-03-30 05:33:36.014987,2.9694829877112023,38.3,5.0,10,0,normal,0
i-synthetic-02,2026-03-30 05:34:48.578780,2.4062789074500683,35.3,5.0,10,0,normal,0
i-synthetic-02,2026-03-30 05:35:59.617641,5.376632265807724,35.9,5.0,10,0,normal,0
i-synthetic-02,2026-03-30 05:47:37.904106,1.9367682917286573,44.3,5.0,10,0,normal,0
i-synthetic-02,2026-03-30 05:48:49.787600,2.0362441933737343,39.9,5.3,10,0,normal,0
i-synthetic-02,2026-03-30 05:54:43.142581,0.0011623278607227,39.1,9.9,10,0,normal,0
i-synthetic-02,2026-03-30 06:07:15.589093,0.0011917222913862,36.0,5.0,10,0,normal,0
i-synthetic-02,2026-03-30 17:38:25.932061,0.4552595729457918,40.4,5.0,10,0,normal,0
i-synthetic-02,2026-03-30 17:39:39.214001,0.4533739989022323,42.4,9.2,10,0,normal,0
i-synthetic-02,2026-03-30 17:40:53.124015,0.4533739989022323,39.7,5.1,10,0,normal,0
i-synthetic-02,2026-03-30 17:42:05.929552,0.500033383081266,41.6,5.0,10,0,normal,0
i-synthetic-02,2026-03-30 17:43:18.894088,0.5029526705389248,39.3,5.0,10,0,normal,0
i-synthetic-02,2026-03-30 17:44:26.921884,0.4984564283047305,35.9,6.8,10,0,normal,0
i-synthetic-02,2026-03-30 17:52:18.415335,0.8751839155239717,40.8,8.2,10,0,normal,0
i-synthetic-02,2026-03-30 17:54:14.165759,0.6625919577619858,44.0,5.0,10,0,normal,0
i-synthetic-02,2026-03-30 17:55:27.015022,0.7000735662095886,36.6,5.0,10,0,normal,0
i-synthetic-02,2026-03-30 17:56:42.126850,0.449595364172245,43.1,6.9,10,0,normal,0
i-synthetic-02,2026-03-30 17:57:49.497310,0.4247976820861224,41.4,5.0,10,0,normal,0
i-synthetic-02,2026-03-30 17:58:56.881767,0.4472349764825531,44.2,9.5,10,0,normal,0
i-synthetic-02,2026-03-30 18:00:09.059706,0.4332548532697644,43.9,5.0,10,0,normal,0
i-synthetic-02,2026-03-30 18:08:53.865649,0.6277831692821448,44.1,5.0,10,0,normal,0
i-synthetic-02,2026-03-30 18:10:01.697469,0.5937540436282753,41.3,5.0,10,0,normal,0
i-synthetic-02,2026-03-30 18:12:13.795516,0.5,44.1,5.0,10,0,normal,0
i-synthetic-02,2026-03-30 18:13:26.193208,1.783184642712894,40.7,5.0,10,0,normal,0
i-synthetic-02,2026-03-30 18:14:33.413307,1.8978051487013368,43.2,7.3,10,0,normal,0
i-synthetic-02,2026-03-30 18:15:43.026586,1.9457722742685744,44.2,5.0,10,0,normal,0
i-synthetic-02,2026-03-30 18:16:56.780215,2.396179471337686,44.1,11.8,10,0,normal,0
i-synthetic-02,2026-03-30 18:18:10.305780,2.748089735668843,36.5,5.2,10,0,normal,0
i-synthetic-02,2026-03-30 18:18:44.158658,2.661868551479854,38.1,8.5,10,0,normal,0
i-synthetic-02,2026-03-30 18:19:52.551519,2.561493329667676,43.0,5.0,10,0,normal,0
i-synthetic-02,2026-03-30 18:22:26.331345,2.295814166986106,40.1,5.0,10,0,normal,0
i-synthetic-02,2026-03-30 18:24:12.971970,2.2339653598018416,43.8,5.0,10,0,normal,0
i-synthetic-02,2026-03-30 18:25:37.416223,2.2316547345809417,43.7,10.7,10,0,normal,0
i-synthetic-02,2026-03-30 18:26:48.860962,1.88502986020752,43.6,5.0,10,0,normal,0
i-synthetic-02,2026-03-30 18:27:57.317022,2.4245144638567155,44.2,5.0,10,0,normal,0
i-synthetic-02,2026-03-30 18:29:10.667226,2.341342975904477,37.2,5.0,10,0,normal,0
i-synthetic-02,2026-03-30 18:30:19.793836,2.2868793183889147,43.2,5.0,10,0,normal,0
i-synthetic-02,2026-03-30 18:31:28.959691,2.2666666666666666,41.4,10.6,10,0,normal,0
i-synthetic-02,2026-03-30 18:32:42.975406,1.9451162584161763,35.4,5.0,10,0,normal,0
i-synthetic-02,2026-03-30 18:33:50.454601,2.0390665570506674,36.5,5.0,10,0,normal,0
i-synthetic-02,2026-03-30 18:35:04.496535,2.0642351427521994,35.9,5.0,10,0,normal,0
i-synthetic-02,2026-03-30 18:36:15.663899,2.2563402327943654,42.8,5.0,10,0,normal,0
i-synthetic-02,2026-04-01 07:47:26.631936,100.0,43.0,78.7,12,1,critical,0
i-synthetic-02,2026-04-01 07:48:57.112739,99.99722222222222,42.9,78.4,12,1,critical,1
i-synthetic-02,2026-04-01 07:50:11.435206,99.99666666666668,44.3,82.0,12,1,critical,1
i-synthetic-02,2026-04-01 07:51:23.982724,100.0,40.7,83.7,12,1,critical,1
i-synthetic-02,2026-04-01 07:52:38.132116,100.0,39.6,75.6,12,1,critical,1
i-synthetic-02,2026-04-01 09:23:36.471261,4.31991106032551,47.8,5.0,12,0,normal,0
i-synthetic-02,2026-04-01 09:24:44.285210,28.2378499619108,39.6,22.6,12,0,normal,0
i-synthetic-02,2026-04-01 09:25:52.272483,42.59027996952864,41.9,40.7,12,0,normal,0
i-synthetic-02,2026-04-01 09:27:00.962116,100.0,40.2,83.6,12,1,critical,0
i-synthetic-02,2026-04-01 09:28:09.773134,97.43333333333334,46.7,85.7,12,1,critical,1
i-synthetic-02,2026-04-01 09:29:18.551179,73.48333333333333,47.5,59.8,12,0,normal,0
i-synthetic-02,2026-04-01 09:30:26.868062,59.125,40.7,56.5,12,0,normal,0
i-synthetic-02,2026-04-01 09:31:35.865549,1.731803573510066,41.6,5.1,12,0,normal,0
i-synthetic-02,2026-04-01 09:32:43.785419,1.6791201296245677,44.6,5.0,12,0,normal,0
i-synthetic-02,2026-04-01 09:33:51.914535,1.6860800864163783,40.7,5.0,12,0,normal,0
i-synthetic-02,2026-04-01 09:34:59.671963,39.241543798454586,43.6,31.0,12,0,normal,0
i-synthetic-02,2026-04-01 09:36:07.410240,100.0,45.5,81.2,12,1,critical,0
i-synthetic-02,2026-04-01 09:37:16.071752,99.9933275505438,41.9,79.2,12,1,critical,1
i-synthetic-02,2026-04-01 09:38:24.792300,99.99555170036253,46.5,87.4,12,1,critical,1
i-synthetic-02,2026-04-01 09:39:33.655014,99.9966637752719,48.3,73.9,12,1,critical,1
i-synthetic-02,2026-04-01 09:40:42.719636,99.99666493082832,45.3,76.4,12,1,critical,1
i-synthetic-02,2026-04-01 09:41:51.575089,99.99000016666388,39.0,81.6,12,1,critical,1
i-synthetic-02,2026-04-01 09:42:59.871407,99.99500008333196,40.4,70.6,12,1,critical,1
i-synthetic-02,2026-04-01 09:44:09.031529,77.5933333749993,42.8,69.5,12,0,normal,0
i-synthetic-02,2026-04-01 09:45:18.456534,62.40829473809977,46.6,57.7,12,0,normal,0
i-synthetic-02,2026-04-01 09:46:27.653806,1.5583333333333331,44.7,5.0,12,0,normal,0
i-synthetic-02,2026-04-01 09:47:35.782114,1.611764538546506,47.0,5.0,12,0,normal,0
i-synthetic-02,2026-04-01 09:48:43.574755,1.5888529177690005,45.8,5.0,12,0,normal,0
i-synthetic-02,2026-03-30 18:37:28.813605,2.204120539270721,39.2,11.6,10,0,normal,0
i-synthetic-02,2026-04-01 07:53:50.659735,99.99722222222222,40.1,75.9,12,1,critical,0
i-synthetic-02,2026-04-01 07:55:05.291322,90.52733421588708,41.1,72.0,12,1,warning,1
i-synthetic-02,2026-04-01 07:56:18.661224,0.4670792533404507,43.3,6.6,12,0,normal,0
i-synthetic-02,2026-04-01 07:57:29.973903,1.262706293336892,39.3,5.0,12,0,normal,0
i-synthetic-02,2026-04-01 07:58:42.963836,1.5029153066690393,46.7,5.0,12,0,normal,0
i-synthetic-02,2026-04-01 07:59:54.540044,1.6480198133351127,44.9,5.0,12,0,normal,0
i-synthetic-02,2026-04-01 08:01:04.779204,100.0,39.5,88.3,12,1,critical,0
i-synthetic-02,2026-04-01 08:02:15.980905,99.99583333333334,44.2,79.3,12,1,critical,1
i-synthetic-02,2026-04-01 08:03:26.377117,99.99722222222222,48.6,78.5,12,1,critical,1
i-synthetic-02,2026-04-01 08:04:37.581959,99.99791666666668,46.7,74.0,12,1,critical,1
i-synthetic-02,2026-04-01 08:05:48.780892,99.995,42.3,70.0,12,1,critical,1
i-synthetic-02,2026-04-01 08:07:00.781138,100.0,48.4,70.5,12,1,critical,1
i-synthetic-02,2026-04-01 08:08:12.138375,100.0,46.4,88.8,12,1,critical,1
i-synthetic-02,2026-04-01 08:09:23.177068,99.99791666666668,42.7,82.9,12,1,critical,1
i-synthetic-02,2026-04-01 08:10:33.983323,93.57333333333334,48.9,73.9,12,1,warning,1
i-synthetic-02,2026-04-01 08:11:45.737334,1.9482790201988245,48.7,5.0,12,0,normal,0
i-synthetic-02,2026-04-01 08:12:56.138854,1.886639510099412,41.8,7.8,12,0,normal,0
i-synthetic-02,2026-04-01 08:14:06.538984,1.8791379569613944,48.6,5.0,12,0,normal,0
i-synthetic-02,2026-04-01 08:15:15.593829,1.8866436989024489,43.2,5.0,12,0,normal,0
i-synthetic-02,2026-04-01 08:16:25.638953,1.7916666666666667,42.2,7.7,12,0,normal,0
i-synthetic-02,2026-04-01 08:17:34.959794,1.8375,40.3,7.1,12,0,normal,0
i-synthetic-02,2026-04-01 08:18:45.258331,1.808333333333333,48.0,5.0,12,0,normal,0
i-synthetic-02,2026-04-01 08:19:54.279048,1.825,44.3,5.0,12,0,normal,0
i-synthetic-02,2026-04-01 08:21:05.438509,99.98832301866648,41.7,88.2,12,1,critical,0
i-synthetic-02,2026-04-01 08:22:17.367749,99.99416150933324,49.0,76.7,12,1,critical,1
i-synthetic-02,2026-04-01 08:23:28.364807,99.99332989511106,48.5,73.7,12,1,critical,1
i-synthetic-02,2026-04-01 08:24:40.483538,99.9949974213333,39.3,84.0,12,1,critical,1
i-synthetic-02,2026-04-01 08:25:52.302670,96.93933127039996,46.5,78.7,12,1,critical,1
i-synthetic-02,2026-03-30 18:38:36.267420,2.058302581736036,38.1,5.0,10,0,normal,0
i-synthetic-02,2026-04-01 08:27:04.622410,1.5958333333333332,41.1,5.0,12,0,normal,0
i-synthetic-02,2026-04-01 08:28:13.608741,1.585658910425779,41.9,5.0,12,0,normal,0
i-synthetic-02,2026-04-01 08:29:23.370426,1.606272273831545,39.1,8.9,12,0,normal,0
i-synthetic-02,2026-04-01 08:30:39.440684,1.59807983198737,39.3,5.0,12,0,normal,0
i-synthetic-02,2026-04-01 08:31:50.370613,1.6764529258690863,44.7,5.0,12,0,normal,0
i-synthetic-02,2026-04-01 08:33:03.043248,1.6310398641785842,47.1,5.0,12,0,normal,0
i-synthetic-02,2026-04-01 08:34:13.255515,1.6146008979174626,44.7,5.0,12,0,normal,0
i-synthetic-02,2026-04-01 08:35:21.599263,1.6286450368152952,45.0,5.0,12,0,normal,0
i-synthetic-02,2026-04-01 08:36:30.392872,1.5569580204152995,44.7,8.8,12,0,normal,0
i-synthetic-02,2026-04-01 08:37:41.234970,1.6042084045059468,44.8,5.0,12,0,normal,0
i-synthetic-02,2026-04-01 08:38:52.015944,1.5916944918928533,48.1,5.0,12,0,normal,0
i-synthetic-02,2026-04-01 08:40:06.735267,1.5980787080578462,45.5,5.0,12,0,normal,0
i-synthetic-02,2026-04-01 08:41:21.231654,1.6764529258690863,44.1,5.0,12,0,normal,0
i-synthetic-02,2026-04-01 08:42:34.933920,1.5965597962678766,43.0,5.0,12,0,normal,0
i-synthetic-02,2026-04-01 08:43:47.246429,1.6060398641785845,39.3,6.9,12,0,normal,0
i-synthetic-02,2026-04-01 08:45:09.607830,1.6050199353589316,43.4,5.0,12,0,normal,0
i-synthetic-02,2026-04-01 08:46:32.172875,1.568051779071513,46.9,5.0,12,0,normal,0
i-synthetic-02,2026-04-01 08:47:44.494868,1.6173592228690898,47.3,5.0,12,0,normal,0
i-synthetic-02,2026-04-01 08:48:56.610412,1.5916748362386277,42.7,5.0,12,0,normal,0
i-synthetic-02,2026-04-01 08:50:07.411952,1.591963326129162,44.3,5.0,12,0,normal,0
i-synthetic-02,2026-04-01 08:51:18.232921,1.6583333333333332,41.4,5.0,12,0,normal,0
i-synthetic-02,2026-04-01 08:52:29.278919,1.6,42.6,5.0,12,0,normal,0
i-synthetic-02,2026-04-01 08:55:56.379373,1.5399999999999998,43.7,5.0,12,0,normal,0
i-synthetic-02,2026-04-01 09:49:51.479309,1.6020563549934168,40.8,5.0,12,0,normal,0
i-synthetic-02,2026-04-01 09:51:00.047013,1.5883117506614002,44.0,5.0,12,0,normal,0
i-synthetic-02,2026-04-01 09:52:07.606292,1.6159679782858474,48.1,5.0,12,0,normal,0
i-synthetic-02,2026-04-01 09:53:16.579745,1.6305784820402651,40.4,11.1,12,0,normal,0
i-synthetic-02,2026-04-01 09:54:24.559285,19.84221381890048,47.8,23.7,12,0,normal,0
i-synthetic-02,2026-03-30 18:39:43.796287,1.7726875384267815,40.9,5.0,10,0,normal,0
i-synthetic-02,2026-04-01 08:57:07.999851,1.1744336946808098,47.4,5.0,12,0,normal,0
i-synthetic-02,2026-04-01 09:55:32.193407,35.87377105512038,41.3,21.5,12,0,normal,0
i-synthetic-02,2026-04-01 09:56:40.784653,99.99500441276872,43.6,87.0,12,1,critical,0
i-synthetic-02,2026-04-01 09:57:50.234175,99.99750220638435,39.6,78.9,12,1,critical,1
i-synthetic-02,2026-04-01 09:58:59.633952,99.99555702647848,48.2,75.6,12,1,critical,1
i-synthetic-02,2026-04-01 10:00:08.201422,65.77585321854583,45.6,48.4,12,0,normal,0
i-synthetic-02,2026-04-01 10:01:17.596865,1.6666666666666663,48.8,5.0,12,0,normal,0
i-synthetic-02,2026-04-01 10:02:25.369336,1.4333333333333331,47.7,5.5,12,0,normal,0
i-synthetic-02,2026-04-01 10:03:33.645173,1.361111111111111,43.2,6.0,12,0,normal,0
i-synthetic-02,2026-04-01 10:04:41.782059,1.308587516194861,42.4,5.0,12,0,normal,0
i-synthetic-02,2026-04-01 10:05:49.649700,1.3715831829890262,42.7,5.0,12,0,normal,0
i-synthetic-02,2026-04-01 10:06:56.937759,1.559711078119005,45.6,5.0,12,0,normal,0
i-synthetic-02,2026-04-01 10:08:05.324571,1.5893481371507792,48.0,5.0,12,0,normal,0
i-synthetic-02,2026-04-01 10:09:13.151195,1.602065554763905,46.7,5.0,12,0,normal,0
i-synthetic-02,2026-04-01 10:10:21.062619,1.5899857771444577,44.5,5.0,12,0,normal,0
i-synthetic-02,2026-04-01 10:19:14.696381,1.6024259276249575,42.1,5.0,12,0,normal,0
i-synthetic-02,2026-04-01 10:35:09.460356,1.614980405835637,43.6,5.0,12,0,normal,0
i-synthetic-02,2026-04-01 10:36:17.364511,1.5583333333333331,47.3,10.0,12,0,normal,0
i-synthetic-02,2026-04-01 10:37:25.260370,1.603438559827708,48.7,5.0,12,0,normal,0
i-synthetic-02,2026-04-01 10:38:33.447677,1.5888627325914737,40.9,10.2,12,0,normal,0
i-synthetic-02,2026-04-01 10:39:41.228755,1.6037829960241257,46.6,5.0,12,0,normal,0
i-synthetic-02,2026-04-01 10:40:49.303254,1.5980263968193005,47.3,5.0,12,0,normal,0
i-synthetic-02,2026-04-01 10:41:56.847457,1.6597994895491015,40.8,5.0,12,0,normal,0
i-synthetic-02,2026-04-01 10:43:05.010103,1.6249984111029268,46.8,6.7,12,0,normal,0
i-synthetic-02,2026-04-01 10:44:12.633688,1.6086765778569465,43.2,5.0,12,0,normal,0
i-synthetic-02,2026-04-01 10:45:20.318472,1.61527459561889,43.6,5.0,12,0,normal,0
i-synthetic-02,2026-04-01 10:46:28.795889,1.5569580204152995,43.9,5.0,12,0,normal,0
i-synthetic-02,2026-03-30 18:40:51.693192,1.866887227551888,40.4,5.0,10,0,normal,0
i-synthetic-02,2026-03-30 18:41:26.213773,2.2916666666666665,44.6,6.4,10,0,normal,0
i-synthetic-02,2026-03-30 18:42:35.938983,2.2198667033003625,39.6,7.8,10,0,normal,0
i-synthetic-02,2026-03-30 18:43:47.125740,2.238927583670231,39.5,5.0,10,0,normal,0
i-synthetic-02,2026-03-30 18:44:58.674617,2.278646191457611,37.3,5.0,10,0,normal,0
i-synthetic-02,2026-03-30 18:47:15.931388,57.13333333333333,39.8,39.0,10,0,normal,0
i-synthetic-02,2026-03-30 18:48:29.744667,54.61845672228328,36.7,39.6,10,0,normal,0
i-synthetic-02,2026-03-30 18:49:39.751806,65.963425499708,43.5,45.3,10,0,normal,0
i-synthetic-02,2026-03-30 18:50:58.598691,63.40117301041681,41.4,59.4,10,0,normal,0
i-synthetic-02,2026-03-30 18:52:08.109810,2.191666666666667,39.4,5.0,10,0,normal,0
i-synthetic-02,2026-03-30 18:53:22.518604,45.96666666666667,35.3,32.8,10,0,normal,0
i-synthetic-02,2026-03-30 18:54:37.547328,51.06284572782171,36.3,39.7,10,0,normal,0
i-synthetic-02,2026-03-30 18:55:48.023164,41.26490341810511,37.4,42.0,10,0,normal,0
i-synthetic-02,2026-03-30 18:56:56.077651,2.1936409435158306,38.7,7.2,10,0,normal,0
i-synthetic-02,2026-03-30 18:58:10.535514,2.305153805091249,36.3,5.0,10,0,normal,0
i-synthetic-02,2026-03-30 18:59:24.332685,45.69632690254562,44.6,40.3,10,0,normal,0
i-synthetic-02,2026-03-30 19:00:33.742311,41.36606675066407,35.4,42.7,10,0,normal,0
i-synthetic-02,2026-03-30 19:01:41.997241,2.166666666666667,40.6,8.2,10,0,normal,0
i-synthetic-02,2026-03-30 19:02:50.531846,2.0833000011110743,44.1,5.0,10,0,normal,0
i-synthetic-02,2026-03-30 19:04:03.964432,2.097861729465304,39.4,5.0,10,0,normal,0
i-synthetic-02,2026-03-30 19:05:12.204942,2.0588129637656443,35.8,5.0,10,0,normal,0
i-synthetic-02,2026-03-30 19:06:25.669451,1.9166666666666663,38.5,5.0,10,0,normal,0
i-synthetic-02,2026-03-30 19:06:50.873600,1.9166666666666663,42.2,5.0,10,0,normal,0
i-synthetic-02,2026-03-30 19:08:03.851365,1.9666666666666663,39.2,5.0,10,0,normal,0
i-synthetic-02,2026-03-30 19:09:11.786129,1.9638888888888888,41.2,9.1,10,0,normal,0
i-synthetic-02,2026-03-30 19:10:25.296841,16.107951177273783,39.3,21.4,10,0,normal,0
i-synthetic-02,2026-03-30 19:11:36.273984,99.99833183198211,39.4,78.7,10,1,critical,0
i-synthetic-02,2026-03-30 19:12:48.738947,99.99583557996016,44.6,83.7,10,1,critical,1
i-synthetic-02,2026-03-30 19:13:57.188264,99.99388738393766,36.7,86.3,10,1,critical,1
i-synthetic-02,2026-03-30 19:18:42.342547,2.661111111111111,41.8,5.0,10,0,normal,0
i-synthetic-02,2026-04-01 08:57:29.376816,1.1744336946808098,44.4,5.0,12,0,normal,0
i-synthetic-02,2026-04-01 08:58:38.862543,1.2945187882077005,46.9,5.0,12,0,normal,0
i-synthetic-02,2026-04-01 08:59:48.187170,1.3788620483768963,45.0,5.0,12,0,normal,0
i-synthetic-02,2026-04-01 09:00:56.369995,1.4116955739443149,41.9,6.9,12,0,normal,0
i-synthetic-02,2026-04-01 10:11:10.264201,1.6681401905016098,41.5,5.0,12,0,normal,0
i-synthetic-02,2026-04-01 10:20:22.699315,1.6002740754332994,47.6,11.2,12,0,normal,0
i-synthetic-02,2026-04-01 10:21:30.741772,1.7333333333333332,47.4,5.8,12,0,normal,0
i-synthetic-02,2026-04-01 10:22:38.676894,1.6583333333333332,48.6,7.2,12,0,normal,0
i-synthetic-02,2026-04-01 10:23:46.280270,1.6661714559546474,42.3,5.0,12,0,normal,0
i-synthetic-02,2026-04-01 10:24:53.854699,1.645811887210118,44.0,5.0,12,0,normal,0
i-synthetic-02,2026-04-01 10:26:01.282665,1.6499828431014276,48.7,5.0,12,0,normal,0
i-synthetic-02,2026-04-01 10:47:36.526494,1.5958677035534383,44.3,5.0,12,0,normal,0
i-synthetic-02,2026-04-01 10:48:43.624891,1.5861340245911812,46.2,5.0,12,0,normal,0
i-synthetic-02,2026-04-01 10:49:51.106574,1.599654970344207,40.1,5.0,12,0,normal,0
i-synthetic-02,2026-04-01 10:50:59.227474,1.593334332089668,45.2,8.9,12,0,normal,0
i-synthetic-02,2026-04-01 10:52:07.086549,1.5957867312680358,41.3,5.0,12,0,normal,0
i-synthetic-02,2026-04-01 10:53:14.477087,1.6161477425256507,43.9,10.0,12,0,normal,0
i-synthetic-02,2026-04-01 10:54:22.365319,1.605867369503615,40.2,6.8,12,0,normal,0
i-synthetic-02,2026-04-01 10:55:30.014576,1.6180272289362254,46.9,5.0,12,0,normal,0
i-synthetic-02,2026-04-01 10:56:38.152948,1.809901914992994,46.0,5.0,12,0,normal,0
i-synthetic-02,2026-04-01 10:57:45.823190,48.404950957496496,41.5,38.0,12,0,normal,0
i-synthetic-02,2026-04-01 11:00:03.685156,79.3569803829986,45.7,65.2,12,0,normal,0
i-synthetic-02,2026-04-01 11:02:22.501911,53.31916519314283,39.1,51.8,12,0,normal,0
i-synthetic-02,2026-04-01 11:04:39.456851,27.47208259657141,47.6,19.4,12,0,normal,0
i-synthetic-02,2026-04-01 11:06:56.055151,1.5333333333333332,41.9,5.0,12,0,normal,0
i-synthetic-02,2026-04-01 11:09:13.221947,69.91108234817972,43.0,52.6,12,0,normal,0
i-synthetic-02,2026-04-01 11:11:31.036720,100.0,43.2,71.2,12,1,critical,0
i-synthetic-02,2026-03-30 19:15:06.497178,91.91144111493396,38.3,78.6,10,1,warning,1
i-synthetic-02,2026-03-30 19:17:30.059911,2.4458333333333333,41.3,9.5,10,0,normal,0
i-synthetic-02,2026-04-01 09:02:17.113406,1.5916666666666666,43.6,5.0,12,0,normal,0
i-synthetic-02,2026-04-01 10:11:33.980075,1.6681401905016098,46.7,5.0,12,0,normal,0
i-synthetic-02,2026-04-01 10:12:41.943664,1.6083861160990556,48.6,5.3,12,0,normal,0
i-synthetic-02,2026-04-01 10:13:49.609127,1.631084374550743,42.2,5.0,12,0,normal,0
i-synthetic-02,2026-04-01 10:14:57.277267,1.6108132809130573,39.0,5.0,12,0,normal,0
i-synthetic-02,2026-04-01 10:26:54.828708,1.5583333333333331,44.2,8.9,12,0,normal,0
i-synthetic-02,2026-04-01 10:58:54.707952,65.59496730499767,42.2,57.0,12,0,normal,0
i-synthetic-02,2026-04-01 11:01:12.612001,99.996663719619,43.2,78.2,12,1,critical,0
i-synthetic-02,2026-04-01 11:03:31.422653,36.10444346209522,40.0,22.8,12,0,normal,0
i-synthetic-02,2026-04-01 11:05:47.780210,22.3093327439238,42.6,16.4,12,0,normal,0
i-synthetic-02,2026-04-01 11:08:04.498655,59.88144313090629,48.1,50.1,12,0,normal,0
i-synthetic-02,2026-04-01 11:10:21.928460,75.92553254521044,46.6,69.6,12,0,normal,0
i-synthetic-02,2026-04-01 11:12:40.014238,99.99583333333334,46.4,71.1,12,1,critical,0
i-synthetic-02,2026-03-30 19:16:21.170001,2.108333333333333,42.0,5.0,10,0,normal,0
i-synthetic-02,2026-03-30 19:22:13.644771,2.216666666666667,35.9,5.0,10,0,normal,0
i-synthetic-02,2026-04-01 09:02:41.659200,1.5916666666666666,44.6,5.0,12,0,normal,0
i-synthetic-02,2026-04-01 10:15:18.143946,1.6183593819948623,45.9,5.5,12,0,normal,0
i-synthetic-02,2026-04-01 10:16:25.504663,1.551370377166497,39.5,5.0,12,0,normal,0
i-synthetic-02,2026-04-01 10:17:32.866138,1.5965185219165818,48.1,5.0,12,0,normal,0
i-synthetic-02,2026-04-01 10:27:14.950309,1.6076015491871067,41.5,5.0,12,0,normal,0
i-synthetic-02,2026-04-01 10:28:22.589048,1.597198526132745,46.1,11.3,12,0,normal,0
i-synthetic-02,2026-04-01 10:29:30.628420,1.6103988945995589,40.4,5.0,12,0,normal,0
i-synthetic-02,2026-04-01 10:30:38.811868,1.5966524490129803,44.2,7.4,12,0,normal,0
i-synthetic-02,2026-04-01 11:13:48.094760,99.99722222222222,42.4,73.6,12,1,critical,0
i-synthetic-02,2026-03-30 19:19:56.087716,2.549501698471376,41.1,5.0,10,0,normal,0
i-synthetic-02,2026-03-31 16:57:40.431559,2.31477342261044,44.9,5.0,11,0,normal,0
i-synthetic-02,2026-03-31 16:58:48.546123,1.8487378372958487,42.6,5.0,11,0,normal,0
i-synthetic-02,2026-03-31 17:02:34.813150,0.0010467955688276,44.3,5.0,11,0,normal,0
i-synthetic-02,2026-03-31 17:07:09.352783,0.4289565078972376,46.2,5.0,11,0,normal,0
i-synthetic-02,2026-03-31 17:08:02.597770,0.4289565078972376,46.1,5.0,11,0,normal,0
i-synthetic-02,2026-03-31 17:09:10.854856,34.186837632076326,45.3,35.2,11,0,normal,0
i-synthetic-02,2026-03-31 17:10:18.347769,47.34947010566106,42.3,30.8,11,0,normal,0
i-synthetic-02,2026-03-31 17:11:27.573710,99.99500441276872,45.1,82.5,11,1,critical,0
i-synthetic-02,2026-03-31 17:12:36.620783,99.99333553971768,38.6,79.8,11,1,critical,1
i-synthetic-02,2026-03-31 17:13:44.812801,88.3650014709229,40.6,69.0,11,1,warning,0
i-synthetic-02,2026-03-31 17:14:55.560212,66.36966916414603,43.0,58.1,11,0,normal,0
i-synthetic-02,2026-03-31 17:16:04.616508,0.3996469785023229,46.2,5.0,11,0,normal,0
i-synthetic-02,2026-03-31 17:17:12.235602,0.4667259197314189,38.3,5.0,11,0,normal,0
i-synthetic-02,2026-03-31 17:18:19.924456,23.46115061315428,38.4,26.5,11,0,normal,0
i-synthetic-02,2026-03-31 17:19:27.295266,42.59586295986571,40.4,31.2,11,0,normal,0
i-synthetic-02,2026-03-31 17:20:34.746864,54.07569125044631,38.4,51.5,11,0,normal,0
i-synthetic-02,2026-03-31 17:21:44.961292,99.996663719619,44.5,73.0,11,1,critical,0
i-synthetic-02,2026-03-31 17:22:56.564894,99.9983318598095,38.3,88.6,11,1,critical,1
i-synthetic-02,2026-03-31 17:24:10.316203,87.51093539465532,41.3,78.0,11,1,warning,0
i-synthetic-02,2026-03-31 17:25:20.407441,89.99874831572426,42.0,67.8,11,1,warning,0
i-synthetic-02,2026-03-31 17:26:29.648224,99.95,44.2,80.3,11,1,critical,1
i-synthetic-02,2026-03-31 17:27:39.540127,90.01870527299114,42.4,67.9,11,1,warning,1
i-synthetic-02,2026-03-31 17:28:48.867720,63.798015172807766,43.9,57.9,11,0,normal,0
i-synthetic-02,2026-03-31 17:29:57.805917,50.38809471293916,40.0,34.6,11,0,normal,0
i-synthetic-02,2026-03-31 17:31:06.413421,99.975,38.6,88.7,11,1,critical,0
i-synthetic-02,2026-03-31 17:32:15.168630,99.98500220638437,46.3,84.2,11,1,critical,1
i-synthetic-02,2026-03-31 17:33:23.832102,99.9900014709229,43.2,71.6,11,1,critical,1
i-synthetic-02,2026-03-31 17:34:32.587282,99.99166703309692,46.0,86.0,11,1,critical,1
i-synthetic-02,2026-03-31 17:35:41.166113,95.54166695981088,40.9,78.8,11,1,critical,1
i-synthetic-02,2026-03-31 17:36:50.048322,0.507884701846702,37.3,5.0,11,0,normal,0
i-synthetic-02,2026-03-31 17:37:58.963674,0.5039423509233509,42.1,5.0,11,0,normal,0
i-synthetic-02,2026-03-31 17:39:06.204166,9.45666527956812,43.0,13.4,11,0,normal,0
i-synthetic-02,2026-03-31 17:40:14.010819,27.564331356236067,40.2,14.9,11,0,normal,0
i-synthetic-02,2026-03-31 17:41:22.022649,99.98667843404992,41.7,77.7,11,1,critical,0
i-synthetic-02,2026-03-31 17:42:31.083238,99.99333921702495,42.5,76.9,11,1,critical,1
i-synthetic-02,2026-03-31 17:43:39.973215,99.99278170023888,40.1,89.9,11,1,critical,1
i-synthetic-02,2026-03-31 17:44:48.934589,91.0487529418458,44.3,79.2,11,1,warning,1
i-synthetic-02,2026-03-31 17:45:57.759690,72.91733568680998,41.0,52.6,11,0,normal,0
i-synthetic-02,2026-03-31 17:47:07.069712,0.4460506780989873,44.2,5.0,11,0,normal,0
i-synthetic-02,2026-03-31 17:48:14.825153,0.4584782298437693,38.8,5.0,11,0,normal,0
i-synthetic-02,2026-03-31 17:49:22.907336,5.247860137755082,45.8,9.9,11,0,normal,0
i-synthetic-02,2026-03-31 17:50:31.194132,24.198288110204068,45.4,26.2,11,0,normal,0
i-synthetic-02,2026-03-31 17:51:39.298823,99.98499974999582,43.3,81.8,11,1,critical,0
i-synthetic-02,2026-03-31 17:52:47.860540,99.99249987499792,43.6,80.5,11,1,critical,1
i-synthetic-02,2026-03-31 17:53:56.391811,99.9922221388875,45.8,89.0,11,1,critical,1
i-synthetic-02,2026-03-31 17:55:05.504487,99.9946671939433,45.6,86.2,11,1,critical,1
i-synthetic-02,2026-03-31 17:56:14.387902,99.99500441276872,37.5,88.5,11,1,critical,1
i-synthetic-02,2026-03-31 17:57:22.858684,99.99583406619384,46.2,83.7,11,1,critical,1
i-synthetic-02,2026-03-31 17:58:31.694819,99.9972227107959,40.7,77.7,11,1,critical,1
i-synthetic-02,2026-03-31 17:59:40.659150,95.22411684292894,39.7,85.7,11,1,critical,1
i-synthetic-02,2026-03-31 18:00:49.143366,76.26262680767648,39.2,55.0,11,0,normal,0
i-synthetic-02,2026-03-31 18:01:57.799808,0.5166666666666667,37.1,5.0,11,0,normal,0
i-synthetic-02,2026-03-31 18:03:05.434575,0.4693025303995796,40.6,5.0,11,0,normal,0
i-synthetic-02,2026-03-31 18:04:13.675272,0.4520636396426152,37.8,6.9,11,0,normal,0
i-synthetic-02,2026-03-31 18:05:20.897404,0.4615626563396729,41.6,5.0,11,0,normal,0
i-synthetic-02,2026-03-31 18:06:28.639021,0.3916666666666666,44.4,5.0,11,0,normal,0
i-synthetic-02,2026-03-31 18:07:36.603612,0.4460543619085747,37.1,5.0,11,0,normal,0
i-synthetic-02,2026-03-31 18:08:44.382608,0.4307029079390498,43.1,5.0,11,0,normal,0
i-synthetic-02,2026-03-31 18:09:52.783624,1.0827600880046089,44.8,8.9,11,0,normal,0
i-synthetic-02,2026-03-31 18:11:01.617806,20.86420626878223,42.5,26.5,11,0,normal,0
i-synthetic-02,2026-03-31 18:12:10.506696,99.99750220638435,39.4,73.5,11,1,critical,0
i-synthetic-02,2026-03-31 18:13:19.421411,99.99833480425625,45.2,78.0,11,1,critical,1
i-synthetic-02,2026-03-31 18:14:27.887783,99.99708593517671,45.1,79.3,11,1,critical,1
i-synthetic-02,2026-03-31 18:15:36.976927,92.40717063317123,46.5,71.3,11,1,warning,1
i-synthetic-02,2026-03-31 18:16:46.295519,0.4246249146587181,41.6,5.5,11,0,normal,0
i-synthetic-02,2026-03-31 18:17:54.786767,0.4583631354283464,39.0,5.0,11,0,normal,0
i-synthetic-02,2026-03-31 18:19:03.311336,0.4332404306404729,41.1,8.1,11,0,normal,0
i-synthetic-02,2026-03-31 18:20:11.384823,4.71379162911732,43.2,9.6,11,0,normal,0
i-synthetic-02,2026-03-31 18:21:26.248518,99.99166666666666,43.5,89.5,11,1,critical,0
i-synthetic-02,2026-03-31 18:22:35.405114,99.99583333333334,42.5,75.3,11,1,critical,1
i-synthetic-02,2026-03-31 18:23:44.781635,99.99722222222222,37.2,76.5,11,1,critical,1
i-synthetic-02,2026-03-31 18:24:54.235162,99.99791666666668,39.5,72.2,11,1,critical,1
i-synthetic-02,2026-03-31 18:27:07.273280,99.9983318598095,43.4,75.3,11,1,critical,1
i-synthetic-02,2026-03-31 18:28:15.777536,99.9972227107959,38.8,84.7,11,1,critical,1
i-synthetic-02,2026-03-31 18:29:24.277753,99.99791703309693,37.1,85.4,11,1,critical,1
i-synthetic-02,2026-03-31 18:30:33.477904,95.73556818366971,45.5,73.5,11,1,critical,1
i-synthetic-02,2026-03-31 18:31:42.460246,0.525,45.7,10.2,11,0,normal,0
i-synthetic-02,2026-03-31 18:32:50.695708,0.4541666666666666,40.0,9.1,11,0,normal,0
i-synthetic-02,2026-03-31 18:33:58.523858,0.4694444444444444,42.4,5.0,11,0,normal,0
i-synthetic-02,2026-03-31 18:35:06.192164,0.4499999999999999,38.3,5.0,11,0,normal,0
i-synthetic-02,2026-03-31 18:36:14.012478,0.3833333333333333,37.9,5.0,11,0,normal,0
i-synthetic-02,2026-03-31 18:37:22.258443,0.4791666666666666,40.2,5.0,11,0,normal,0
i-synthetic-02,2026-03-31 18:38:29.494011,0.4805555555555555,37.1,5.0,11,0,normal,0
i-synthetic-02,2026-03-31 18:39:37.568637,0.4582485457048335,45.4,5.0,11,0,normal,0
i-synthetic-02,2026-03-31 18:40:46.046297,0.4650174660427485,46.4,7.9,11,0,normal,0
i-synthetic-02,2026-03-31 18:41:53.603397,0.5166666666666667,46.2,7.0,11,0,normal,0
i-synthetic-02,2026-03-31 18:43:01.351806,0.4541666666666666,42.6,5.0,11,0,normal,0
i-synthetic-02,2026-03-31 18:44:09.389766,0.4457503496969293,37.9,5.0,11,0,normal,0
i-synthetic-02,2026-03-31 18:45:17.308266,0.456598613118654,43.5,8.1,11,0,normal,0
i-synthetic-02,2026-03-31 18:46:26.449699,0.3920129447678782,41.0,5.0,11,0,normal,0
i-synthetic-02,2026-03-31 18:47:34.627824,0.4374638759675,38.2,5.0,11,0,normal,0
i-synthetic-02,2026-03-31 18:48:42.191052,0.4223113858288259,37.2,5.0,11,0,normal,0
i-synthetic-02,2026-03-31 18:49:49.655638,0.4396502060382861,45.1,5.0,11,0,normal,0
i-synthetic-02,2026-03-31 18:50:57.351136,0.4317201648306288,38.7,6.3,11,0,normal,0
i-synthetic-02,2026-03-31 18:52:04.784707,0.507884701846702,44.3,5.0,11,0,normal,0
i-synthetic-02,2026-03-31 18:53:12.652785,0.4610769933159712,41.0,6.9,11,0,normal,0
i-synthetic-02,2026-03-31 18:54:20.167150,0.443724411653645,46.6,5.0,11,0,normal,0
i-synthetic-02,2026-03-31 18:55:28.034621,0.4583128626562494,43.0,7.3,11,0,normal,0
i-synthetic-02,2026-03-31 18:56:35.596826,0.3999999999999999,43.1,5.0,11,0,normal,0
i-synthetic-02,2026-03-31 18:57:43.337619,0.4416666666666666,41.6,5.0,11,0,normal,0
i-synthetic-02,2026-03-31 18:58:51.200589,0.4248847777056193,43.7,10.0,11,0,normal,0
i-synthetic-02,2026-03-31 18:59:58.801406,0.4437740975668351,41.5,6.3,11,0,normal,0
i-synthetic-02,2026-03-31 19:02:10.307787,0.4539386736160835,39.6,5.0,11,0,normal,0
i-synthetic-02,2026-03-31 19:03:17.993307,0.4638793341592113,39.5,5.0,11,0,normal,0
i-synthetic-02,2026-03-31 19:04:25.941964,0.4479095006194084,41.7,5.0,11,0,normal,0
i-synthetic-02,2026-03-31 19:05:33.792315,0.4549942671621935,45.1,7.4,11,0,normal,0
i-synthetic-02,2026-03-31 19:06:41.314447,0.3999999999999999,37.3,5.1,11,0,normal,0
i-synthetic-02,2026-03-31 19:07:49.327325,0.4541666666666666,41.6,8.9,11,0,normal,0
i-synthetic-02,2026-03-31 19:08:56.592056,0.4332181110389526,45.0,5.0,11,0,normal,0
i-synthetic-02,2026-03-31 19:10:04.712378,0.4458537470905811,37.6,8.1,11,0,normal,0
i-synthetic-02,2026-03-31 19:11:12.701222,0.517114832855141,42.5,7.4,11,0,normal,0
i-synthetic-02,2026-03-31 19:12:20.383916,0.4583809056787319,37.2,9.3,11,0,normal,0
i-synthetic-02,2026-03-31 19:13:28.277334,0.4696210558518128,41.9,5.0,11,0,normal,0
i-synthetic-02,2026-03-31 19:14:36.223068,0.4500460418347408,40.7,5.0,11,0,normal,0
i-synthetic-02,2026-03-31 19:15:44.020940,0.4584571047073876,46.1,5.0,11,0,normal,0
i-synthetic-02,2026-03-31 19:16:51.580955,0.4083333333333332,45.6,5.0,11,0,normal,0
i-synthetic-02,2026-03-31 19:17:59.207432,0.4539501876151779,40.1,5.0,11,0,normal,0
i-synthetic-02,2026-03-31 19:19:06.679499,0.4458321689948136,39.0,7.8,11,0,normal,0
i-synthetic-02,2026-03-31 19:20:14.196681,0.4365951308963154,39.9,5.0,11,0,normal,0
i-synthetic-02,2026-03-31 19:21:22.279548,0.508782758102991,41.1,5.0,11,0,normal,0
i-synthetic-02,2026-03-31 19:22:30.134057,0.4500518789432578,40.6,5.0,11,0,normal,0
i-synthetic-02,2026-03-31 19:23:37.848669,0.4668486050123328,41.3,5.0,11,0,normal,0
i-synthetic-02,2026-03-31 19:24:45.791585,0.4521296930645299,47.0,5.0,11,0,normal,0
i-synthetic-02,2026-03-31 19:25:53.555968,0.461703754451624,41.2,7.0,11,0,normal,0
i-synthetic-02,2026-03-31 19:27:01.460210,0.4291666666666666,38.9,5.7,11,0,normal,0
i-synthetic-02,2026-03-31 19:28:09.309021,0.4167820927004038,39.6,5.3,11,0,normal,0
i-synthetic-02,2026-03-31 19:29:17.095706,0.4355032361919695,38.0,5.0,11,0,normal,0
i-synthetic-02,2026-03-31 19:30:24.468858,0.4266667889102805,38.5,6.7,11,0,normal,0
i-synthetic-02,2026-03-31 19:31:32.419430,0.5171234590554991,38.5,5.0,11,0,normal,0
i-synthetic-02,2026-03-31 19:32:39.978842,0.4543950628610828,42.0,5.0,11,0,normal,0
i-synthetic-02,2026-03-31 19:33:47.613437,0.466674290043757,44.7,5.0,11,0,normal,0
i-synthetic-02,2026-03-31 19:34:55.295538,0.4479223841994844,41.2,5.0,11,0,normal,0
i-synthetic-02,2026-03-31 19:36:02.464795,0.3916666666666666,40.2,5.0,11,0,normal,0
i-synthetic-02,2026-03-31 19:37:10.535922,0.4458333333333333,45.9,5.0,11,0,normal,0
i-synthetic-02,2026-03-31 19:38:17.852097,0.4276647276064447,38.1,5.0,11,0,normal,0
i-synthetic-02,2026-03-31 19:39:25.722268,0.4437718325534357,43.7,5.0,11,0,normal,0
i-synthetic-02,2026-03-31 19:40:33.835122,0.4333507993760818,45.7,5.0,11,0,normal,0
i-synthetic-02,2026-03-31 19:41:41.703012,0.5,43.8,5.0,11,0,normal,0
i-synthetic-02,2026-03-31 19:42:49.526679,0.4499999999999999,40.6,6.2,11,0,normal,0
i-synthetic-02,2026-03-31 19:43:57.718735,0.4666666666666666,38.7,8.6,11,0,normal,0
i-synthetic-02,2026-03-31 19:45:05.637498,0.4436672605864818,40.0,5.0,11,0,normal,0
i-synthetic-02,2026-03-31 19:46:13.752416,0.3833333333333333,43.1,9.2,11,0,normal,0
i-synthetic-02,2026-03-31 19:47:21.723562,0.4458333333333333,37.1,5.0,11,0,normal,0
i-synthetic-02,2026-03-31 19:48:29.909785,0.4277777777777777,37.3,5.0,11,0,normal,0
i-synthetic-02,2026-03-31 19:49:37.521977,0.4415620351251137,37.8,6.3,11,0,normal,0
i-synthetic-02,2026-03-31 19:50:44.868746,0.428249628100091,44.3,5.0,11,0,normal,0
i-synthetic-02,2026-03-31 19:51:52.480118,0.4754120237539201,38.8,5.0,11,0,normal,0
i-synthetic-02,2026-03-31 19:52:59.812693,0.4458589460007194,37.3,9.8,11,0,normal,0
i-synthetic-02,2026-03-31 19:54:07.835056,0.4437793640194815,41.2,5.0,11,0,normal,0
i-synthetic-02,2026-03-31 19:55:15.841441,0.4534437624551802,40.9,5.0,11,0,normal,0
i-synthetic-02,2026-03-31 19:56:23.847779,0.3830013987877173,38.6,5.0,11,0,normal,0
i-synthetic-02,2026-03-31 19:57:31.476122,0.4415006993938586,44.3,5.0,11,0,normal,0
i-synthetic-02,2026-03-31 19:58:38.758412,0.4277827887198131,43.6,9.4,11,0,normal,0
i-synthetic-02,2026-03-31 19:59:46.340060,0.4437537582065265,43.9,5.0,11,0,normal,0
i-synthetic-02,2026-03-31 20:00:53.489238,0.4332685097957547,45.3,5.0,11,0,normal,0
i-synthetic-02,2026-03-31 20:02:01.349372,0.5087742710348969,44.6,6.1,11,0,normal,0
i-synthetic-02,2026-03-31 20:03:10.036466,0.4584803125671879,45.2,5.0,11,0,normal,0
i-synthetic-02,2026-03-31 20:04:18.049009,0.4417769010920576,44.5,5.0,11,0,normal,0
i-synthetic-02,2026-03-31 20:05:25.365914,0.4517548542069794,41.4,5.0,11,0,normal,0
i-synthetic-02,2026-03-31 20:06:33.549104,0.3829950210647261,37.6,5.0,11,0,normal,0
i-synthetic-02,2026-03-31 20:07:40.634485,0.4498308438656964,37.7,5.0,11,0,normal,0
i-synthetic-02,2026-03-31 20:08:48.856472,0.4305582108330903,39.6,9.1,11,0,normal,0
i-synthetic-02,2026-03-31 20:09:56.768525,0.4437519914581511,44.1,8.4,11,0,normal,0
i-synthetic-02,2026-03-31 20:12:08.136907,0.4499488233072901,41.0,5.0,11,0,normal,0
i-synthetic-02,2026-03-31 20:13:24.165915,0.4637128570488841,40.3,5.0,11,0,normal,0
i-synthetic-02,2026-03-31 20:14:31.465371,0.4478713846295936,39.6,5.0,11,0,normal,0
i-synthetic-02,2026-03-31 20:15:39.495104,0.4549637743703416,44.3,5.0,11,0,normal,0
i-synthetic-02,2026-03-31 20:16:47.465467,0.3999999999999999,45.7,5.0,11,0,normal,0
i-synthetic-02,2026-03-31 20:17:55.943686,0.4499999999999999,38.0,5.0,11,0,normal,0
i-synthetic-02,2026-03-31 20:19:03.726751,0.4333333333333333,40.8,10.3,11,0,normal,0
i-synthetic-02,2026-03-31 20:20:11.665328,0.4399999999999999,43.8,5.3,11,0,normal,0
i-synthetic-02,2026-03-31 20:21:19.898676,0.5,44.2,5.0,11,0,normal,0
i-synthetic-02,2026-03-31 20:22:27.595878,0.4499999999999999,42.4,5.0,11,0,normal,0
i-synthetic-02,2026-03-31 20:23:35.595570,0.4666666666666666,42.8,5.0,11,0,normal,0
i-synthetic-02,2026-03-31 20:24:43.197495,0.4499999999999999,41.4,5.0,11,0,normal,0
i-synthetic-02,2026-03-31 20:25:50.663938,0.4599999999999999,39.4,9.1,11,0,normal,0
i-synthetic-02,2026-03-31 20:26:59.129993,0.3913209997835246,40.2,5.0,11,0,normal,0
i-synthetic-02,2026-03-31 20:28:07.316111,0.4304651044008735,44.1,5.0,11,0,normal,0
i-synthetic-02,2026-03-31 20:29:15.245443,0.4436821616339885,42.5,5.0,11,0,normal,0
i-synthetic-02,2026-03-31 20:30:22.928120,0.435016458451268,38.1,7.9,11,0,normal,0
i-synthetic-02,2026-03-31 20:31:30.822786,0.507884701846702,42.2,5.0,11,0,normal,0
i-synthetic-02,2026-03-31 20:32:38.818658,0.4541191737835441,44.9,5.0,11,0,normal,0
i-synthetic-02,2026-03-31 20:33:46.677604,0.4888572269668071,46.3,5.0,11,0,normal,0
i-synthetic-02,2026-03-31 20:34:55.134684,0.4665563286045098,42.6,5.0,11,0,normal,0
i-synthetic-02,2026-03-31 20:36:02.893197,0.3920064055514778,38.2,7.0,11,0,normal,0
i-synthetic-02,2026-03-31 20:37:10.412405,0.4418365361090722,38.2,5.6,11,0,normal,0
i-synthetic-02,2026-03-31 20:38:18.040124,0.4306688018504925,37.2,5.0,11,0,normal,0
i-synthetic-02,2026-03-31 20:39:26.349197,0.4437282928104461,44.1,5.0,11,0,normal,0
i-synthetic-02,2026-03-31 20:40:34.075876,0.4350533633924341,43.5,7.0,11,0,normal,0
i-synthetic-02,2026-03-31 20:41:41.662870,0.5,42.1,5.2,11,0,normal,0
i-synthetic-02,2026-03-31 20:42:49.620116,0.4458333333333333,46.7,5.0,11,0,normal,0
i-synthetic-02,2026-03-31 20:43:57.861963,0.4637417965981901,38.0,5.0,11,0,normal,0
i-synthetic-02,2026-03-31 20:45:05.589703,0.4599824737696579,46.2,5.5,11,0,normal,0
i-synthetic-02,2026-03-31 20:46:13.650345,0.3913144836313983,41.7,5.0,11,0,normal,0
i-synthetic-02,2026-03-31 20:47:21.458455,0.4373279363272743,40.0,5.0,11,0,normal,0
i-synthetic-02,2026-03-31 20:48:29.232668,0.4276630686626273,43.8,5.2,11,0,normal,0
i-synthetic-02,2026-03-31 20:49:36.870156,0.4458578157845912,45.1,5.0,11,0,normal,0
i-synthetic-02,2026-03-31 20:50:44.305431,0.4316862526276729,44.0,7.6,11,0,normal,0
i-synthetic-02,2026-03-31 20:51:52.049122,0.5083333333333333,46.9,5.0,11,0,normal,0
i-synthetic-02,2026-03-31 20:52:59.886035,0.4499999999999999,42.3,5.0,11,0,normal,0
i-synthetic-02,2026-03-31 20:54:07.813554,0.4499999999999999,45.2,5.0,11,0,normal,0
i-synthetic-02,2026-03-31 20:55:15.142643,0.458246548881821,43.6,5.8,11,0,normal,0
i-synthetic-02,2026-03-31 20:56:22.909014,0.4003536457203863,39.3,5.0,11,0,normal,0
i-synthetic-02,2026-03-31 20:57:30.858212,0.4460101561935264,37.9,5.0,11,0,normal,0
i-synthetic-02,2026-03-31 20:58:38.394406,0.4305557636297919,37.9,10.3,11,0,normal,0
i-synthetic-02,2026-03-31 20:59:46.513677,0.4459421617718376,38.6,5.0,11,0,normal,0
i-synthetic-02,2026-03-31 21:00:53.579207,0.4350192326480037,39.7,7.4,11,0,normal,0
i-synthetic-02,2026-03-31 21:02:01.673328,0.4543871355174484,45.8,9.3,11,0,normal,0
i-synthetic-02,2026-03-31 21:03:09.132439,0.4640358681227434,38.6,9.6,11,0,normal,0
i-synthetic-02,2026-03-31 21:04:16.657699,0.4501102344253909,43.0,5.0,11,0,normal,0
i-synthetic-02,2026-03-31 21:05:25.752831,0.4567548542069793,45.4,9.9,11,0,normal,0
i-synthetic-02,2026-03-31 21:06:33.333692,0.3916666666666666,44.0,5.0,11,0,normal,0
i-synthetic-02,2026-03-31 21:07:40.634906,0.4416666666666666,45.0,5.0,11,0,normal,0
i-synthetic-02,2026-03-31 21:08:48.112855,0.425,45.9,5.0,11,0,normal,0
i-synthetic-02,2026-03-31 21:09:56.381802,0.44375,40.8,5.0,11,0,normal,0
i-synthetic-02,2026-03-31 21:11:04.293817,0.5,45.2,5.0,11,0,normal,0
i-synthetic-02,2026-03-31 21:12:11.619464,0.4458333333333333,43.5,5.0,11,0,normal,0
i-synthetic-02,2026-03-31 21:13:18.977110,0.4637417965981901,46.0,5.0,11,0,normal,0
i-synthetic-02,2026-03-31 21:14:27.142405,0.4498896807819759,44.1,5.0,11,0,normal,0
i-synthetic-02,2026-03-31 21:15:35.211294,0.4566638756746741,42.7,5.0,11,0,normal,0
i-synthetic-02,2026-03-31 21:16:43.069894,0.3999999999999999,39.1,5.0,11,0,normal,0
i-synthetic-02,2026-03-31 21:17:51.005266,0.4416666666666666,39.1,5.0,11,0,normal,0
i-synthetic-02,2026-03-31 21:18:59.237841,0.425,44.7,5.0,11,0,normal,0
i-synthetic-02,2026-03-31 21:20:06.912465,0.4458333333333333,43.2,8.6,11,0,normal,0
i-synthetic-02,2026-03-31 21:21:15.223078,0.5,41.2,5.0,11,0,normal,0
i-synthetic-02,2026-03-31 21:22:23.342716,0.4456637580763338,44.3,5.0,11,0,normal,0
i-synthetic-02,2026-03-31 21:23:31.559142,0.4611402211823587,41.0,5.0,11,0,normal,0
i-synthetic-02,2026-03-31 21:24:38.572517,0.4479384992201023,43.3,8.2,11,0,normal,0
i-synthetic-02,2026-03-31 21:25:46.470632,0.4566841327094152,39.1,5.0,11,0,normal,0
i-synthetic-02,2026-03-31 21:26:53.921313,0.3833333333333333,41.6,7.1,11,0,normal,0
i-synthetic-02,2026-03-31 21:28:01.727203,0.4374999999999999,42.0,5.0,11,0,normal,0
i-synthetic-02,2026-03-31 21:29:09.819591,0.4416907642335018,37.6,5.0,11,0,normal,0
i-synthetic-02,2026-03-31 21:30:17.788102,0.433282007087266,38.4,8.0,11,0,normal,0
i-synthetic-02,2026-03-31 21:31:26.094907,0.508782758102991,41.7,5.0,11,0,normal,0
i-synthetic-02,2026-03-31 21:32:34.257790,0.4458920784453541,39.6,5.4,11,0,normal,0
i-synthetic-02,2026-03-31 21:33:42.038724,0.4612924347617056,38.1,5.2,11,0,normal,0
i-synthetic-02,2026-03-31 21:34:50.117238,0.4500440600562591,41.7,5.0,11,0,normal,0
i-synthetic-02,2026-03-31 21:35:57.370487,0.4584555192846022,41.5,5.0,11,0,normal,0
i-synthetic-02,2026-03-31 21:37:04.724926,0.4416666666666666,38.5,9.1,11,0,normal,0
i-synthetic-02,2026-03-31 21:38:12.945145,0.4277777777777777,41.3,5.0,11,0,normal,0
i-synthetic-02,2026-03-31 21:39:20.467128,0.4458333333333333,42.8,5.0,11,0,normal,0
i-synthetic-02,2026-03-31 21:40:28.082254,0.4383333333333333,43.3,9.1,11,0,normal,0
i-synthetic-02,2026-03-31 21:41:35.307193,0.5,43.9,5.0,11,0,normal,0
i-synthetic-02,2026-03-31 21:42:43.682626,0.4456604998917622,43.2,5.0,11,0,normal,0
i-synthetic-02,2026-03-31 21:43:51.947085,0.4639210189780025,46.2,5.0,11,0,normal,0
i-synthetic-02,2026-03-31 21:44:59.723345,0.4500240975668351,44.6,8.9,11,0,normal,0
i-synthetic-02,2026-03-31 21:46:07.228250,0.3916666666666666,46.5,6.8,11,0,normal,0
i-synthetic-02,2026-03-31 21:47:15.227279,0.4458375000694455,39.6,5.0,11,0,normal,0
i-synthetic-02,2026-03-31 21:48:23.511271,0.4250027778240748,43.7,5.0,11,0,normal,0
i-synthetic-02,2026-03-31 21:49:31.520291,0.4438605106717193,46.4,6.2,11,0,normal,0
i-synthetic-02,2026-03-31 21:50:39.036868,0.4350884085373754,44.4,5.0,11,0,normal,0
i-synthetic-02,2026-03-31 21:51:47.677127,0.507884701846702,40.6,5.0,11,0,normal,0
i-synthetic-02,2026-03-31 21:52:55.321760,0.4541191737835441,42.4,5.0,11,0,normal,0
i-synthetic-02,2026-03-31 21:54:02.706796,0.4664903639920645,39.6,5.0,11,0,normal,0
i-synthetic-02,2026-03-31 21:55:09.988691,0.4616507700158369,46.6,5.0,11,0,normal,0
i-synthetic-02,2026-03-31 21:56:18.451449,0.3913275161526676,42.7,5.0,11,0,normal,0
i-synthetic-02,2026-03-31 21:57:25.944397,0.4414970914096671,45.7,9.2,11,0,normal,0
i-synthetic-02,2026-03-31 21:58:33.301928,0.425000196123604,38.6,9.3,11,0,normal,0
i-synthetic-02,2026-03-31 21:59:41.327627,0.4416668137593696,44.6,6.6,11,0,normal,0
i-synthetic-02,2026-03-31 22:00:49.220749,0.4332628467079603,46.2,5.0,11,0,normal,0
i-synthetic-02,2026-03-31 22:01:56.978568,0.5171234590554991,44.7,5.0,11,0,normal,0
i-synthetic-02,2026-03-31 22:03:04.687937,0.4667037085018967,39.5,5.0,11,0,normal,0
i-synthetic-02,2026-03-31 22:04:12.284100,0.4521111147097558,46.1,5.0,11,0,normal,0
i-synthetic-02,2026-03-31 22:05:20.073342,0.4617773031979013,39.2,5.0,11,0,normal,0
i-synthetic-02,2026-03-31 22:06:28.035245,0.407959370576971,45.0,5.0,11,0,normal,0
i-synthetic-02,2026-03-31 22:07:36.308190,0.454209062217337,45.1,5.0,11,0,normal,0
i-synthetic-02,2026-03-31 22:08:44.360539,0.4332463747393995,46.0,5.0,11,0,normal,0
i-synthetic-02,2026-03-31 22:09:56.778391,0.4479601201040433,42.1,5.0,11,0,normal,0
i-synthetic-02,2026-03-31 22:11:04.632148,0.5087742710348969,39.2,5.0,11,0,normal,0
i-synthetic-02,2026-03-31 22:12:12.357733,0.4625366034874083,45.9,5.0,11,0,normal,0
i-synthetic-02,2026-03-31 22:13:19.972872,0.4723915210575971,45.6,5.0,11,0,normal,0
i-synthetic-02,2026-03-31 22:14:27.988078,0.4522103074598645,43.9,5.0,11,0,normal,0
i-synthetic-02,2026-03-31 22:15:35.443142,0.4616816543472961,37.1,5.0,11,0,normal,0
i-synthetic-02,2026-03-31 22:16:43.298166,0.4003469673717221,40.2,5.0,11,0,normal,0
i-synthetic-02,2026-03-31 22:17:50.752076,0.4460068170191943,39.3,5.0,11,0,normal,0
i-synthetic-02,2026-03-31 22:18:58.372041,0.4278934335683517,44.9,5.0,11,0,normal,0
i-synthetic-02,2026-03-31 22:20:06.305553,0.4458118356505194,46.9,5.0,11,0,normal,0
i-synthetic-02,2026-03-31 22:21:14.330296,0.5083333333333333,38.5,5.0,11,0,normal,0
i-synthetic-02,2026-03-31 22:22:22.885305,0.4585104312626498,43.5,5.0,11,0,normal,0
i-synthetic-02,2026-03-31 22:23:30.955668,0.4667847319528777,44.8,5.0,11,0,normal,0
i-synthetic-02,2026-03-31 22:24:38.911720,0.4458388986615875,37.0,5.0,11,0,normal,0
i-synthetic-02,2026-03-31 22:25:46.563916,0.4584259731362494,40.8,5.0,11,0,normal,0
i-synthetic-02,2026-03-31 22:26:54.554912,0.4083333333333332,42.3,5.0,11,0,normal,0
i-synthetic-02,2026-03-31 22:28:02.162699,0.4414570601524209,45.2,5.0,11,0,normal,0
i-synthetic-02,2026-03-31 22:29:10.088223,0.44373176626818,41.5,5.0,11,0,normal,0
i-synthetic-02,2026-03-31 22:30:18.277439,0.4316520796812106,40.3,5.0,11,0,normal,0
i-synthetic-02,2026-03-31 22:31:26.277813,0.525,45.6,5.0,11,0,normal,0
i-synthetic-02,2026-03-31 22:32:33.925667,0.4625,37.9,5.0,11,0,normal,0
i-synthetic-02,2026-03-31 22:33:41.526271,0.4693022552301022,46.2,9.2,11,0,normal,0
i-synthetic-02,2026-03-31 22:34:49.686326,0.4478947523764192,37.9,5.1,11,0,normal,0
i-synthetic-02,2026-03-31 22:35:56.878644,0.4599824685678021,37.8,5.0,11,0,normal,0
i-synthetic-02,2026-03-31 22:37:04.314381,0.4456204622660361,43.5,5.8,11,0,normal,0
i-synthetic-02,2026-03-31 22:38:11.756320,0.4221887354810205,41.7,5.0,11,0,normal,0
i-synthetic-02,2026-03-31 22:39:19.655184,0.4332071947200707,38.0,5.0,11,0,normal,0
i-synthetic-02,2026-03-31 22:40:27.183649,0.4249670368863521,40.8,5.0,11,0,normal,0
i-synthetic-02,2026-03-31 22:41:35.617030,0.5166666666666667,38.6,5.0,11,0,normal,0
i-synthetic-02,2026-03-31 22:42:45.768120,0.4539970914096671,43.7,6.5,11,0,normal,0
i-synthetic-02,2026-03-31 22:43:59.233494,0.469475964011329,45.7,5.0,11,0,normal,0
i-synthetic-02,2026-03-31 22:45:07.595651,0.4467015912410469,43.0,9.9,11,0,normal,0
i-synthetic-02,2026-03-31 22:46:20.497510,0.4083333333333332,43.8,7.2,11,0,normal,0
i-synthetic-02,2026-03-31 22:47:28.517327,0.4497871289327027,46.3,5.0,11,0,normal,0
i-synthetic-02,2026-03-31 22:48:37.149478,0.4248580859551351,46.7,5.0,11,0,normal,0
i-synthetic-02,2026-03-31 22:49:44.662228,0.4436435644663513,41.3,5.0,11,0,normal,0
i-synthetic-02,2026-03-31 22:50:52.356408,0.4299799079552789,45.4,5.0,11,0,normal,0
i-synthetic-02,2026-03-31 22:52:00.239510,0.4912409245320722,40.8,5.0,11,0,normal,0
i-synthetic-02,2026-03-31 22:53:08.055158,0.4581627515385407,44.6,5.0,11,0,normal,0
i-synthetic-02,2026-03-31 22:54:15.774269,0.439538524586714,45.6,6.5,11,0,normal,0
i-synthetic-02,2026-03-31 22:55:23.445002,0.4516308196693712,46.9,10.2,11,0,normal,0
i-synthetic-02,2026-03-31 22:56:31.973319,0.399653633517618,41.2,5.0,11,0,normal,0
i-synthetic-02,2026-03-31 22:57:39.631542,0.4456601500921423,44.1,5.0,11,0,normal,0
i-synthetic-02,2026-03-31 22:58:47.109791,0.4276601463939893,42.5,5.0,11,0,normal,0
i-synthetic-02,2026-03-31 22:59:55.743411,0.4437704488449857,42.8,5.0,11,0,normal,0
i-synthetic-02,2026-03-31 23:01:04.180217,0.5333333333333333,38.0,7.4,11,0,normal,0
i-synthetic-02,2026-03-31 23:02:15.821331,0.4624999999999999,46.5,8.5,11,0,normal,0
i-synthetic-02,2026-04-01 04:02:09.759577,0.4498271665584289,41.2,5.0,12,0,normal,0
i-synthetic-02,2026-04-01 04:30:56.033882,0.4400753005694034,39.8,10.2,12,0,normal,0
i-synthetic-02,2026-04-01 04:32:04.901351,0.5333333333333333,41.9,5.0,12,0,normal,0
i-synthetic-02,2026-04-01 04:33:12.441230,34.70118798897529,40.9,25.4,12,0,normal,0
i-synthetic-02,2026-04-01 04:34:19.627547,51.02589099173147,42.7,45.8,12,0,normal,0
i-synthetic-02,2026-04-01 04:35:28.531400,60.82071279338518,47.4,56.0,12,0,normal,0
i-synthetic-02,2026-04-01 04:36:37.540759,9.63315737764974,43.2,8.8,12,0,normal,0
i-synthetic-02,2026-04-01 04:37:45.385921,54.09157868882487,39.2,51.9,12,0,normal,0
i-synthetic-02,2026-04-01 04:38:53.672169,69.39438579254991,46.4,45.5,12,0,normal,0
i-synthetic-02,2026-04-01 04:40:02.111026,77.0432893860784,45.3,54.3,12,0,normal,0
i-synthetic-02,2026-04-01 04:41:10.893515,99.99166666666666,40.1,81.9,12,1,critical,0
i-synthetic-02,2026-04-01 04:42:19.790197,76.18979856346722,43.3,61.3,12,0,normal,0
i-synthetic-02,2026-04-01 04:43:29.061630,83.83572478684563,40.1,59.9,12,1,warning,0
i-synthetic-02,2026-04-01 04:44:38.443509,87.86637692346756,45.2,77.9,12,1,warning,0
i-synthetic-02,2026-04-01 04:45:47.173542,90.28476820544071,43.1,70.8,12,1,warning,1
i-synthetic-02,2026-04-01 04:46:55.540167,14.433333333333334,39.5,16.6,12,0,normal,0
i-synthetic-02,2026-04-01 04:48:03.389441,13.495833333333334,48.7,16.2,12,0,normal,0
i-synthetic-02,2026-04-01 04:49:10.723762,34.32674002031621,48.8,26.2,12,0,normal,0
i-synthetic-02,2026-04-01 04:50:18.509741,47.46039289880671,40.2,46.5,12,0,normal,0
i-synthetic-02,2026-04-01 04:51:28.189386,100.0,49.0,72.0,12,1,critical,0
i-synthetic-02,2026-04-01 04:52:36.789833,99.99583333333334,44.3,86.6,12,1,critical,1
i-synthetic-02,2026-04-01 04:53:45.148374,99.99722222222222,41.1,86.1,12,1,critical,1
i-synthetic-02,2026-04-01 04:54:53.576042,76.30321459153488,48.4,66.1,12,0,normal,0
i-synthetic-02,2026-04-01 04:57:05.692421,99.998334776527,44.5,76.9,12,1,critical,0
i-synthetic-02,2026-04-01 04:58:14.415472,99.99722173865396,46.7,72.8,12,1,critical,1
i-synthetic-02,2026-04-01 04:59:23.296415,99.99791630399046,44.2,90.0,12,1,critical,1
i-synthetic-02,2026-04-01 05:00:31.479641,94.92818774818178,48.8,68.6,12,1,warning,1
i-synthetic-02,2026-04-01 05:01:40.449297,2.1314505520123888,45.5,5.0,12,0,normal,0
i-synthetic-02,2026-04-01 05:02:48.424830,2.178225276006194,43.3,5.0,12,0,normal,0
i-synthetic-02,2026-04-01 05:03:55.949045,2.182705739559685,41.5,5.0,12,0,normal,0
i-synthetic-02,2026-04-01 05:05:04.424453,3.9899048867882847,46.4,5.0,12,0,normal,0
i-synthetic-02,2026-04-01 05:06:13.155065,100.0,46.7,77.2,12,1,critical,0
i-synthetic-02,2026-04-01 05:07:21.611405,99.99583333333334,47.7,72.8,12,1,critical,1
i-synthetic-02,2026-04-01 05:08:30.179514,99.99722222222222,42.2,72.4,12,1,critical,1
i-synthetic-02,2026-04-01 05:09:39.192143,99.99666776985885,48.6,86.7,12,1,critical,1
i-synthetic-02,2026-04-01 05:10:47.816859,99.99666695981088,41.9,70.8,12,1,critical,1
i-synthetic-02,2026-04-01 05:11:56.681759,100.0,40.3,72.7,12,1,critical,1
i-synthetic-02,2026-04-01 05:13:06.314907,99.99388338393445,40.8,82.4,12,1,critical,1
i-synthetic-02,2026-04-01 05:14:15.417906,99.99541253795084,41.4,84.6,12,1,critical,1
i-synthetic-02,2026-04-01 05:15:23.980162,97.894663363694,47.5,80.0,12,1,critical,1
i-synthetic-02,2026-04-01 05:16:33.522405,2.12312457329359,42.0,5.0,12,0,normal,0
i-synthetic-02,2026-04-01 05:17:41.903769,2.1541941114253493,43.2,11.3,12,0,normal,0
i-synthetic-02,2026-04-01 05:18:49.649634,2.141684963172456,40.4,5.0,12,0,normal,0
i-synthetic-02,2026-04-01 05:19:58.088598,2.157868997807304,41.1,5.0,12,0,normal,0
i-synthetic-02,2026-04-01 05:21:06.316114,2.233333333333333,44.7,5.0,12,0,normal,0
i-synthetic-02,2026-04-01 05:22:13.578556,2.1657050481503064,46.0,5.0,12,0,normal,0
i-synthetic-02,2026-04-01 05:23:22.110902,2.172236733242343,44.0,5.7,12,0,normal,0
i-synthetic-02,2026-04-01 05:24:29.797545,2.1537142092160564,41.9,5.0,12,0,normal,0
i-synthetic-02,2026-04-01 05:25:37.511826,2.17131217305294,47.3,5.0,12,0,normal,0
i-synthetic-02,2026-04-01 05:26:48.995528,93.94131482809814,46.1,68.8,12,1,warning,0
i-synthetic-02,2026-04-01 05:27:57.864291,96.97065741404909,43.2,82.4,12,1,critical,1
i-synthetic-02,2026-04-01 05:29:06.608408,98.4828264549977,39.8,68.9,12,1,critical,1
i-synthetic-02,2026-04-01 05:30:15.357144,98.78626116399816,45.0,73.0,12,1,critical,1
i-synthetic-02,2026-04-01 05:31:24.116765,8.408473474557908,44.4,5.0,12,0,normal,0
i-synthetic-02,2026-04-01 05:32:32.399629,5.333403403945621,43.4,5.0,12,0,normal,0
i-synthetic-02,2026-04-01 05:33:40.352410,4.300704887721133,47.2,5.0,12,0,normal,0
i-synthetic-02,2026-04-01 05:34:48.112198,3.7567786657908497,44.4,10.0,12,0,normal,0
i-synthetic-02,2026-04-01 05:35:55.299788,3.4466998047289947,40.0,5.0,12,0,normal,0
i-synthetic-02,2026-04-01 05:37:03.482471,2.1509320038256017,47.9,5.5,12,0,normal,0
i-synthetic-02,2026-04-01 05:38:11.272916,2.133954669217068,41.1,6.5,12,0,normal,0
i-synthetic-02,2026-04-01 05:39:20.002734,2.158297287089475,41.3,8.4,12,0,normal,0
i-synthetic-02,2026-04-01 05:40:27.994826,2.152020674231684,43.4,5.0,12,0,normal,0
i-synthetic-02,2026-04-01 05:41:36.015799,2.198058381762777,43.9,5.0,12,0,normal,0
i-synthetic-02,2026-04-01 05:42:44.291770,2.1615291908813883,42.7,9.3,12,0,normal,0
i-synthetic-02,2026-04-01 05:43:53.445031,2.1916825463133165,44.4,5.0,12,0,normal,0
i-synthetic-02,2026-04-01 05:45:01.553513,2.199612378603104,48.1,5.0,12,0,normal,0
i-synthetic-02,2026-04-01 05:46:10.393531,1.0092248152534735,45.4,5.0,12,0,normal,0
i-synthetic-02,2026-04-01 05:47:18.687409,1.3462790742934034,47.9,5.0,12,0,normal,0
i-synthetic-02,2026-04-01 05:48:26.303192,1.6225193828622688,40.9,6.6,12,0,normal,0
i-synthetic-02,2026-04-01 05:49:35.448736,1.793972870480035,44.9,5.0,12,0,normal,0
i-synthetic-02,2026-04-01 05:50:44.515276,1.866844963050695,45.1,5.0,12,0,normal,0
i-synthetic-02,2026-04-01 05:51:53.190226,2.283333333333333,46.6,5.0,12,0,normal,0
i-synthetic-02,2026-04-01 05:53:01.883776,2.2521109593932764,39.6,5.0,12,0,normal,0
i-synthetic-02,2026-04-01 05:54:15.037394,2.1078332195449576,41.0,10.0,12,0,normal,0
i-synthetic-02,2026-04-01 05:55:24.365334,2.1379332423026325,41.4,5.0,12,0,normal,0
i-synthetic-02,2026-04-01 05:56:34.271144,2.13521944384206,40.5,10.1,12,0,normal,0
i-synthetic-02,2026-04-01 05:57:43.610588,2.208287800919232,48.0,5.0,12,0,normal,0
i-synthetic-02,2026-04-01 05:58:52.119763,2.0332842753103315,40.3,5.0,12,0,normal,0
i-synthetic-02,2026-04-01 06:00:00.798551,2.1025663826746546,44.3,5.0,12,0,normal,0
i-synthetic-02,2026-04-01 06:01:08.879474,2.3062577014020715,47.2,8.3,12,0,normal,0
i-synthetic-02,2026-04-01 06:02:16.989237,2.254119742503658,43.9,5.0,12,0,normal,0
i-synthetic-02,2026-04-01 06:03:25.473978,2.2659612108922915,48.0,7.9,12,0,normal,0
i-synthetic-02,2026-04-01 06:04:33.379854,2.2499571710347497,44.7,5.8,12,0,normal,0
i-synthetic-02,2026-04-01 06:05:41.929290,9.108299070161134,47.5,15.0,12,0,normal,0
i-synthetic-02,2026-04-01 06:06:49.960357,100.0,41.5,72.6,12,1,critical,0
i-synthetic-02,2026-04-01 06:07:58.556657,99.99249987499792,48.7,74.7,12,1,critical,1
i-synthetic-02,2026-04-01 06:09:07.521914,99.99416660416564,40.4,77.5,12,1,critical,1
i-synthetic-02,2026-04-01 06:10:16.732511,93.1903332833325,46.3,83.9,12,1,warning,1
i-synthetic-02,2026-04-01 06:11:25.664407,2.283333333333333,39.7,5.0,12,0,normal,0
i-synthetic-02,2026-04-01 06:12:33.311253,2.225,39.3,5.0,12,0,normal,0
i-synthetic-02,2026-04-01 06:13:40.900785,2.221570113066791,48.8,5.0,12,0,normal,0
i-synthetic-02,2026-04-01 06:14:48.113756,2.2062379714749896,47.9,9.5,12,0,normal,0
i-synthetic-02,2026-04-01 06:15:55.887088,5.691657043846658,46.9,7.1,12,0,normal,0
i-synthetic-02,2026-04-01 06:17:03.246426,99.99333553971768,47.9,75.4,12,1,critical,0
i-synthetic-02,2026-04-01 06:18:12.524116,99.99555702647848,46.7,76.8,12,1,critical,1
i-synthetic-02,2026-04-01 06:19:21.238244,99.99666776985885,43.5,77.9,12,1,critical,1
i-synthetic-02,2026-04-01 06:20:30.013655,99.99666695981088,45.1,79.1,12,1,critical,1
i-synthetic-02,2026-04-01 06:21:39.153710,99.99500441276872,46.5,71.2,12,1,critical,1
i-synthetic-02,2026-04-01 06:22:47.913149,99.99750220638435,42.5,84.2,12,1,critical,1
i-synthetic-02,2026-04-01 06:23:57.334520,99.99833480425625,48.7,78.1,12,1,critical,1
i-synthetic-02,2026-04-01 06:25:06.847450,96.83679004292868,40.0,79.5,12,1,critical,1
i-synthetic-02,2026-04-01 06:26:15.921875,1.9934275276494235,48.6,5.0,12,0,normal,0
i-synthetic-02,2026-04-01 06:27:23.223928,2.046713763824712,47.1,5.0,12,0,normal,0
i-synthetic-02,2026-04-01 06:28:30.854393,2.03055414005368,45.4,5.0,12,0,normal,0
i-synthetic-02,2026-04-01 06:29:38.919824,2.0395822717069265,41.5,5.0,12,0,normal,0
i-synthetic-02,2026-04-01 06:30:47.235463,2.0019929396568985,41.8,5.0,12,0,normal,0
i-synthetic-02,2026-04-01 06:31:55.459997,0.6916666666666665,48.6,5.0,12,0,normal,0
i-synthetic-02,2026-04-01 06:33:03.365229,1.5160758459656931,43.0,5.0,12,0,normal,0
i-synthetic-02,2026-04-01 06:34:11.482416,1.6120568844742698,47.3,5.0,12,0,normal,0
i-synthetic-02,2026-04-01 06:35:19.031583,1.8613121742460823,39.1,6.7,12,0,normal,0
i-synthetic-02,2026-04-01 06:36:27.075925,100.0,47.3,87.8,12,1,critical,0
i-synthetic-02,2026-04-01 06:37:35.670352,100.0,43.8,70.2,12,1,critical,1
i-synthetic-02,2026-04-01 06:38:44.725225,99.99833480425625,43.6,72.0,12,1,critical,1
i-synthetic-02,2026-04-01 06:39:53.627292,99.99791703309693,43.9,88.7,12,1,critical,1
i-synthetic-02,2026-04-01 06:42:06.612022,2.15,43.8,6.0,12,0,normal,0
i-synthetic-02,2026-04-01 06:43:14.589074,2.157693481868794,43.6,9.9,12,0,normal,0
i-synthetic-02,2026-04-01 06:44:22.180278,2.1245201114015955,44.4,10.8,12,0,normal,0
i-synthetic-02,2026-04-01 06:45:29.965170,2.124616089121276,45.8,5.8,12,0,normal,0
i-synthetic-02,2026-04-01 06:46:38.487813,2.05181243431698,48.2,5.0,12,0,normal,0
i-synthetic-02,2026-04-01 06:47:46.230502,2.096739550491823,44.0,7.4,12,0,normal,0
i-synthetic-02,2026-04-01 06:48:19.367643,2.058354012019221,42.8,9.2,12,0,normal,0
i-synthetic-02,2026-04-01 06:48:37.168899,2.058354012019221,39.1,5.0,12,0,normal,0
i-synthetic-02,2026-04-01 06:49:38.995486,2.0650593185461688,39.1,5.0,12,0,normal,0
i-synthetic-02,2026-04-01 06:50:46.606689,2.042047454836935,43.3,7.5,12,0,normal,0
i-synthetic-02,2026-04-01 06:51:04.985107,2.058333333333333,40.5,5.0,12,0,normal,0
i-synthetic-02,2026-04-01 06:51:51.467626,2.058333333333333,48.4,5.0,12,0,normal,0
i-synthetic-02,2026-04-01 06:52:59.991488,2.01606603981298,46.4,5.0,12,0,normal,0
i-synthetic-02,2026-04-01 06:54:07.496019,1.991639834628948,47.7,5.0,12,0,normal,0
i-synthetic-02,2026-04-01 06:58:15.087941,1.8755191949074312,47.6,5.1,12,0,normal,0
i-synthetic-02,2026-04-01 06:59:24.499074,14.19830606284724,44.3,8.7,12,0,normal,0
i-synthetic-02,2026-04-01 07:00:33.556056,31.35764573283153,46.0,20.1,12,0,normal,0
i-synthetic-02,2026-04-01 07:01:42.652668,100.0,42.1,85.3,12,1,critical,0
i-synthetic-02,2026-04-01 07:02:52.201123,100.0,44.0,75.4,12,1,critical,1
i-synthetic-02,2026-04-01 07:04:02.212521,94.10708443652553,47.6,68.5,12,1,warning,1
i-synthetic-02,2026-04-01 07:05:13.195240,90.35064160964043,42.0,73.2,12,1,warning,1
i-synthetic-02,2026-04-01 07:06:23.955787,99.96666666666668,39.7,83.3,12,1,critical,1
i-synthetic-02,2026-04-01 07:07:34.019482,99.95416666666668,46.1,81.6,12,1,critical,1
i-synthetic-02,2026-04-01 07:08:43.959588,86.16111111111111,39.6,71.5,12,1,warning,0
i-synthetic-02,2026-04-01 07:09:54.998038,67.94711722063101,40.0,60.5,12,0,normal,0
i-synthetic-02,2026-04-01 07:11:08.077883,7.776464123357701,41.4,5.0,12,0,normal,0
i-synthetic-02,2026-04-01 07:12:20.356403,5.06844124645874,41.4,5.0,12,0,normal,0
i-synthetic-02,2026-04-01 07:13:31.956924,4.109516386528049,43.6,8.8,12,0,normal,0
i-synthetic-02,2026-04-01 07:14:43.965665,3.6571372898960366,44.4,5.0,12,0,normal,0
i-synthetic-02,2026-04-01 07:15:56.149175,3.3590431652501627,47.5,9.6,12,0,normal,0
i-synthetic-02,2026-04-01 07:17:15.669556,2.182395619980128,41.1,6.1,12,0,normal,0
i-synthetic-02,2026-04-01 07:18:31.293240,2.202152635542308,45.2,9.3,12,0,normal,0
i-synthetic-02,2026-04-01 07:19:43.925771,2.208356265236643,42.0,5.0,12,0,normal,0
i-synthetic-02,2026-04-01 07:20:53.589828,2.208351678855981,43.5,5.0,12,0,normal,0
i-synthetic-02,2026-04-01 07:22:04.759009,2.1625,40.5,9.4,12,0,normal,0
i-synthetic-02,2026-04-01 07:23:15.170560,2.172222222222222,40.1,9.2,12,0,normal,0
i-synthetic-02,2026-04-01 07:24:24.122293,2.1499999999999995,48.8,5.0,12,0,normal,0
i-synthetic-02,2026-04-01 07:25:33.664463,2.16,44.6,5.0,12,0,normal,0
i-synthetic-02,2026-04-01 07:26:43.802126,2.0731687009808004,43.3,5.0,12,0,normal,0
i-synthetic-02,2026-04-01 07:27:53.256047,2.1208754743164464,48.1,5.0,12,0,normal,0
i-synthetic-02,2026-04-01 09:03:58.530606,1.6055555555555554,41.3,5.0,12,0,normal,0
i-synthetic-02,2026-04-01 09:05:06.711205,1.6030420905977496,40.4,5.0,12,0,normal,0
i-synthetic-02,2026-04-01 10:18:28.703994,1.5837901257221656,44.8,5.0,12,0,normal,0
i-synthetic-02,2026-04-01 10:31:59.433448,1.6568697650408806,43.8,5.0,12,0,normal,0
i-synthetic-02,2026-04-01 10:33:07.334880,1.621703302416086,44.2,9.7,12,0,normal,0
i-synthetic-02,2026-04-01 10:34:15.257468,1.6058608101453975,48.7,5.6,12,0,normal,0
i-synthetic-03,2026-03-30 03:16:40.162942,2.1666666666666665,37.1,10.6,10,0,normal,0
i-synthetic-03,2026-03-30 03:16:42.439242,2.1666666666666665,38.0,5.0,10,0,normal,0
i-synthetic-03,2026-03-30 03:17:51.597278,2.147222222222222,41.6,5.0,10,0,normal,0
i-synthetic-03,2026-03-30 03:17:53.680359,2.147222222222222,44.9,5.0,10,0,normal,0
i-synthetic-03,2026-03-30 03:19:02.380328,2.15,42.0,5.0,10,0,normal,0
i-synthetic-03,2026-03-30 03:19:04.739826,2.15,37.5,5.0,10,0,normal,0
i-synthetic-03,2026-03-30 03:20:13.298905,2.144639056801718,36.9,5.0,10,0,normal,0
i-synthetic-03,2026-03-30 03:20:16.093017,2.144639056801718,41.2,5.4,10,0,normal,0
i-synthetic-03,2026-03-30 03:21:24.103564,2.251914127007957,39.4,5.0,10,0,normal,0
i-synthetic-03,2026-03-30 03:21:26.950833,2.1917178335161345,37.5,5.0,10,0,normal,0
i-synthetic-03,2026-03-30 03:22:35.506124,2.200662701089912,36.1,5.0,10,0,normal,0
i-synthetic-03,2026-03-30 03:22:37.512053,2.200662701089912,38.7,10.3,10,0,normal,0
i-synthetic-03,2026-03-30 03:23:46.680296,2.1771327188117224,36.9,6.7,10,0,normal,0
i-synthetic-03,2026-03-30 03:23:48.100327,2.1771327188117224,44.9,8.4,10,0,normal,0
i-synthetic-03,2026-03-30 03:24:57.625391,2.185039508382711,36.7,5.0,10,0,normal,0
i-synthetic-03,2026-03-30 03:26:09.683774,2.293616240471067,37.2,5.3,10,0,normal,0
i-synthetic-03,2026-03-30 03:27:21.258903,2.255141453568867,38.8,5.0,10,0,normal,0
i-synthetic-03,2026-03-30 03:28:32.349312,2.2171540601177666,44.2,6.4,10,0,normal,0
i-synthetic-03,2026-03-30 03:29:43.843039,2.2087232480942136,43.7,5.8,10,0,normal,0
i-synthetic-03,2026-04-01 07:29:03.103717,2.126622676572852,42.8,8.4,12,0,normal,0
i-synthetic-03,2026-03-30 03:46:34.726358,2.229166666666667,37.3,5.0,10,0,normal,0
i-synthetic-03,2026-03-30 03:47:44.619750,2.2604658155241,37.0,5.0,10,0,normal,0
i-synthetic-03,2026-03-30 03:48:19.852766,2.2604658155241,44.0,5.0,10,0,normal,0
i-synthetic-03,2026-03-30 03:49:30.712919,2.267938489442236,41.2,5.1,10,0,normal,0
i-synthetic-03,2026-03-30 03:50:40.704390,2.267938489442236,35.3,7.9,10,0,normal,0
i-synthetic-03,2026-03-30 03:51:44.821104,2.196793941516956,40.1,5.0,10,0,normal,0
i-synthetic-03,2026-03-30 03:52:55.218943,2.075121402164102,38.1,9.6,10,0,normal,0
i-synthetic-03,2026-03-30 03:54:05.636469,2.1000910516230764,44.0,6.9,10,0,normal,0
i-synthetic-03,2026-03-30 03:55:16.444062,2.0399348941781907,42.9,5.5,10,0,normal,0
i-synthetic-03,2026-03-30 03:56:27.197807,2.230504427683031,36.9,5.0,10,0,normal,0
i-synthetic-03,2026-03-30 03:57:37.024931,2.2092251740109097,40.8,11.1,10,0,normal,0
i-synthetic-03,2026-03-30 03:58:47.043569,2.221502213841516,36.5,5.0,10,0,normal,0
i-synthetic-03,2026-03-30 03:59:58.045253,2.210167083890651,44.5,6.7,10,0,normal,0
i-synthetic-03,2026-03-30 04:01:08.477440,2.313004409684666,44.2,10.9,10,0,normal,0
i-synthetic-03,2026-03-30 04:02:18.569320,2.346898836646389,39.1,5.0,10,0,normal,0
i-synthetic-03,2026-03-30 04:03:30.371308,1.8715808602231607,42.0,5.0,10,0,normal,0
i-synthetic-03,2026-03-30 04:04:41.232016,1.925234247386536,36.2,5.0,10,0,normal,0
i-synthetic-03,2026-03-30 04:05:52.159479,1.925234247386536,38.3,5.0,10,0,normal,0
i-synthetic-03,2026-03-30 04:07:02.875809,2.179203905334522,42.6,5.3,10,0,normal,0
i-synthetic-03,2026-03-30 04:08:13.370057,2.1777905204244,35.4,5.0,10,0,normal,0
i-synthetic-03,2026-03-30 04:09:23.992828,2.1546193086071788,35.2,5.0,10,0,normal,0
i-synthetic-03,2026-03-30 04:10:33.838717,2.1653621135524097,35.2,5.0,10,0,normal,0
i-synthetic-03,2026-03-30 04:11:44.281156,2.1949309753376296,41.6,5.2,10,0,normal,0
i-synthetic-03,2026-03-30 04:12:53.935222,2.205584936535117,43.4,5.0,10,0,normal,0
i-synthetic-03,2026-03-30 04:14:04.124077,2.1916887024013376,36.9,5.0,10,0,normal,0
i-synthetic-03,2026-03-30 04:15:15.161562,2.2000176285877364,37.2,5.0,10,0,normal,0
i-synthetic-03,2026-03-30 04:16:25.673419,2.1481740520557526,42.6,5.0,10,0,normal,0
i-synthetic-03,2026-03-30 04:17:36.313191,2.157724684018584,35.2,5.0,10,0,normal,0
i-synthetic-03,2026-03-30 04:18:47.492577,2.1703768463472715,43.3,7.4,10,0,normal,0
i-synthetic-03,2026-03-30 04:19:58.066268,2.1549906962474443,44.4,5.0,10,0,normal,0
i-synthetic-03,2026-03-30 04:21:08.287358,2.2416666666666667,37.9,5.0,10,0,normal,0
i-synthetic-03,2026-03-30 04:22:19.202755,2.1791666666666667,35.4,5.0,10,0,normal,0
i-synthetic-03,2026-03-30 04:23:29.514296,2.16875,42.5,5.0,10,0,normal,0
i-synthetic-03,2026-03-30 04:24:39.882718,2.178333333333333,44.8,5.0,10,0,normal,0
i-synthetic-03,2026-03-30 04:25:50.985189,2.178333333333333,36.9,5.0,10,0,normal,0
i-synthetic-03,2026-03-30 04:27:02.010644,2.186548100781003,36.7,5.0,10,0,normal,0
i-synthetic-03,2026-03-30 04:28:12.489017,2.166634662726877,36.2,5.7,10,0,normal,0
i-synthetic-03,2026-03-30 04:29:23.118663,2.176590458086606,37.6,5.0,10,0,normal,0
i-synthetic-03,2026-03-30 04:30:33.335977,2.16663392379301,38.7,9.8,10,0,normal,0
i-synthetic-03,2026-03-30 04:31:44.066925,2.1708333333333334,37.9,5.0,10,0,normal,0
i-synthetic-03,2026-03-30 04:32:55.477910,2.25,38.1,5.0,10,0,normal,0
i-synthetic-03,2026-03-30 04:34:06.410760,2.220833333333333,41.3,7.5,10,0,normal,0
i-synthetic-03,2026-03-30 04:35:29.570334,2.172996453014937,38.4,5.0,10,0,normal,0
i-synthetic-03,2026-03-30 04:36:28.705788,2.049999028347222,41.4,5.0,10,0,normal,0
i-synthetic-03,2026-03-30 04:37:39.822871,2.0694437966759254,42.4,5.0,10,0,normal,0
i-synthetic-03,2026-03-30 04:38:46.017989,2.043733125831,37.5,5.0,10,0,normal,0
i-synthetic-03,2026-03-30 04:39:56.754398,2.037008286575688,42.2,5.0,10,0,normal,0
i-synthetic-03,2026-03-30 04:41:07.711386,1.883333333333333,43.1,10.0,10,0,normal,0
i-synthetic-03,2026-03-30 04:42:18.178771,1.932491132537343,41.6,7.8,10,0,normal,0
i-synthetic-03,2026-03-30 04:43:29.096828,1.903752754409312,40.1,5.0,10,0,normal,0
i-synthetic-03,2026-03-30 04:44:41.299720,1.9083233044448804,41.8,5.8,10,0,normal,0
i-synthetic-03,2026-03-30 04:45:51.924380,1.9083233044448804,40.9,5.0,10,0,normal,0
i-synthetic-03,2026-03-30 04:47:02.103934,1.8250429340575929,42.1,5.0,10,0,normal,0
i-synthetic-03,2026-03-30 04:48:12.536257,1.7944730671495064,40.7,5.0,10,0,normal,0
i-synthetic-03,2026-03-30 04:49:23.330138,1.8021048003621296,36.5,5.8,10,0,normal,0
i-synthetic-03,2026-03-30 04:50:28.321459,1.776683840289704,43.4,6.8,10,0,normal,0
i-synthetic-03,2026-03-30 04:51:39.000674,1.715973089540557,37.4,7.2,10,0,normal,0
i-synthetic-03,2026-03-30 04:52:48.723271,1.719471225484627,39.4,8.6,10,0,normal,0
i-synthetic-03,2026-03-30 04:53:03.420707,1.719471225484627,37.8,9.0,10,0,normal,0
i-synthetic-03,2026-03-30 04:54:13.608084,1.6979367524468034,40.6,6.4,10,0,normal,0
i-synthetic-03,2026-03-30 04:55:24.388285,1.696682735290776,35.7,5.0,10,0,normal,0
i-synthetic-03,2026-03-30 04:56:34.552589,1.65,38.5,5.0,10,0,normal,0
i-synthetic-03,2026-03-30 04:57:44.950680,1.635655803677985,35.4,5.0,10,0,normal,0
i-synthetic-03,2026-03-30 04:58:06.958552,1.635655803677985,39.9,5.0,10,0,normal,0
i-synthetic-03,2026-03-30 04:59:17.705982,1.6541885157553693,37.7,5.0,10,0,normal,0
i-synthetic-03,2026-03-30 05:00:28.354874,1.6416841459376286,36.9,5.0,10,0,normal,0
i-synthetic-03,2026-03-30 05:29:59.560013,0.0001577347978801,38.6,5.0,10,0,normal,0
i-synthetic-03,2026-03-30 05:31:12.050313,7.59987333544441,44.8,5.0,10,0,normal,0
i-synthetic-03,2026-04-01 07:30:14.081399,2.1133287683121784,41.7,5.0,12,0,normal,0
i-synthetic-03,2026-04-01 07:31:24.295427,2.198058381762777,39.1,5.0,12,0,normal,0
i-synthetic-03,2026-04-01 07:32:32.841628,2.1365291908813884,43.8,8.3,12,0,normal,0
i-synthetic-03,2026-04-01 07:33:41.652799,2.158334477741634,40.9,5.0,12,0,normal,0
i-synthetic-03,2026-04-01 07:34:50.707375,2.139124528231125,41.9,6.7,12,0,normal,0
i-synthetic-03,2026-04-01 07:37:06.865762,2.083333333333333,39.5,5.0,12,0,normal,0
i-synthetic-03,2026-04-01 07:38:15.984118,2.068843817590757,43.6,5.0,12,0,normal,0
i-synthetic-03,2026-04-01 07:39:24.692562,2.076632863193068,43.4,5.0,12,0,normal,0
i-synthetic-03,2026-04-01 07:41:34.794834,2.12312457329359,46.0,10.6,12,0,normal,0
i-synthetic-03,2026-04-01 07:42:44.771523,2.065728953313462,42.2,6.1,12,0,normal,0
i-synthetic-03,2026-04-01 07:43:55.332149,2.077152635542308,47.2,5.0,12,0,normal,0
i-synthetic-03,2026-04-01 07:45:04.556194,2.058306533807213,48.3,5.0,12,0,normal,0
i-synthetic-03,2026-04-01 07:46:16.689549,100.0,46.7,83.2,12,1,critical,0
i-synthetic-03,2026-04-01 09:06:15.028080,1.559711078119005,44.0,5.0,12,0,normal,0
i-synthetic-03,2026-04-01 09:07:24.017411,1.6048555390595023,40.2,5.1,12,0,normal,0
i-synthetic-03,2026-04-01 09:08:32.831247,1.5833390470322362,39.0,5.0,12,0,normal,0
i-synthetic-03,2026-04-01 09:09:42.428249,1.6003689824233254,39.3,5.0,12,0,normal,0
i-synthetic-03,2026-04-01 09:10:51.240812,1.5866912027904412,45.0,5.0,12,0,normal,0
i-synthetic-03,2026-04-01 09:12:01.936978,1.6583333333333332,49.0,5.0,12,0,normal,0
i-synthetic-03,2026-04-01 09:13:12.286236,1.6227109409608114,44.3,5.0,12,0,normal,0
i-synthetic-03,2026-04-01 09:14:21.273482,1.6086998723872752,41.0,5.0,12,0,normal,0
i-synthetic-03,2026-04-01 09:15:31.014942,1.6416465913306315,43.7,5.0,12,0,normal,0
i-synthetic-03,2026-04-01 09:16:40.776026,1.6347773866915771,41.5,11.3,12,0,normal,0
i-synthetic-03,2026-04-01 09:17:50.201674,1.6840553600124553,39.0,5.0,12,0,normal,0
i-synthetic-03,2026-04-01 09:19:00.195098,1.6583415375843336,41.9,5.0,12,0,normal,0
i-synthetic-03,2026-04-01 09:20:10.822621,1.6566715892172668,40.4,5.0,12,0,normal,0
i-synthetic-03,2026-04-01 09:21:19.783865,1.7083333333333333,46.0,9.6,12,0,normal,0
i-synthetic-03,2026-04-01 09:22:28.161315,1.6465332571549314,42.0,5.0,12,0,normal,0
i-synthetic-03,2026-03-30 05:32:24.149203,4.1919561519246535,43.7,5.0,10,0,normal,0
i-synthetic-03,2026-03-30 05:33:36.014987,2.9694829877112023,43.9,6.9,10,0,normal,0
i-synthetic-03,2026-03-30 05:34:48.578780,2.4062789074500683,42.1,5.0,10,0,normal,0
i-synthetic-03,2026-03-30 05:35:59.617641,5.376632265807724,36.5,14.1,10,0,normal,0
i-synthetic-03,2026-03-30 05:47:37.904106,1.9367682917286573,35.8,5.0,10,0,normal,0
i-synthetic-03,2026-03-30 05:48:49.787600,2.0362441933737343,35.0,5.0,10,0,normal,0
i-synthetic-03,2026-03-30 05:54:43.142581,0.0011623278607227,39.9,5.0,10,0,normal,0
i-synthetic-03,2026-03-30 06:07:15.589093,0.0011917222913862,39.9,5.0,10,0,normal,0
i-synthetic-03,2026-03-30 17:38:25.932061,0.4552595729457918,43.4,5.0,10,0,normal,0
i-synthetic-03,2026-03-30 17:39:39.214001,0.4533739989022323,39.5,5.0,10,0,normal,0
i-synthetic-03,2026-03-30 17:40:53.124015,0.4533739989022323,40.9,5.0,10,0,normal,0
i-synthetic-03,2026-03-30 17:42:05.929552,0.500033383081266,36.8,5.0,10,0,normal,0
i-synthetic-03,2026-03-30 17:43:18.894088,0.5029526705389248,42.8,5.0,10,0,normal,0
i-synthetic-03,2026-03-30 17:44:26.921884,0.4984564283047305,38.6,5.0,10,0,normal,0
i-synthetic-03,2026-03-30 17:52:18.415335,0.8751839155239717,37.8,5.0,10,0,normal,0
i-synthetic-03,2026-03-30 17:54:14.165759,0.6625919577619858,39.8,5.0,10,0,normal,0
i-synthetic-03,2026-03-30 17:55:27.015022,0.7000735662095886,35.6,5.0,10,0,normal,0
i-synthetic-03,2026-03-30 17:56:42.126850,0.449595364172245,35.0,9.6,10,0,normal,0
i-synthetic-03,2026-03-30 17:57:49.497310,0.4247976820861224,39.1,5.0,10,0,normal,0
i-synthetic-03,2026-03-30 17:58:56.881767,0.4472349764825531,38.4,5.0,10,0,normal,0
i-synthetic-03,2026-03-30 18:00:09.059706,0.4332548532697644,39.6,5.6,10,0,normal,0
i-synthetic-03,2026-03-30 18:08:53.865649,0.6277831692821448,41.7,5.0,10,0,normal,0
i-synthetic-03,2026-03-30 18:10:01.697469,0.5937540436282753,44.7,5.0,10,0,normal,0
i-synthetic-03,2026-03-30 18:12:13.795516,0.5,42.7,5.0,10,0,normal,0
i-synthetic-03,2026-03-30 18:13:26.193208,1.783184642712894,38.6,10.6,10,0,normal,0
i-synthetic-03,2026-03-30 18:14:33.413307,1.8978051487013368,41.0,5.0,10,0,normal,0
i-synthetic-03,2026-03-30 18:15:43.026586,1.9457722742685744,35.0,5.0,10,0,normal,0
i-synthetic-03,2026-03-30 18:16:56.780215,2.396179471337686,35.2,5.0,10,0,normal,0
i-synthetic-03,2026-03-30 18:18:10.305780,2.748089735668843,44.1,5.5,10,0,normal,0
i-synthetic-03,2026-03-30 18:18:44.158658,2.661868551479854,36.2,5.0,10,0,normal,0
i-synthetic-03,2026-03-30 18:19:52.551519,2.561493329667676,44.7,10.5,10,0,normal,0
i-synthetic-03,2026-03-30 18:22:26.331345,2.295814166986106,44.3,10.4,10,0,normal,0
i-synthetic-03,2026-03-30 18:24:12.971970,2.2339653598018416,35.6,5.0,10,0,normal,0
i-synthetic-03,2026-03-30 18:25:37.416223,2.2316547345809417,37.3,5.0,10,0,normal,0
i-synthetic-03,2026-03-30 18:26:48.860962,1.88502986020752,43.9,5.0,10,0,normal,0
i-synthetic-03,2026-03-30 18:27:57.317022,2.4245144638567155,41.2,5.8,10,0,normal,0
i-synthetic-03,2026-03-30 18:29:10.667226,2.341342975904477,42.0,5.0,10,0,normal,0
i-synthetic-03,2026-03-30 18:30:19.793836,2.2868793183889147,41.4,5.0,10,0,normal,0
i-synthetic-03,2026-03-30 18:31:28.959691,2.2666666666666666,44.1,5.0,10,0,normal,0
i-synthetic-03,2026-03-30 18:32:42.975406,1.9451162584161763,42.4,5.0,10,0,normal,0
i-synthetic-03,2026-03-30 18:33:50.454601,2.0390665570506674,39.9,5.2,10,0,normal,0
i-synthetic-03,2026-03-30 18:35:04.496535,2.0642351427521994,35.1,11.2,10,0,normal,0
i-synthetic-03,2026-03-30 18:36:15.663899,2.2563402327943654,39.0,5.0,10,0,normal,0
i-synthetic-03,2026-04-01 07:47:26.631936,100.0,39.2,75.6,12,1,critical,0
i-synthetic-03,2026-04-01 07:48:57.112739,99.99722222222222,42.3,75.7,12,1,critical,1
i-synthetic-03,2026-04-01 07:50:11.435206,99.99666666666668,47.0,72.4,12,1,critical,1
i-synthetic-03,2026-04-01 07:51:23.982724,100.0,44.0,88.5,12,1,critical,1
i-synthetic-03,2026-04-01 07:52:38.132116,100.0,39.0,85.0,12,1,critical,1
i-synthetic-03,2026-04-01 09:23:36.471261,4.31991106032551,42.1,5.0,12,0,normal,0
i-synthetic-03,2026-04-01 09:24:44.285210,28.2378499619108,42.6,24.1,12,0,normal,0
i-synthetic-03,2026-04-01 09:25:52.272483,42.59027996952864,40.9,40.8,12,0,normal,0
i-synthetic-03,2026-04-01 09:27:00.962116,100.0,48.3,88.9,12,1,critical,0
i-synthetic-03,2026-04-01 09:28:09.773134,97.43333333333334,45.6,79.0,12,1,critical,1
i-synthetic-03,2026-04-01 09:29:18.551179,73.48333333333333,47.1,62.6,12,0,normal,0
i-synthetic-03,2026-04-01 09:30:26.868062,59.125,39.7,51.0,12,0,normal,0
i-synthetic-03,2026-04-01 09:31:35.865549,1.731803573510066,45.1,5.0,12,0,normal,0
i-synthetic-03,2026-04-01 09:32:43.785419,1.6791201296245677,44.1,5.0,12,0,normal,0
i-synthetic-03,2026-04-01 09:33:51.914535,1.6860800864163783,44.2,6.6,12,0,normal,0
i-synthetic-03,2026-04-01 09:34:59.671963,39.241543798454586,42.8,30.9,12,0,normal,0
i-synthetic-03,2026-04-01 09:36:07.410240,100.0,44.8,79.9,12,1,critical,0
i-synthetic-03,2026-04-01 09:37:16.071752,99.9933275505438,47.3,86.9,12,1,critical,1
i-synthetic-03,2026-04-01 09:38:24.792300,99.99555170036253,47.8,81.9,12,1,critical,1
i-synthetic-03,2026-04-01 09:39:33.655014,99.9966637752719,47.4,79.0,12,1,critical,1
i-synthetic-03,2026-04-01 09:40:42.719636,99.99666493082832,43.7,78.0,12,1,critical,1
i-synthetic-03,2026-04-01 09:41:51.575089,99.99000016666388,39.8,74.2,12,1,critical,1
i-synthetic-03,2026-04-01 09:42:59.871407,99.99500008333196,39.6,73.4,12,1,critical,1
i-synthetic-03,2026-04-01 09:44:09.031529,77.5933333749993,45.0,53.9,12,0,normal,0
i-synthetic-03,2026-04-01 09:45:18.456534,62.40829473809977,48.8,47.9,12,0,normal,0
i-synthetic-03,2026-04-01 09:46:27.653806,1.5583333333333331,42.5,5.0,12,0,normal,0
i-synthetic-03,2026-04-01 09:47:35.782114,1.611764538546506,42.1,8.5,12,0,normal,0
i-synthetic-03,2026-04-01 09:48:43.574755,1.5888529177690005,49.0,10.5,12,0,normal,0
i-synthetic-03,2026-03-30 18:37:28.813605,2.204120539270721,42.5,5.0,10,0,normal,0
i-synthetic-03,2026-04-01 07:53:50.659735,99.99722222222222,47.2,87.9,12,1,critical,0
i-synthetic-03,2026-04-01 07:55:05.291322,90.52733421588708,41.5,79.1,12,1,warning,1
i-synthetic-03,2026-04-01 07:56:18.661224,0.4670792533404507,41.4,9.4,12,0,normal,0
i-synthetic-03,2026-04-01 07:57:29.973903,1.262706293336892,40.7,9.7,12,0,normal,0
i-synthetic-03,2026-04-01 07:58:42.963836,1.5029153066690393,39.1,5.0,12,0,normal,0
i-synthetic-03,2026-04-01 07:59:54.540044,1.6480198133351127,42.6,5.0,12,0,normal,0
i-synthetic-03,2026-04-01 08:01:04.779204,100.0,47.7,86.6,12,1,critical,0
i-synthetic-03,2026-04-01 08:02:15.980905,99.99583333333334,44.1,89.5,12,1,critical,1
i-synthetic-03,2026-04-01 08:03:26.377117,99.99722222222222,39.4,73.0,12,1,critical,1
i-synthetic-03,2026-04-01 08:04:37.581959,99.99791666666668,39.4,88.2,12,1,critical,1
i-synthetic-03,2026-04-01 08:05:48.780892,99.995,48.0,88.4,12,1,critical,1
i-synthetic-03,2026-04-01 08:07:00.781138,100.0,43.5,71.4,12,1,critical,1
i-synthetic-03,2026-04-01 08:08:12.138375,100.0,46.6,84.2,12,1,critical,1
i-synthetic-03,2026-04-01 08:09:23.177068,99.99791666666668,47.9,75.2,12,1,critical,1
i-synthetic-03,2026-04-01 08:10:33.983323,93.57333333333334,45.3,76.2,12,1,warning,1
i-synthetic-03,2026-04-01 08:11:45.737334,1.9482790201988245,44.9,5.0,12,0,normal,0
i-synthetic-03,2026-04-01 08:12:56.138854,1.886639510099412,41.5,8.7,12,0,normal,0
i-synthetic-03,2026-04-01 08:14:06.538984,1.8791379569613944,44.1,5.0,12,0,normal,0
i-synthetic-03,2026-04-01 08:15:15.593829,1.8866436989024489,40.6,5.0,12,0,normal,0
i-synthetic-03,2026-04-01 08:16:25.638953,1.7916666666666667,40.8,5.9,12,0,normal,0
i-synthetic-03,2026-04-01 08:17:34.959794,1.8375,43.4,6.8,12,0,normal,0
i-synthetic-03,2026-04-01 08:18:45.258331,1.808333333333333,41.6,5.0,12,0,normal,0
i-synthetic-03,2026-04-01 08:19:54.279048,1.825,48.7,6.7,12,0,normal,0
i-synthetic-03,2026-04-01 08:21:05.438509,99.98832301866648,40.5,76.1,12,1,critical,0
i-synthetic-03,2026-04-01 08:22:17.367749,99.99416150933324,41.6,74.9,12,1,critical,1
i-synthetic-03,2026-04-01 08:23:28.364807,99.99332989511106,46.4,88.9,12,1,critical,1
i-synthetic-03,2026-04-01 08:24:40.483538,99.9949974213333,42.7,81.0,12,1,critical,1
i-synthetic-03,2026-04-01 08:25:52.302670,96.93933127039996,47.3,69.0,12,1,critical,1
i-synthetic-03,2026-03-30 18:38:36.267420,2.058302581736036,35.9,5.0,10,0,normal,0
i-synthetic-03,2026-04-01 08:27:04.622410,1.5958333333333332,48.9,5.0,12,0,normal,0
i-synthetic-03,2026-04-01 08:28:13.608741,1.585658910425779,39.8,5.5,12,0,normal,0
i-synthetic-03,2026-04-01 08:29:23.370426,1.606272273831545,42.8,6.3,12,0,normal,0
i-synthetic-03,2026-04-01 08:30:39.440684,1.59807983198737,44.0,5.0,12,0,normal,0
i-synthetic-03,2026-04-01 08:31:50.370613,1.6764529258690863,39.4,5.0,12,0,normal,0
i-synthetic-03,2026-04-01 08:33:03.043248,1.6310398641785842,43.9,5.9,12,0,normal,0
i-synthetic-03,2026-04-01 08:34:13.255515,1.6146008979174626,45.7,5.0,12,0,normal,0
i-synthetic-03,2026-04-01 08:35:21.599263,1.6286450368152952,44.2,5.0,12,0,normal,0
i-synthetic-03,2026-04-01 08:36:30.392872,1.5569580204152995,47.2,5.0,12,0,normal,0
i-synthetic-03,2026-04-01 08:37:41.234970,1.6042084045059468,43.6,5.0,12,0,normal,0
i-synthetic-03,2026-04-01 08:38:52.015944,1.5916944918928533,42.8,5.4,12,0,normal,0
i-synthetic-03,2026-04-01 08:40:06.735267,1.5980787080578462,40.9,5.0,12,0,normal,0
i-synthetic-03,2026-04-01 08:41:21.231654,1.6764529258690863,42.8,5.0,12,0,normal,0
i-synthetic-03,2026-04-01 08:42:34.933920,1.5965597962678766,42.0,6.3,12,0,normal,0
i-synthetic-03,2026-04-01 08:43:47.246429,1.6060398641785845,48.1,10.9,12,0,normal,0
i-synthetic-03,2026-04-01 08:45:09.607830,1.6050199353589316,45.1,5.0,12,0,normal,0
i-synthetic-03,2026-04-01 08:46:32.172875,1.568051779071513,39.6,11.0,12,0,normal,0
i-synthetic-03,2026-04-01 08:47:44.494868,1.6173592228690898,41.4,5.0,12,0,normal,0
i-synthetic-03,2026-04-01 08:48:56.610412,1.5916748362386277,42.5,5.0,12,0,normal,0
i-synthetic-03,2026-04-01 08:50:07.411952,1.591963326129162,47.7,5.8,12,0,normal,0
i-synthetic-03,2026-04-01 08:51:18.232921,1.6583333333333332,48.0,5.0,12,0,normal,0
i-synthetic-03,2026-04-01 08:52:29.278919,1.6,44.9,5.0,12,0,normal,0
i-synthetic-03,2026-04-01 08:55:56.379373,1.5399999999999998,40.7,5.0,12,0,normal,0
i-synthetic-03,2026-04-01 09:49:51.479309,1.6020563549934168,46.7,7.8,12,0,normal,0
i-synthetic-03,2026-04-01 09:51:00.047013,1.5883117506614002,42.6,5.0,12,0,normal,0
i-synthetic-03,2026-04-01 09:52:07.606292,1.6159679782858474,48.9,5.0,12,0,normal,0
i-synthetic-03,2026-04-01 09:53:16.579745,1.6305784820402651,47.6,5.0,12,0,normal,0
i-synthetic-03,2026-04-01 09:54:24.559285,19.84221381890048,39.5,8.2,12,0,normal,0
i-synthetic-03,2026-03-30 18:39:43.796287,1.7726875384267815,36.2,5.0,10,0,normal,0
i-synthetic-03,2026-04-01 08:57:07.999851,1.1744336946808098,41.3,5.0,12,0,normal,0
i-synthetic-03,2026-04-01 09:55:32.193407,35.87377105512038,41.8,26.2,12,0,normal,0
i-synthetic-03,2026-04-01 09:56:40.784653,99.99500441276872,39.1,73.6,12,1,critical,0
i-synthetic-03,2026-04-01 09:57:50.234175,99.99750220638435,42.7,83.1,12,1,critical,1
i-synthetic-03,2026-04-01 09:58:59.633952,99.99555702647848,41.3,80.9,12,1,critical,1
i-synthetic-03,2026-04-01 10:00:08.201422,65.77585321854583,47.7,51.1,12,0,normal,0
i-synthetic-03,2026-04-01 10:01:17.596865,1.6666666666666663,47.0,8.0,12,0,normal,0
i-synthetic-03,2026-04-01 10:02:25.369336,1.4333333333333331,47.4,5.0,12,0,normal,0
i-synthetic-03,2026-04-01 10:03:33.645173,1.361111111111111,42.1,5.0,12,0,normal,0
i-synthetic-03,2026-04-01 10:04:41.782059,1.308587516194861,47.2,5.0,12,0,normal,0
i-synthetic-03,2026-04-01 10:05:49.649700,1.3715831829890262,41.5,5.0,12,0,normal,0
i-synthetic-03,2026-04-01 10:06:56.937759,1.559711078119005,48.7,5.0,12,0,normal,0
i-synthetic-03,2026-04-01 10:08:05.324571,1.5893481371507792,44.1,5.0,12,0,normal,0
i-synthetic-03,2026-04-01 10:09:13.151195,1.602065554763905,43.2,8.9,12,0,normal,0
i-synthetic-03,2026-04-01 10:10:21.062619,1.5899857771444577,45.1,5.4,12,0,normal,0
i-synthetic-03,2026-04-01 10:19:14.696381,1.6024259276249575,46.0,5.0,12,0,normal,0
i-synthetic-03,2026-04-01 10:35:09.460356,1.614980405835637,39.8,5.0,12,0,normal,0
i-synthetic-03,2026-04-01 10:36:17.364511,1.5583333333333331,42.2,5.0,12,0,normal,0
i-synthetic-03,2026-04-01 10:37:25.260370,1.603438559827708,44.5,5.0,12,0,normal,0
i-synthetic-03,2026-04-01 10:38:33.447677,1.5888627325914737,44.0,9.3,12,0,normal,0
i-synthetic-03,2026-04-01 10:39:41.228755,1.6037829960241257,41.2,5.0,12,0,normal,0
i-synthetic-03,2026-04-01 10:40:49.303254,1.5980263968193005,47.5,5.0,12,0,normal,0
i-synthetic-03,2026-04-01 10:41:56.847457,1.6597994895491015,47.4,7.3,12,0,normal,0
i-synthetic-03,2026-04-01 10:43:05.010103,1.6249984111029268,48.8,5.0,12,0,normal,0
i-synthetic-03,2026-04-01 10:44:12.633688,1.6086765778569465,49.0,5.0,12,0,normal,0
i-synthetic-03,2026-04-01 10:45:20.318472,1.61527459561889,40.1,9.3,12,0,normal,0
i-synthetic-03,2026-04-01 10:46:28.795889,1.5569580204152995,44.9,5.0,12,0,normal,0
i-synthetic-03,2026-03-30 18:40:51.693192,1.866887227551888,42.6,5.0,10,0,normal,0
i-synthetic-03,2026-03-30 18:41:26.213773,2.2916666666666665,45.0,5.0,10,0,normal,0
i-synthetic-03,2026-03-30 18:42:35.938983,2.2198667033003625,37.5,5.0,10,0,normal,0
i-synthetic-03,2026-03-30 18:43:47.125740,2.238927583670231,44.9,6.8,10,0,normal,0
i-synthetic-03,2026-03-30 18:44:58.674617,2.278646191457611,42.7,5.0,10,0,normal,0
i-synthetic-03,2026-03-30 18:47:15.931388,57.13333333333333,39.9,48.3,10,0,normal,0
i-synthetic-03,2026-03-30 18:48:29.744667,54.61845672228328,35.8,49.5,10,0,normal,0
i-synthetic-03,2026-03-30 18:49:39.751806,65.963425499708,38.4,46.8,10,0,normal,0
i-synthetic-03,2026-03-30 18:50:58.598691,63.40117301041681,37.3,53.2,10,0,normal,0
i-synthetic-03,2026-03-30 18:52:08.109810,2.191666666666667,42.2,5.0,10,0,normal,0
i-synthetic-03,2026-03-30 18:53:22.518604,45.96666666666667,38.5,36.6,10,0,normal,0
i-synthetic-03,2026-03-30 18:54:37.547328,51.06284572782171,38.4,38.2,10,0,normal,0
i-synthetic-03,2026-03-30 18:55:48.023164,41.26490341810511,37.2,31.4,10,0,normal,0
i-synthetic-03,2026-03-30 18:56:56.077651,2.1936409435158306,35.4,5.0,10,0,normal,0
i-synthetic-03,2026-03-30 18:58:10.535514,2.305153805091249,43.1,9.8,10,0,normal,0
i-synthetic-03,2026-03-30 18:59:24.332685,45.69632690254562,39.7,45.4,10,0,normal,0
i-synthetic-03,2026-03-30 19:00:33.742311,41.36606675066407,44.5,37.7,10,0,normal,0
i-synthetic-03,2026-03-30 19:01:41.997241,2.166666666666667,41.2,5.0,10,0,normal,0
i-synthetic-03,2026-03-30 19:02:50.531846,2.0833000011110743,44.4,5.0,10,0,normal,0
i-synthetic-03,2026-03-30 19:04:03.964432,2.097861729465304,39.3,5.0,10,0,normal,0
i-synthetic-03,2026-03-30 19:05:12.204942,2.0588129637656443,36.0,8.0,10,0,normal,0
i-synthetic-03,2026-03-30 19:06:25.669451,1.9166666666666663,42.8,5.0,10,0,normal,0
i-synthetic-03,2026-03-30 19:06:50.873600,1.9166666666666663,40.6,8.1,10,0,normal,0
i-synthetic-03,2026-03-30 19:08:03.851365,1.9666666666666663,43.8,5.0,10,0,normal,0
i-synthetic-03,2026-03-30 19:09:11.786129,1.9638888888888888,39.8,5.0,10,0,normal,0
i-synthetic-03,2026-03-30 19:10:25.296841,16.107951177273783,44.1,18.7,10,0,normal,0
i-synthetic-03,2026-03-30 19:11:36.273984,99.99833183198211,44.0,71.2,10,1,critical,0
i-synthetic-03,2026-03-30 19:12:48.738947,99.99583557996016,36.4,77.5,10,1,critical,1
i-synthetic-03,2026-03-30 19:13:57.188264,99.99388738393766,42.6,76.5,10,1,critical,1
i-synthetic-03,2026-03-30 19:18:42.342547,2.661111111111111,44.6,5.0,10,0,normal,0
i-synthetic-03,2026-04-01 08:57:29.376816,1.1744336946808098,47.9,5.0,12,0,normal,0
i-synthetic-03,2026-04-01 08:58:38.862543,1.2945187882077005,42.0,5.0,12,0,normal,0
i-synthetic-03,2026-04-01 08:59:48.187170,1.3788620483768963,42.1,5.0,12,0,normal,0
i-synthetic-03,2026-04-01 09:00:56.369995,1.4116955739443149,48.0,5.0,12,0,normal,0
i-synthetic-03,2026-04-01 10:11:10.264201,1.6681401905016098,42.3,5.0,12,0,normal,0
i-synthetic-03,2026-04-01 10:20:22.699315,1.6002740754332994,41.9,5.0,12,0,normal,0
i-synthetic-03,2026-04-01 10:21:30.741772,1.7333333333333332,39.1,5.0,12,0,normal,0
i-synthetic-03,2026-04-01 10:22:38.676894,1.6583333333333332,47.2,5.0,12,0,normal,0
i-synthetic-03,2026-04-01 10:23:46.280270,1.6661714559546474,40.9,5.0,12,0,normal,0
i-synthetic-03,2026-04-01 10:24:53.854699,1.645811887210118,46.7,6.1,12,0,normal,0
i-synthetic-03,2026-04-01 10:26:01.282665,1.6499828431014276,45.3,5.0,12,0,normal,0
i-synthetic-03,2026-04-01 10:47:36.526494,1.5958677035534383,48.7,5.0,12,0,normal,0
i-synthetic-03,2026-04-01 10:48:43.624891,1.5861340245911812,42.1,5.2,12,0,normal,0
i-synthetic-03,2026-04-01 10:49:51.106574,1.599654970344207,43.2,5.0,12,0,normal,0
i-synthetic-03,2026-04-01 10:50:59.227474,1.593334332089668,42.1,5.6,12,0,normal,0
i-synthetic-03,2026-04-01 10:52:07.086549,1.5957867312680358,43.6,6.4,12,0,normal,0
i-synthetic-03,2026-04-01 10:53:14.477087,1.6161477425256507,40.7,5.4,12,0,normal,0
i-synthetic-03,2026-04-01 10:54:22.365319,1.605867369503615,47.9,5.0,12,0,normal,0
i-synthetic-03,2026-04-01 10:55:30.014576,1.6180272289362254,48.8,5.0,12,0,normal,0
i-synthetic-03,2026-04-01 10:56:38.152948,1.809901914992994,46.6,5.0,12,0,normal,0
i-synthetic-03,2026-04-01 10:57:45.823190,48.404950957496496,48.3,47.3,12,0,normal,0
i-synthetic-03,2026-04-01 11:00:03.685156,79.3569803829986,42.2,54.9,12,0,normal,0
i-synthetic-03,2026-04-01 11:02:22.501911,53.31916519314283,39.4,50.3,12,0,normal,0
i-synthetic-03,2026-04-01 11:04:39.456851,27.47208259657141,40.9,29.8,12,0,normal,0
i-synthetic-03,2026-04-01 11:06:56.055151,1.5333333333333332,46.7,5.0,12,0,normal,0
i-synthetic-03,2026-04-01 11:09:13.221947,69.91108234817972,43.4,50.3,12,0,normal,0
i-synthetic-03,2026-04-01 11:11:31.036720,100.0,45.7,76.8,12,1,critical,0
i-synthetic-03,2026-03-30 19:15:06.497178,91.91144111493396,40.4,64.6,10,1,warning,1
i-synthetic-03,2026-03-30 19:17:30.059911,2.4458333333333333,35.8,5.0,10,0,normal,0
i-synthetic-03,2026-04-01 09:02:17.113406,1.5916666666666666,46.1,5.0,12,0,normal,0
i-synthetic-03,2026-04-01 10:11:33.980075,1.6681401905016098,40.8,5.0,12,0,normal,0
i-synthetic-03,2026-04-01 10:12:41.943664,1.6083861160990556,44.2,9.8,12,0,normal,0
i-synthetic-03,2026-04-01 10:13:49.609127,1.631084374550743,47.2,5.0,12,0,normal,0
i-synthetic-03,2026-04-01 10:14:57.277267,1.6108132809130573,45.9,9.8,12,0,normal,0
i-synthetic-03,2026-04-01 10:26:54.828708,1.5583333333333331,41.7,6.4,12,0,normal,0
i-synthetic-03,2026-04-01 10:58:54.707952,65.59496730499767,45.2,62.0,12,0,normal,0
i-synthetic-03,2026-04-01 11:01:12.612001,99.996663719619,46.2,76.6,12,1,critical,0
i-synthetic-03,2026-04-01 11:03:31.422653,36.10444346209522,40.3,22.9,12,0,normal,0
i-synthetic-03,2026-04-01 11:05:47.780210,22.3093327439238,46.1,20.2,12,0,normal,0
i-synthetic-03,2026-04-01 11:08:04.498655,59.88144313090629,46.5,41.6,12,0,normal,0
i-synthetic-03,2026-04-01 11:10:21.928460,75.92553254521044,39.6,58.7,12,0,normal,0
i-synthetic-03,2026-04-01 11:12:40.014238,99.99583333333334,42.4,70.6,12,1,critical,0
i-synthetic-03,2026-03-30 19:16:21.170001,2.108333333333333,35.4,5.0,10,0,normal,0
i-synthetic-03,2026-03-30 19:22:13.644771,2.216666666666667,41.2,5.0,10,0,normal,0
i-synthetic-03,2026-04-01 09:02:41.659200,1.5916666666666666,45.1,5.0,12,0,normal,0
i-synthetic-03,2026-04-01 10:15:18.143946,1.6183593819948623,46.4,8.3,12,0,normal,0
i-synthetic-03,2026-04-01 10:16:25.504663,1.551370377166497,46.2,7.7,12,0,normal,0
i-synthetic-03,2026-04-01 10:17:32.866138,1.5965185219165818,40.6,5.0,12,0,normal,0
i-synthetic-03,2026-04-01 10:27:14.950309,1.6076015491871067,43.5,5.0,12,0,normal,0
i-synthetic-03,2026-04-01 10:28:22.589048,1.597198526132745,48.1,5.0,12,0,normal,0
i-synthetic-03,2026-04-01 10:29:30.628420,1.6103988945995589,47.9,5.0,12,0,normal,0
i-synthetic-03,2026-04-01 10:30:38.811868,1.5966524490129803,45.1,5.0,12,0,normal,0
i-synthetic-03,2026-04-01 11:13:48.094760,99.99722222222222,48.8,75.3,12,1,critical,0
i-synthetic-03,2026-03-30 19:19:56.087716,2.549501698471376,44.3,5.0,10,0,normal,0
i-synthetic-03,2026-03-31 16:57:40.431559,2.31477342261044,37.6,9.9,11,0,normal,0
i-synthetic-03,2026-03-31 16:58:48.546123,1.8487378372958487,46.7,5.0,11,0,normal,0
i-synthetic-03,2026-03-31 17:02:34.813150,0.0010467955688276,38.8,7.6,11,0,normal,0
i-synthetic-03,2026-03-31 17:07:09.352783,0.4289565078972376,37.8,5.6,11,0,normal,0
i-synthetic-03,2026-03-31 17:08:02.597770,0.4289565078972376,43.5,5.0,11,0,normal,0
i-synthetic-03,2026-03-31 17:09:10.854856,34.186837632076326,37.7,26.6,11,0,normal,0
i-synthetic-03,2026-03-31 17:10:18.347769,47.34947010566106,45.2,47.6,11,0,normal,0
i-synthetic-03,2026-03-31 17:11:27.573710,99.99500441276872,41.3,75.1,11,1,critical,0
i-synthetic-03,2026-03-31 17:12:36.620783,99.99333553971768,46.4,73.1,11,1,critical,1
i-synthetic-03,2026-03-31 17:13:44.812801,88.3650014709229,45.4,74.4,11,1,warning,0
i-synthetic-03,2026-03-31 17:14:55.560212,66.36966916414603,45.7,44.7,11,0,normal,0
i-synthetic-03,2026-03-31 17:16:04.616508,0.3996469785023229,43.6,5.0,11,0,normal,0
i-synthetic-03,2026-03-31 17:17:12.235602,0.4667259197314189,46.1,5.0,11,0,normal,0
i-synthetic-03,2026-03-31 17:18:19.924456,23.46115061315428,40.1,27.5,11,0,normal,0
i-synthetic-03,2026-03-31 17:19:27.295266,42.59586295986571,43.4,35.3,11,0,normal,0
i-synthetic-03,2026-03-31 17:20:34.746864,54.07569125044631,37.6,52.0,11,0,normal,0
i-synthetic-03,2026-03-31 17:21:44.961292,99.996663719619,44.1,86.3,11,1,critical,0
i-synthetic-03,2026-03-31 17:22:56.564894,99.9983318598095,37.8,89.8,11,1,critical,1
i-synthetic-03,2026-03-31 17:24:10.316203,87.51093539465532,41.1,67.2,11,1,warning,0
i-synthetic-03,2026-03-31 17:25:20.407441,89.99874831572426,44.6,77.4,11,1,warning,0
i-synthetic-03,2026-03-31 17:26:29.648224,99.95,45.0,70.9,11,1,critical,1
i-synthetic-03,2026-03-31 17:27:39.540127,90.01870527299114,42.1,64.2,11,1,warning,1
i-synthetic-03,2026-03-31 17:28:48.867720,63.798015172807766,43.0,48.9,11,0,normal,0
i-synthetic-03,2026-03-31 17:29:57.805917,50.38809471293916,43.3,33.8,11,0,normal,0
i-synthetic-03,2026-03-31 17:31:06.413421,99.975,45.8,86.9,11,1,critical,0
i-synthetic-03,2026-03-31 17:32:15.168630,99.98500220638437,43.7,73.1,11,1,critical,1
i-synthetic-03,2026-03-31 17:33:23.832102,99.9900014709229,44.1,83.1,11,1,critical,1
i-synthetic-03,2026-03-31 17:34:32.587282,99.99166703309692,38.2,85.0,11,1,critical,1
i-synthetic-03,2026-03-31 17:35:41.166113,95.54166695981088,46.8,82.6,11,1,critical,1
i-synthetic-03,2026-03-31 17:36:50.048322,0.507884701846702,46.2,10.2,11,0,normal,0
i-synthetic-03,2026-03-31 17:37:58.963674,0.5039423509233509,46.2,5.0,11,0,normal,0
i-synthetic-03,2026-03-31 17:39:06.204166,9.45666527956812,44.9,5.0,11,0,normal,0
i-synthetic-03,2026-03-31 17:40:14.010819,27.564331356236067,37.0,20.7,11,0,normal,0
i-synthetic-03,2026-03-31 17:41:22.022649,99.98667843404992,41.3,76.2,11,1,critical,0
i-synthetic-03,2026-03-31 17:42:31.083238,99.99333921702495,40.6,80.8,11,1,critical,1
i-synthetic-03,2026-03-31 17:43:39.973215,99.99278170023888,38.2,71.9,11,1,critical,1
i-synthetic-03,2026-03-31 17:44:48.934589,91.0487529418458,43.2,77.2,11,1,warning,1
i-synthetic-03,2026-03-31 17:45:57.759690,72.91733568680998,40.2,49.7,11,0,normal,0
i-synthetic-03,2026-03-31 17:47:07.069712,0.4460506780989873,46.9,5.0,11,0,normal,0
i-synthetic-03,2026-03-31 17:48:14.825153,0.4584782298437693,37.8,5.0,11,0,normal,0
i-synthetic-03,2026-03-31 17:49:22.907336,5.247860137755082,43.4,5.0,11,0,normal,0
i-synthetic-03,2026-03-31 17:50:31.194132,24.198288110204068,39.1,29.3,11,0,normal,0
i-synthetic-03,2026-03-31 17:51:39.298823,99.98499974999582,41.8,73.1,11,1,critical,0
i-synthetic-03,2026-03-31 17:52:47.860540,99.99249987499792,39.3,73.1,11,1,critical,1
i-synthetic-03,2026-03-31 17:53:56.391811,99.9922221388875,46.4,88.1,11,1,critical,1
i-synthetic-03,2026-03-31 17:55:05.504487,99.9946671939433,40.9,74.0,11,1,critical,1
i-synthetic-03,2026-03-31 17:56:14.387902,99.99500441276872,44.8,82.2,11,1,critical,1
i-synthetic-03,2026-03-31 17:57:22.858684,99.99583406619384,42.4,86.8,11,1,critical,1
i-synthetic-03,2026-03-31 17:58:31.694819,99.9972227107959,39.0,89.2,11,1,critical,1
i-synthetic-03,2026-03-31 17:59:40.659150,95.22411684292894,41.8,81.0,11,1,critical,1
i-synthetic-03,2026-03-31 18:00:49.143366,76.26262680767648,42.3,61.8,11,0,normal,0
i-synthetic-03,2026-03-31 18:01:57.799808,0.5166666666666667,45.5,5.0,11,0,normal,0
i-synthetic-03,2026-03-31 18:03:05.434575,0.4693025303995796,37.4,5.0,11,0,normal,0
i-synthetic-03,2026-03-31 18:04:13.675272,0.4520636396426152,40.0,5.0,11,0,normal,0
i-synthetic-03,2026-03-31 18:05:20.897404,0.4615626563396729,46.6,5.0,11,0,normal,0
i-synthetic-03,2026-03-31 18:06:28.639021,0.3916666666666666,41.8,5.0,11,0,normal,0
i-synthetic-03,2026-03-31 18:07:36.603612,0.4460543619085747,40.7,8.8,11,0,normal,0
i-synthetic-03,2026-03-31 18:08:44.382608,0.4307029079390498,46.2,5.0,11,0,normal,0
i-synthetic-03,2026-03-31 18:09:52.783624,1.0827600880046089,43.1,5.0,11,0,normal,0
i-synthetic-03,2026-03-31 18:11:01.617806,20.86420626878223,43.5,6.9,11,0,normal,0
i-synthetic-03,2026-03-31 18:12:10.506696,99.99750220638435,45.5,73.3,11,1,critical,0
i-synthetic-03,2026-03-31 18:13:19.421411,99.99833480425625,38.6,79.6,11,1,critical,1
i-synthetic-03,2026-03-31 18:14:27.887783,99.99708593517671,37.2,74.9,11,1,critical,1
i-synthetic-03,2026-03-31 18:15:36.976927,92.40717063317123,39.9,83.8,11,1,warning,1
i-synthetic-03,2026-03-31 18:16:46.295519,0.4246249146587181,45.6,5.0,11,0,normal,0
i-synthetic-03,2026-03-31 18:17:54.786767,0.4583631354283464,43.2,5.0,11,0,normal,0
i-synthetic-03,2026-03-31 18:19:03.311336,0.4332404306404729,46.6,5.7,11,0,normal,0
i-synthetic-03,2026-03-31 18:20:11.384823,4.71379162911732,39.5,9.2,11,0,normal,0
i-synthetic-03,2026-03-31 18:21:26.248518,99.99166666666666,43.3,80.3,11,1,critical,0
i-synthetic-03,2026-03-31 18:22:35.405114,99.99583333333334,46.9,77.6,11,1,critical,1
i-synthetic-03,2026-03-31 18:23:44.781635,99.99722222222222,40.7,80.6,11,1,critical,1
i-synthetic-03,2026-03-31 18:24:54.235162,99.99791666666668,37.2,72.8,11,1,critical,1
i-synthetic-03,2026-03-31 18:27:07.273280,99.9983318598095,40.7,71.6,11,1,critical,1
i-synthetic-03,2026-03-31 18:28:15.777536,99.9972227107959,38.8,76.9,11,1,critical,1
i-synthetic-03,2026-03-31 18:29:24.277753,99.99791703309693,43.0,76.9,11,1,critical,1
i-synthetic-03,2026-03-31 18:30:33.477904,95.73556818366971,39.1,73.0,11,1,critical,1
i-synthetic-03,2026-03-31 18:31:42.460246,0.525,42.0,9.4,11,0,normal,0
i-synthetic-03,2026-03-31 18:32:50.695708,0.4541666666666666,40.9,8.9,11,0,normal,0
i-synthetic-03,2026-03-31 18:33:58.523858,0.4694444444444444,39.7,5.0,11,0,normal,0
i-synthetic-03,2026-03-31 18:35:06.192164,0.4499999999999999,42.7,5.0,11,0,normal,0
i-synthetic-03,2026-03-31 18:36:14.012478,0.3833333333333333,39.1,5.0,11,0,normal,0
i-synthetic-03,2026-03-31 18:37:22.258443,0.4791666666666666,45.0,5.0,11,0,normal,0
i-synthetic-03,2026-03-31 18:38:29.494011,0.4805555555555555,39.8,5.0,11,0,normal,0
i-synthetic-03,2026-03-31 18:39:37.568637,0.4582485457048335,41.1,5.0,11,0,normal,0
i-synthetic-03,2026-03-31 18:40:46.046297,0.4650174660427485,43.8,5.0,11,0,normal,0
i-synthetic-03,2026-03-31 18:41:53.603397,0.5166666666666667,46.6,5.0,11,0,normal,0
i-synthetic-03,2026-03-31 18:43:01.351806,0.4541666666666666,40.9,5.0,11,0,normal,0
i-synthetic-03,2026-03-31 18:44:09.389766,0.4457503496969293,40.5,5.0,11,0,normal,0
i-synthetic-03,2026-03-31 18:45:17.308266,0.456598613118654,43.0,5.0,11,0,normal,0
i-synthetic-03,2026-03-31 18:46:26.449699,0.3920129447678782,40.8,5.0,11,0,normal,0
i-synthetic-03,2026-03-31 18:47:34.627824,0.4374638759675,45.9,5.0,11,0,normal,0
i-synthetic-03,2026-03-31 18:48:42.191052,0.4223113858288259,39.4,9.6,11,0,normal,0
i-synthetic-03,2026-03-31 18:49:49.655638,0.4396502060382861,40.3,5.0,11,0,normal,0
i-synthetic-03,2026-03-31 18:50:57.351136,0.4317201648306288,40.1,5.0,11,0,normal,0
i-synthetic-03,2026-03-31 18:52:04.784707,0.507884701846702,45.4,5.0,11,0,normal,0
i-synthetic-03,2026-03-31 18:53:12.652785,0.4610769933159712,38.6,5.0,11,0,normal,0
i-synthetic-03,2026-03-31 18:54:20.167150,0.443724411653645,40.2,10.3,11,0,normal,0
i-synthetic-03,2026-03-31 18:55:28.034621,0.4583128626562494,43.6,8.2,11,0,normal,0
i-synthetic-03,2026-03-31 18:56:35.596826,0.3999999999999999,45.9,9.3,11,0,normal,0
i-synthetic-03,2026-03-31 18:57:43.337619,0.4416666666666666,46.2,5.0,11,0,normal,0
i-synthetic-03,2026-03-31 18:58:51.200589,0.4248847777056193,47.0,5.0,11,0,normal,0
i-synthetic-03,2026-03-31 18:59:58.801406,0.4437740975668351,38.5,5.0,11,0,normal,0
i-synthetic-03,2026-03-31 19:02:10.307787,0.4539386736160835,37.5,5.0,11,0,normal,0
i-synthetic-03,2026-03-31 19:03:17.993307,0.4638793341592113,39.7,5.0,11,0,normal,0
i-synthetic-03,2026-03-31 19:04:25.941964,0.4479095006194084,43.2,5.0,11,0,normal,0
i-synthetic-03,2026-03-31 19:05:33.792315,0.4549942671621935,38.5,5.0,11,0,normal,0
i-synthetic-03,2026-03-31 19:06:41.314447,0.3999999999999999,41.1,5.0,11,0,normal,0
i-synthetic-03,2026-03-31 19:07:49.327325,0.4541666666666666,39.7,8.8,11,0,normal,0
i-synthetic-03,2026-03-31 19:08:56.592056,0.4332181110389526,40.8,10.2,11,0,normal,0
i-synthetic-03,2026-03-31 19:10:04.712378,0.4458537470905811,46.9,5.0,11,0,normal,0
i-synthetic-03,2026-03-31 19:11:12.701222,0.517114832855141,37.9,9.4,11,0,normal,0
i-synthetic-03,2026-03-31 19:12:20.383916,0.4583809056787319,38.0,5.0,11,0,normal,0
i-synthetic-03,2026-03-31 19:13:28.277334,0.4696210558518128,44.2,5.0,11,0,normal,0
i-synthetic-03,2026-03-31 19:14:36.223068,0.4500460418347408,45.0,5.0,11,0,normal,0
i-synthetic-03,2026-03-31 19:15:44.020940,0.4584571047073876,46.1,5.4,11,0,normal,0
i-synthetic-03,2026-03-31 19:16:51.580955,0.4083333333333332,44.0,5.0,11,0,normal,0
i-synthetic-03,2026-03-31 19:17:59.207432,0.4539501876151779,42.0,5.0,11,0,normal,0
i-synthetic-03,2026-03-31 19:19:06.679499,0.4458321689948136,42.6,5.0,11,0,normal,0
i-synthetic-03,2026-03-31 19:20:14.196681,0.4365951308963154,37.6,9.4,11,0,normal,0
i-synthetic-03,2026-03-31 19:21:22.279548,0.508782758102991,46.9,5.0,11,0,normal,0
i-synthetic-03,2026-03-31 19:22:30.134057,0.4500518789432578,41.2,5.2,11,0,normal,0
i-synthetic-03,2026-03-31 19:23:37.848669,0.4668486050123328,45.7,5.0,11,0,normal,0
i-synthetic-03,2026-03-31 19:24:45.791585,0.4521296930645299,44.8,5.0,11,0,normal,0
i-synthetic-03,2026-03-31 19:25:53.555968,0.461703754451624,43.1,5.0,11,0,normal,0
i-synthetic-03,2026-03-31 19:27:01.460210,0.4291666666666666,38.1,5.0,11,0,normal,0
i-synthetic-03,2026-03-31 19:28:09.309021,0.4167820927004038,44.3,5.0,11,0,normal,0
i-synthetic-03,2026-03-31 19:29:17.095706,0.4355032361919695,38.6,5.0,11,0,normal,0
i-synthetic-03,2026-03-31 19:30:24.468858,0.4266667889102805,43.5,9.7,11,0,normal,0
i-synthetic-03,2026-03-31 19:31:32.419430,0.5171234590554991,45.4,7.1,11,0,normal,0
i-synthetic-03,2026-03-31 19:32:39.978842,0.4543950628610828,41.9,5.0,11,0,normal,0
i-synthetic-03,2026-03-31 19:33:47.613437,0.466674290043757,46.3,5.0,11,0,normal,0
i-synthetic-03,2026-03-31 19:34:55.295538,0.4479223841994844,45.3,5.0,11,0,normal,0
i-synthetic-03,2026-03-31 19:36:02.464795,0.3916666666666666,46.1,5.0,11,0,normal,0
i-synthetic-03,2026-03-31 19:37:10.535922,0.4458333333333333,39.2,5.0,11,0,normal,0
i-synthetic-03,2026-03-31 19:38:17.852097,0.4276647276064447,45.6,5.0,11,0,normal,0
i-synthetic-03,2026-03-31 19:39:25.722268,0.4437718325534357,41.3,5.0,11,0,normal,0
i-synthetic-03,2026-03-31 19:40:33.835122,0.4333507993760818,39.4,5.0,11,0,normal,0
i-synthetic-03,2026-03-31 19:41:41.703012,0.5,39.9,5.0,11,0,normal,0
i-synthetic-03,2026-03-31 19:42:49.526679,0.4499999999999999,44.3,5.0,11,0,normal,0
i-synthetic-03,2026-03-31 19:43:57.718735,0.4666666666666666,44.1,5.0,11,0,normal,0
i-synthetic-03,2026-03-31 19:45:05.637498,0.4436672605864818,46.5,5.0,11,0,normal,0
i-synthetic-03,2026-03-31 19:46:13.752416,0.3833333333333333,43.4,5.0,11,0,normal,0
i-synthetic-03,2026-03-31 19:47:21.723562,0.4458333333333333,38.9,5.0,11,0,normal,0
i-synthetic-03,2026-03-31 19:48:29.909785,0.4277777777777777,44.6,5.0,11,0,normal,0
i-synthetic-03,2026-03-31 19:49:37.521977,0.4415620351251137,44.2,8.1,11,0,normal,0
i-synthetic-03,2026-03-31 19:50:44.868746,0.428249628100091,43.9,5.0,11,0,normal,0
i-synthetic-03,2026-03-31 19:51:52.480118,0.4754120237539201,45.3,5.0,11,0,normal,0
i-synthetic-03,2026-03-31 19:52:59.812693,0.4458589460007194,42.7,5.6,11,0,normal,0
i-synthetic-03,2026-03-31 19:54:07.835056,0.4437793640194815,44.6,5.0,11,0,normal,0
i-synthetic-03,2026-03-31 19:55:15.841441,0.4534437624551802,44.8,5.0,11,0,normal,0
i-synthetic-03,2026-03-31 19:56:23.847779,0.3830013987877173,45.3,6.8,11,0,normal,0
i-synthetic-03,2026-03-31 19:57:31.476122,0.4415006993938586,40.7,5.0,11,0,normal,0
i-synthetic-03,2026-03-31 19:58:38.758412,0.4277827887198131,39.3,5.0,11,0,normal,0
i-synthetic-03,2026-03-31 19:59:46.340060,0.4437537582065265,39.9,5.0,11,0,normal,0
i-synthetic-03,2026-03-31 20:00:53.489238,0.4332685097957547,38.4,9.0,11,0,normal,0
i-synthetic-03,2026-03-31 20:02:01.349372,0.5087742710348969,37.4,7.6,11,0,normal,0
i-synthetic-03,2026-03-31 20:03:10.036466,0.4584803125671879,45.1,5.0,11,0,normal,0
i-synthetic-03,2026-03-31 20:04:18.049009,0.4417769010920576,46.9,5.2,11,0,normal,0
i-synthetic-03,2026-03-31 20:05:25.365914,0.4517548542069794,46.8,5.0,11,0,normal,0
i-synthetic-03,2026-03-31 20:06:33.549104,0.3829950210647261,41.7,8.9,11,0,normal,0
i-synthetic-03,2026-03-31 20:07:40.634485,0.4498308438656964,44.9,5.0,11,0,normal,0
i-synthetic-03,2026-03-31 20:08:48.856472,0.4305582108330903,40.5,10.3,11,0,normal,0
i-synthetic-03,2026-03-31 20:09:56.768525,0.4437519914581511,40.8,6.4,11,0,normal,0
i-synthetic-03,2026-03-31 20:12:08.136907,0.4499488233072901,42.9,9.0,11,0,normal,0
i-synthetic-03,2026-03-31 20:13:24.165915,0.4637128570488841,44.2,6.3,11,0,normal,0
i-synthetic-03,2026-03-31 20:14:31.465371,0.4478713846295936,41.9,5.0,11,0,normal,0
i-synthetic-03,2026-03-31 20:15:39.495104,0.4549637743703416,41.2,5.0,11,0,normal,0
i-synthetic-03,2026-03-31 20:16:47.465467,0.3999999999999999,37.5,5.0,11,0,normal,0
i-synthetic-03,2026-03-31 20:17:55.943686,0.4499999999999999,41.7,5.0,11,0,normal,0
i-synthetic-03,2026-03-31 20:19:03.726751,0.4333333333333333,38.5,9.0,11,0,normal,0
i-synthetic-03,2026-03-31 20:20:11.665328,0.4399999999999999,46.0,5.0,11,0,normal,0
i-synthetic-03,2026-03-31 20:21:19.898676,0.5,41.1,5.0,11,0,normal,0
i-synthetic-03,2026-03-31 20:22:27.595878,0.4499999999999999,44.1,6.6,11,0,normal,0
i-synthetic-03,2026-03-31 20:23:35.595570,0.4666666666666666,44.8,5.0,11,0,normal,0
i-synthetic-03,2026-03-31 20:24:43.197495,0.4499999999999999,46.5,5.0,11,0,normal,0
i-synthetic-03,2026-03-31 20:25:50.663938,0.4599999999999999,39.9,5.0,11,0,normal,0
i-synthetic-03,2026-03-31 20:26:59.129993,0.3913209997835246,43.1,5.0,11,0,normal,0
i-synthetic-03,2026-03-31 20:28:07.316111,0.4304651044008735,40.9,5.0,11,0,normal,0
i-synthetic-03,2026-03-31 20:29:15.245443,0.4436821616339885,45.0,8.6,11,0,normal,0
i-synthetic-03,2026-03-31 20:30:22.928120,0.435016458451268,42.6,5.0,11,0,normal,0
i-synthetic-03,2026-03-31 20:31:30.822786,0.507884701846702,37.9,5.0,11,0,normal,0
i-synthetic-03,2026-03-31 20:32:38.818658,0.4541191737835441,40.3,5.0,11,0,normal,0
i-synthetic-03,2026-03-31 20:33:46.677604,0.4888572269668071,38.2,5.0,11,0,normal,0
i-synthetic-03,2026-03-31 20:34:55.134684,0.4665563286045098,43.7,5.0,11,0,normal,0
i-synthetic-03,2026-03-31 20:36:02.893197,0.3920064055514778,41.3,8.3,11,0,normal,0
i-synthetic-03,2026-03-31 20:37:10.412405,0.4418365361090722,43.6,6.4,11,0,normal,0
i-synthetic-03,2026-03-31 20:38:18.040124,0.4306688018504925,38.3,5.0,11,0,normal,0
i-synthetic-03,2026-03-31 20:39:26.349197,0.4437282928104461,43.2,5.0,11,0,normal,0
i-synthetic-03,2026-03-31 20:40:34.075876,0.4350533633924341,40.1,5.0,11,0,normal,0
i-synthetic-03,2026-03-31 20:41:41.662870,0.5,42.8,5.0,11,0,normal,0
i-synthetic-03,2026-03-31 20:42:49.620116,0.4458333333333333,46.1,5.0,11,0,normal,0
i-synthetic-03,2026-03-31 20:43:57.861963,0.4637417965981901,39.6,5.0,11,0,normal,0
i-synthetic-03,2026-03-31 20:45:05.589703,0.4599824737696579,43.7,10.4,11,0,normal,0
i-synthetic-03,2026-03-31 20:46:13.650345,0.3913144836313983,40.9,5.0,11,0,normal,0
i-synthetic-03,2026-03-31 20:47:21.458455,0.4373279363272743,39.0,5.0,11,0,normal,0
i-synthetic-03,2026-03-31 20:48:29.232668,0.4276630686626273,41.6,5.0,11,0,normal,0
i-synthetic-03,2026-03-31 20:49:36.870156,0.4458578157845912,43.0,5.0,11,0,normal,0
i-synthetic-03,2026-03-31 20:50:44.305431,0.4316862526276729,43.8,8.3,11,0,normal,0
i-synthetic-03,2026-03-31 20:51:52.049122,0.5083333333333333,39.1,6.4,11,0,normal,0
i-synthetic-03,2026-03-31 20:52:59.886035,0.4499999999999999,37.6,5.0,11,0,normal,0
i-synthetic-03,2026-03-31 20:54:07.813554,0.4499999999999999,46.2,5.0,11,0,normal,0
i-synthetic-03,2026-03-31 20:55:15.142643,0.458246548881821,38.4,9.3,11,0,normal,0
i-synthetic-03,2026-03-31 20:56:22.909014,0.4003536457203863,39.4,5.0,11,0,normal,0
i-synthetic-03,2026-03-31 20:57:30.858212,0.4460101561935264,38.4,5.0,11,0,normal,0
i-synthetic-03,2026-03-31 20:58:38.394406,0.4305557636297919,45.4,5.0,11,0,normal,0
i-synthetic-03,2026-03-31 20:59:46.513677,0.4459421617718376,46.4,5.0,11,0,normal,0
i-synthetic-03,2026-03-31 21:00:53.579207,0.4350192326480037,43.4,7.5,11,0,normal,0
i-synthetic-03,2026-03-31 21:02:01.673328,0.4543871355174484,45.3,5.0,11,0,normal,0
i-synthetic-03,2026-03-31 21:03:09.132439,0.4640358681227434,41.9,5.0,11,0,normal,0
i-synthetic-03,2026-03-31 21:04:16.657699,0.4501102344253909,38.2,5.0,11,0,normal,0
i-synthetic-03,2026-03-31 21:05:25.752831,0.4567548542069793,41.7,5.0,11,0,normal,0
i-synthetic-03,2026-03-31 21:06:33.333692,0.3916666666666666,38.7,5.0,11,0,normal,0
i-synthetic-03,2026-03-31 21:07:40.634906,0.4416666666666666,42.7,5.0,11,0,normal,0
i-synthetic-03,2026-03-31 21:08:48.112855,0.425,38.7,5.0,11,0,normal,0
i-synthetic-03,2026-03-31 21:09:56.381802,0.44375,42.7,5.0,11,0,normal,0
i-synthetic-03,2026-03-31 21:11:04.293817,0.5,46.9,5.0,11,0,normal,0
i-synthetic-03,2026-03-31 21:12:11.619464,0.4458333333333333,42.2,5.0,11,0,normal,0
i-synthetic-03,2026-03-31 21:13:18.977110,0.4637417965981901,38.5,5.0,11,0,normal,0
i-synthetic-03,2026-03-31 21:14:27.142405,0.4498896807819759,41.3,5.0,11,0,normal,0
i-synthetic-03,2026-03-31 21:15:35.211294,0.4566638756746741,38.1,5.0,11,0,normal,0
i-synthetic-03,2026-03-31 21:16:43.069894,0.3999999999999999,41.0,5.0,11,0,normal,0
i-synthetic-03,2026-03-31 21:17:51.005266,0.4416666666666666,37.7,5.0,11,0,normal,0
i-synthetic-03,2026-03-31 21:18:59.237841,0.425,40.6,5.0,11,0,normal,0
i-synthetic-03,2026-03-31 21:20:06.912465,0.4458333333333333,42.2,5.0,11,0,normal,0
i-synthetic-03,2026-03-31 21:21:15.223078,0.5,46.0,5.0,11,0,normal,0
i-synthetic-03,2026-03-31 21:22:23.342716,0.4456637580763338,40.3,5.0,11,0,normal,0
i-synthetic-03,2026-03-31 21:23:31.559142,0.4611402211823587,43.9,5.0,11,0,normal,0
i-synthetic-03,2026-03-31 21:24:38.572517,0.4479384992201023,37.1,5.0,11,0,normal,0
i-synthetic-03,2026-03-31 21:25:46.470632,0.4566841327094152,46.7,5.0,11,0,normal,0
i-synthetic-03,2026-03-31 21:26:53.921313,0.3833333333333333,44.9,5.0,11,0,normal,0
i-synthetic-03,2026-03-31 21:28:01.727203,0.4374999999999999,39.9,5.0,11,0,normal,0
i-synthetic-03,2026-03-31 21:29:09.819591,0.4416907642335018,45.3,5.0,11,0,normal,0
i-synthetic-03,2026-03-31 21:30:17.788102,0.433282007087266,40.5,6.2,11,0,normal,0
i-synthetic-03,2026-03-31 21:31:26.094907,0.508782758102991,38.4,8.9,11,0,normal,0
i-synthetic-03,2026-03-31 21:32:34.257790,0.4458920784453541,46.7,9.6,11,0,normal,0
i-synthetic-03,2026-03-31 21:33:42.038724,0.4612924347617056,40.5,5.0,11,0,normal,0
i-synthetic-03,2026-03-31 21:34:50.117238,0.4500440600562591,45.7,5.0,11,0,normal,0
i-synthetic-03,2026-03-31 21:35:57.370487,0.4584555192846022,45.1,9.4,11,0,normal,0
i-synthetic-03,2026-03-31 21:37:04.724926,0.4416666666666666,42.9,5.0,11,0,normal,0
i-synthetic-03,2026-03-31 21:38:12.945145,0.4277777777777777,41.9,5.0,11,0,normal,0
i-synthetic-03,2026-03-31 21:39:20.467128,0.4458333333333333,42.8,5.0,11,0,normal,0
i-synthetic-03,2026-03-31 21:40:28.082254,0.4383333333333333,45.8,5.0,11,0,normal,0
i-synthetic-03,2026-03-31 21:41:35.307193,0.5,40.8,5.0,11,0,normal,0
i-synthetic-03,2026-03-31 21:42:43.682626,0.4456604998917622,40.4,5.0,11,0,normal,0
i-synthetic-03,2026-03-31 21:43:51.947085,0.4639210189780025,42.8,5.0,11,0,normal,0
i-synthetic-03,2026-03-31 21:44:59.723345,0.4500240975668351,46.8,7.0,11,0,normal,0
i-synthetic-03,2026-03-31 21:46:07.228250,0.3916666666666666,39.2,5.0,11,0,normal,0
i-synthetic-03,2026-03-31 21:47:15.227279,0.4458375000694455,43.0,9.2,11,0,normal,0
i-synthetic-03,2026-03-31 21:48:23.511271,0.4250027778240748,46.1,5.0,11,0,normal,0
i-synthetic-03,2026-03-31 21:49:31.520291,0.4438605106717193,45.2,5.0,11,0,normal,0
i-synthetic-03,2026-03-31 21:50:39.036868,0.4350884085373754,45.4,5.0,11,0,normal,0
i-synthetic-03,2026-03-31 21:51:47.677127,0.507884701846702,38.4,5.0,11,0,normal,0
i-synthetic-03,2026-03-31 21:52:55.321760,0.4541191737835441,37.1,5.0,11,0,normal,0
i-synthetic-03,2026-03-31 21:54:02.706796,0.4664903639920645,44.8,8.3,11,0,normal,0
i-synthetic-03,2026-03-31 21:55:09.988691,0.4616507700158369,44.4,5.6,11,0,normal,0
i-synthetic-03,2026-03-31 21:56:18.451449,0.3913275161526676,43.1,5.0,11,0,normal,0
i-synthetic-03,2026-03-31 21:57:25.944397,0.4414970914096671,43.8,5.0,11,0,normal,0
i-synthetic-03,2026-03-31 21:58:33.301928,0.425000196123604,41.7,5.0,11,0,normal,0
i-synthetic-03,2026-03-31 21:59:41.327627,0.4416668137593696,37.4,9.0,11,0,normal,0
i-synthetic-03,2026-03-31 22:00:49.220749,0.4332628467079603,40.0,7.0,11,0,normal,0
i-synthetic-03,2026-03-31 22:01:56.978568,0.5171234590554991,39.8,5.0,11,0,normal,0
i-synthetic-03,2026-03-31 22:03:04.687937,0.4667037085018967,46.6,5.0,11,0,normal,0
i-synthetic-03,2026-03-31 22:04:12.284100,0.4521111147097558,41.1,5.0,11,0,normal,0
i-synthetic-03,2026-03-31 22:05:20.073342,0.4617773031979013,43.9,5.0,11,0,normal,0
i-synthetic-03,2026-03-31 22:06:28.035245,0.407959370576971,37.5,5.0,11,0,normal,0
i-synthetic-03,2026-03-31 22:07:36.308190,0.454209062217337,44.2,8.9,11,0,normal,0
i-synthetic-03,2026-03-31 22:08:44.360539,0.4332463747393995,42.1,5.0,11,0,normal,0
i-synthetic-03,2026-03-31 22:09:56.778391,0.4479601201040433,43.4,5.0,11,0,normal,0
i-synthetic-03,2026-03-31 22:11:04.632148,0.5087742710348969,37.6,5.0,11,0,normal,0
i-synthetic-03,2026-03-31 22:12:12.357733,0.4625366034874083,46.3,5.0,11,0,normal,0
i-synthetic-03,2026-03-31 22:13:19.972872,0.4723915210575971,37.3,5.0,11,0,normal,0
i-synthetic-03,2026-03-31 22:14:27.988078,0.4522103074598645,39.2,8.3,11,0,normal,0
i-synthetic-03,2026-03-31 22:15:35.443142,0.4616816543472961,37.3,8.9,11,0,normal,0
i-synthetic-03,2026-03-31 22:16:43.298166,0.4003469673717221,45.2,5.0,11,0,normal,0
i-synthetic-03,2026-03-31 22:17:50.752076,0.4460068170191943,39.4,6.2,11,0,normal,0
i-synthetic-03,2026-03-31 22:18:58.372041,0.4278934335683517,37.9,5.0,11,0,normal,0
i-synthetic-03,2026-03-31 22:20:06.305553,0.4458118356505194,39.9,6.6,11,0,normal,0
i-synthetic-03,2026-03-31 22:21:14.330296,0.5083333333333333,46.0,5.0,11,0,normal,0
i-synthetic-03,2026-03-31 22:22:22.885305,0.4585104312626498,43.0,5.0,11,0,normal,0
i-synthetic-03,2026-03-31 22:23:30.955668,0.4667847319528777,40.1,6.3,11,0,normal,0
i-synthetic-03,2026-03-31 22:24:38.911720,0.4458388986615875,41.3,5.0,11,0,normal,0
i-synthetic-03,2026-03-31 22:25:46.563916,0.4584259731362494,42.2,9.4,11,0,normal,0
i-synthetic-03,2026-03-31 22:26:54.554912,0.4083333333333332,44.1,5.0,11,0,normal,0
i-synthetic-03,2026-03-31 22:28:02.162699,0.4414570601524209,43.0,5.0,11,0,normal,0
i-synthetic-03,2026-03-31 22:29:10.088223,0.44373176626818,43.7,5.0,11,0,normal,0
i-synthetic-03,2026-03-31 22:30:18.277439,0.4316520796812106,42.9,5.0,11,0,normal,0
i-synthetic-03,2026-03-31 22:31:26.277813,0.525,44.0,5.0,11,0,normal,0
i-synthetic-03,2026-03-31 22:32:33.925667,0.4625,44.0,5.0,11,0,normal,0
i-synthetic-03,2026-03-31 22:33:41.526271,0.4693022552301022,42.8,5.0,11,0,normal,0
i-synthetic-03,2026-03-31 22:34:49.686326,0.4478947523764192,37.8,5.0,11,0,normal,0
i-synthetic-03,2026-03-31 22:35:56.878644,0.4599824685678021,46.4,5.0,11,0,normal,0
i-synthetic-03,2026-03-31 22:37:04.314381,0.4456204622660361,39.0,5.0,11,0,normal,0
i-synthetic-03,2026-03-31 22:38:11.756320,0.4221887354810205,41.9,6.7,11,0,normal,0
i-synthetic-03,2026-03-31 22:39:19.655184,0.4332071947200707,43.4,8.0,11,0,normal,0
i-synthetic-03,2026-03-31 22:40:27.183649,0.4249670368863521,41.9,5.0,11,0,normal,0
i-synthetic-03,2026-03-31 22:41:35.617030,0.5166666666666667,37.3,5.0,11,0,normal,0
i-synthetic-03,2026-03-31 22:42:45.768120,0.4539970914096671,43.2,5.0,11,0,normal,0
i-synthetic-03,2026-03-31 22:43:59.233494,0.469475964011329,43.3,5.0,11,0,normal,0
i-synthetic-03,2026-03-31 22:45:07.595651,0.4467015912410469,37.1,5.0,11,0,normal,0
i-synthetic-03,2026-03-31 22:46:20.497510,0.4083333333333332,42.3,6.0,11,0,normal,0
i-synthetic-03,2026-03-31 22:47:28.517327,0.4497871289327027,42.0,8.2,11,0,normal,0
i-synthetic-03,2026-03-31 22:48:37.149478,0.4248580859551351,37.5,9.0,11,0,normal,0
i-synthetic-03,2026-03-31 22:49:44.662228,0.4436435644663513,37.3,5.0,11,0,normal,0
i-synthetic-03,2026-03-31 22:50:52.356408,0.4299799079552789,37.9,5.5,11,0,normal,0
i-synthetic-03,2026-03-31 22:52:00.239510,0.4912409245320722,46.9,5.0,11,0,normal,0
i-synthetic-03,2026-03-31 22:53:08.055158,0.4581627515385407,40.9,9.7,11,0,normal,0
i-synthetic-03,2026-03-31 22:54:15.774269,0.439538524586714,40.8,6.6,11,0,normal,0
i-synthetic-03,2026-03-31 22:55:23.445002,0.4516308196693712,44.2,5.0,11,0,normal,0
i-synthetic-03,2026-03-31 22:56:31.973319,0.399653633517618,38.6,5.0,11,0,normal,0
i-synthetic-03,2026-03-31 22:57:39.631542,0.4456601500921423,38.8,5.0,11,0,normal,0
i-synthetic-03,2026-03-31 22:58:47.109791,0.4276601463939893,41.3,5.0,11,0,normal,0
i-synthetic-03,2026-03-31 22:59:55.743411,0.4437704488449857,46.4,5.0,11,0,normal,0
i-synthetic-03,2026-03-31 23:01:04.180217,0.5333333333333333,38.0,5.0,11,0,normal,0
i-synthetic-03,2026-03-31 23:02:15.821331,0.4624999999999999,46.7,5.0,11,0,normal,0
i-synthetic-03,2026-04-01 04:02:09.759577,0.4498271665584289,48.2,9.7,12,0,normal,0
i-synthetic-03,2026-04-01 04:30:56.033882,0.4400753005694034,42.9,6.9,12,0,normal,0
i-synthetic-03,2026-04-01 04:32:04.901351,0.5333333333333333,40.9,5.0,12,0,normal,0
i-synthetic-03,2026-04-01 04:33:12.441230,34.70118798897529,48.0,27.7,12,0,normal,0
i-synthetic-03,2026-04-01 04:34:19.627547,51.02589099173147,44.6,48.7,12,0,normal,0
i-synthetic-03,2026-04-01 04:35:28.531400,60.82071279338518,42.4,49.0,12,0,normal,0
i-synthetic-03,2026-04-01 04:36:37.540759,9.63315737764974,40.5,7.3,12,0,normal,0
i-synthetic-03,2026-04-01 04:37:45.385921,54.09157868882487,39.7,38.5,12,0,normal,0
i-synthetic-03,2026-04-01 04:38:53.672169,69.39438579254991,40.0,59.0,12,0,normal,0
i-synthetic-03,2026-04-01 04:40:02.111026,77.0432893860784,46.3,55.3,12,0,normal,0
i-synthetic-03,2026-04-01 04:41:10.893515,99.99166666666666,39.5,79.2,12,1,critical,0
i-synthetic-03,2026-04-01 04:42:19.790197,76.18979856346722,47.0,58.7,12,0,normal,0
i-synthetic-03,2026-04-01 04:43:29.061630,83.83572478684563,46.5,72.3,12,1,warning,0
i-synthetic-03,2026-04-01 04:44:38.443509,87.86637692346756,46.6,79.6,12,1,warning,0
i-synthetic-03,2026-04-01 04:45:47.173542,90.28476820544071,44.4,70.6,12,1,warning,1
i-synthetic-03,2026-04-01 04:46:55.540167,14.433333333333334,44.9,10.8,12,0,normal,0
i-synthetic-03,2026-04-01 04:48:03.389441,13.495833333333334,43.8,5.2,12,0,normal,0
i-synthetic-03,2026-04-01 04:49:10.723762,34.32674002031621,48.6,23.9,12,0,normal,0
i-synthetic-03,2026-04-01 04:50:18.509741,47.46039289880671,46.6,39.2,12,0,normal,0
i-synthetic-03,2026-04-01 04:51:28.189386,100.0,40.6,89.4,12,1,critical,0
i-synthetic-03,2026-04-01 04:52:36.789833,99.99583333333334,46.6,79.6,12,1,critical,1
i-synthetic-03,2026-04-01 04:53:45.148374,99.99722222222222,41.3,85.0,12,1,critical,1
i-synthetic-03,2026-04-01 04:54:53.576042,76.30321459153488,44.2,69.6,12,0,normal,0
i-synthetic-03,2026-04-01 04:57:05.692421,99.998334776527,39.5,83.1,12,1,critical,0
i-synthetic-03,2026-04-01 04:58:14.415472,99.99722173865396,47.2,85.6,12,1,critical,1
i-synthetic-03,2026-04-01 04:59:23.296415,99.99791630399046,43.1,83.3,12,1,critical,1
i-synthetic-03,2026-04-01 05:00:31.479641,94.92818774818178,48.3,73.5,12,1,warning,1
i-synthetic-03,2026-04-01 05:01:40.449297,2.1314505520123888,43.7,5.0,12,0,normal,0
i-synthetic-03,2026-04-01 05:02:48.424830,2.178225276006194,46.7,5.0,12,0,normal,0
i-synthetic-03,2026-04-01 05:03:55.949045,2.182705739559685,40.3,5.0,12,0,normal,0
i-synthetic-03,2026-04-01 05:05:04.424453,3.9899048867882847,42.2,5.0,12,0,normal,0
i-synthetic-03,2026-04-01 05:06:13.155065,100.0,44.2,70.7,12,1,critical,0
i-synthetic-03,2026-04-01 05:07:21.611405,99.99583333333334,42.2,78.5,12,1,critical,1
i-synthetic-03,2026-04-01 05:08:30.179514,99.99722222222222,41.3,75.2,12,1,critical,1
i-synthetic-03,2026-04-01 05:09:39.192143,99.99666776985885,46.5,82.7,12,1,critical,1
i-synthetic-03,2026-04-01 05:10:47.816859,99.99666695981088,47.2,79.7,12,1,critical,1
i-synthetic-03,2026-04-01 05:11:56.681759,100.0,46.3,79.0,12,1,critical,1
i-synthetic-03,2026-04-01 05:13:06.314907,99.99388338393445,42.9,79.3,12,1,critical,1
i-synthetic-03,2026-04-01 05:14:15.417906,99.99541253795084,45.8,75.1,12,1,critical,1
i-synthetic-03,2026-04-01 05:15:23.980162,97.894663363694,42.0,75.0,12,1,critical,1
i-synthetic-03,2026-04-01 05:16:33.522405,2.12312457329359,48.3,5.0,12,0,normal,0
i-synthetic-03,2026-04-01 05:17:41.903769,2.1541941114253493,44.7,5.0,12,0,normal,0
i-synthetic-03,2026-04-01 05:18:49.649634,2.141684963172456,39.1,5.0,12,0,normal,0
i-synthetic-03,2026-04-01 05:19:58.088598,2.157868997807304,46.2,5.0,12,0,normal,0
i-synthetic-03,2026-04-01 05:21:06.316114,2.233333333333333,40.8,5.0,12,0,normal,0
i-synthetic-03,2026-04-01 05:22:13.578556,2.1657050481503064,41.7,7.9,12,0,normal,0
i-synthetic-03,2026-04-01 05:23:22.110902,2.172236733242343,47.9,9.0,12,0,normal,0
i-synthetic-03,2026-04-01 05:24:29.797545,2.1537142092160564,41.0,5.0,12,0,normal,0
i-synthetic-03,2026-04-01 05:25:37.511826,2.17131217305294,46.9,5.0,12,0,normal,0
i-synthetic-03,2026-04-01 05:26:48.995528,93.94131482809814,45.2,83.8,12,1,warning,0
i-synthetic-03,2026-04-01 05:27:57.864291,96.97065741404909,46.3,77.8,12,1,critical,1
i-synthetic-03,2026-04-01 05:29:06.608408,98.4828264549977,47.0,87.0,12,1,critical,1
i-synthetic-03,2026-04-01 05:30:15.357144,98.78626116399816,39.3,84.3,12,1,critical,1
i-synthetic-03,2026-04-01 05:31:24.116765,8.408473474557908,41.6,5.6,12,0,normal,0
i-synthetic-03,2026-04-01 05:32:32.399629,5.333403403945621,46.4,9.4,12,0,normal,0
i-synthetic-03,2026-04-01 05:33:40.352410,4.300704887721133,40.8,6.0,12,0,normal,0
i-synthetic-03,2026-04-01 05:34:48.112198,3.7567786657908497,43.4,5.0,12,0,normal,0
i-synthetic-03,2026-04-01 05:35:55.299788,3.4466998047289947,43.5,5.0,12,0,normal,0
i-synthetic-03,2026-04-01 05:37:03.482471,2.1509320038256017,45.9,9.8,12,0,normal,0
i-synthetic-03,2026-04-01 05:38:11.272916,2.133954669217068,48.0,5.0,12,0,normal,0
i-synthetic-03,2026-04-01 05:39:20.002734,2.158297287089475,46.6,5.0,12,0,normal,0
i-synthetic-03,2026-04-01 05:40:27.994826,2.152020674231684,47.5,7.6,12,0,normal,0
i-synthetic-03,2026-04-01 05:41:36.015799,2.198058381762777,47.0,8.8,12,0,normal,0
i-synthetic-03,2026-04-01 05:42:44.291770,2.1615291908813883,39.9,7.6,12,0,normal,0
i-synthetic-03,2026-04-01 05:43:53.445031,2.1916825463133165,45.3,8.0,12,0,normal,0
i-synthetic-03,2026-04-01 05:45:01.553513,2.199612378603104,45.9,5.0,12,0,normal,0
i-synthetic-03,2026-04-01 05:46:10.393531,1.0092248152534735,45.5,5.0,12,0,normal,0
i-synthetic-03,2026-04-01 05:47:18.687409,1.3462790742934034,43.9,5.0,12,0,normal,0
i-synthetic-03,2026-04-01 05:48:26.303192,1.6225193828622688,41.8,5.0,12,0,normal,0
i-synthetic-03,2026-04-01 05:49:35.448736,1.793972870480035,45.1,11.0,12,0,normal,0
i-synthetic-03,2026-04-01 05:50:44.515276,1.866844963050695,43.3,8.3,12,0,normal,0
i-synthetic-03,2026-04-01 05:51:53.190226,2.283333333333333,43.4,5.0,12,0,normal,0
i-synthetic-03,2026-04-01 05:53:01.883776,2.2521109593932764,43.0,5.0,12,0,normal,0
i-synthetic-03,2026-04-01 05:54:15.037394,2.1078332195449576,45.5,5.3,12,0,normal,0
i-synthetic-03,2026-04-01 05:55:24.365334,2.1379332423026325,44.7,8.2,12,0,normal,0
i-synthetic-03,2026-04-01 05:56:34.271144,2.13521944384206,39.3,5.6,12,0,normal,0
i-synthetic-03,2026-04-01 05:57:43.610588,2.208287800919232,48.5,11.7,12,0,normal,0
i-synthetic-03,2026-04-01 05:58:52.119763,2.0332842753103315,43.5,5.0,12,0,normal,0
i-synthetic-03,2026-04-01 06:00:00.798551,2.1025663826746546,39.3,5.0,12,0,normal,0
i-synthetic-03,2026-04-01 06:01:08.879474,2.3062577014020715,42.0,6.0,12,0,normal,0
i-synthetic-03,2026-04-01 06:02:16.989237,2.254119742503658,48.3,5.3,12,0,normal,0
i-synthetic-03,2026-04-01 06:03:25.473978,2.2659612108922915,44.0,5.0,12,0,normal,0
i-synthetic-03,2026-04-01 06:04:33.379854,2.2499571710347497,41.6,5.0,12,0,normal,0
i-synthetic-03,2026-04-01 06:05:41.929290,9.108299070161134,42.5,5.0,12,0,normal,0
i-synthetic-03,2026-04-01 06:06:49.960357,100.0,41.2,76.2,12,1,critical,0
i-synthetic-03,2026-04-01 06:07:58.556657,99.99249987499792,43.8,70.1,12,1,critical,1
i-synthetic-03,2026-04-01 06:09:07.521914,99.99416660416564,42.8,78.0,12,1,critical,1
i-synthetic-03,2026-04-01 06:10:16.732511,93.1903332833325,44.9,68.0,12,1,warning,1
i-synthetic-03,2026-04-01 06:11:25.664407,2.283333333333333,46.2,6.8,12,0,normal,0
i-synthetic-03,2026-04-01 06:12:33.311253,2.225,40.8,7.3,12,0,normal,0
i-synthetic-03,2026-04-01 06:13:40.900785,2.221570113066791,44.2,5.0,12,0,normal,0
i-synthetic-03,2026-04-01 06:14:48.113756,2.2062379714749896,47.7,9.7,12,0,normal,0
i-synthetic-03,2026-04-01 06:15:55.887088,5.691657043846658,45.7,5.0,12,0,normal,0
i-synthetic-03,2026-04-01 06:17:03.246426,99.99333553971768,48.5,74.2,12,1,critical,0
i-synthetic-03,2026-04-01 06:18:12.524116,99.99555702647848,46.8,79.6,12,1,critical,1
i-synthetic-03,2026-04-01 06:19:21.238244,99.99666776985885,48.4,81.8,12,1,critical,1
i-synthetic-03,2026-04-01 06:20:30.013655,99.99666695981088,46.6,84.8,12,1,critical,1
i-synthetic-03,2026-04-01 06:21:39.153710,99.99500441276872,47.3,89.3,12,1,critical,1
i-synthetic-03,2026-04-01 06:22:47.913149,99.99750220638435,41.8,71.0,12,1,critical,1
i-synthetic-03,2026-04-01 06:23:57.334520,99.99833480425625,39.2,88.0,12,1,critical,1
i-synthetic-03,2026-04-01 06:25:06.847450,96.83679004292868,41.1,82.4,12,1,critical,1
i-synthetic-03,2026-04-01 06:26:15.921875,1.9934275276494235,47.9,5.0,12,0,normal,0
i-synthetic-03,2026-04-01 06:27:23.223928,2.046713763824712,43.9,5.0,12,0,normal,0
i-synthetic-03,2026-04-01 06:28:30.854393,2.03055414005368,47.3,5.0,12,0,normal,0
i-synthetic-03,2026-04-01 06:29:38.919824,2.0395822717069265,40.5,5.0,12,0,normal,0
i-synthetic-03,2026-04-01 06:30:47.235463,2.0019929396568985,41.2,5.0,12,0,normal,0
i-synthetic-03,2026-04-01 06:31:55.459997,0.6916666666666665,41.3,5.0,12,0,normal,0
i-synthetic-03,2026-04-01 06:33:03.365229,1.5160758459656931,45.5,5.0,12,0,normal,0
i-synthetic-03,2026-04-01 06:34:11.482416,1.6120568844742698,44.1,5.0,12,0,normal,0
i-synthetic-03,2026-04-01 06:35:19.031583,1.8613121742460823,46.3,5.6,12,0,normal,0
i-synthetic-03,2026-04-01 06:36:27.075925,100.0,45.0,80.4,12,1,critical,0
i-synthetic-03,2026-04-01 06:37:35.670352,100.0,43.3,83.4,12,1,critical,1
i-synthetic-03,2026-04-01 06:38:44.725225,99.99833480425625,48.8,76.0,12,1,critical,1
i-synthetic-03,2026-04-01 06:39:53.627292,99.99791703309693,39.9,73.4,12,1,critical,1
i-synthetic-03,2026-04-01 06:42:06.612022,2.15,44.0,10.8,12,0,normal,0
i-synthetic-03,2026-04-01 06:43:14.589074,2.157693481868794,43.1,5.0,12,0,normal,0
i-synthetic-03,2026-04-01 06:44:22.180278,2.1245201114015955,40.8,5.0,12,0,normal,0
i-synthetic-03,2026-04-01 06:45:29.965170,2.124616089121276,47.6,5.0,12,0,normal,0
i-synthetic-03,2026-04-01 06:46:38.487813,2.05181243431698,43.1,5.0,12,0,normal,0
i-synthetic-03,2026-04-01 06:47:46.230502,2.096739550491823,44.2,5.0,12,0,normal,0
i-synthetic-03,2026-04-01 06:48:19.367643,2.058354012019221,44.4,5.0,12,0,normal,0
i-synthetic-03,2026-04-01 06:48:37.168899,2.058354012019221,42.0,5.0,12,0,normal,0
i-synthetic-03,2026-04-01 06:49:38.995486,2.0650593185461688,44.4,6.2,12,0,normal,0
i-synthetic-03,2026-04-01 06:50:46.606689,2.042047454836935,41.0,5.1,12,0,normal,0
i-synthetic-03,2026-04-01 06:51:04.985107,2.058333333333333,40.0,5.0,12,0,normal,0
i-synthetic-03,2026-04-01 06:51:51.467626,2.058333333333333,39.3,5.0,12,0,normal,0
i-synthetic-03,2026-04-01 06:52:59.991488,2.01606603981298,46.7,5.0,12,0,normal,0
i-synthetic-03,2026-04-01 06:54:07.496019,1.991639834628948,42.9,5.0,12,0,normal,0
i-synthetic-03,2026-04-01 06:58:15.087941,1.8755191949074312,39.4,5.0,12,0,normal,0
i-synthetic-03,2026-04-01 06:59:24.499074,14.19830606284724,40.2,14.9,12,0,normal,0
i-synthetic-03,2026-04-01 07:00:33.556056,31.35764573283153,43.6,26.6,12,0,normal,0
i-synthetic-03,2026-04-01 07:01:42.652668,100.0,47.1,71.7,12,1,critical,0
i-synthetic-03,2026-04-01 07:02:52.201123,100.0,44.7,85.0,12,1,critical,1
i-synthetic-03,2026-04-01 07:04:02.212521,94.10708443652553,40.9,69.2,12,1,warning,1
i-synthetic-03,2026-04-01 07:05:13.195240,90.35064160964043,41.7,78.1,12,1,warning,1
i-synthetic-03,2026-04-01 07:06:23.955787,99.96666666666668,40.7,79.8,12,1,critical,1
i-synthetic-03,2026-04-01 07:07:34.019482,99.95416666666668,44.7,79.0,12,1,critical,1
i-synthetic-03,2026-04-01 07:08:43.959588,86.16111111111111,44.6,59.7,12,1,warning,0
i-synthetic-03,2026-04-01 07:09:54.998038,67.94711722063101,46.6,57.7,12,0,normal,0
i-synthetic-03,2026-04-01 07:11:08.077883,7.776464123357701,47.1,5.0,12,0,normal,0
i-synthetic-03,2026-04-01 07:12:20.356403,5.06844124645874,40.4,8.4,12,0,normal,0
i-synthetic-03,2026-04-01 07:13:31.956924,4.109516386528049,46.4,5.0,12,0,normal,0
i-synthetic-03,2026-04-01 07:14:43.965665,3.6571372898960366,40.0,5.0,12,0,normal,0
i-synthetic-03,2026-04-01 07:15:56.149175,3.3590431652501627,48.8,6.2,12,0,normal,0
i-synthetic-03,2026-04-01 07:17:15.669556,2.182395619980128,43.1,5.0,12,0,normal,0
i-synthetic-03,2026-04-01 07:18:31.293240,2.202152635542308,41.9,6.5,12,0,normal,0
i-synthetic-03,2026-04-01 07:19:43.925771,2.208356265236643,45.6,5.0,12,0,normal,0
i-synthetic-03,2026-04-01 07:20:53.589828,2.208351678855981,48.9,5.0,12,0,normal,0
i-synthetic-03,2026-04-01 07:22:04.759009,2.1625,48.3,9.4,12,0,normal,0
i-synthetic-03,2026-04-01 07:23:15.170560,2.172222222222222,48.6,9.3,12,0,normal,0
i-synthetic-03,2026-04-01 07:24:24.122293,2.1499999999999995,45.7,5.0,12,0,normal,0
i-synthetic-03,2026-04-01 07:25:33.664463,2.16,41.8,5.0,12,0,normal,0
i-synthetic-03,2026-04-01 07:26:43.802126,2.0731687009808004,43.8,5.0,12,0,normal,0
i-synthetic-03,2026-04-01 07:27:53.256047,2.1208754743164464,46.6,6.9,12,0,normal,0
i-synthetic-03,2026-04-01 09:03:58.530606,1.6055555555555554,41.4,5.0,12,0,normal,0
i-synthetic-03,2026-04-01 09:05:06.711205,1.6030420905977496,46.4,5.0,12,0,normal,0
i-synthetic-03,2026-04-01 10:18:28.703994,1.5837901257221656,40.9,10.7,12,0,normal,0
i-synthetic-03,2026-04-01 10:31:59.433448,1.6568697650408806,42.6,5.0,12,0,normal,0
i-synthetic-03,2026-04-01 10:33:07.334880,1.621703302416086,45.6,5.0,12,0,normal,0
i-synthetic-03,2026-04-01 10:34:15.257468,1.6058608101453975,43.4,8.2,12,0,normal,0
i-synthetic-04,2026-03-30 03:16:40.162942,2.1666666666666665,37.3,11.0,10,0,normal,0
i-synthetic-04,2026-03-30 03:16:42.439242,2.1666666666666665,44.1,7.4,10,0,normal,0
i-synthetic-04,2026-03-30 03:17:51.597278,2.147222222222222,39.8,5.0,10,0,normal,0
i-synthetic-04,2026-03-30 03:17:53.680359,2.147222222222222,41.2,5.0,10,0,normal,0
i-synthetic-04,2026-03-30 03:19:02.380328,2.15,43.1,5.0,10,0,normal,0
i-synthetic-04,2026-03-30 03:19:04.739826,2.15,41.0,6.9,10,0,normal,0
i-synthetic-04,2026-03-30 03:20:13.298905,2.144639056801718,44.2,5.0,10,0,normal,0
i-synthetic-04,2026-03-30 03:20:16.093017,2.144639056801718,44.7,5.0,10,0,normal,0
i-synthetic-04,2026-03-30 03:21:24.103564,2.251914127007957,39.8,5.0,10,0,normal,0
i-synthetic-04,2026-03-30 03:21:26.950833,2.1917178335161345,42.5,5.0,10,0,normal,0
i-synthetic-04,2026-03-30 03:22:35.506124,2.200662701089912,37.2,5.5,10,0,normal,0
i-synthetic-04,2026-03-30 03:22:37.512053,2.200662701089912,42.2,5.0,10,0,normal,0
i-synthetic-04,2026-03-30 03:23:46.680296,2.1771327188117224,38.3,5.0,10,0,normal,0
i-synthetic-04,2026-03-30 03:23:48.100327,2.1771327188117224,35.5,5.0,10,0,normal,0
i-synthetic-04,2026-03-30 03:24:57.625391,2.185039508382711,45.0,5.0,10,0,normal,0
i-synthetic-04,2026-03-30 03:26:09.683774,2.293616240471067,40.8,5.0,10,0,normal,0
i-synthetic-04,2026-03-30 03:27:21.258903,2.255141453568867,41.3,5.0,10,0,normal,0
i-synthetic-04,2026-03-30 03:28:32.349312,2.2171540601177666,40.2,6.3,10,0,normal,0
i-synthetic-04,2026-03-30 03:29:43.843039,2.2087232480942136,37.3,11.2,10,0,normal,0
i-synthetic-04,2026-04-01 07:29:03.103717,2.126622676572852,48.8,5.0,12,0,normal,0
i-synthetic-04,2026-03-30 03:46:34.726358,2.229166666666667,35.0,9.3,10,0,normal,0
i-synthetic-04,2026-03-30 03:47:44.619750,2.2604658155241,41.8,10.5,10,0,normal,0
i-synthetic-04,2026-03-30 03:48:19.852766,2.2604658155241,43.0,5.0,10,0,normal,0
i-synthetic-04,2026-03-30 03:49:30.712919,2.267938489442236,42.3,5.0,10,0,normal,0
i-synthetic-04,2026-03-30 03:50:40.704390,2.267938489442236,36.2,6.4,10,0,normal,0
i-synthetic-04,2026-03-30 03:51:44.821104,2.196793941516956,44.3,9.9,10,0,normal,0
i-synthetic-04,2026-03-30 03:52:55.218943,2.075121402164102,43.8,5.0,10,0,normal,0
i-synthetic-04,2026-03-30 03:54:05.636469,2.1000910516230764,43.4,8.1,10,0,normal,0
i-synthetic-04,2026-03-30 03:55:16.444062,2.0399348941781907,38.6,11.3,10,0,normal,0
i-synthetic-04,2026-03-30 03:56:27.197807,2.230504427683031,43.9,5.0,10,0,normal,0
i-synthetic-04,2026-03-30 03:57:37.024931,2.2092251740109097,43.6,6.4,10,0,normal,0
i-synthetic-04,2026-03-30 03:58:47.043569,2.221502213841516,35.3,5.0,10,0,normal,0
i-synthetic-04,2026-03-30 03:59:58.045253,2.210167083890651,41.0,5.0,10,0,normal,0
i-synthetic-04,2026-03-30 04:01:08.477440,2.313004409684666,36.7,9.8,10,0,normal,0
i-synthetic-04,2026-03-30 04:02:18.569320,2.346898836646389,44.0,5.0,10,0,normal,0
i-synthetic-04,2026-03-30 04:03:30.371308,1.8715808602231607,37.7,5.0,10,0,normal,0
i-synthetic-04,2026-03-30 04:04:41.232016,1.925234247386536,38.9,10.5,10,0,normal,0
i-synthetic-04,2026-03-30 04:05:52.159479,1.925234247386536,37.2,6.5,10,0,normal,0
i-synthetic-04,2026-03-30 04:07:02.875809,2.179203905334522,42.1,10.1,10,0,normal,0
i-synthetic-04,2026-03-30 04:08:13.370057,2.1777905204244,43.8,5.0,10,0,normal,0
i-synthetic-04,2026-03-30 04:09:23.992828,2.1546193086071788,44.5,5.6,10,0,normal,0
i-synthetic-04,2026-03-30 04:10:33.838717,2.1653621135524097,37.0,6.1,10,0,normal,0
i-synthetic-04,2026-03-30 04:11:44.281156,2.1949309753376296,44.7,9.9,10,0,normal,0
i-synthetic-04,2026-03-30 04:12:53.935222,2.205584936535117,39.9,7.5,10,0,normal,0
i-synthetic-04,2026-03-30 04:14:04.124077,2.1916887024013376,37.0,5.0,10,0,normal,0
i-synthetic-04,2026-03-30 04:15:15.161562,2.2000176285877364,35.8,6.6,10,0,normal,0
i-synthetic-04,2026-03-30 04:16:25.673419,2.1481740520557526,35.4,5.2,10,0,normal,0
i-synthetic-04,2026-03-30 04:17:36.313191,2.157724684018584,38.9,5.0,10,0,normal,0
i-synthetic-04,2026-03-30 04:18:47.492577,2.1703768463472715,37.6,5.0,10,0,normal,0
i-synthetic-04,2026-03-30 04:19:58.066268,2.1549906962474443,40.6,5.0,10,0,normal,0
i-synthetic-04,2026-03-30 04:21:08.287358,2.2416666666666667,41.6,8.9,10,0,normal,0
i-synthetic-04,2026-03-30 04:22:19.202755,2.1791666666666667,43.8,5.0,10,0,normal,0
i-synthetic-04,2026-03-30 04:23:29.514296,2.16875,43.5,5.0,10,0,normal,0
i-synthetic-04,2026-03-30 04:24:39.882718,2.178333333333333,37.7,5.0,10,0,normal,0
i-synthetic-04,2026-03-30 04:25:50.985189,2.178333333333333,43.4,10.0,10,0,normal,0
i-synthetic-04,2026-03-30 04:27:02.010644,2.186548100781003,41.1,10.6,10,0,normal,0
i-synthetic-04,2026-03-30 04:28:12.489017,2.166634662726877,42.8,5.0,10,0,normal,0
i-synthetic-04,2026-03-30 04:29:23.118663,2.176590458086606,36.8,5.0,10,0,normal,0
i-synthetic-04,2026-03-30 04:30:33.335977,2.16663392379301,36.0,5.0,10,0,normal,0
i-synthetic-04,2026-03-30 04:31:44.066925,2.1708333333333334,35.4,5.0,10,0,normal,0
i-synthetic-04,2026-03-30 04:32:55.477910,2.25,35.0,9.5,10,0,normal,0
i-synthetic-04,2026-03-30 04:34:06.410760,2.220833333333333,38.7,5.0,10,0,normal,0
i-synthetic-04,2026-03-30 04:35:29.570334,2.172996453014937,41.7,5.9,10,0,normal,0
i-synthetic-04,2026-03-30 04:36:28.705788,2.049999028347222,44.8,5.1,10,0,normal,0
i-synthetic-04,2026-03-30 04:37:39.822871,2.0694437966759254,35.6,5.0,10,0,normal,0
i-synthetic-04,2026-03-30 04:38:46.017989,2.043733125831,37.3,5.0,10,0,normal,0
i-synthetic-04,2026-03-30 04:39:56.754398,2.037008286575688,42.0,5.0,10,0,normal,0
i-synthetic-04,2026-03-30 04:41:07.711386,1.883333333333333,43.4,5.0,10,0,normal,0
i-synthetic-04,2026-03-30 04:42:18.178771,1.932491132537343,42.4,8.9,10,0,normal,0
i-synthetic-04,2026-03-30 04:43:29.096828,1.903752754409312,44.0,9.1,10,0,normal,0
i-synthetic-04,2026-03-30 04:44:41.299720,1.9083233044448804,38.4,5.0,10,0,normal,0
i-synthetic-04,2026-03-30 04:45:51.924380,1.9083233044448804,36.5,5.0,10,0,normal,0
i-synthetic-04,2026-03-30 04:47:02.103934,1.8250429340575929,42.3,10.6,10,0,normal,0
i-synthetic-04,2026-03-30 04:48:12.536257,1.7944730671495064,43.7,5.0,10,0,normal,0
i-synthetic-04,2026-03-30 04:49:23.330138,1.8021048003621296,43.2,5.0,10,0,normal,0
i-synthetic-04,2026-03-30 04:50:28.321459,1.776683840289704,39.9,5.0,10,0,normal,0
i-synthetic-04,2026-03-30 04:51:39.000674,1.715973089540557,43.8,7.5,10,0,normal,0
i-synthetic-04,2026-03-30 04:52:48.723271,1.719471225484627,44.8,5.0,10,0,normal,0
i-synthetic-04,2026-03-30 04:53:03.420707,1.719471225484627,41.3,5.0,10,0,normal,0
i-synthetic-04,2026-03-30 04:54:13.608084,1.6979367524468034,35.9,5.0,10,0,normal,0
i-synthetic-04,2026-03-30 04:55:24.388285,1.696682735290776,38.4,5.0,10,0,normal,0
i-synthetic-04,2026-03-30 04:56:34.552589,1.65,40.3,5.4,10,0,normal,0
i-synthetic-04,2026-03-30 04:57:44.950680,1.635655803677985,35.5,5.0,10,0,normal,0
i-synthetic-04,2026-03-30 04:58:06.958552,1.635655803677985,41.1,7.9,10,0,normal,0
i-synthetic-04,2026-03-30 04:59:17.705982,1.6541885157553693,44.5,5.0,10,0,normal,0
i-synthetic-04,2026-03-30 05:00:28.354874,1.6416841459376286,43.7,5.0,10,0,normal,0
i-synthetic-04,2026-03-30 05:29:59.560013,0.0001577347978801,44.3,5.0,10,0,normal,0
i-synthetic-04,2026-03-30 05:31:12.050313,7.59987333544441,38.4,11.3,10,0,normal,0
i-synthetic-04,2026-04-01 07:30:14.081399,2.1133287683121784,45.9,5.0,12,0,normal,0
i-synthetic-04,2026-04-01 07:31:24.295427,2.198058381762777,44.8,5.0,12,0,normal,0
i-synthetic-04,2026-04-01 07:32:32.841628,2.1365291908813884,39.7,5.0,12,0,normal,0
i-synthetic-04,2026-04-01 07:33:41.652799,2.158334477741634,44.7,8.4,12,0,normal,0
i-synthetic-04,2026-04-01 07:34:50.707375,2.139124528231125,39.2,5.0,12,0,normal,0
i-synthetic-04,2026-04-01 07:37:06.865762,2.083333333333333,47.1,5.0,12,0,normal,0
i-synthetic-04,2026-04-01 07:38:15.984118,2.068843817590757,42.4,5.0,12,0,normal,0
i-synthetic-04,2026-04-01 07:39:24.692562,2.076632863193068,44.2,5.0,12,0,normal,0
i-synthetic-04,2026-04-01 07:41:34.794834,2.12312457329359,44.8,11.3,12,0,normal,0
i-synthetic-04,2026-04-01 07:42:44.771523,2.065728953313462,48.5,5.0,12,0,normal,0
i-synthetic-04,2026-04-01 07:43:55.332149,2.077152635542308,41.9,5.0,12,0,normal,0
i-synthetic-04,2026-04-01 07:45:04.556194,2.058306533807213,44.5,6.2,12,0,normal,0
i-synthetic-04,2026-04-01 07:46:16.689549,100.0,45.1,78.6,12,1,critical,0
i-synthetic-04,2026-04-01 09:06:15.028080,1.559711078119005,48.4,5.0,12,0,normal,0
i-synthetic-04,2026-04-01 09:07:24.017411,1.6048555390595023,40.0,5.0,12,0,normal,0
i-synthetic-04,2026-04-01 09:08:32.831247,1.5833390470322362,48.0,7.0,12,0,normal,0
i-synthetic-04,2026-04-01 09:09:42.428249,1.6003689824233254,44.5,9.6,12,0,normal,0
i-synthetic-04,2026-04-01 09:10:51.240812,1.5866912027904412,47.7,7.1,12,0,normal,0
i-synthetic-04,2026-04-01 09:12:01.936978,1.6583333333333332,40.5,5.0,12,0,normal,0
i-synthetic-04,2026-04-01 09:13:12.286236,1.6227109409608114,47.6,8.5,12,0,normal,0
i-synthetic-04,2026-04-01 09:14:21.273482,1.6086998723872752,48.4,5.0,12,0,normal,0
i-synthetic-04,2026-04-01 09:15:31.014942,1.6416465913306315,47.6,5.0,12,0,normal,0
i-synthetic-04,2026-04-01 09:16:40.776026,1.6347773866915771,39.1,5.0,12,0,normal,0
i-synthetic-04,2026-04-01 09:17:50.201674,1.6840553600124553,40.4,5.0,12,0,normal,0
i-synthetic-04,2026-04-01 09:19:00.195098,1.6583415375843336,46.9,5.0,12,0,normal,0
i-synthetic-04,2026-04-01 09:20:10.822621,1.6566715892172668,41.8,5.0,12,0,normal,0
i-synthetic-04,2026-04-01 09:21:19.783865,1.7083333333333333,44.5,5.0,12,0,normal,0
i-synthetic-04,2026-04-01 09:22:28.161315,1.6465332571549314,41.1,5.0,12,0,normal,0
i-synthetic-04,2026-03-30 05:32:24.149203,4.1919561519246535,42.4,5.0,10,0,normal,0
i-synthetic-04,2026-03-30 05:33:36.014987,2.9694829877112023,40.7,5.0,10,0,normal,0
i-synthetic-04,2026-03-30 05:34:48.578780,2.4062789074500683,39.7,5.0,10,0,normal,0
i-synthetic-04,2026-03-30 05:35:59.617641,5.376632265807724,44.1,5.0,10,0,normal,0
i-synthetic-04,2026-03-30 05:47:37.904106,1.9367682917286573,39.9,5.0,10,0,normal,0
i-synthetic-04,2026-03-30 05:48:49.787600,2.0362441933737343,43.5,5.0,10,0,normal,0
i-synthetic-04,2026-03-30 05:54:43.142581,0.0011623278607227,35.1,5.0,10,0,normal,0
i-synthetic-04,2026-03-30 06:07:15.589093,0.0011917222913862,38.2,5.9,10,0,normal,0
i-synthetic-04,2026-03-30 17:38:25.932061,0.4552595729457918,38.8,5.0,10,0,normal,0
i-synthetic-04,2026-03-30 17:39:39.214001,0.4533739989022323,40.1,9.3,10,0,normal,0
i-synthetic-04,2026-03-30 17:40:53.124015,0.4533739989022323,37.6,5.0,10,0,normal,0
i-synthetic-04,2026-03-30 17:42:05.929552,0.500033383081266,39.9,5.0,10,0,normal,0
i-synthetic-04,2026-03-30 17:43:18.894088,0.5029526705389248,35.9,5.0,10,0,normal,0
i-synthetic-04,2026-03-30 17:44:26.921884,0.4984564283047305,39.1,5.0,10,0,normal,0
i-synthetic-04,2026-03-30 17:52:18.415335,0.8751839155239717,42.1,5.0,10,0,normal,0
i-synthetic-04,2026-03-30 17:54:14.165759,0.6625919577619858,40.4,5.0,10,0,normal,0
i-synthetic-04,2026-03-30 17:55:27.015022,0.7000735662095886,39.6,5.0,10,0,normal,0
i-synthetic-04,2026-03-30 17:56:42.126850,0.449595364172245,38.6,5.0,10,0,normal,0
i-synthetic-04,2026-03-30 17:57:49.497310,0.4247976820861224,41.5,5.0,10,0,normal,0
i-synthetic-04,2026-03-30 17:58:56.881767,0.4472349764825531,44.5,8.0,10,0,normal,0
i-synthetic-04,2026-03-30 18:00:09.059706,0.4332548532697644,37.5,5.0,10,0,normal,0
i-synthetic-04,2026-03-30 18:08:53.865649,0.6277831692821448,39.6,5.0,10,0,normal,0
i-synthetic-04,2026-03-30 18:10:01.697469,0.5937540436282753,36.9,5.0,10,0,normal,0
i-synthetic-04,2026-03-30 18:12:13.795516,0.5,41.5,5.0,10,0,normal,0
i-synthetic-04,2026-03-30 18:13:26.193208,1.783184642712894,40.3,5.0,10,0,normal,0
i-synthetic-04,2026-03-30 18:14:33.413307,1.8978051487013368,41.4,8.4,10,0,normal,0
i-synthetic-04,2026-03-30 18:15:43.026586,1.9457722742685744,41.0,5.0,10,0,normal,0
i-synthetic-04,2026-03-30 18:16:56.780215,2.396179471337686,35.1,5.0,10,0,normal,0
i-synthetic-04,2026-03-30 18:18:10.305780,2.748089735668843,35.1,5.0,10,0,normal,0
i-synthetic-04,2026-03-30 18:18:44.158658,2.661868551479854,43.0,7.2,10,0,normal,0
i-synthetic-04,2026-03-30 18:19:52.551519,2.561493329667676,38.4,5.0,10,0,normal,0
i-synthetic-04,2026-03-30 18:22:26.331345,2.295814166986106,42.3,5.0,10,0,normal,0
i-synthetic-04,2026-03-30 18:24:12.971970,2.2339653598018416,41.1,6.4,10,0,normal,0
i-synthetic-04,2026-03-30 18:25:37.416223,2.2316547345809417,39.5,5.0,10,0,normal,0
i-synthetic-04,2026-03-30 18:26:48.860962,1.88502986020752,37.5,5.0,10,0,normal,0
i-synthetic-04,2026-03-30 18:27:57.317022,2.4245144638567155,39.6,6.3,10,0,normal,0
i-synthetic-04,2026-03-30 18:29:10.667226,2.341342975904477,40.6,5.0,10,0,normal,0
i-synthetic-04,2026-03-30 18:30:19.793836,2.2868793183889147,43.5,5.0,10,0,normal,0
i-synthetic-04,2026-03-30 18:31:28.959691,2.2666666666666666,40.0,5.0,10,0,normal,0
i-synthetic-04,2026-03-30 18:32:42.975406,1.9451162584161763,40.5,5.0,10,0,normal,0
i-synthetic-04,2026-03-30 18:33:50.454601,2.0390665570506674,43.1,5.9,10,0,normal,0
i-synthetic-04,2026-03-30 18:35:04.496535,2.0642351427521994,41.0,7.7,10,0,normal,0
i-synthetic-04,2026-03-30 18:36:15.663899,2.2563402327943654,42.7,5.0,10,0,normal,0
i-synthetic-04,2026-04-01 07:47:26.631936,100.0,47.9,70.3,12,1,critical,0
i-synthetic-04,2026-04-01 07:48:57.112739,99.99722222222222,40.4,72.7,12,1,critical,1
i-synthetic-04,2026-04-01 07:50:11.435206,99.99666666666668,44.4,77.8,12,1,critical,1
i-synthetic-04,2026-04-01 07:51:23.982724,100.0,45.3,82.9,12,1,critical,1
i-synthetic-04,2026-04-01 07:52:38.132116,100.0,40.6,77.6,12,1,critical,1
i-synthetic-04,2026-04-01 09:23:36.471261,4.31991106032551,48.7,5.0,12,0,normal,0
i-synthetic-04,2026-04-01 09:24:44.285210,28.2378499619108,43.1,15.6,12,0,normal,0
i-synthetic-04,2026-04-01 09:25:52.272483,42.59027996952864,45.7,39.1,12,0,normal,0
i-synthetic-04,2026-04-01 09:27:00.962116,100.0,48.7,85.3,12,1,critical,0
i-synthetic-04,2026-04-01 09:28:09.773134,97.43333333333334,43.9,71.3,12,1,critical,1
i-synthetic-04,2026-04-01 09:29:18.551179,73.48333333333333,44.1,56.9,12,0,normal,0
i-synthetic-04,2026-04-01 09:30:26.868062,59.125,44.0,49.0,12,0,normal,0
i-synthetic-04,2026-04-01 09:31:35.865549,1.731803573510066,40.7,5.0,12,0,normal,0
i-synthetic-04,2026-04-01 09:32:43.785419,1.6791201296245677,45.0,6.8,12,0,normal,0
i-synthetic-04,2026-04-01 09:33:51.914535,1.6860800864163783,44.9,5.0,12,0,normal,0
i-synthetic-04,2026-04-01 09:34:59.671963,39.241543798454586,46.8,38.6,12,0,normal,0
i-synthetic-04,2026-04-01 09:36:07.410240,100.0,46.9,88.6,12,1,critical,0
i-synthetic-04,2026-04-01 09:37:16.071752,99.9933275505438,42.8,72.9,12,1,critical,1
i-synthetic-04,2026-04-01 09:38:24.792300,99.99555170036253,45.8,74.3,12,1,critical,1
i-synthetic-04,2026-04-01 09:39:33.655014,99.9966637752719,45.9,73.2,12,1,critical,1
i-synthetic-04,2026-04-01 09:40:42.719636,99.99666493082832,45.7,74.6,12,1,critical,1
i-synthetic-04,2026-04-01 09:41:51.575089,99.99000016666388,47.2,85.0,12,1,critical,1
i-synthetic-04,2026-04-01 09:42:59.871407,99.99500008333196,42.0,77.2,12,1,critical,1
i-synthetic-04,2026-04-01 09:44:09.031529,77.5933333749993,45.3,53.6,12,0,normal,0
i-synthetic-04,2026-04-01 09:45:18.456534,62.40829473809977,42.6,44.1,12,0,normal,0
i-synthetic-04,2026-04-01 09:46:27.653806,1.5583333333333331,41.7,6.9,12,0,normal,0
i-synthetic-04,2026-04-01 09:47:35.782114,1.611764538546506,42.8,10.7,12,0,normal,0
i-synthetic-04,2026-04-01 09:48:43.574755,1.5888529177690005,46.2,5.5,12,0,normal,0
i-synthetic-04,2026-03-30 18:37:28.813605,2.204120539270721,41.8,5.4,10,0,normal,0
i-synthetic-04,2026-04-01 07:53:50.659735,99.99722222222222,43.8,81.5,12,1,critical,0
i-synthetic-04,2026-04-01 07:55:05.291322,90.52733421588708,44.6,73.8,12,1,warning,1
i-synthetic-04,2026-04-01 07:56:18.661224,0.4670792533404507,40.3,5.0,12,0,normal,0
i-synthetic-04,2026-04-01 07:57:29.973903,1.262706293336892,41.6,10.6,12,0,normal,0
i-synthetic-04,2026-04-01 07:58:42.963836,1.5029153066690393,44.3,5.0,12,0,normal,0
i-synthetic-04,2026-04-01 07:59:54.540044,1.6480198133351127,45.7,10.6,12,0,normal,0
i-synthetic-04,2026-04-01 08:01:04.779204,100.0,44.8,82.0,12,1,critical,0
i-synthetic-04,2026-04-01 08:02:15.980905,99.99583333333334,41.1,87.9,12,1,critical,1
i-synthetic-04,2026-04-01 08:03:26.377117,99.99722222222222,46.8,85.9,12,1,critical,1
i-synthetic-04,2026-04-01 08:04:37.581959,99.99791666666668,45.2,87.4,12,1,critical,1
i-synthetic-04,2026-04-01 08:05:48.780892,99.995,42.0,85.0,12,1,critical,1
i-synthetic-04,2026-04-01 08:07:00.781138,100.0,41.4,86.7,12,1,critical,1
i-synthetic-04,2026-04-01 08:08:12.138375,100.0,48.5,74.8,12,1,critical,1
i-synthetic-04,2026-04-01 08:09:23.177068,99.99791666666668,45.4,77.1,12,1,critical,1
i-synthetic-04,2026-04-01 08:10:33.983323,93.57333333333334,39.4,74.9,12,1,warning,1
i-synthetic-04,2026-04-01 08:11:45.737334,1.9482790201988245,42.3,5.0,12,0,normal,0
i-synthetic-04,2026-04-01 08:12:56.138854,1.886639510099412,47.5,10.5,12,0,normal,0
i-synthetic-04,2026-04-01 08:14:06.538984,1.8791379569613944,39.6,5.0,12,0,normal,0
i-synthetic-04,2026-04-01 08:15:15.593829,1.8866436989024489,43.1,5.0,12,0,normal,0
i-synthetic-04,2026-04-01 08:16:25.638953,1.7916666666666667,46.6,5.0,12,0,normal,0
i-synthetic-04,2026-04-01 08:17:34.959794,1.8375,45.9,10.7,12,0,normal,0
i-synthetic-04,2026-04-01 08:18:45.258331,1.808333333333333,41.5,5.0,12,0,normal,0
i-synthetic-04,2026-04-01 08:19:54.279048,1.825,40.5,5.0,12,0,normal,0
i-synthetic-04,2026-04-01 08:21:05.438509,99.98832301866648,45.9,81.5,12,1,critical,0
i-synthetic-04,2026-04-01 08:22:17.367749,99.99416150933324,47.0,84.9,12,1,critical,1
i-synthetic-04,2026-04-01 08:23:28.364807,99.99332989511106,43.5,84.2,12,1,critical,1
i-synthetic-04,2026-04-01 08:24:40.483538,99.9949974213333,43.2,82.8,12,1,critical,1
i-synthetic-04,2026-04-01 08:25:52.302670,96.93933127039996,49.0,67.8,12,1,critical,1
i-synthetic-04,2026-03-30 18:38:36.267420,2.058302581736036,41.3,11.6,10,0,normal,0
i-synthetic-04,2026-04-01 08:27:04.622410,1.5958333333333332,45.5,5.0,12,0,normal,0
i-synthetic-04,2026-04-01 08:28:13.608741,1.585658910425779,46.3,5.0,12,0,normal,0
i-synthetic-04,2026-04-01 08:29:23.370426,1.606272273831545,44.7,8.4,12,0,normal,0
i-synthetic-04,2026-04-01 08:30:39.440684,1.59807983198737,41.2,7.0,12,0,normal,0
i-synthetic-04,2026-04-01 08:31:50.370613,1.6764529258690863,46.7,5.0,12,0,normal,0
i-synthetic-04,2026-04-01 08:33:03.043248,1.6310398641785842,47.9,5.0,12,0,normal,0
i-synthetic-04,2026-04-01 08:34:13.255515,1.6146008979174626,48.5,6.0,12,0,normal,0
i-synthetic-04,2026-04-01 08:35:21.599263,1.6286450368152952,46.6,8.8,12,0,normal,0
i-synthetic-04,2026-04-01 08:36:30.392872,1.5569580204152995,41.6,5.0,12,0,normal,0
i-synthetic-04,2026-04-01 08:37:41.234970,1.6042084045059468,46.8,9.8,12,0,normal,0
i-synthetic-04,2026-04-01 08:38:52.015944,1.5916944918928533,42.4,5.0,12,0,normal,0
i-synthetic-04,2026-04-01 08:40:06.735267,1.5980787080578462,45.7,5.0,12,0,normal,0
i-synthetic-04,2026-04-01 08:41:21.231654,1.6764529258690863,41.7,9.6,12,0,normal,0
i-synthetic-04,2026-04-01 08:42:34.933920,1.5965597962678766,44.8,7.3,12,0,normal,0
i-synthetic-04,2026-04-01 08:43:47.246429,1.6060398641785845,48.0,10.4,12,0,normal,0
i-synthetic-04,2026-04-01 08:45:09.607830,1.6050199353589316,39.6,5.0,12,0,normal,0
i-synthetic-04,2026-04-01 08:46:32.172875,1.568051779071513,39.4,5.0,12,0,normal,0
i-synthetic-04,2026-04-01 08:47:44.494868,1.6173592228690898,48.5,5.0,12,0,normal,0
i-synthetic-04,2026-04-01 08:48:56.610412,1.5916748362386277,47.2,5.0,12,0,normal,0
i-synthetic-04,2026-04-01 08:50:07.411952,1.591963326129162,44.6,5.0,12,0,normal,0
i-synthetic-04,2026-04-01 08:51:18.232921,1.6583333333333332,42.9,5.0,12,0,normal,0
i-synthetic-04,2026-04-01 08:52:29.278919,1.6,46.0,5.0,12,0,normal,0
i-synthetic-04,2026-04-01 08:55:56.379373,1.5399999999999998,45.9,5.0,12,0,normal,0
i-synthetic-04,2026-04-01 09:49:51.479309,1.6020563549934168,40.5,5.0,12,0,normal,0
i-synthetic-04,2026-04-01 09:51:00.047013,1.5883117506614002,45.1,5.0,12,0,normal,0
i-synthetic-04,2026-04-01 09:52:07.606292,1.6159679782858474,42.9,5.0,12,0,normal,0
i-synthetic-04,2026-04-01 09:53:16.579745,1.6305784820402651,47.2,5.0,12,0,normal,0
i-synthetic-04,2026-04-01 09:54:24.559285,19.84221381890048,41.2,15.7,12,0,normal,0
i-synthetic-04,2026-03-30 18:39:43.796287,1.7726875384267815,44.7,5.0,10,0,normal,0
i-synthetic-04,2026-04-01 08:57:07.999851,1.1744336946808098,47.1,5.0,12,0,normal,0
i-synthetic-04,2026-04-01 09:55:32.193407,35.87377105512038,46.5,26.3,12,0,normal,0
i-synthetic-04,2026-04-01 09:56:40.784653,99.99500441276872,42.3,79.1,12,1,critical,0
i-synthetic-04,2026-04-01 09:57:50.234175,99.99750220638435,48.6,76.5,12,1,critical,1
i-synthetic-04,2026-04-01 09:58:59.633952,99.99555702647848,44.4,71.2,12,1,critical,1
i-synthetic-04,2026-04-01 10:00:08.201422,65.77585321854583,48.4,60.8,12,0,normal,0
i-synthetic-04,2026-04-01 10:01:17.596865,1.6666666666666663,43.0,5.0,12,0,normal,0
i-synthetic-04,2026-04-01 10:02:25.369336,1.4333333333333331,40.2,5.1,12,0,normal,0
i-synthetic-04,2026-04-01 10:03:33.645173,1.361111111111111,40.4,9.6,12,0,normal,0
i-synthetic-04,2026-04-01 10:04:41.782059,1.308587516194861,41.0,5.0,12,0,normal,0
i-synthetic-04,2026-04-01 10:05:49.649700,1.3715831829890262,43.2,5.0,12,0,normal,0
i-synthetic-04,2026-04-01 10:06:56.937759,1.559711078119005,39.9,6.4,12,0,normal,0
i-synthetic-04,2026-04-01 10:08:05.324571,1.5893481371507792,43.6,5.7,12,0,normal,0
i-synthetic-04,2026-04-01 10:09:13.151195,1.602065554763905,48.8,11.1,12,0,normal,0
i-synthetic-04,2026-04-01 10:10:21.062619,1.5899857771444577,44.9,5.0,12,0,normal,0
i-synthetic-04,2026-04-01 10:19:14.696381,1.6024259276249575,39.4,7.0,12,0,normal,0
i-synthetic-04,2026-04-01 10:35:09.460356,1.614980405835637,48.4,8.9,12,0,normal,0
i-synthetic-04,2026-04-01 10:36:17.364511,1.5583333333333331,41.2,5.0,12,0,normal,0
i-synthetic-04,2026-04-01 10:37:25.260370,1.603438559827708,45.9,5.0,12,0,normal,0
i-synthetic-04,2026-04-01 10:38:33.447677,1.5888627325914737,41.2,5.0,12,0,normal,0
i-synthetic-04,2026-04-01 10:39:41.228755,1.6037829960241257,41.0,5.0,12,0,normal,0
i-synthetic-04,2026-04-01 10:40:49.303254,1.5980263968193005,47.4,5.0,12,0,normal,0
i-synthetic-04,2026-04-01 10:41:56.847457,1.6597994895491015,40.6,7.5,12,0,normal,0
i-synthetic-04,2026-04-01 10:43:05.010103,1.6249984111029268,44.0,6.5,12,0,normal,0
i-synthetic-04,2026-04-01 10:44:12.633688,1.6086765778569465,45.3,5.0,12,0,normal,0
i-synthetic-04,2026-04-01 10:45:20.318472,1.61527459561889,39.8,5.0,12,0,normal,0
i-synthetic-04,2026-04-01 10:46:28.795889,1.5569580204152995,46.9,5.0,12,0,normal,0
i-synthetic-04,2026-03-30 18:40:51.693192,1.866887227551888,42.3,5.0,10,0,normal,0
i-synthetic-04,2026-03-30 18:41:26.213773,2.2916666666666665,37.6,5.6,10,0,normal,0
i-synthetic-04,2026-03-30 18:42:35.938983,2.2198667033003625,35.1,5.0,10,0,normal,0
i-synthetic-04,2026-03-30 18:43:47.125740,2.238927583670231,42.8,5.0,10,0,normal,0
i-synthetic-04,2026-03-30 18:44:58.674617,2.278646191457611,38.9,5.0,10,0,normal,0
i-synthetic-04,2026-03-30 18:47:15.931388,57.13333333333333,43.3,46.7,10,0,normal,0
i-synthetic-04,2026-03-30 18:48:29.744667,54.61845672228328,36.6,38.4,10,0,normal,0
i-synthetic-04,2026-03-30 18:49:39.751806,65.963425499708,42.2,59.8,10,0,normal,0
i-synthetic-04,2026-03-30 18:50:58.598691,63.40117301041681,44.2,58.7,10,0,normal,0
i-synthetic-04,2026-03-30 18:52:08.109810,2.191666666666667,39.5,10.2,10,0,normal,0
i-synthetic-04,2026-03-30 18:53:22.518604,45.96666666666667,43.0,29.6,10,0,normal,0
i-synthetic-04,2026-03-30 18:54:37.547328,51.06284572782171,39.0,50.6,10,0,normal,0
i-synthetic-04,2026-03-30 18:55:48.023164,41.26490341810511,38.9,29.6,10,0,normal,0
i-synthetic-04,2026-03-30 18:56:56.077651,2.1936409435158306,41.9,5.0,10,0,normal,0
i-synthetic-04,2026-03-30 18:58:10.535514,2.305153805091249,39.4,5.0,10,0,normal,0
i-synthetic-04,2026-03-30 18:59:24.332685,45.69632690254562,36.8,46.5,10,0,normal,0
i-synthetic-04,2026-03-30 19:00:33.742311,41.36606675066407,37.4,35.7,10,0,normal,0
i-synthetic-04,2026-03-30 19:01:41.997241,2.166666666666667,44.7,5.0,10,0,normal,0
i-synthetic-04,2026-03-30 19:02:50.531846,2.0833000011110743,37.5,5.0,10,0,normal,0
i-synthetic-04,2026-03-30 19:04:03.964432,2.097861729465304,43.0,9.6,10,0,normal,0
i-synthetic-04,2026-03-30 19:05:12.204942,2.0588129637656443,35.7,5.0,10,0,normal,0
i-synthetic-04,2026-03-30 19:06:25.669451,1.9166666666666663,44.2,11.0,10,0,normal,0
i-synthetic-04,2026-03-30 19:06:50.873600,1.9166666666666663,41.4,5.0,10,0,normal,0
i-synthetic-04,2026-03-30 19:08:03.851365,1.9666666666666663,44.6,5.0,10,0,normal,0
i-synthetic-04,2026-03-30 19:09:11.786129,1.9638888888888888,42.0,5.4,10,0,normal,0
i-synthetic-04,2026-03-30 19:10:25.296841,16.107951177273783,38.5,19.5,10,0,normal,0
i-synthetic-04,2026-03-30 19:11:36.273984,99.99833183198211,42.0,89.8,10,1,critical,0
i-synthetic-04,2026-03-30 19:12:48.738947,99.99583557996016,38.9,78.2,10,1,critical,1
i-synthetic-04,2026-03-30 19:13:57.188264,99.99388738393766,41.3,79.0,10,1,critical,1
i-synthetic-04,2026-03-30 19:18:42.342547,2.661111111111111,45.0,7.3,10,0,normal,0
i-synthetic-04,2026-04-01 08:57:29.376816,1.1744336946808098,48.6,5.0,12,0,normal,0
i-synthetic-04,2026-04-01 08:58:38.862543,1.2945187882077005,40.9,5.0,12,0,normal,0
i-synthetic-04,2026-04-01 08:59:48.187170,1.3788620483768963,47.9,5.0,12,0,normal,0
i-synthetic-04,2026-04-01 09:00:56.369995,1.4116955739443149,41.9,5.0,12,0,normal,0
i-synthetic-04,2026-04-01 10:11:10.264201,1.6681401905016098,43.1,5.0,12,0,normal,0
i-synthetic-04,2026-04-01 10:20:22.699315,1.6002740754332994,47.6,5.0,12,0,normal,0
i-synthetic-04,2026-04-01 10:21:30.741772,1.7333333333333332,48.0,10.2,12,0,normal,0
i-synthetic-04,2026-04-01 10:22:38.676894,1.6583333333333332,43.1,5.0,12,0,normal,0
i-synthetic-04,2026-04-01 10:23:46.280270,1.6661714559546474,42.9,9.3,12,0,normal,0
i-synthetic-04,2026-04-01 10:24:53.854699,1.645811887210118,39.2,5.0,12,0,normal,0
i-synthetic-04,2026-04-01 10:26:01.282665,1.6499828431014276,46.0,5.0,12,0,normal,0
i-synthetic-04,2026-04-01 10:47:36.526494,1.5958677035534383,44.1,5.0,12,0,normal,0
i-synthetic-04,2026-04-01 10:48:43.624891,1.5861340245911812,48.9,5.0,12,0,normal,0
i-synthetic-04,2026-04-01 10:49:51.106574,1.599654970344207,42.9,5.0,12,0,normal,0
i-synthetic-04,2026-04-01 10:50:59.227474,1.593334332089668,44.0,5.0,12,0,normal,0
i-synthetic-04,2026-04-01 10:52:07.086549,1.5957867312680358,45.6,5.0,12,0,normal,0
i-synthetic-04,2026-04-01 10:53:14.477087,1.6161477425256507,47.8,5.0,12,0,normal,0
i-synthetic-04,2026-04-01 10:54:22.365319,1.605867369503615,47.0,5.5,12,0,normal,0
i-synthetic-04,2026-04-01 10:55:30.014576,1.6180272289362254,40.3,5.0,12,0,normal,0
i-synthetic-04,2026-04-01 10:56:38.152948,1.809901914992994,44.7,5.0,12,0,normal,0
i-synthetic-04,2026-04-01 10:57:45.823190,48.404950957496496,45.1,48.6,12,0,normal,0
i-synthetic-04,2026-04-01 11:00:03.685156,79.3569803829986,44.3,59.4,12,0,normal,0
i-synthetic-04,2026-04-01 11:02:22.501911,53.31916519314283,43.8,48.5,12,0,normal,0
i-synthetic-04,2026-04-01 11:04:39.456851,27.47208259657141,39.3,28.4,12,0,normal,0
i-synthetic-04,2026-04-01 11:06:56.055151,1.5333333333333332,40.2,5.0,12,0,normal,0
i-synthetic-04,2026-04-01 11:09:13.221947,69.91108234817972,47.8,48.5,12,0,normal,0
i-synthetic-04,2026-04-01 11:11:31.036720,100.0,42.7,73.4,12,1,critical,0
i-synthetic-04,2026-03-30 19:15:06.497178,91.91144111493396,39.5,83.3,10,1,warning,1
i-synthetic-04,2026-03-30 19:17:30.059911,2.4458333333333333,35.1,11.4,10,0,normal,0
i-synthetic-04,2026-04-01 09:02:17.113406,1.5916666666666666,42.5,7.5,12,0,normal,0
i-synthetic-04,2026-04-01 10:11:33.980075,1.6681401905016098,43.7,7.2,12,0,normal,0
i-synthetic-04,2026-04-01 10:12:41.943664,1.6083861160990556,41.9,5.0,12,0,normal,0
i-synthetic-04,2026-04-01 10:13:49.609127,1.631084374550743,45.2,5.0,12,0,normal,0
i-synthetic-04,2026-04-01 10:14:57.277267,1.6108132809130573,46.5,5.0,12,0,normal,0
i-synthetic-04,2026-04-01 10:26:54.828708,1.5583333333333331,40.5,5.0,12,0,normal,0
i-synthetic-04,2026-04-01 10:58:54.707952,65.59496730499767,47.0,60.0,12,0,normal,0
i-synthetic-04,2026-04-01 11:01:12.612001,99.996663719619,46.5,89.5,12,1,critical,0
i-synthetic-04,2026-04-01 11:03:31.422653,36.10444346209522,42.2,20.3,12,0,normal,0
i-synthetic-04,2026-04-01 11:05:47.780210,22.3093327439238,42.4,18.7,12,0,normal,0
i-synthetic-04,2026-04-01 11:08:04.498655,59.88144313090629,46.9,50.9,12,0,normal,0
i-synthetic-04,2026-04-01 11:10:21.928460,75.92553254521044,43.1,61.6,12,0,normal,0
i-synthetic-04,2026-04-01 11:12:40.014238,99.99583333333334,46.1,84.9,12,1,critical,0
i-synthetic-04,2026-03-30 19:16:21.170001,2.108333333333333,40.3,6.9,10,0,normal,0
i-synthetic-04,2026-03-30 19:22:13.644771,2.216666666666667,41.8,5.0,10,0,normal,0
i-synthetic-04,2026-04-01 09:02:41.659200,1.5916666666666666,43.3,7.3,12,0,normal,0
i-synthetic-04,2026-04-01 10:15:18.143946,1.6183593819948623,44.4,5.0,12,0,normal,0
i-synthetic-04,2026-04-01 10:16:25.504663,1.551370377166497,45.4,5.0,12,0,normal,0
i-synthetic-04,2026-04-01 10:17:32.866138,1.5965185219165818,45.7,5.0,12,0,normal,0
i-synthetic-04,2026-04-01 10:27:14.950309,1.6076015491871067,46.9,5.0,12,0,normal,0
i-synthetic-04,2026-04-01 10:28:22.589048,1.597198526132745,41.4,5.0,12,0,normal,0
i-synthetic-04,2026-04-01 10:29:30.628420,1.6103988945995589,39.6,7.3,12,0,normal,0
i-synthetic-04,2026-04-01 10:30:38.811868,1.5966524490129803,41.9,9.8,12,0,normal,0
i-synthetic-04,2026-04-01 11:13:48.094760,99.99722222222222,48.9,79.2,12,1,critical,0
i-synthetic-04,2026-03-30 19:19:56.087716,2.549501698471376,44.6,9.8,10,0,normal,0
i-synthetic-04,2026-03-31 16:57:40.431559,2.31477342261044,44.4,5.0,11,0,normal,0
i-synthetic-04,2026-03-31 16:58:48.546123,1.8487378372958487,42.9,9.2,11,0,normal,0
i-synthetic-04,2026-03-31 17:02:34.813150,0.0010467955688276,42.3,5.0,11,0,normal,0
i-synthetic-04,2026-03-31 17:07:09.352783,0.4289565078972376,45.9,5.0,11,0,normal,0
i-synthetic-04,2026-03-31 17:08:02.597770,0.4289565078972376,39.3,9.1,11,0,normal,0
i-synthetic-04,2026-03-31 17:09:10.854856,34.186837632076326,42.8,18.8,11,0,normal,0
i-synthetic-04,2026-03-31 17:10:18.347769,47.34947010566106,43.0,33.5,11,0,normal,0
i-synthetic-04,2026-03-31 17:11:27.573710,99.99500441276872,37.3,79.9,11,1,critical,0
i-synthetic-04,2026-03-31 17:12:36.620783,99.99333553971768,38.6,71.9,11,1,critical,1
i-synthetic-04,2026-03-31 17:13:44.812801,88.3650014709229,41.0,80.6,11,1,warning,0
i-synthetic-04,2026-03-31 17:14:55.560212,66.36966916414603,41.8,55.6,11,0,normal,0
i-synthetic-04,2026-03-31 17:16:04.616508,0.3996469785023229,40.8,5.0,11,0,normal,0
i-synthetic-04,2026-03-31 17:17:12.235602,0.4667259197314189,39.4,5.0,11,0,normal,0
i-synthetic-04,2026-03-31 17:18:19.924456,23.46115061315428,41.7,16.5,11,0,normal,0
i-synthetic-04,2026-03-31 17:19:27.295266,42.59586295986571,43.4,29.2,11,0,normal,0
i-synthetic-04,2026-03-31 17:20:34.746864,54.07569125044631,46.4,42.3,11,0,normal,0
i-synthetic-04,2026-03-31 17:21:44.961292,99.996663719619,46.3,71.2,11,1,critical,0
i-synthetic-04,2026-03-31 17:22:56.564894,99.9983318598095,37.6,81.4,11,1,critical,1
i-synthetic-04,2026-03-31 17:24:10.316203,87.51093539465532,38.7,70.6,11,1,warning,0
i-synthetic-04,2026-03-31 17:25:20.407441,89.99874831572426,42.8,78.2,11,1,warning,0
i-synthetic-04,2026-03-31 17:26:29.648224,99.95,37.0,81.2,11,1,critical,1
i-synthetic-04,2026-03-31 17:27:39.540127,90.01870527299114,38.3,75.2,11,1,warning,1
i-synthetic-04,2026-03-31 17:28:48.867720,63.798015172807766,38.3,59.0,11,0,normal,0
i-synthetic-04,2026-03-31 17:29:57.805917,50.38809471293916,43.1,30.9,11,0,normal,0
i-synthetic-04,2026-03-31 17:31:06.413421,99.975,46.2,74.3,11,1,critical,0
i-synthetic-04,2026-03-31 17:32:15.168630,99.98500220638437,44.0,89.1,11,1,critical,1
i-synthetic-04,2026-03-31 17:33:23.832102,99.9900014709229,38.9,75.3,11,1,critical,1
i-synthetic-04,2026-03-31 17:34:32.587282,99.99166703309692,38.9,79.3,11,1,critical,1
i-synthetic-04,2026-03-31 17:35:41.166113,95.54166695981088,37.2,71.7,11,1,critical,1
i-synthetic-04,2026-03-31 17:36:50.048322,0.507884701846702,45.3,5.0,11,0,normal,0
i-synthetic-04,2026-03-31 17:37:58.963674,0.5039423509233509,40.8,5.0,11,0,normal,0
i-synthetic-04,2026-03-31 17:39:06.204166,9.45666527956812,38.3,13.1,11,0,normal,0
i-synthetic-04,2026-03-31 17:40:14.010819,27.564331356236067,39.1,17.2,11,0,normal,0
i-synthetic-04,2026-03-31 17:41:22.022649,99.98667843404992,43.3,76.7,11,1,critical,0
i-synthetic-04,2026-03-31 17:42:31.083238,99.99333921702495,37.2,85.3,11,1,critical,1
i-synthetic-04,2026-03-31 17:43:39.973215,99.99278170023888,44.0,78.0,11,1,critical,1
i-synthetic-04,2026-03-31 17:44:48.934589,91.0487529418458,38.8,73.3,11,1,warning,1
i-synthetic-04,2026-03-31 17:45:57.759690,72.91733568680998,39.5,50.5,11,0,normal,0
i-synthetic-04,2026-03-31 17:47:07.069712,0.4460506780989873,37.1,5.0,11,0,normal,0
i-synthetic-04,2026-03-31 17:48:14.825153,0.4584782298437693,42.9,5.0,11,0,normal,0
i-synthetic-04,2026-03-31 17:49:22.907336,5.247860137755082,38.3,5.0,11,0,normal,0
i-synthetic-04,2026-03-31 17:50:31.194132,24.198288110204068,43.2,20.1,11,0,normal,0
i-synthetic-04,2026-03-31 17:51:39.298823,99.98499974999582,43.5,84.6,11,1,critical,0
i-synthetic-04,2026-03-31 17:52:47.860540,99.99249987499792,46.6,72.3,11,1,critical,1
i-synthetic-04,2026-03-31 17:53:56.391811,99.9922221388875,39.0,86.5,11,1,critical,1
i-synthetic-04,2026-03-31 17:55:05.504487,99.9946671939433,41.2,72.3,11,1,critical,1
i-synthetic-04,2026-03-31 17:56:14.387902,99.99500441276872,46.2,80.4,11,1,critical,1
i-synthetic-04,2026-03-31 17:57:22.858684,99.99583406619384,38.7,80.0,11,1,critical,1
i-synthetic-04,2026-03-31 17:58:31.694819,99.9972227107959,37.3,72.4,11,1,critical,1
i-synthetic-04,2026-03-31 17:59:40.659150,95.22411684292894,39.0,81.8,11,1,critical,1
i-synthetic-04,2026-03-31 18:00:49.143366,76.26262680767648,41.0,55.5,11,0,normal,0
i-synthetic-04,2026-03-31 18:01:57.799808,0.5166666666666667,42.1,10.1,11,0,normal,0
i-synthetic-04,2026-03-31 18:03:05.434575,0.4693025303995796,37.1,5.0,11,0,normal,0
i-synthetic-04,2026-03-31 18:04:13.675272,0.4520636396426152,43.2,5.0,11,0,normal,0
i-synthetic-04,2026-03-31 18:05:20.897404,0.4615626563396729,40.2,5.0,11,0,normal,0
i-synthetic-04,2026-03-31 18:06:28.639021,0.3916666666666666,46.7,5.0,11,0,normal,0
i-synthetic-04,2026-03-31 18:07:36.603612,0.4460543619085747,38.2,7.4,11,0,normal,0
i-synthetic-04,2026-03-31 18:08:44.382608,0.4307029079390498,39.4,5.0,11,0,normal,0
i-synthetic-04,2026-03-31 18:09:52.783624,1.0827600880046089,43.9,5.0,11,0,normal,0
i-synthetic-04,2026-03-31 18:11:01.617806,20.86420626878223,43.6,20.7,11,0,normal,0
i-synthetic-04,2026-03-31 18:12:10.506696,99.99750220638435,40.1,71.4,11,1,critical,0
i-synthetic-04,2026-03-31 18:13:19.421411,99.99833480425625,45.0,82.7,11,1,critical,1
i-synthetic-04,2026-03-31 18:14:27.887783,99.99708593517671,46.3,78.5,11,1,critical,1
i-synthetic-04,2026-03-31 18:15:36.976927,92.40717063317123,40.0,64.3,11,1,warning,1
i-synthetic-04,2026-03-31 18:16:46.295519,0.4246249146587181,42.5,5.0,11,0,normal,0
i-synthetic-04,2026-03-31 18:17:54.786767,0.4583631354283464,41.3,5.0,11,0,normal,0
i-synthetic-04,2026-03-31 18:19:03.311336,0.4332404306404729,39.5,6.7,11,0,normal,0
i-synthetic-04,2026-03-31 18:20:11.384823,4.71379162911732,41.1,5.0,11,0,normal,0
i-synthetic-04,2026-03-31 18:21:26.248518,99.99166666666666,47.0,70.2,11,1,critical,0
i-synthetic-04,2026-03-31 18:22:35.405114,99.99583333333334,42.3,84.9,11,1,critical,1
i-synthetic-04,2026-03-31 18:23:44.781635,99.99722222222222,40.9,78.0,11,1,critical,1
i-synthetic-04,2026-03-31 18:24:54.235162,99.99791666666668,44.9,87.0,11,1,critical,1
i-synthetic-04,2026-03-31 18:27:07.273280,99.9983318598095,44.8,77.4,11,1,critical,1
i-synthetic-04,2026-03-31 18:28:15.777536,99.9972227107959,46.3,71.8,11,1,critical,1
i-synthetic-04,2026-03-31 18:29:24.277753,99.99791703309693,40.0,85.8,11,1,critical,1
i-synthetic-04,2026-03-31 18:30:33.477904,95.73556818366971,44.2,72.9,11,1,critical,1
i-synthetic-04,2026-03-31 18:31:42.460246,0.525,45.4,5.0,11,0,normal,0
i-synthetic-04,2026-03-31 18:32:50.695708,0.4541666666666666,41.9,5.0,11,0,normal,0
i-synthetic-04,2026-03-31 18:33:58.523858,0.4694444444444444,46.3,5.0,11,0,normal,0
i-synthetic-04,2026-03-31 18:35:06.192164,0.4499999999999999,38.2,7.4,11,0,normal,0
i-synthetic-04,2026-03-31 18:36:14.012478,0.3833333333333333,38.5,5.0,11,0,normal,0
i-synthetic-04,2026-03-31 18:37:22.258443,0.4791666666666666,37.9,9.3,11,0,normal,0
i-synthetic-04,2026-03-31 18:38:29.494011,0.4805555555555555,41.9,5.0,11,0,normal,0
i-synthetic-04,2026-03-31 18:39:37.568637,0.4582485457048335,40.6,5.0,11,0,normal,0
i-synthetic-04,2026-03-31 18:40:46.046297,0.4650174660427485,37.8,5.0,11,0,normal,0
i-synthetic-04,2026-03-31 18:41:53.603397,0.5166666666666667,38.4,5.3,11,0,normal,0
i-synthetic-04,2026-03-31 18:43:01.351806,0.4541666666666666,38.2,7.5,11,0,normal,0
i-synthetic-04,2026-03-31 18:44:09.389766,0.4457503496969293,45.7,5.0,11,0,normal,0
i-synthetic-04,2026-03-31 18:45:17.308266,0.456598613118654,44.8,5.0,11,0,normal,0
i-synthetic-04,2026-03-31 18:46:26.449699,0.3920129447678782,46.7,5.9,11,0,normal,0
i-synthetic-04,2026-03-31 18:47:34.627824,0.4374638759675,38.7,5.0,11,0,normal,0
i-synthetic-04,2026-03-31 18:48:42.191052,0.4223113858288259,38.8,5.0,11,0,normal,0
i-synthetic-04,2026-03-31 18:49:49.655638,0.4396502060382861,42.0,5.0,11,0,normal,0
i-synthetic-04,2026-03-31 18:50:57.351136,0.4317201648306288,45.7,5.0,11,0,normal,0
i-synthetic-04,2026-03-31 18:52:04.784707,0.507884701846702,37.9,5.0,11,0,normal,0
i-synthetic-04,2026-03-31 18:53:12.652785,0.4610769933159712,42.1,5.0,11,0,normal,0
i-synthetic-04,2026-03-31 18:54:20.167150,0.443724411653645,40.2,7.7,11,0,normal,0
i-synthetic-04,2026-03-31 18:55:28.034621,0.4583128626562494,37.7,5.0,11,0,normal,0
i-synthetic-04,2026-03-31 18:56:35.596826,0.3999999999999999,42.6,5.0,11,0,normal,0
i-synthetic-04,2026-03-31 18:57:43.337619,0.4416666666666666,40.6,5.0,11,0,normal,0
i-synthetic-04,2026-03-31 18:58:51.200589,0.4248847777056193,39.3,6.4,11,0,normal,0
i-synthetic-04,2026-03-31 18:59:58.801406,0.4437740975668351,37.1,5.0,11,0,normal,0
i-synthetic-04,2026-03-31 19:02:10.307787,0.4539386736160835,42.2,9.5,11,0,normal,0
i-synthetic-04,2026-03-31 19:03:17.993307,0.4638793341592113,44.5,5.0,11,0,normal,0
i-synthetic-04,2026-03-31 19:04:25.941964,0.4479095006194084,38.2,5.0,11,0,normal,0
i-synthetic-04,2026-03-31 19:05:33.792315,0.4549942671621935,44.8,5.0,11,0,normal,0
i-synthetic-04,2026-03-31 19:06:41.314447,0.3999999999999999,37.2,9.4,11,0,normal,0
i-synthetic-04,2026-03-31 19:07:49.327325,0.4541666666666666,46.0,5.0,11,0,normal,0
i-synthetic-04,2026-03-31 19:08:56.592056,0.4332181110389526,45.3,5.0,11,0,normal,0
i-synthetic-04,2026-03-31 19:10:04.712378,0.4458537470905811,42.2,6.3,11,0,normal,0
i-synthetic-04,2026-03-31 19:11:12.701222,0.517114832855141,44.2,5.0,11,0,normal,0
i-synthetic-04,2026-03-31 19:12:20.383916,0.4583809056787319,42.4,9.0,11,0,normal,0
i-synthetic-04,2026-03-31 19:13:28.277334,0.4696210558518128,39.6,8.7,11,0,normal,0
i-synthetic-04,2026-03-31 19:14:36.223068,0.4500460418347408,42.0,5.0,11,0,normal,0
i-synthetic-04,2026-03-31 19:15:44.020940,0.4584571047073876,45.4,5.0,11,0,normal,0
i-synthetic-04,2026-03-31 19:16:51.580955,0.4083333333333332,38.8,7.4,11,0,normal,0
i-synthetic-04,2026-03-31 19:17:59.207432,0.4539501876151779,45.6,7.5,11,0,normal,0
i-synthetic-04,2026-03-31 19:19:06.679499,0.4458321689948136,39.4,5.0,11,0,normal,0
i-synthetic-04,2026-03-31 19:20:14.196681,0.4365951308963154,46.0,5.0,11,0,normal,0
i-synthetic-04,2026-03-31 19:21:22.279548,0.508782758102991,44.4,5.0,11,0,normal,0
i-synthetic-04,2026-03-31 19:22:30.134057,0.4500518789432578,39.9,7.4,11,0,normal,0
i-synthetic-04,2026-03-31 19:23:37.848669,0.4668486050123328,37.1,10.1,11,0,normal,0
i-synthetic-04,2026-03-31 19:24:45.791585,0.4521296930645299,42.5,5.0,11,0,normal,0
i-synthetic-04,2026-03-31 19:25:53.555968,0.461703754451624,41.9,5.0,11,0,normal,0
i-synthetic-04,2026-03-31 19:27:01.460210,0.4291666666666666,45.0,5.0,11,0,normal,0
i-synthetic-04,2026-03-31 19:28:09.309021,0.4167820927004038,40.7,5.0,11,0,normal,0
i-synthetic-04,2026-03-31 19:29:17.095706,0.4355032361919695,44.5,5.0,11,0,normal,0
i-synthetic-04,2026-03-31 19:30:24.468858,0.4266667889102805,46.9,5.0,11,0,normal,0
i-synthetic-04,2026-03-31 19:31:32.419430,0.5171234590554991,41.6,5.0,11,0,normal,0
i-synthetic-04,2026-03-31 19:32:39.978842,0.4543950628610828,43.6,5.3,11,0,normal,0
i-synthetic-04,2026-03-31 19:33:47.613437,0.466674290043757,42.5,5.0,11,0,normal,0
i-synthetic-04,2026-03-31 19:34:55.295538,0.4479223841994844,41.2,5.0,11,0,normal,0
i-synthetic-04,2026-03-31 19:36:02.464795,0.3916666666666666,38.9,5.0,11,0,normal,0
i-synthetic-04,2026-03-31 19:37:10.535922,0.4458333333333333,41.0,8.6,11,0,normal,0
i-synthetic-04,2026-03-31 19:38:17.852097,0.4276647276064447,39.0,8.0,11,0,normal,0
i-synthetic-04,2026-03-31 19:39:25.722268,0.4437718325534357,39.5,5.0,11,0,normal,0
i-synthetic-04,2026-03-31 19:40:33.835122,0.4333507993760818,39.6,5.4,11,0,normal,0
i-synthetic-04,2026-03-31 19:41:41.703012,0.5,44.3,5.0,11,0,normal,0
i-synthetic-04,2026-03-31 19:42:49.526679,0.4499999999999999,44.9,5.0,11,0,normal,0
i-synthetic-04,2026-03-31 19:43:57.718735,0.4666666666666666,41.4,5.0,11,0,normal,0
i-synthetic-04,2026-03-31 19:45:05.637498,0.4436672605864818,44.8,5.0,11,0,normal,0
i-synthetic-04,2026-03-31 19:46:13.752416,0.3833333333333333,42.9,6.8,11,0,normal,0
i-synthetic-04,2026-03-31 19:47:21.723562,0.4458333333333333,46.3,5.0,11,0,normal,0
i-synthetic-04,2026-03-31 19:48:29.909785,0.4277777777777777,39.2,5.0,11,0,normal,0
i-synthetic-04,2026-03-31 19:49:37.521977,0.4415620351251137,42.0,5.0,11,0,normal,0
i-synthetic-04,2026-03-31 19:50:44.868746,0.428249628100091,37.5,5.0,11,0,normal,0
i-synthetic-04,2026-03-31 19:51:52.480118,0.4754120237539201,46.2,5.0,11,0,normal,0
i-synthetic-04,2026-03-31 19:52:59.812693,0.4458589460007194,39.2,5.0,11,0,normal,0
i-synthetic-04,2026-03-31 19:54:07.835056,0.4437793640194815,40.1,5.0,11,0,normal,0
i-synthetic-04,2026-03-31 19:55:15.841441,0.4534437624551802,38.4,5.0,11,0,normal,0
i-synthetic-04,2026-03-31 19:56:23.847779,0.3830013987877173,37.7,7.3,11,0,normal,0
i-synthetic-04,2026-03-31 19:57:31.476122,0.4415006993938586,44.7,9.1,11,0,normal,0
i-synthetic-04,2026-03-31 19:58:38.758412,0.4277827887198131,38.2,7.3,11,0,normal,0
i-synthetic-04,2026-03-31 19:59:46.340060,0.4437537582065265,39.5,7.5,11,0,normal,0
i-synthetic-04,2026-03-31 20:00:53.489238,0.4332685097957547,40.0,6.6,11,0,normal,0
i-synthetic-04,2026-03-31 20:02:01.349372,0.5087742710348969,38.7,5.0,11,0,normal,0
i-synthetic-04,2026-03-31 20:03:10.036466,0.4584803125671879,45.5,5.0,11,0,normal,0
i-synthetic-04,2026-03-31 20:04:18.049009,0.4417769010920576,40.0,5.0,11,0,normal,0
i-synthetic-04,2026-03-31 20:05:25.365914,0.4517548542069794,44.0,5.0,11,0,normal,0
i-synthetic-04,2026-03-31 20:06:33.549104,0.3829950210647261,44.2,6.2,11,0,normal,0
i-synthetic-04,2026-03-31 20:07:40.634485,0.4498308438656964,42.1,5.0,11,0,normal,0
i-synthetic-04,2026-03-31 20:08:48.856472,0.4305582108330903,39.0,6.3,11,0,normal,0
i-synthetic-04,2026-03-31 20:09:56.768525,0.4437519914581511,46.7,9.6,11,0,normal,0
i-synthetic-04,2026-03-31 20:12:08.136907,0.4499488233072901,47.0,5.0,11,0,normal,0
i-synthetic-04,2026-03-31 20:13:24.165915,0.4637128570488841,41.9,5.0,11,0,normal,0
i-synthetic-04,2026-03-31 20:14:31.465371,0.4478713846295936,38.4,5.0,11,0,normal,0
i-synthetic-04,2026-03-31 20:15:39.495104,0.4549637743703416,43.6,5.0,11,0,normal,0
i-synthetic-04,2026-03-31 20:16:47.465467,0.3999999999999999,41.2,5.0,11,0,normal,0
i-synthetic-04,2026-03-31 20:17:55.943686,0.4499999999999999,45.4,5.0,11,0,normal,0
i-synthetic-04,2026-03-31 20:19:03.726751,0.4333333333333333,45.9,6.2,11,0,normal,0
i-synthetic-04,2026-03-31 20:20:11.665328,0.4399999999999999,39.4,5.0,11,0,normal,0
i-synthetic-04,2026-03-31 20:21:19.898676,0.5,43.4,5.0,11,0,normal,0
i-synthetic-04,2026-03-31 20:22:27.595878,0.4499999999999999,45.3,5.0,11,0,normal,0
i-synthetic-04,2026-03-31 20:23:35.595570,0.4666666666666666,46.4,8.2,11,0,normal,0
i-synthetic-04,2026-03-31 20:24:43.197495,0.4499999999999999,41.7,5.0,11,0,normal,0
i-synthetic-04,2026-03-31 20:25:50.663938,0.4599999999999999,41.5,5.0,11,0,normal,0
i-synthetic-04,2026-03-31 20:26:59.129993,0.3913209997835246,44.4,8.5,11,0,normal,0
i-synthetic-04,2026-03-31 20:28:07.316111,0.4304651044008735,39.1,5.0,11,0,normal,0
i-synthetic-04,2026-03-31 20:29:15.245443,0.4436821616339885,45.2,5.0,11,0,normal,0
i-synthetic-04,2026-03-31 20:30:22.928120,0.435016458451268,41.7,5.0,11,0,normal,0
i-synthetic-04,2026-03-31 20:31:30.822786,0.507884701846702,44.5,5.1,11,0,normal,0
i-synthetic-04,2026-03-31 20:32:38.818658,0.4541191737835441,45.8,5.0,11,0,normal,0
i-synthetic-04,2026-03-31 20:33:46.677604,0.4888572269668071,40.7,5.0,11,0,normal,0
i-synthetic-04,2026-03-31 20:34:55.134684,0.4665563286045098,40.0,5.0,11,0,normal,0
i-synthetic-04,2026-03-31 20:36:02.893197,0.3920064055514778,45.8,5.0,11,0,normal,0
i-synthetic-04,2026-03-31 20:37:10.412405,0.4418365361090722,40.4,6.1,11,0,normal,0
i-synthetic-04,2026-03-31 20:38:18.040124,0.4306688018504925,40.0,5.0,11,0,normal,0
i-synthetic-04,2026-03-31 20:39:26.349197,0.4437282928104461,42.6,5.0,11,0,normal,0
i-synthetic-04,2026-03-31 20:40:34.075876,0.4350533633924341,44.9,5.0,11,0,normal,0
i-synthetic-04,2026-03-31 20:41:41.662870,0.5,37.6,5.0,11,0,normal,0
i-synthetic-04,2026-03-31 20:42:49.620116,0.4458333333333333,39.3,8.3,11,0,normal,0
i-synthetic-04,2026-03-31 20:43:57.861963,0.4637417965981901,38.6,5.0,11,0,normal,0
i-synthetic-04,2026-03-31 20:45:05.589703,0.4599824737696579,38.7,5.0,11,0,normal,0
i-synthetic-04,2026-03-31 20:46:13.650345,0.3913144836313983,45.8,9.7,11,0,normal,0
i-synthetic-04,2026-03-31 20:47:21.458455,0.4373279363272743,41.8,5.0,11,0,normal,0
i-synthetic-04,2026-03-31 20:48:29.232668,0.4276630686626273,44.8,5.0,11,0,normal,0
i-synthetic-04,2026-03-31 20:49:36.870156,0.4458578157845912,45.7,5.0,11,0,normal,0
i-synthetic-04,2026-03-31 20:50:44.305431,0.4316862526276729,43.0,5.0,11,0,normal,0
i-synthetic-04,2026-03-31 20:51:52.049122,0.5083333333333333,46.7,7.3,11,0,normal,0
i-synthetic-04,2026-03-31 20:52:59.886035,0.4499999999999999,40.3,8.0,11,0,normal,0
i-synthetic-04,2026-03-31 20:54:07.813554,0.4499999999999999,44.5,5.0,11,0,normal,0
i-synthetic-04,2026-03-31 20:55:15.142643,0.458246548881821,45.2,5.0,11,0,normal,0
i-synthetic-04,2026-03-31 20:56:22.909014,0.4003536457203863,41.9,5.0,11,0,normal,0
i-synthetic-04,2026-03-31 20:57:30.858212,0.4460101561935264,45.1,5.0,11,0,normal,0
i-synthetic-04,2026-03-31 20:58:38.394406,0.4305557636297919,38.9,5.0,11,0,normal,0
i-synthetic-04,2026-03-31 20:59:46.513677,0.4459421617718376,41.0,7.0,11,0,normal,0
i-synthetic-04,2026-03-31 21:00:53.579207,0.4350192326480037,38.1,9.4,11,0,normal,0
i-synthetic-04,2026-03-31 21:02:01.673328,0.4543871355174484,40.1,5.0,11,0,normal,0
i-synthetic-04,2026-03-31 21:03:09.132439,0.4640358681227434,37.4,6.1,11,0,normal,0
i-synthetic-04,2026-03-31 21:04:16.657699,0.4501102344253909,46.7,5.0,11,0,normal,0
i-synthetic-04,2026-03-31 21:05:25.752831,0.4567548542069793,38.9,5.0,11,0,normal,0
i-synthetic-04,2026-03-31 21:06:33.333692,0.3916666666666666,46.1,5.0,11,0,normal,0
i-synthetic-04,2026-03-31 21:07:40.634906,0.4416666666666666,38.4,10.0,11,0,normal,0
i-synthetic-04,2026-03-31 21:08:48.112855,0.425,43.4,6.5,11,0,normal,0
i-synthetic-04,2026-03-31 21:09:56.381802,0.44375,38.4,5.0,11,0,normal,0
i-synthetic-04,2026-03-31 21:11:04.293817,0.5,39.5,5.8,11,0,normal,0
i-synthetic-04,2026-03-31 21:12:11.619464,0.4458333333333333,38.7,5.0,11,0,normal,0
i-synthetic-04,2026-03-31 21:13:18.977110,0.4637417965981901,38.4,5.0,11,0,normal,0
i-synthetic-04,2026-03-31 21:14:27.142405,0.4498896807819759,46.7,5.0,11,0,normal,0
i-synthetic-04,2026-03-31 21:15:35.211294,0.4566638756746741,44.1,7.8,11,0,normal,0
i-synthetic-04,2026-03-31 21:16:43.069894,0.3999999999999999,40.4,6.5,11,0,normal,0
i-synthetic-04,2026-03-31 21:17:51.005266,0.4416666666666666,40.9,5.0,11,0,normal,0
i-synthetic-04,2026-03-31 21:18:59.237841,0.425,39.6,5.0,11,0,normal,0
i-synthetic-04,2026-03-31 21:20:06.912465,0.4458333333333333,43.6,5.0,11,0,normal,0
i-synthetic-04,2026-03-31 21:21:15.223078,0.5,42.0,5.0,11,0,normal,0
i-synthetic-04,2026-03-31 21:22:23.342716,0.4456637580763338,40.2,6.2,11,0,normal,0
i-synthetic-04,2026-03-31 21:23:31.559142,0.4611402211823587,37.5,5.0,11,0,normal,0
i-synthetic-04,2026-03-31 21:24:38.572517,0.4479384992201023,38.1,5.4,11,0,normal,0
i-synthetic-04,2026-03-31 21:25:46.470632,0.4566841327094152,44.0,9.8,11,0,normal,0
i-synthetic-04,2026-03-31 21:26:53.921313,0.3833333333333333,45.6,10.2,11,0,normal,0
i-synthetic-04,2026-03-31 21:28:01.727203,0.4374999999999999,45.2,5.0,11,0,normal,0
i-synthetic-04,2026-03-31 21:29:09.819591,0.4416907642335018,40.7,5.0,11,0,normal,0
i-synthetic-04,2026-03-31 21:30:17.788102,0.433282007087266,44.2,5.0,11,0,normal,0
i-synthetic-04,2026-03-31 21:31:26.094907,0.508782758102991,40.2,5.0,11,0,normal,0
i-synthetic-04,2026-03-31 21:32:34.257790,0.4458920784453541,41.3,8.6,11,0,normal,0
i-synthetic-04,2026-03-31 21:33:42.038724,0.4612924347617056,46.5,9.1,11,0,normal,0
i-synthetic-04,2026-03-31 21:34:50.117238,0.4500440600562591,37.4,5.0,11,0,normal,0
i-synthetic-04,2026-03-31 21:35:57.370487,0.4584555192846022,45.9,6.7,11,0,normal,0
i-synthetic-04,2026-03-31 21:37:04.724926,0.4416666666666666,37.8,5.0,11,0,normal,0
i-synthetic-04,2026-03-31 21:38:12.945145,0.4277777777777777,43.5,8.3,11,0,normal,0
i-synthetic-04,2026-03-31 21:39:20.467128,0.4458333333333333,39.6,5.0,11,0,normal,0
i-synthetic-04,2026-03-31 21:40:28.082254,0.4383333333333333,41.0,5.0,11,0,normal,0
i-synthetic-04,2026-03-31 21:41:35.307193,0.5,43.3,5.0,11,0,normal,0
i-synthetic-04,2026-03-31 21:42:43.682626,0.4456604998917622,44.9,5.0,11,0,normal,0
i-synthetic-04,2026-03-31 21:43:51.947085,0.4639210189780025,44.3,5.0,11,0,normal,0
i-synthetic-04,2026-03-31 21:44:59.723345,0.4500240975668351,41.9,5.0,11,0,normal,0
i-synthetic-04,2026-03-31 21:46:07.228250,0.3916666666666666,38.9,5.0,11,0,normal,0
i-synthetic-04,2026-03-31 21:47:15.227279,0.4458375000694455,45.2,5.0,11,0,normal,0
i-synthetic-04,2026-03-31 21:48:23.511271,0.4250027778240748,40.6,5.0,11,0,normal,0
i-synthetic-04,2026-03-31 21:49:31.520291,0.4438605106717193,41.4,5.0,11,0,normal,0
i-synthetic-04,2026-03-31 21:50:39.036868,0.4350884085373754,46.2,5.0,11,0,normal,0
i-synthetic-04,2026-03-31 21:51:47.677127,0.507884701846702,43.7,5.0,11,0,normal,0
i-synthetic-04,2026-03-31 21:52:55.321760,0.4541191737835441,43.1,8.5,11,0,normal,0
i-synthetic-04,2026-03-31 21:54:02.706796,0.4664903639920645,40.0,5.0,11,0,normal,0
i-synthetic-04,2026-03-31 21:55:09.988691,0.4616507700158369,40.8,6.3,11,0,normal,0
i-synthetic-04,2026-03-31 21:56:18.451449,0.3913275161526676,42.1,5.0,11,0,normal,0
i-synthetic-04,2026-03-31 21:57:25.944397,0.4414970914096671,40.1,5.0,11,0,normal,0
i-synthetic-04,2026-03-31 21:58:33.301928,0.425000196123604,40.4,5.0,11,0,normal,0
i-synthetic-04,2026-03-31 21:59:41.327627,0.4416668137593696,45.1,6.8,11,0,normal,0
i-synthetic-04,2026-03-31 22:00:49.220749,0.4332628467079603,45.0,10.1,11,0,normal,0
i-synthetic-04,2026-03-31 22:01:56.978568,0.5171234590554991,38.0,5.0,11,0,normal,0
i-synthetic-04,2026-03-31 22:03:04.687937,0.4667037085018967,42.2,8.7,11,0,normal,0
i-synthetic-04,2026-03-31 22:04:12.284100,0.4521111147097558,39.2,5.0,11,0,normal,0
i-synthetic-04,2026-03-31 22:05:20.073342,0.4617773031979013,38.0,5.0,11,0,normal,0
i-synthetic-04,2026-03-31 22:06:28.035245,0.407959370576971,37.9,9.9,11,0,normal,0
i-synthetic-04,2026-03-31 22:07:36.308190,0.454209062217337,44.7,6.7,11,0,normal,0
i-synthetic-04,2026-03-31 22:08:44.360539,0.4332463747393995,44.9,5.0,11,0,normal,0
i-synthetic-04,2026-03-31 22:09:56.778391,0.4479601201040433,38.6,5.0,11,0,normal,0
i-synthetic-04,2026-03-31 22:11:04.632148,0.5087742710348969,39.4,9.6,11,0,normal,0
i-synthetic-04,2026-03-31 22:12:12.357733,0.4625366034874083,43.0,8.8,11,0,normal,0
i-synthetic-04,2026-03-31 22:13:19.972872,0.4723915210575971,44.7,5.0,11,0,normal,0
i-synthetic-04,2026-03-31 22:14:27.988078,0.4522103074598645,40.4,5.0,11,0,normal,0
i-synthetic-04,2026-03-31 22:15:35.443142,0.4616816543472961,38.1,5.0,11,0,normal,0
i-synthetic-04,2026-03-31 22:16:43.298166,0.4003469673717221,43.3,5.0,11,0,normal,0
i-synthetic-04,2026-03-31 22:17:50.752076,0.4460068170191943,38.3,5.0,11,0,normal,0
i-synthetic-04,2026-03-31 22:18:58.372041,0.4278934335683517,39.3,5.0,11,0,normal,0
i-synthetic-04,2026-03-31 22:20:06.305553,0.4458118356505194,37.1,7.9,11,0,normal,0
i-synthetic-04,2026-03-31 22:21:14.330296,0.5083333333333333,43.4,5.0,11,0,normal,0
i-synthetic-04,2026-03-31 22:22:22.885305,0.4585104312626498,37.1,5.9,11,0,normal,0
i-synthetic-04,2026-03-31 22:23:30.955668,0.4667847319528777,38.6,8.0,11,0,normal,0
i-synthetic-04,2026-03-31 22:24:38.911720,0.4458388986615875,37.1,5.0,11,0,normal,0
i-synthetic-04,2026-03-31 22:25:46.563916,0.4584259731362494,40.2,5.0,11,0,normal,0
i-synthetic-04,2026-03-31 22:26:54.554912,0.4083333333333332,40.0,10.3,11,0,normal,0
i-synthetic-04,2026-03-31 22:28:02.162699,0.4414570601524209,43.8,7.2,11,0,normal,0
i-synthetic-04,2026-03-31 22:29:10.088223,0.44373176626818,43.3,5.0,11,0,normal,0
i-synthetic-04,2026-03-31 22:30:18.277439,0.4316520796812106,38.8,5.0,11,0,normal,0
i-synthetic-04,2026-03-31 22:31:26.277813,0.525,37.5,5.0,11,0,normal,0
i-synthetic-04,2026-03-31 22:32:33.925667,0.4625,44.8,5.0,11,0,normal,0
i-synthetic-04,2026-03-31 22:33:41.526271,0.4693022552301022,45.5,5.0,11,0,normal,0
i-synthetic-04,2026-03-31 22:34:49.686326,0.4478947523764192,42.4,5.0,11,0,normal,0
i-synthetic-04,2026-03-31 22:35:56.878644,0.4599824685678021,46.6,5.0,11,0,normal,0
i-synthetic-04,2026-03-31 22:37:04.314381,0.4456204622660361,37.2,5.0,11,0,normal,0
i-synthetic-04,2026-03-31 22:38:11.756320,0.4221887354810205,39.5,5.0,11,0,normal,0
i-synthetic-04,2026-03-31 22:39:19.655184,0.4332071947200707,39.7,5.0,11,0,normal,0
i-synthetic-04,2026-03-31 22:40:27.183649,0.4249670368863521,41.5,8.9,11,0,normal,0
i-synthetic-04,2026-03-31 22:41:35.617030,0.5166666666666667,38.9,5.0,11,0,normal,0
i-synthetic-04,2026-03-31 22:42:45.768120,0.4539970914096671,43.5,7.4,11,0,normal,0
i-synthetic-04,2026-03-31 22:43:59.233494,0.469475964011329,44.8,5.0,11,0,normal,0
i-synthetic-04,2026-03-31 22:45:07.595651,0.4467015912410469,46.1,5.0,11,0,normal,0
i-synthetic-04,2026-03-31 22:46:20.497510,0.4083333333333332,44.4,5.0,11,0,normal,0
i-synthetic-04,2026-03-31 22:47:28.517327,0.4497871289327027,39.3,5.0,11,0,normal,0
i-synthetic-04,2026-03-31 22:48:37.149478,0.4248580859551351,43.1,5.0,11,0,normal,0
i-synthetic-04,2026-03-31 22:49:44.662228,0.4436435644663513,37.7,5.0,11,0,normal,0
i-synthetic-04,2026-03-31 22:50:52.356408,0.4299799079552789,38.6,10.3,11,0,normal,0
i-synthetic-04,2026-03-31 22:52:00.239510,0.4912409245320722,39.9,5.0,11,0,normal,0
i-synthetic-04,2026-03-31 22:53:08.055158,0.4581627515385407,45.3,7.2,11,0,normal,0
i-synthetic-04,2026-03-31 22:54:15.774269,0.439538524586714,44.0,10.2,11,0,normal,0
i-synthetic-04,2026-03-31 22:55:23.445002,0.4516308196693712,41.1,9.2,11,0,normal,0
i-synthetic-04,2026-03-31 22:56:31.973319,0.399653633517618,43.3,8.0,11,0,normal,0
i-synthetic-04,2026-03-31 22:57:39.631542,0.4456601500921423,43.5,5.0,11,0,normal,0
i-synthetic-04,2026-03-31 22:58:47.109791,0.4276601463939893,44.1,5.0,11,0,normal,0
i-synthetic-04,2026-03-31 22:59:55.743411,0.4437704488449857,46.9,5.0,11,0,normal,0
i-synthetic-04,2026-03-31 23:01:04.180217,0.5333333333333333,41.5,5.0,11,0,normal,0
i-synthetic-04,2026-03-31 23:02:15.821331,0.4624999999999999,40.5,5.0,11,0,normal,0
i-synthetic-04,2026-04-01 04:02:09.759577,0.4498271665584289,39.9,8.3,12,0,normal,0
i-synthetic-04,2026-04-01 04:30:56.033882,0.4400753005694034,48.7,5.0,12,0,normal,0
i-synthetic-04,2026-04-01 04:32:04.901351,0.5333333333333333,41.8,5.0,12,0,normal,0
i-synthetic-04,2026-04-01 04:33:12.441230,34.70118798897529,48.4,35.9,12,0,normal,0
i-synthetic-04,2026-04-01 04:34:19.627547,51.02589099173147,40.6,47.7,12,0,normal,0
i-synthetic-04,2026-04-01 04:35:28.531400,60.82071279338518,48.6,54.9,12,0,normal,0
i-synthetic-04,2026-04-01 04:36:37.540759,9.63315737764974,39.3,13.5,12,0,normal,0
i-synthetic-04,2026-04-01 04:37:45.385921,54.09157868882487,39.7,52.6,12,0,normal,0
i-synthetic-04,2026-04-01 04:38:53.672169,69.39438579254991,40.5,60.2,12,0,normal,0
i-synthetic-04,2026-04-01 04:40:02.111026,77.0432893860784,40.0,60.8,12,0,normal,0
i-synthetic-04,2026-04-01 04:41:10.893515,99.99166666666666,42.2,78.3,12,1,critical,0
i-synthetic-04,2026-04-01 04:42:19.790197,76.18979856346722,47.8,57.3,12,0,normal,0
i-synthetic-04,2026-04-01 04:43:29.061630,83.83572478684563,48.2,63.3,12,1,warning,0
i-synthetic-04,2026-04-01 04:44:38.443509,87.86637692346756,41.2,66.4,12,1,warning,0
i-synthetic-04,2026-04-01 04:45:47.173542,90.28476820544071,45.8,69.7,12,1,warning,1
i-synthetic-04,2026-04-01 04:46:55.540167,14.433333333333334,43.3,11.5,12,0,normal,0
i-synthetic-04,2026-04-01 04:48:03.389441,13.495833333333334,43.3,9.5,12,0,normal,0
i-synthetic-04,2026-04-01 04:49:10.723762,34.32674002031621,42.3,19.4,12,0,normal,0
i-synthetic-04,2026-04-01 04:50:18.509741,47.46039289880671,40.4,46.1,12,0,normal,0
i-synthetic-04,2026-04-01 04:51:28.189386,100.0,43.5,85.9,12,1,critical,0
i-synthetic-04,2026-04-01 04:52:36.789833,99.99583333333334,43.5,77.1,12,1,critical,1
i-synthetic-04,2026-04-01 04:53:45.148374,99.99722222222222,42.0,76.6,12,1,critical,1
i-synthetic-04,2026-04-01 04:54:53.576042,76.30321459153488,44.1,55.7,12,0,normal,0
i-synthetic-04,2026-04-01 04:57:05.692421,99.998334776527,42.6,88.0,12,1,critical,0
i-synthetic-04,2026-04-01 04:58:14.415472,99.99722173865396,44.9,75.2,12,1,critical,1
i-synthetic-04,2026-04-01 04:59:23.296415,99.99791630399046,39.6,89.8,12,1,critical,1
i-synthetic-04,2026-04-01 05:00:31.479641,94.92818774818178,39.9,67.9,12,1,warning,1
i-synthetic-04,2026-04-01 05:01:40.449297,2.1314505520123888,40.9,11.6,12,0,normal,0
i-synthetic-04,2026-04-01 05:02:48.424830,2.178225276006194,44.7,6.8,12,0,normal,0
i-synthetic-04,2026-04-01 05:03:55.949045,2.182705739559685,45.0,5.0,12,0,normal,0
i-synthetic-04,2026-04-01 05:05:04.424453,3.9899048867882847,43.0,5.0,12,0,normal,0
i-synthetic-04,2026-04-01 05:06:13.155065,100.0,47.4,72.6,12,1,critical,0
i-synthetic-04,2026-04-01 05:07:21.611405,99.99583333333334,40.3,84.5,12,1,critical,1
i-synthetic-04,2026-04-01 05:08:30.179514,99.99722222222222,47.4,87.6,12,1,critical,1
i-synthetic-04,2026-04-01 05:09:39.192143,99.99666776985885,43.3,74.1,12,1,critical,1
i-synthetic-04,2026-04-01 05:10:47.816859,99.99666695981088,48.1,83.8,12,1,critical,1
i-synthetic-04,2026-04-01 05:11:56.681759,100.0,45.7,79.6,12,1,critical,1
i-synthetic-04,2026-04-01 05:13:06.314907,99.99388338393445,39.8,70.0,12,1,critical,1
i-synthetic-04,2026-04-01 05:14:15.417906,99.99541253795084,39.1,70.6,12,1,critical,1
i-synthetic-04,2026-04-01 05:15:23.980162,97.894663363694,42.0,72.2,12,1,critical,1
i-synthetic-04,2026-04-01 05:16:33.522405,2.12312457329359,39.4,5.0,12,0,normal,0
i-synthetic-04,2026-04-01 05:17:41.903769,2.1541941114253493,47.4,10.3,12,0,normal,0
i-synthetic-04,2026-04-01 05:18:49.649634,2.141684963172456,41.3,8.3,12,0,normal,0
i-synthetic-04,2026-04-01 05:19:58.088598,2.157868997807304,45.5,5.0,12,0,normal,0
i-synthetic-04,2026-04-01 05:21:06.316114,2.233333333333333,44.3,5.0,12,0,normal,0
i-synthetic-04,2026-04-01 05:22:13.578556,2.1657050481503064,48.0,5.0,12,0,normal,0
i-synthetic-04,2026-04-01 05:23:22.110902,2.172236733242343,45.0,5.0,12,0,normal,0
i-synthetic-04,2026-04-01 05:24:29.797545,2.1537142092160564,44.0,9.4,12,0,normal,0
i-synthetic-04,2026-04-01 05:25:37.511826,2.17131217305294,47.0,5.0,12,0,normal,0
i-synthetic-04,2026-04-01 05:26:48.995528,93.94131482809814,39.1,82.3,12,1,warning,0
i-synthetic-04,2026-04-01 05:27:57.864291,96.97065741404909,48.5,86.0,12,1,critical,1
i-synthetic-04,2026-04-01 05:29:06.608408,98.4828264549977,39.8,86.7,12,1,critical,1
i-synthetic-04,2026-04-01 05:30:15.357144,98.78626116399816,41.7,87.9,12,1,critical,1
i-synthetic-04,2026-04-01 05:31:24.116765,8.408473474557908,48.3,5.0,12,0,normal,0
i-synthetic-04,2026-04-01 05:32:32.399629,5.333403403945621,44.1,5.8,12,0,normal,0
i-synthetic-04,2026-04-01 05:33:40.352410,4.300704887721133,43.7,11.2,12,0,normal,0
i-synthetic-04,2026-04-01 05:34:48.112198,3.7567786657908497,48.1,10.4,12,0,normal,0
i-synthetic-04,2026-04-01 05:35:55.299788,3.4466998047289947,43.7,5.0,12,0,normal,0
i-synthetic-04,2026-04-01 05:37:03.482471,2.1509320038256017,43.1,5.0,12,0,normal,0
i-synthetic-04,2026-04-01 05:38:11.272916,2.133954669217068,46.6,11.7,12,0,normal,0
i-synthetic-04,2026-04-01 05:39:20.002734,2.158297287089475,44.8,5.0,12,0,normal,0
i-synthetic-04,2026-04-01 05:40:27.994826,2.152020674231684,45.5,6.8,12,0,normal,0
i-synthetic-04,2026-04-01 05:41:36.015799,2.198058381762777,47.9,5.0,12,0,normal,0
i-synthetic-04,2026-04-01 05:42:44.291770,2.1615291908813883,45.8,6.4,12,0,normal,0
i-synthetic-04,2026-04-01 05:43:53.445031,2.1916825463133165,47.5,10.8,12,0,normal,0
i-synthetic-04,2026-04-01 05:45:01.553513,2.199612378603104,45.6,5.0,12,0,normal,0
i-synthetic-04,2026-04-01 05:46:10.393531,1.0092248152534735,45.8,5.2,12,0,normal,0
i-synthetic-04,2026-04-01 05:47:18.687409,1.3462790742934034,41.7,5.0,12,0,normal,0
i-synthetic-04,2026-04-01 05:48:26.303192,1.6225193828622688,44.0,5.0,12,0,normal,0
i-synthetic-04,2026-04-01 05:49:35.448736,1.793972870480035,40.5,11.3,12,0,normal,0
i-synthetic-04,2026-04-01 05:50:44.515276,1.866844963050695,48.4,11.0,12,0,normal,0
i-synthetic-04,2026-04-01 05:51:53.190226,2.283333333333333,42.6,5.0,12,0,normal,0
i-synthetic-04,2026-04-01 05:53:01.883776,2.2521109593932764,48.1,5.0,12,0,normal,0
i-synthetic-04,2026-04-01 05:54:15.037394,2.1078332195449576,48.9,5.0,12,0,normal,0
i-synthetic-04,2026-04-01 05:55:24.365334,2.1379332423026325,47.4,5.0,12,0,normal,0
i-synthetic-04,2026-04-01 05:56:34.271144,2.13521944384206,47.5,5.0,12,0,normal,0
i-synthetic-04,2026-04-01 05:57:43.610588,2.208287800919232,45.1,10.2,12,0,normal,0
i-synthetic-04,2026-04-01 05:58:52.119763,2.0332842753103315,39.1,5.0,12,0,normal,0
i-synthetic-04,2026-04-01 06:00:00.798551,2.1025663826746546,44.7,9.1,12,0,normal,0
i-synthetic-04,2026-04-01 06:01:08.879474,2.3062577014020715,41.4,5.0,12,0,normal,0
i-synthetic-04,2026-04-01 06:02:16.989237,2.254119742503658,41.7,8.6,12,0,normal,0
i-synthetic-04,2026-04-01 06:03:25.473978,2.2659612108922915,45.6,8.4,12,0,normal,0
i-synthetic-04,2026-04-01 06:04:33.379854,2.2499571710347497,46.8,6.6,12,0,normal,0
i-synthetic-04,2026-04-01 06:05:41.929290,9.108299070161134,48.8,5.0,12,0,normal,0
i-synthetic-04,2026-04-01 06:06:49.960357,100.0,47.0,79.6,12,1,critical,0
i-synthetic-04,2026-04-01 06:07:58.556657,99.99249987499792,42.4,82.1,12,1,critical,1
i-synthetic-04,2026-04-01 06:09:07.521914,99.99416660416564,40.6,79.7,12,1,critical,1
i-synthetic-04,2026-04-01 06:10:16.732511,93.1903332833325,40.0,76.4,12,1,warning,1
i-synthetic-04,2026-04-01 06:11:25.664407,2.283333333333333,44.6,5.0,12,0,normal,0
i-synthetic-04,2026-04-01 06:12:33.311253,2.225,42.1,8.4,12,0,normal,0
i-synthetic-04,2026-04-01 06:13:40.900785,2.221570113066791,44.9,5.0,12,0,normal,0
i-synthetic-04,2026-04-01 06:14:48.113756,2.2062379714749896,42.2,5.0,12,0,normal,0
i-synthetic-04,2026-04-01 06:15:55.887088,5.691657043846658,46.7,11.9,12,0,normal,0
i-synthetic-04,2026-04-01 06:17:03.246426,99.99333553971768,47.5,81.5,12,1,critical,0
i-synthetic-04,2026-04-01 06:18:12.524116,99.99555702647848,46.7,85.0,12,1,critical,1
i-synthetic-04,2026-04-01 06:19:21.238244,99.99666776985885,43.1,76.1,12,1,critical,1
i-synthetic-04,2026-04-01 06:20:30.013655,99.99666695981088,47.3,84.2,12,1,critical,1
i-synthetic-04,2026-04-01 06:21:39.153710,99.99500441276872,40.0,81.2,12,1,critical,1
i-synthetic-04,2026-04-01 06:22:47.913149,99.99750220638435,42.1,87.6,12,1,critical,1
i-synthetic-04,2026-04-01 06:23:57.334520,99.99833480425625,46.9,86.6,12,1,critical,1
i-synthetic-04,2026-04-01 06:25:06.847450,96.83679004292868,48.5,76.8,12,1,critical,1
i-synthetic-04,2026-04-01 06:26:15.921875,1.9934275276494235,40.5,5.0,12,0,normal,0
i-synthetic-04,2026-04-01 06:27:23.223928,2.046713763824712,44.9,10.1,12,0,normal,0
i-synthetic-04,2026-04-01 06:28:30.854393,2.03055414005368,48.8,5.0,12,0,normal,0
i-synthetic-04,2026-04-01 06:29:38.919824,2.0395822717069265,39.3,5.0,12,0,normal,0
i-synthetic-04,2026-04-01 06:30:47.235463,2.0019929396568985,39.6,7.0,12,0,normal,0
i-synthetic-04,2026-04-01 06:31:55.459997,0.6916666666666665,40.6,7.0,12,0,normal,0
i-synthetic-04,2026-04-01 06:33:03.365229,1.5160758459656931,40.1,5.8,12,0,normal,0
i-synthetic-04,2026-04-01 06:34:11.482416,1.6120568844742698,40.3,5.0,12,0,normal,0
i-synthetic-04,2026-04-01 06:35:19.031583,1.8613121742460823,45.2,5.0,12,0,normal,0
i-synthetic-04,2026-04-01 06:36:27.075925,100.0,46.2,82.8,12,1,critical,0
i-synthetic-04,2026-04-01 06:37:35.670352,100.0,45.8,70.7,12,1,critical,1
i-synthetic-04,2026-04-01 06:38:44.725225,99.99833480425625,42.9,70.3,12,1,critical,1
i-synthetic-04,2026-04-01 06:39:53.627292,99.99791703309693,46.3,88.7,12,1,critical,1
i-synthetic-04,2026-04-01 06:42:06.612022,2.15,47.2,5.0,12,0,normal,0
i-synthetic-04,2026-04-01 06:43:14.589074,2.157693481868794,46.0,7.0,12,0,normal,0
i-synthetic-04,2026-04-01 06:44:22.180278,2.1245201114015955,42.4,5.0,12,0,normal,0
i-synthetic-04,2026-04-01 06:45:29.965170,2.124616089121276,46.7,10.5,12,0,normal,0
i-synthetic-04,2026-04-01 06:46:38.487813,2.05181243431698,44.8,5.0,12,0,normal,0
i-synthetic-04,2026-04-01 06:47:46.230502,2.096739550491823,49.0,7.5,12,0,normal,0
i-synthetic-04,2026-04-01 06:48:19.367643,2.058354012019221,42.3,8.3,12,0,normal,0
i-synthetic-04,2026-04-01 06:48:37.168899,2.058354012019221,45.8,5.0,12,0,normal,0
i-synthetic-04,2026-04-01 06:49:38.995486,2.0650593185461688,41.1,5.0,12,0,normal,0
i-synthetic-04,2026-04-01 06:50:46.606689,2.042047454836935,41.1,7.3,12,0,normal,0
i-synthetic-04,2026-04-01 06:51:04.985107,2.058333333333333,43.9,5.0,12,0,normal,0
i-synthetic-04,2026-04-01 06:51:51.467626,2.058333333333333,39.3,5.0,12,0,normal,0
i-synthetic-04,2026-04-01 06:52:59.991488,2.01606603981298,45.5,7.1,12,0,normal,0
i-synthetic-04,2026-04-01 06:54:07.496019,1.991639834628948,48.8,5.8,12,0,normal,0
i-synthetic-04,2026-04-01 06:58:15.087941,1.8755191949074312,45.4,8.7,12,0,normal,0
i-synthetic-04,2026-04-01 06:59:24.499074,14.19830606284724,45.2,17.7,12,0,normal,0
i-synthetic-04,2026-04-01 07:00:33.556056,31.35764573283153,41.0,27.1,12,0,normal,0
i-synthetic-04,2026-04-01 07:01:42.652668,100.0,42.6,79.3,12,1,critical,0
i-synthetic-04,2026-04-01 07:02:52.201123,100.0,42.0,85.0,12,1,critical,1
i-synthetic-04,2026-04-01 07:04:02.212521,94.10708443652553,40.7,83.6,12,1,warning,1
i-synthetic-04,2026-04-01 07:05:13.195240,90.35064160964043,41.8,75.0,12,1,warning,1
i-synthetic-04,2026-04-01 07:06:23.955787,99.96666666666668,48.9,78.1,12,1,critical,1
i-synthetic-04,2026-04-01 07:07:34.019482,99.95416666666668,42.8,77.6,12,1,critical,1
i-synthetic-04,2026-04-01 07:08:43.959588,86.16111111111111,46.1,77.7,12,1,warning,0
i-synthetic-04,2026-04-01 07:09:54.998038,67.94711722063101,46.8,57.8,12,0,normal,0
i-synthetic-04,2026-04-01 07:11:08.077883,7.776464123357701,45.2,15.3,12,0,normal,0
i-synthetic-04,2026-04-01 07:12:20.356403,5.06844124645874,45.9,5.0,12,0,normal,0
i-synthetic-04,2026-04-01 07:13:31.956924,4.109516386528049,39.4,5.0,12,0,normal,0
i-synthetic-04,2026-04-01 07:14:43.965665,3.6571372898960366,39.1,8.2,12,0,normal,0
i-synthetic-04,2026-04-01 07:15:56.149175,3.3590431652501627,40.4,5.0,12,0,normal,0
i-synthetic-04,2026-04-01 07:17:15.669556,2.182395619980128,39.1,5.0,12,0,normal,0
i-synthetic-04,2026-04-01 07:18:31.293240,2.202152635542308,39.7,11.4,12,0,normal,0
i-synthetic-04,2026-04-01 07:19:43.925771,2.208356265236643,45.1,10.8,12,0,normal,0
i-synthetic-04,2026-04-01 07:20:53.589828,2.208351678855981,46.0,5.0,12,0,normal,0
i-synthetic-04,2026-04-01 07:22:04.759009,2.1625,41.0,5.0,12,0,normal,0
i-synthetic-04,2026-04-01 07:23:15.170560,2.172222222222222,47.7,5.0,12,0,normal,0
i-synthetic-04,2026-04-01 07:24:24.122293,2.1499999999999995,47.0,5.0,12,0,normal,0
i-synthetic-04,2026-04-01 07:25:33.664463,2.16,47.9,5.0,12,0,normal,0
i-synthetic-04,2026-04-01 07:26:43.802126,2.0731687009808004,47.7,5.0,12,0,normal,0
i-synthetic-04,2026-04-01 07:27:53.256047,2.1208754743164464,40.7,5.0,12,0,normal,0
i-synthetic-04,2026-04-01 09:03:58.530606,1.6055555555555554,46.4,5.0,12,0,normal,0
i-synthetic-04,2026-04-01 09:05:06.711205,1.6030420905977496,42.7,5.0,12,0,normal,0
i-synthetic-04,2026-04-01 10:18:28.703994,1.5837901257221656,44.2,8.3,12,0,normal,0
i-synthetic-04,2026-04-01 10:31:59.433448,1.6568697650408806,48.6,8.8,12,0,normal,0
i-synthetic-04,2026-04-01 10:33:07.334880,1.621703302416086,47.9,5.0,12,0,normal,0
i-synthetic-04,2026-04-01 10:34:15.257468,1.6058608101453975,39.0,5.0,12,0,normal,0
i-synthetic-05,2026-03-30 03:16:40.162942,2.1666666666666665,36.4,9.3,10,0,normal,0
i-synthetic-05,2026-03-30 03:16:42.439242,2.1666666666666665,41.4,5.0,10,0,normal,0
i-synthetic-05,2026-03-30 03:17:51.597278,2.147222222222222,37.5,5.0,10,0,normal,0
i-synthetic-05,2026-03-30 03:17:53.680359,2.147222222222222,35.7,5.0,10,0,normal,0
i-synthetic-05,2026-03-30 03:19:02.380328,2.15,41.4,7.1,10,0,normal,0
i-synthetic-05,2026-03-30 03:19:04.739826,2.15,38.5,5.0,10,0,normal,0
i-synthetic-05,2026-03-30 03:20:13.298905,2.144639056801718,38.7,5.0,10,0,normal,0
i-synthetic-05,2026-03-30 03:20:16.093017,2.144639056801718,35.7,7.8,10,0,normal,0
i-synthetic-05,2026-03-30 03:21:24.103564,2.251914127007957,39.2,11.1,10,0,normal,0
i-synthetic-05,2026-03-30 03:21:26.950833,2.1917178335161345,44.8,5.0,10,0,normal,0
i-synthetic-05,2026-03-30 03:22:35.506124,2.200662701089912,40.9,7.6,10,0,normal,0
i-synthetic-05,2026-03-30 03:22:37.512053,2.200662701089912,39.7,5.0,10,0,normal,0
i-synthetic-05,2026-03-30 03:23:46.680296,2.1771327188117224,39.6,7.3,10,0,normal,0
i-synthetic-05,2026-03-30 03:23:48.100327,2.1771327188117224,42.5,10.4,10,0,normal,0
i-synthetic-05,2026-03-30 03:24:57.625391,2.185039508382711,40.6,8.7,10,0,normal,0
i-synthetic-05,2026-03-30 03:26:09.683774,2.293616240471067,44.0,5.0,10,0,normal,0
i-synthetic-05,2026-03-30 03:27:21.258903,2.255141453568867,39.8,5.0,10,0,normal,0
i-synthetic-05,2026-03-30 03:28:32.349312,2.2171540601177666,38.1,5.0,10,0,normal,0
i-synthetic-05,2026-03-30 03:29:43.843039,2.2087232480942136,44.8,5.0,10,0,normal,0
i-synthetic-05,2026-04-01 07:29:03.103717,2.126622676572852,43.8,5.0,12,0,normal,0
i-synthetic-05,2026-03-30 03:46:34.726358,2.229166666666667,40.9,5.0,10,0,normal,0
i-synthetic-05,2026-03-30 03:47:44.619750,2.2604658155241,43.2,5.0,10,0,normal,0
i-synthetic-05,2026-03-30 03:48:19.852766,2.2604658155241,41.7,5.0,10,0,normal,0
i-synthetic-05,2026-03-30 03:49:30.712919,2.267938489442236,36.7,5.0,10,0,normal,0
i-synthetic-05,2026-03-30 03:50:40.704390,2.267938489442236,43.8,5.0,10,0,normal,0
i-synthetic-05,2026-03-30 03:51:44.821104,2.196793941516956,35.7,5.0,10,0,normal,0
i-synthetic-05,2026-03-30 03:52:55.218943,2.075121402164102,42.5,5.0,10,0,normal,0
i-synthetic-05,2026-03-30 03:54:05.636469,2.1000910516230764,45.0,5.0,10,0,normal,0
i-synthetic-05,2026-03-30 03:55:16.444062,2.0399348941781907,44.6,5.0,10,0,normal,0
i-synthetic-05,2026-03-30 03:56:27.197807,2.230504427683031,40.4,5.0,10,0,normal,0
i-synthetic-05,2026-03-30 03:57:37.024931,2.2092251740109097,39.9,5.0,10,0,normal,0
i-synthetic-05,2026-03-30 03:58:47.043569,2.221502213841516,38.3,5.0,10,0,normal,0
i-synthetic-05,2026-03-30 03:59:58.045253,2.210167083890651,36.5,5.0,10,0,normal,0
i-synthetic-05,2026-03-30 04:01:08.477440,2.313004409684666,41.6,8.5,10,0,normal,0
i-synthetic-05,2026-03-30 04:02:18.569320,2.346898836646389,35.2,5.0,10,0,normal,0
i-synthetic-05,2026-03-30 04:03:30.371308,1.8715808602231607,36.8,5.0,10,0,normal,0
i-synthetic-05,2026-03-30 04:04:41.232016,1.925234247386536,44.6,5.0,10,0,normal,0
i-synthetic-05,2026-03-30 04:05:52.159479,1.925234247386536,42.3,5.0,10,0,normal,0
i-synthetic-05,2026-03-30 04:07:02.875809,2.179203905334522,35.4,5.0,10,0,normal,0
i-synthetic-05,2026-03-30 04:08:13.370057,2.1777905204244,38.0,5.0,10,0,normal,0
i-synthetic-05,2026-03-30 04:09:23.992828,2.1546193086071788,43.3,5.0,10,0,normal,0
i-synthetic-05,2026-03-30 04:10:33.838717,2.1653621135524097,38.4,5.0,10,0,normal,0
i-synthetic-05,2026-03-30 04:11:44.281156,2.1949309753376296,35.9,5.0,10,0,normal,0
i-synthetic-05,2026-03-30 04:12:53.935222,2.205584936535117,41.5,5.0,10,0,normal,0
i-synthetic-05,2026-03-30 04:14:04.124077,2.1916887024013376,38.1,5.0,10,0,normal,0
i-synthetic-05,2026-03-30 04:15:15.161562,2.2000176285877364,41.5,5.0,10,0,normal,0
i-synthetic-05,2026-03-30 04:16:25.673419,2.1481740520557526,42.8,5.7,10,0,normal,0
i-synthetic-05,2026-03-30 04:17:36.313191,2.157724684018584,36.1,5.0,10,0,normal,0
i-synthetic-05,2026-03-30 04:18:47.492577,2.1703768463472715,41.7,7.1,10,0,normal,0
i-synthetic-05,2026-03-30 04:19:58.066268,2.1549906962474443,40.6,5.0,10,0,normal,0
i-synthetic-05,2026-03-30 04:21:08.287358,2.2416666666666667,44.2,5.0,10,0,normal,0
i-synthetic-05,2026-03-30 04:22:19.202755,2.1791666666666667,44.8,5.0,10,0,normal,0
i-synthetic-05,2026-03-30 04:23:29.514296,2.16875,35.4,5.0,10,0,normal,0
i-synthetic-05,2026-03-30 04:24:39.882718,2.178333333333333,39.4,5.0,10,0,normal,0
i-synthetic-05,2026-03-30 04:25:50.985189,2.178333333333333,43.0,5.0,10,0,normal,0
i-synthetic-05,2026-03-30 04:27:02.010644,2.186548100781003,43.5,8.3,10,0,normal,0
i-synthetic-05,2026-03-30 04:28:12.489017,2.166634662726877,44.7,5.0,10,0,normal,0
i-synthetic-05,2026-03-30 04:29:23.118663,2.176590458086606,35.5,5.0,10,0,normal,0
i-synthetic-05,2026-03-30 04:30:33.335977,2.16663392379301,44.6,11.4,10,0,normal,0
i-synthetic-05,2026-03-30 04:31:44.066925,2.1708333333333334,39.4,8.8,10,0,normal,0
i-synthetic-05,2026-03-30 04:32:55.477910,2.25,37.2,11.4,10,0,normal,0
i-synthetic-05,2026-03-30 04:34:06.410760,2.220833333333333,41.0,5.7,10,0,normal,0
i-synthetic-05,2026-03-30 04:35:29.570334,2.172996453014937,45.0,5.0,10,0,normal,0
i-synthetic-05,2026-03-30 04:36:28.705788,2.049999028347222,43.2,10.0,10,0,normal,0
i-synthetic-05,2026-03-30 04:37:39.822871,2.0694437966759254,39.6,5.0,10,0,normal,0
i-synthetic-05,2026-03-30 04:38:46.017989,2.043733125831,43.7,5.0,10,0,normal,0
i-synthetic-05,2026-03-30 04:39:56.754398,2.037008286575688,39.7,5.0,10,0,normal,0
i-synthetic-05,2026-03-30 04:41:07.711386,1.883333333333333,35.1,5.0,10,0,normal,0
i-synthetic-05,2026-03-30 04:42:18.178771,1.932491132537343,42.0,7.5,10,0,normal,0
i-synthetic-05,2026-03-30 04:43:29.096828,1.903752754409312,39.0,5.0,10,0,normal,0
i-synthetic-05,2026-03-30 04:44:41.299720,1.9083233044448804,39.5,5.0,10,0,normal,0
i-synthetic-05,2026-03-30 04:45:51.924380,1.9083233044448804,40.7,5.6,10,0,normal,0
i-synthetic-05,2026-03-30 04:47:02.103934,1.8250429340575929,40.5,8.0,10,0,normal,0
i-synthetic-05,2026-03-30 04:48:12.536257,1.7944730671495064,38.6,5.0,10,0,normal,0
i-synthetic-05,2026-03-30 04:49:23.330138,1.8021048003621296,40.4,5.0,10,0,normal,0
i-synthetic-05,2026-03-30 04:50:28.321459,1.776683840289704,38.0,5.0,10,0,normal,0
i-synthetic-05,2026-03-30 04:51:39.000674,1.715973089540557,40.6,5.0,10,0,normal,0
i-synthetic-05,2026-03-30 04:52:48.723271,1.719471225484627,42.9,5.0,10,0,normal,0
i-synthetic-05,2026-03-30 04:53:03.420707,1.719471225484627,37.8,5.0,10,0,normal,0
i-synthetic-05,2026-03-30 04:54:13.608084,1.6979367524468034,43.6,10.0,10,0,normal,0
i-synthetic-05,2026-03-30 04:55:24.388285,1.696682735290776,39.7,5.0,10,0,normal,0
i-synthetic-05,2026-03-30 04:56:34.552589,1.65,41.7,5.0,10,0,normal,0
i-synthetic-05,2026-03-30 04:57:44.950680,1.635655803677985,35.2,8.7,10,0,normal,0
i-synthetic-05,2026-03-30 04:58:06.958552,1.635655803677985,43.3,6.4,10,0,normal,0
i-synthetic-05,2026-03-30 04:59:17.705982,1.6541885157553693,42.6,5.0,10,0,normal,0
i-synthetic-05,2026-03-30 05:00:28.354874,1.6416841459376286,40.5,9.7,10,0,normal,0
i-synthetic-05,2026-03-30 05:29:59.560013,0.0001577347978801,44.9,5.0,10,0,normal,0
i-synthetic-05,2026-03-30 05:31:12.050313,7.59987333544441,35.6,5.0,10,0,normal,0
i-synthetic-05,2026-04-01 07:30:14.081399,2.1133287683121784,47.9,5.0,12,0,normal,0
i-synthetic-05,2026-04-01 07:31:24.295427,2.198058381762777,44.3,5.1,12,0,normal,0
i-synthetic-05,2026-04-01 07:32:32.841628,2.1365291908813884,45.5,9.5,12,0,normal,0
i-synthetic-05,2026-04-01 07:33:41.652799,2.158334477741634,40.9,9.6,12,0,normal,0
i-synthetic-05,2026-04-01 07:34:50.707375,2.139124528231125,48.2,5.0,12,0,normal,0
i-synthetic-05,2026-04-01 07:37:06.865762,2.083333333333333,45.7,10.5,12,0,normal,0
i-synthetic-05,2026-04-01 07:38:15.984118,2.068843817590757,42.3,5.0,12,0,normal,0
i-synthetic-05,2026-04-01 07:39:24.692562,2.076632863193068,42.0,5.0,12,0,normal,0
i-synthetic-05,2026-04-01 07:41:34.794834,2.12312457329359,44.8,7.2,12,0,normal,0
i-synthetic-05,2026-04-01 07:42:44.771523,2.065728953313462,43.5,5.0,12,0,normal,0
i-synthetic-05,2026-04-01 07:43:55.332149,2.077152635542308,44.4,5.0,12,0,normal,0
i-synthetic-05,2026-04-01 07:45:04.556194,2.058306533807213,46.6,11.4,12,0,normal,0
i-synthetic-05,2026-04-01 07:46:16.689549,100.0,43.8,84.0,12,1,critical,0
i-synthetic-05,2026-04-01 09:06:15.028080,1.559711078119005,46.4,6.7,12,0,normal,0
i-synthetic-05,2026-04-01 09:07:24.017411,1.6048555390595023,48.5,5.0,12,0,normal,0
i-synthetic-05,2026-04-01 09:08:32.831247,1.5833390470322362,39.5,8.4,12,0,normal,0
i-synthetic-05,2026-04-01 09:09:42.428249,1.6003689824233254,40.8,5.0,12,0,normal,0
i-synthetic-05,2026-04-01 09:10:51.240812,1.5866912027904412,46.4,5.0,12,0,normal,0
i-synthetic-05,2026-04-01 09:12:01.936978,1.6583333333333332,47.4,5.0,12,0,normal,0
i-synthetic-05,2026-04-01 09:13:12.286236,1.6227109409608114,45.3,5.0,12,0,normal,0
i-synthetic-05,2026-04-01 09:14:21.273482,1.6086998723872752,48.4,5.0,12,0,normal,0
i-synthetic-05,2026-04-01 09:15:31.014942,1.6416465913306315,39.5,5.0,12,0,normal,0
i-synthetic-05,2026-04-01 09:16:40.776026,1.6347773866915771,46.1,5.0,12,0,normal,0
i-synthetic-05,2026-04-01 09:17:50.201674,1.6840553600124553,45.1,10.9,12,0,normal,0
i-synthetic-05,2026-04-01 09:19:00.195098,1.6583415375843336,45.0,8.8,12,0,normal,0
i-synthetic-05,2026-04-01 09:20:10.822621,1.6566715892172668,40.8,5.0,12,0,normal,0
i-synthetic-05,2026-04-01 09:21:19.783865,1.7083333333333333,39.9,5.0,12,0,normal,0
i-synthetic-05,2026-04-01 09:22:28.161315,1.6465332571549314,47.0,6.1,12,0,normal,0
i-synthetic-05,2026-03-30 05:32:24.149203,4.1919561519246535,42.5,6.9,10,0,normal,0
i-synthetic-05,2026-03-30 05:33:36.014987,2.9694829877112023,39.6,5.0,10,0,normal,0
i-synthetic-05,2026-03-30 05:34:48.578780,2.4062789074500683,41.5,5.0,10,0,normal,0
i-synthetic-05,2026-03-30 05:35:59.617641,5.376632265807724,42.8,5.0,10,0,normal,0
i-synthetic-05,2026-03-30 05:47:37.904106,1.9367682917286573,40.5,7.6,10,0,normal,0
i-synthetic-05,2026-03-30 05:48:49.787600,2.0362441933737343,38.7,5.0,10,0,normal,0
i-synthetic-05,2026-03-30 05:54:43.142581,0.0011623278607227,36.6,5.0,10,0,normal,0
i-synthetic-05,2026-03-30 06:07:15.589093,0.0011917222913862,43.8,5.0,10,0,normal,0
i-synthetic-05,2026-03-30 17:38:25.932061,0.4552595729457918,44.8,7.2,10,0,normal,0
i-synthetic-05,2026-03-30 17:39:39.214001,0.4533739989022323,38.4,5.0,10,0,normal,0
i-synthetic-05,2026-03-30 17:40:53.124015,0.4533739989022323,41.2,5.0,10,0,normal,0
i-synthetic-05,2026-03-30 17:42:05.929552,0.500033383081266,36.0,9.9,10,0,normal,0
i-synthetic-05,2026-03-30 17:43:18.894088,0.5029526705389248,37.1,6.1,10,0,normal,0
i-synthetic-05,2026-03-30 17:44:26.921884,0.4984564283047305,40.8,7.5,10,0,normal,0
i-synthetic-05,2026-03-30 17:52:18.415335,0.8751839155239717,37.7,5.0,10,0,normal,0
i-synthetic-05,2026-03-30 17:54:14.165759,0.6625919577619858,36.5,5.0,10,0,normal,0
i-synthetic-05,2026-03-30 17:55:27.015022,0.7000735662095886,42.2,5.0,10,0,normal,0
i-synthetic-05,2026-03-30 17:56:42.126850,0.449595364172245,44.4,5.0,10,0,normal,0
i-synthetic-05,2026-03-30 17:57:49.497310,0.4247976820861224,39.6,5.0,10,0,normal,0
i-synthetic-05,2026-03-30 17:58:56.881767,0.4472349764825531,39.8,5.0,10,0,normal,0
i-synthetic-05,2026-03-30 18:00:09.059706,0.4332548532697644,43.3,5.0,10,0,normal,0
i-synthetic-05,2026-03-30 18:08:53.865649,0.6277831692821448,36.5,5.0,10,0,normal,0
i-synthetic-05,2026-03-30 18:10:01.697469,0.5937540436282753,44.8,5.0,10,0,normal,0
i-synthetic-05,2026-03-30 18:12:13.795516,0.5,38.2,9.0,10,0,normal,0
i-synthetic-05,2026-03-30 18:13:26.193208,1.783184642712894,39.9,5.0,10,0,normal,0
i-synthetic-05,2026-03-30 18:14:33.413307,1.8978051487013368,43.0,8.3,10,0,normal,0
i-synthetic-05,2026-03-30 18:15:43.026586,1.9457722742685744,38.7,5.0,10,0,normal,0
i-synthetic-05,2026-03-30 18:16:56.780215,2.396179471337686,44.6,11.6,10,0,normal,0
i-synthetic-05,2026-03-30 18:18:10.305780,2.748089735668843,44.3,5.1,10,0,normal,0
i-synthetic-05,2026-03-30 18:18:44.158658,2.661868551479854,37.7,10.8,10,0,normal,0
i-synthetic-05,2026-03-30 18:19:52.551519,2.561493329667676,38.2,5.0,10,0,normal,0
i-synthetic-05,2026-03-30 18:22:26.331345,2.295814166986106,40.6,10.6,10,0,normal,0
i-synthetic-05,2026-03-30 18:24:12.971970,2.2339653598018416,35.4,5.0,10,0,normal,0
i-synthetic-05,2026-03-30 18:25:37.416223,2.2316547345809417,39.1,5.5,10,0,normal,0
i-synthetic-05,2026-03-30 18:26:48.860962,1.88502986020752,42.0,5.0,10,0,normal,0
i-synthetic-05,2026-03-30 18:27:57.317022,2.4245144638567155,42.3,5.0,10,0,normal,0
i-synthetic-05,2026-03-30 18:29:10.667226,2.341342975904477,43.0,5.0,10,0,normal,0
i-synthetic-05,2026-03-30 18:30:19.793836,2.2868793183889147,41.8,5.0,10,0,normal,0
i-synthetic-05,2026-03-30 18:31:28.959691,2.2666666666666666,35.7,5.0,10,0,normal,0
i-synthetic-05,2026-03-30 18:32:42.975406,1.9451162584161763,42.5,5.0,10,0,normal,0
i-synthetic-05,2026-03-30 18:33:50.454601,2.0390665570506674,35.8,5.0,10,0,normal,0
i-synthetic-05,2026-03-30 18:35:04.496535,2.0642351427521994,44.5,5.0,10,0,normal,0
i-synthetic-05,2026-03-30 18:36:15.663899,2.2563402327943654,39.2,5.0,10,0,normal,0
i-synthetic-05,2026-04-01 07:47:26.631936,100.0,48.0,79.7,12,1,critical,0
i-synthetic-05,2026-04-01 07:48:57.112739,99.99722222222222,42.2,71.5,12,1,critical,1
i-synthetic-05,2026-04-01 07:50:11.435206,99.99666666666668,40.7,89.9,12,1,critical,1
i-synthetic-05,2026-04-01 07:51:23.982724,100.0,47.6,72.7,12,1,critical,1
i-synthetic-05,2026-04-01 07:52:38.132116,100.0,44.7,72.2,12,1,critical,1
i-synthetic-05,2026-04-01 09:23:36.471261,4.31991106032551,42.2,5.0,12,0,normal,0
i-synthetic-05,2026-04-01 09:24:44.285210,28.2378499619108,42.4,12.9,12,0,normal,0
i-synthetic-05,2026-04-01 09:25:52.272483,42.59027996952864,39.5,32.1,12,0,normal,0
i-synthetic-05,2026-04-01 09:27:00.962116,100.0,46.3,72.8,12,1,critical,0
i-synthetic-05,2026-04-01 09:28:09.773134,97.43333333333334,43.6,69.2,12,1,critical,1
i-synthetic-05,2026-04-01 09:29:18.551179,73.48333333333333,42.6,64.1,12,0,normal,0
i-synthetic-05,2026-04-01 09:30:26.868062,59.125,44.7,52.2,12,0,normal,0
i-synthetic-05,2026-04-01 09:31:35.865549,1.731803573510066,45.2,5.0,12,0,normal,0
i-synthetic-05,2026-04-01 09:32:43.785419,1.6791201296245677,48.3,9.7,12,0,normal,0
i-synthetic-05,2026-04-01 09:33:51.914535,1.6860800864163783,42.9,5.0,12,0,normal,0
i-synthetic-05,2026-04-01 09:34:59.671963,39.241543798454586,44.3,37.2,12,0,normal,0
i-synthetic-05,2026-04-01 09:36:07.410240,100.0,39.7,70.9,12,1,critical,0
i-synthetic-05,2026-04-01 09:37:16.071752,99.9933275505438,42.8,80.8,12,1,critical,1
i-synthetic-05,2026-04-01 09:38:24.792300,99.99555170036253,39.7,82.4,12,1,critical,1
i-synthetic-05,2026-04-01 09:39:33.655014,99.9966637752719,44.5,77.2,12,1,critical,1
i-synthetic-05,2026-04-01 09:40:42.719636,99.99666493082832,43.3,80.0,12,1,critical,1
i-synthetic-05,2026-04-01 09:41:51.575089,99.99000016666388,42.6,78.5,12,1,critical,1
i-synthetic-05,2026-04-01 09:42:59.871407,99.99500008333196,42.9,71.8,12,1,critical,1
i-synthetic-05,2026-04-01 09:44:09.031529,77.5933333749993,47.3,64.6,12,0,normal,0
i-synthetic-05,2026-04-01 09:45:18.456534,62.40829473809977,46.8,57.7,12,0,normal,0
i-synthetic-05,2026-04-01 09:46:27.653806,1.5583333333333331,43.5,5.0,12,0,normal,0
i-synthetic-05,2026-04-01 09:47:35.782114,1.611764538546506,46.6,7.5,12,0,normal,0
i-synthetic-05,2026-04-01 09:48:43.574755,1.5888529177690005,46.7,5.0,12,0,normal,0
i-synthetic-05,2026-03-30 18:37:28.813605,2.204120539270721,37.8,5.0,10,0,normal,0
i-synthetic-05,2026-04-01 07:53:50.659735,99.99722222222222,42.3,70.6,12,1,critical,0
i-synthetic-05,2026-04-01 07:55:05.291322,90.52733421588708,45.9,74.6,12,1,warning,1
i-synthetic-05,2026-04-01 07:56:18.661224,0.4670792533404507,41.4,5.0,12,0,normal,0
i-synthetic-05,2026-04-01 07:57:29.973903,1.262706293336892,47.5,5.0,12,0,normal,0
i-synthetic-05,2026-04-01 07:58:42.963836,1.5029153066690393,40.5,9.9,12,0,normal,0
i-synthetic-05,2026-04-01 07:59:54.540044,1.6480198133351127,41.6,5.0,12,0,normal,0
i-synthetic-05,2026-04-01 08:01:04.779204,100.0,40.9,77.8,12,1,critical,0
i-synthetic-05,2026-04-01 08:02:15.980905,99.99583333333334,42.0,83.3,12,1,critical,1
i-synthetic-05,2026-04-01 08:03:26.377117,99.99722222222222,46.5,74.5,12,1,critical,1
i-synthetic-05,2026-04-01 08:04:37.581959,99.99791666666668,46.6,81.0,12,1,critical,1
i-synthetic-05,2026-04-01 08:05:48.780892,99.995,43.2,79.6,12,1,critical,1
i-synthetic-05,2026-04-01 08:07:00.781138,100.0,41.0,89.2,12,1,critical,1
i-synthetic-05,2026-04-01 08:08:12.138375,100.0,47.9,89.5,12,1,critical,1
i-synthetic-05,2026-04-01 08:09:23.177068,99.99791666666668,45.9,84.4,12,1,critical,1
i-synthetic-05,2026-04-01 08:10:33.983323,93.57333333333334,41.7,77.7,12,1,warning,1
i-synthetic-05,2026-04-01 08:11:45.737334,1.9482790201988245,42.8,9.7,12,0,normal,0
i-synthetic-05,2026-04-01 08:12:56.138854,1.886639510099412,44.7,6.1,12,0,normal,0
i-synthetic-05,2026-04-01 08:14:06.538984,1.8791379569613944,46.7,5.0,12,0,normal,0
i-synthetic-05,2026-04-01 08:15:15.593829,1.8866436989024489,47.6,9.5,12,0,normal,0
i-synthetic-05,2026-04-01 08:16:25.638953,1.7916666666666667,44.2,5.0,12,0,normal,0
i-synthetic-05,2026-04-01 08:17:34.959794,1.8375,39.3,10.8,12,0,normal,0
i-synthetic-05,2026-04-01 08:18:45.258331,1.808333333333333,47.7,5.0,12,0,normal,0
i-synthetic-05,2026-04-01 08:19:54.279048,1.825,40.0,5.0,12,0,normal,0
i-synthetic-05,2026-04-01 08:21:05.438509,99.98832301866648,47.6,71.2,12,1,critical,0
i-synthetic-05,2026-04-01 08:22:17.367749,99.99416150933324,48.6,88.6,12,1,critical,1
i-synthetic-05,2026-04-01 08:23:28.364807,99.99332989511106,48.5,87.5,12,1,critical,1
i-synthetic-05,2026-04-01 08:24:40.483538,99.9949974213333,41.7,73.1,12,1,critical,1
i-synthetic-05,2026-04-01 08:25:52.302670,96.93933127039996,45.3,76.2,12,1,critical,1
i-synthetic-05,2026-03-30 18:38:36.267420,2.058302581736036,44.8,5.0,10,0,normal,0
i-synthetic-05,2026-04-01 08:27:04.622410,1.5958333333333332,46.1,10.0,12,0,normal,0
i-synthetic-05,2026-04-01 08:28:13.608741,1.585658910425779,39.9,5.0,12,0,normal,0
i-synthetic-05,2026-04-01 08:29:23.370426,1.606272273831545,42.2,6.0,12,0,normal,0
i-synthetic-05,2026-04-01 08:30:39.440684,1.59807983198737,42.1,5.0,12,0,normal,0
i-synthetic-05,2026-04-01 08:31:50.370613,1.6764529258690863,45.2,7.8,12,0,normal,0
i-synthetic-05,2026-04-01 08:33:03.043248,1.6310398641785842,44.6,5.0,12,0,normal,0
i-synthetic-05,2026-04-01 08:34:13.255515,1.6146008979174626,48.6,10.6,12,0,normal,0
i-synthetic-05,2026-04-01 08:35:21.599263,1.6286450368152952,40.7,5.0,12,0,normal,0
i-synthetic-05,2026-04-01 08:36:30.392872,1.5569580204152995,45.9,5.0,12,0,normal,0
i-synthetic-05,2026-04-01 08:37:41.234970,1.6042084045059468,40.7,5.0,12,0,normal,0
i-synthetic-05,2026-04-01 08:38:52.015944,1.5916944918928533,45.4,5.0,12,0,normal,0
i-synthetic-05,2026-04-01 08:40:06.735267,1.5980787080578462,45.0,5.0,12,0,normal,0
i-synthetic-05,2026-04-01 08:41:21.231654,1.6764529258690863,48.3,7.7,12,0,normal,0
i-synthetic-05,2026-04-01 08:42:34.933920,1.5965597962678766,44.9,5.0,12,0,normal,0
i-synthetic-05,2026-04-01 08:43:47.246429,1.6060398641785845,46.1,5.0,12,0,normal,0
i-synthetic-05,2026-04-01 08:45:09.607830,1.6050199353589316,46.6,10.2,12,0,normal,0
i-synthetic-05,2026-04-01 08:46:32.172875,1.568051779071513,45.8,5.0,12,0,normal,0
i-synthetic-05,2026-04-01 08:47:44.494868,1.6173592228690898,44.4,6.1,12,0,normal,0
i-synthetic-05,2026-04-01 08:48:56.610412,1.5916748362386277,45.0,9.2,12,0,normal,0
i-synthetic-05,2026-04-01 08:50:07.411952,1.591963326129162,42.5,5.0,12,0,normal,0
i-synthetic-05,2026-04-01 08:51:18.232921,1.6583333333333332,47.5,5.0,12,0,normal,0
i-synthetic-05,2026-04-01 08:52:29.278919,1.6,43.1,5.0,12,0,normal,0
i-synthetic-05,2026-04-01 08:55:56.379373,1.5399999999999998,48.8,5.0,12,0,normal,0
i-synthetic-05,2026-04-01 09:49:51.479309,1.6020563549934168,44.8,5.0,12,0,normal,0
i-synthetic-05,2026-04-01 09:51:00.047013,1.5883117506614002,43.8,5.0,12,0,normal,0
i-synthetic-05,2026-04-01 09:52:07.606292,1.6159679782858474,39.9,9.5,12,0,normal,0
i-synthetic-05,2026-04-01 09:53:16.579745,1.6305784820402651,48.7,5.0,12,0,normal,0
i-synthetic-05,2026-04-01 09:54:24.559285,19.84221381890048,44.1,13.4,12,0,normal,0
i-synthetic-05,2026-03-30 18:39:43.796287,1.7726875384267815,38.0,5.0,10,0,normal,0
i-synthetic-05,2026-04-01 08:57:07.999851,1.1744336946808098,47.3,8.8,12,0,normal,0
i-synthetic-05,2026-04-01 09:55:32.193407,35.87377105512038,44.7,21.0,12,0,normal,0
i-synthetic-05,2026-04-01 09:56:40.784653,99.99500441276872,49.0,84.0,12,1,critical,0
i-synthetic-05,2026-04-01 09:57:50.234175,99.99750220638435,44.2,87.5,12,1,critical,1
i-synthetic-05,2026-04-01 09:58:59.633952,99.99555702647848,49.0,76.7,12,1,critical,1
i-synthetic-05,2026-04-01 10:00:08.201422,65.77585321854583,43.6,55.2,12,0,normal,0
i-synthetic-05,2026-04-01 10:01:17.596865,1.6666666666666663,41.9,7.3,12,0,normal,0
i-synthetic-05,2026-04-01 10:02:25.369336,1.4333333333333331,40.2,5.0,12,0,normal,0
i-synthetic-05,2026-04-01 10:03:33.645173,1.361111111111111,45.7,5.0,12,0,normal,0
i-synthetic-05,2026-04-01 10:04:41.782059,1.308587516194861,40.9,5.0,12,0,normal,0
i-synthetic-05,2026-04-01 10:05:49.649700,1.3715831829890262,48.8,5.6,12,0,normal,0
i-synthetic-05,2026-04-01 10:06:56.937759,1.559711078119005,48.4,5.0,12,0,normal,0
i-synthetic-05,2026-04-01 10:08:05.324571,1.5893481371507792,41.0,10.5,12,0,normal,0
i-synthetic-05,2026-04-01 10:09:13.151195,1.602065554763905,44.8,5.0,12,0,normal,0
i-synthetic-05,2026-04-01 10:10:21.062619,1.5899857771444577,41.3,5.6,12,0,normal,0
i-synthetic-05,2026-04-01 10:19:14.696381,1.6024259276249575,45.1,5.0,12,0,normal,0
i-synthetic-05,2026-04-01 10:35:09.460356,1.614980405835637,44.5,5.0,12,0,normal,0
i-synthetic-05,2026-04-01 10:36:17.364511,1.5583333333333331,41.1,8.5,12,0,normal,0
i-synthetic-05,2026-04-01 10:37:25.260370,1.603438559827708,40.7,5.0,12,0,normal,0
i-synthetic-05,2026-04-01 10:38:33.447677,1.5888627325914737,40.4,5.0,12,0,normal,0
i-synthetic-05,2026-04-01 10:39:41.228755,1.6037829960241257,43.9,5.0,12,0,normal,0
i-synthetic-05,2026-04-01 10:40:49.303254,1.5980263968193005,48.2,5.0,12,0,normal,0
i-synthetic-05,2026-04-01 10:41:56.847457,1.6597994895491015,44.2,5.0,12,0,normal,0
i-synthetic-05,2026-04-01 10:43:05.010103,1.6249984111029268,44.9,5.0,12,0,normal,0
i-synthetic-05,2026-04-01 10:44:12.633688,1.6086765778569465,42.0,5.0,12,0,normal,0
i-synthetic-05,2026-04-01 10:45:20.318472,1.61527459561889,45.1,5.0,12,0,normal,0
i-synthetic-05,2026-04-01 10:46:28.795889,1.5569580204152995,41.1,5.0,12,0,normal,0
i-synthetic-05,2026-03-30 18:40:51.693192,1.866887227551888,35.3,9.1,10,0,normal,0
i-synthetic-05,2026-03-30 18:41:26.213773,2.2916666666666665,36.8,8.1,10,0,normal,0
i-synthetic-05,2026-03-30 18:42:35.938983,2.2198667033003625,40.6,5.0,10,0,normal,0
i-synthetic-05,2026-03-30 18:43:47.125740,2.238927583670231,36.6,10.2,10,0,normal,0
i-synthetic-05,2026-03-30 18:44:58.674617,2.278646191457611,40.4,9.4,10,0,normal,0
i-synthetic-05,2026-03-30 18:47:15.931388,57.13333333333333,44.9,37.8,10,0,normal,0
i-synthetic-05,2026-03-30 18:48:29.744667,54.61845672228328,41.7,34.0,10,0,normal,0
i-synthetic-05,2026-03-30 18:49:39.751806,65.963425499708,39.4,61.5,10,0,normal,0
i-synthetic-05,2026-03-30 18:50:58.598691,63.40117301041681,37.8,59.3,10,0,normal,0
i-synthetic-05,2026-03-30 18:52:08.109810,2.191666666666667,36.4,8.7,10,0,normal,0
i-synthetic-05,2026-03-30 18:53:22.518604,45.96666666666667,42.2,31.7,10,0,normal,0
i-synthetic-05,2026-03-30 18:54:37.547328,51.06284572782171,37.0,38.1,10,0,normal,0
i-synthetic-05,2026-03-30 18:55:48.023164,41.26490341810511,39.0,24.3,10,0,normal,0
i-synthetic-05,2026-03-30 18:56:56.077651,2.1936409435158306,42.7,6.0,10,0,normal,0
i-synthetic-05,2026-03-30 18:58:10.535514,2.305153805091249,40.9,5.0,10,0,normal,0
i-synthetic-05,2026-03-30 18:59:24.332685,45.69632690254562,44.4,36.4,10,0,normal,0
i-synthetic-05,2026-03-30 19:00:33.742311,41.36606675066407,37.5,32.2,10,0,normal,0
i-synthetic-05,2026-03-30 19:01:41.997241,2.166666666666667,42.6,5.0,10,0,normal,0
i-synthetic-05,2026-03-30 19:02:50.531846,2.0833000011110743,36.8,11.1,10,0,normal,0
i-synthetic-05,2026-03-30 19:04:03.964432,2.097861729465304,36.4,5.0,10,0,normal,0
i-synthetic-05,2026-03-30 19:05:12.204942,2.0588129637656443,41.2,10.2,10,0,normal,0
i-synthetic-05,2026-03-30 19:06:25.669451,1.9166666666666663,36.2,5.0,10,0,normal,0
i-synthetic-05,2026-03-30 19:06:50.873600,1.9166666666666663,42.9,5.0,10,0,normal,0
i-synthetic-05,2026-03-30 19:08:03.851365,1.9666666666666663,42.6,5.0,10,0,normal,0
i-synthetic-05,2026-03-30 19:09:11.786129,1.9638888888888888,39.8,5.0,10,0,normal,0
i-synthetic-05,2026-03-30 19:10:25.296841,16.107951177273783,37.7,18.5,10,0,normal,0
i-synthetic-05,2026-03-30 19:11:36.273984,99.99833183198211,42.5,86.5,10,1,critical,0
i-synthetic-05,2026-03-30 19:12:48.738947,99.99583557996016,41.4,78.4,10,1,critical,1
i-synthetic-05,2026-03-30 19:13:57.188264,99.99388738393766,42.9,86.7,10,1,critical,1
i-synthetic-05,2026-03-30 19:18:42.342547,2.661111111111111,38.4,5.0,10,0,normal,0
i-synthetic-05,2026-04-01 08:57:29.376816,1.1744336946808098,45.9,5.0,12,0,normal,0
i-synthetic-05,2026-04-01 08:58:38.862543,1.2945187882077005,43.4,5.0,12,0,normal,0
i-synthetic-05,2026-04-01 08:59:48.187170,1.3788620483768963,47.3,5.4,12,0,normal,0
i-synthetic-05,2026-04-01 09:00:56.369995,1.4116955739443149,47.5,8.4,12,0,normal,0
i-synthetic-05,2026-04-01 10:11:10.264201,1.6681401905016098,42.5,10.3,12,0,normal,0
i-synthetic-05,2026-04-01 10:20:22.699315,1.6002740754332994,45.1,5.0,12,0,normal,0
i-synthetic-05,2026-04-01 10:21:30.741772,1.7333333333333332,48.9,5.0,12,0,normal,0
i-synthetic-05,2026-04-01 10:22:38.676894,1.6583333333333332,45.9,5.0,12,0,normal,0
i-synthetic-05,2026-04-01 10:23:46.280270,1.6661714559546474,40.8,5.0,12,0,normal,0
i-synthetic-05,2026-04-01 10:24:53.854699,1.645811887210118,42.1,5.0,12,0,normal,0
i-synthetic-05,2026-04-01 10:26:01.282665,1.6499828431014276,46.5,5.0,12,0,normal,0
i-synthetic-05,2026-04-01 10:47:36.526494,1.5958677035534383,42.1,7.3,12,0,normal,0
i-synthetic-05,2026-04-01 10:48:43.624891,1.5861340245911812,48.1,5.0,12,0,normal,0
i-synthetic-05,2026-04-01 10:49:51.106574,1.599654970344207,43.4,5.0,12,0,normal,0
i-synthetic-05,2026-04-01 10:50:59.227474,1.593334332089668,40.1,5.0,12,0,normal,0
i-synthetic-05,2026-04-01 10:52:07.086549,1.5957867312680358,41.3,5.0,12,0,normal,0
i-synthetic-05,2026-04-01 10:53:14.477087,1.6161477425256507,44.4,7.3,12,0,normal,0
i-synthetic-05,2026-04-01 10:54:22.365319,1.605867369503615,47.5,9.1,12,0,normal,0
i-synthetic-05,2026-04-01 10:55:30.014576,1.6180272289362254,45.7,11.1,12,0,normal,0
i-synthetic-05,2026-04-01 10:56:38.152948,1.809901914992994,44.8,5.0,12,0,normal,0
i-synthetic-05,2026-04-01 10:57:45.823190,48.404950957496496,42.0,42.0,12,0,normal,0
i-synthetic-05,2026-04-01 11:00:03.685156,79.3569803829986,48.4,72.7,12,0,normal,0
i-synthetic-05,2026-04-01 11:02:22.501911,53.31916519314283,44.7,39.4,12,0,normal,0
i-synthetic-05,2026-04-01 11:04:39.456851,27.47208259657141,47.2,30.2,12,0,normal,0
i-synthetic-05,2026-04-01 11:06:56.055151,1.5333333333333332,44.2,9.0,12,0,normal,0
i-synthetic-05,2026-04-01 11:09:13.221947,69.91108234817972,42.5,57.6,12,0,normal,0
i-synthetic-05,2026-04-01 11:11:31.036720,100.0,45.4,76.2,12,1,critical,0
i-synthetic-05,2026-03-30 19:15:06.497178,91.91144111493396,41.0,65.0,10,1,warning,1
i-synthetic-05,2026-03-30 19:17:30.059911,2.4458333333333333,44.5,9.5,10,0,normal,0
i-synthetic-05,2026-04-01 09:02:17.113406,1.5916666666666666,46.0,5.0,12,0,normal,0
i-synthetic-05,2026-04-01 10:11:33.980075,1.6681401905016098,42.5,5.0,12,0,normal,0
i-synthetic-05,2026-04-01 10:12:41.943664,1.6083861160990556,41.1,5.0,12,0,normal,0
i-synthetic-05,2026-04-01 10:13:49.609127,1.631084374550743,45.2,5.0,12,0,normal,0
i-synthetic-05,2026-04-01 10:14:57.277267,1.6108132809130573,44.3,5.0,12,0,normal,0
i-synthetic-05,2026-04-01 10:26:54.828708,1.5583333333333331,43.9,5.2,12,0,normal,0
i-synthetic-05,2026-04-01 10:58:54.707952,65.59496730499767,41.5,57.6,12,0,normal,0
i-synthetic-05,2026-04-01 11:01:12.612001,99.996663719619,47.5,87.1,12,1,critical,0
i-synthetic-05,2026-04-01 11:03:31.422653,36.10444346209522,47.4,31.8,12,0,normal,0
i-synthetic-05,2026-04-01 11:05:47.780210,22.3093327439238,45.2,26.7,12,0,normal,0
i-synthetic-05,2026-04-01 11:08:04.498655,59.88144313090629,39.5,44.7,12,0,normal,0
i-synthetic-05,2026-04-01 11:10:21.928460,75.92553254521044,48.1,58.5,12,0,normal,0
i-synthetic-05,2026-04-01 11:12:40.014238,99.99583333333334,44.3,75.8,12,1,critical,0
i-synthetic-05,2026-03-30 19:16:21.170001,2.108333333333333,42.1,5.0,10,0,normal,0
i-synthetic-05,2026-03-30 19:22:13.644771,2.216666666666667,40.0,9.2,10,0,normal,0
i-synthetic-05,2026-04-01 09:02:41.659200,1.5916666666666666,42.4,5.0,12,0,normal,0
i-synthetic-05,2026-04-01 10:15:18.143946,1.6183593819948623,40.4,5.0,12,0,normal,0
i-synthetic-05,2026-04-01 10:16:25.504663,1.551370377166497,39.0,5.0,12,0,normal,0
i-synthetic-05,2026-04-01 10:17:32.866138,1.5965185219165818,40.3,5.0,12,0,normal,0
i-synthetic-05,2026-04-01 10:27:14.950309,1.6076015491871067,48.0,9.3,12,0,normal,0
i-synthetic-05,2026-04-01 10:28:22.589048,1.597198526132745,39.9,7.6,12,0,normal,0
i-synthetic-05,2026-04-01 10:29:30.628420,1.6103988945995589,44.5,5.0,12,0,normal,0
i-synthetic-05,2026-04-01 10:30:38.811868,1.5966524490129803,41.6,5.0,12,0,normal,0
i-synthetic-05,2026-04-01 11:13:48.094760,99.99722222222222,46.9,70.5,12,1,critical,0
i-synthetic-05,2026-03-30 19:19:56.087716,2.549501698471376,35.8,5.0,10,0,normal,0
i-synthetic-05,2026-03-31 16:57:40.431559,2.31477342261044,37.3,5.0,11,0,normal,0
i-synthetic-05,2026-03-31 16:58:48.546123,1.8487378372958487,44.9,5.0,11,0,normal,0
i-synthetic-05,2026-03-31 17:02:34.813150,0.0010467955688276,40.2,5.0,11,0,normal,0
i-synthetic-05,2026-03-31 17:07:09.352783,0.4289565078972376,40.2,5.0,11,0,normal,0
i-synthetic-05,2026-03-31 17:08:02.597770,0.4289565078972376,44.2,5.0,11,0,normal,0
i-synthetic-05,2026-03-31 17:09:10.854856,34.186837632076326,39.6,23.5,11,0,normal,0
i-synthetic-05,2026-03-31 17:10:18.347769,47.34947010566106,37.0,28.7,11,0,normal,0
i-synthetic-05,2026-03-31 17:11:27.573710,99.99500441276872,45.4,74.3,11,1,critical,0
i-synthetic-05,2026-03-31 17:12:36.620783,99.99333553971768,38.9,80.5,11,1,critical,1
i-synthetic-05,2026-03-31 17:13:44.812801,88.3650014709229,40.5,71.6,11,1,warning,0
i-synthetic-05,2026-03-31 17:14:55.560212,66.36966916414603,38.9,56.0,11,0,normal,0
i-synthetic-05,2026-03-31 17:16:04.616508,0.3996469785023229,40.9,5.0,11,0,normal,0
i-synthetic-05,2026-03-31 17:17:12.235602,0.4667259197314189,46.7,5.0,11,0,normal,0
i-synthetic-05,2026-03-31 17:18:19.924456,23.46115061315428,40.1,24.5,11,0,normal,0
i-synthetic-05,2026-03-31 17:19:27.295266,42.59586295986571,45.9,29.5,11,0,normal,0
i-synthetic-05,2026-03-31 17:20:34.746864,54.07569125044631,40.7,48.5,11,0,normal,0
i-synthetic-05,2026-03-31 17:21:44.961292,99.996663719619,42.5,82.6,11,1,critical,0
i-synthetic-05,2026-03-31 17:22:56.564894,99.9983318598095,38.7,75.9,11,1,critical,1
i-synthetic-05,2026-03-31 17:24:10.316203,87.51093539465532,43.2,79.0,11,1,warning,0
i-synthetic-05,2026-03-31 17:25:20.407441,89.99874831572426,46.5,66.3,11,1,warning,0
i-synthetic-05,2026-03-31 17:26:29.648224,99.95,45.2,73.4,11,1,critical,1
i-synthetic-05,2026-03-31 17:27:39.540127,90.01870527299114,42.5,74.1,11,1,warning,1
i-synthetic-05,2026-03-31 17:28:48.867720,63.798015172807766,37.1,42.5,11,0,normal,0
i-synthetic-05,2026-03-31 17:29:57.805917,50.38809471293916,37.8,46.9,11,0,normal,0
i-synthetic-05,2026-03-31 17:31:06.413421,99.975,45.6,79.2,11,1,critical,0
i-synthetic-05,2026-03-31 17:32:15.168630,99.98500220638437,40.0,89.3,11,1,critical,1
i-synthetic-05,2026-03-31 17:33:23.832102,99.9900014709229,42.1,84.1,11,1,critical,1
i-synthetic-05,2026-03-31 17:34:32.587282,99.99166703309692,41.3,75.0,11,1,critical,1
i-synthetic-05,2026-03-31 17:35:41.166113,95.54166695981088,43.2,67.4,11,1,critical,1
i-synthetic-05,2026-03-31 17:36:50.048322,0.507884701846702,46.2,6.9,11,0,normal,0
i-synthetic-05,2026-03-31 17:37:58.963674,0.5039423509233509,37.8,5.0,11,0,normal,0
i-synthetic-05,2026-03-31 17:39:06.204166,9.45666527956812,40.8,15.0,11,0,normal,0
i-synthetic-05,2026-03-31 17:40:14.010819,27.564331356236067,39.6,16.7,11,0,normal,0
i-synthetic-05,2026-03-31 17:41:22.022649,99.98667843404992,46.8,82.5,11,1,critical,0
i-synthetic-05,2026-03-31 17:42:31.083238,99.99333921702495,41.4,85.4,11,1,critical,1
i-synthetic-05,2026-03-31 17:43:39.973215,99.99278170023888,44.4,82.4,11,1,critical,1
i-synthetic-05,2026-03-31 17:44:48.934589,91.0487529418458,43.9,74.9,11,1,warning,1
i-synthetic-05,2026-03-31 17:45:57.759690,72.91733568680998,39.8,63.2,11,0,normal,0
i-synthetic-05,2026-03-31 17:47:07.069712,0.4460506780989873,37.6,5.0,11,0,normal,0
i-synthetic-05,2026-03-31 17:48:14.825153,0.4584782298437693,37.1,8.0,11,0,normal,0
i-synthetic-05,2026-03-31 17:49:22.907336,5.247860137755082,44.4,5.0,11,0,normal,0
i-synthetic-05,2026-03-31 17:50:31.194132,24.198288110204068,42.5,28.8,11,0,normal,0
i-synthetic-05,2026-03-31 17:51:39.298823,99.98499974999582,37.4,79.1,11,1,critical,0
i-synthetic-05,2026-03-31 17:52:47.860540,99.99249987499792,41.7,88.0,11,1,critical,1
i-synthetic-05,2026-03-31 17:53:56.391811,99.9922221388875,40.3,71.7,11,1,critical,1
i-synthetic-05,2026-03-31 17:55:05.504487,99.9946671939433,45.2,73.1,11,1,critical,1
i-synthetic-05,2026-03-31 17:56:14.387902,99.99500441276872,46.5,78.3,11,1,critical,1
i-synthetic-05,2026-03-31 17:57:22.858684,99.99583406619384,40.0,87.5,11,1,critical,1
i-synthetic-05,2026-03-31 17:58:31.694819,99.9972227107959,42.5,81.0,11,1,critical,1
i-synthetic-05,2026-03-31 17:59:40.659150,95.22411684292894,45.4,76.4,11,1,critical,1
i-synthetic-05,2026-03-31 18:00:49.143366,76.26262680767648,44.0,54.5,11,0,normal,0
i-synthetic-05,2026-03-31 18:01:57.799808,0.5166666666666667,39.0,5.0,11,0,normal,0
i-synthetic-05,2026-03-31 18:03:05.434575,0.4693025303995796,40.4,5.0,11,0,normal,0
i-synthetic-05,2026-03-31 18:04:13.675272,0.4520636396426152,38.1,7.9,11,0,normal,0
i-synthetic-05,2026-03-31 18:05:20.897404,0.4615626563396729,46.0,5.0,11,0,normal,0
i-synthetic-05,2026-03-31 18:06:28.639021,0.3916666666666666,43.7,5.0,11,0,normal,0
i-synthetic-05,2026-03-31 18:07:36.603612,0.4460543619085747,39.5,6.4,11,0,normal,0
i-synthetic-05,2026-03-31 18:08:44.382608,0.4307029079390498,38.5,5.0,11,0,normal,0
i-synthetic-05,2026-03-31 18:09:52.783624,1.0827600880046089,43.7,5.0,11,0,normal,0
i-synthetic-05,2026-03-31 18:11:01.617806,20.86420626878223,39.5,8.7,11,0,normal,0
i-synthetic-05,2026-03-31 18:12:10.506696,99.99750220638435,38.6,71.9,11,1,critical,0
i-synthetic-05,2026-03-31 18:13:19.421411,99.99833480425625,44.3,71.5,11,1,critical,1
i-synthetic-05,2026-03-31 18:14:27.887783,99.99708593517671,37.0,78.1,11,1,critical,1
i-synthetic-05,2026-03-31 18:15:36.976927,92.40717063317123,39.6,66.6,11,1,warning,1
i-synthetic-05,2026-03-31 18:16:46.295519,0.4246249146587181,46.4,5.0,11,0,normal,0
i-synthetic-05,2026-03-31 18:17:54.786767,0.4583631354283464,40.9,5.0,11,0,normal,0
i-synthetic-05,2026-03-31 18:19:03.311336,0.4332404306404729,46.1,5.0,11,0,normal,0
i-synthetic-05,2026-03-31 18:20:11.384823,4.71379162911732,38.1,5.0,11,0,normal,0
i-synthetic-05,2026-03-31 18:21:26.248518,99.99166666666666,42.1,71.6,11,1,critical,0
i-synthetic-05,2026-03-31 18:22:35.405114,99.99583333333334,43.4,77.5,11,1,critical,1
i-synthetic-05,2026-03-31 18:23:44.781635,99.99722222222222,40.1,83.7,11,1,critical,1
i-synthetic-05,2026-03-31 18:24:54.235162,99.99791666666668,43.2,83.2,11,1,critical,1
i-synthetic-05,2026-03-31 18:27:07.273280,99.9983318598095,43.5,85.9,11,1,critical,1
i-synthetic-05,2026-03-31 18:28:15.777536,99.9972227107959,46.9,85.0,11,1,critical,1
i-synthetic-05,2026-03-31 18:29:24.277753,99.99791703309693,40.1,76.8,11,1,critical,1
i-synthetic-05,2026-03-31 18:30:33.477904,95.73556818366971,46.1,73.8,11,1,critical,1
i-synthetic-05,2026-03-31 18:31:42.460246,0.525,41.0,5.0,11,0,normal,0
i-synthetic-05,2026-03-31 18:32:50.695708,0.4541666666666666,39.4,8.9,11,0,normal,0
i-synthetic-05,2026-03-31 18:33:58.523858,0.4694444444444444,37.8,9.3,11,0,normal,0
i-synthetic-05,2026-03-31 18:35:06.192164,0.4499999999999999,43.1,9.6,11,0,normal,0
i-synthetic-05,2026-03-31 18:36:14.012478,0.3833333333333333,42.9,5.0,11,0,normal,0
i-synthetic-05,2026-03-31 18:37:22.258443,0.4791666666666666,38.2,5.0,11,0,normal,0
i-synthetic-05,2026-03-31 18:38:29.494011,0.4805555555555555,37.7,7.7,11,0,normal,0
i-synthetic-05,2026-03-31 18:39:37.568637,0.4582485457048335,46.9,5.0,11,0,normal,0
i-synthetic-05,2026-03-31 18:40:46.046297,0.4650174660427485,43.1,9.9,11,0,normal,0
i-synthetic-05,2026-03-31 18:41:53.603397,0.5166666666666667,44.1,5.0,11,0,normal,0
i-synthetic-05,2026-03-31 18:43:01.351806,0.4541666666666666,44.6,8.5,11,0,normal,0
i-synthetic-05,2026-03-31 18:44:09.389766,0.4457503496969293,43.5,5.0,11,0,normal,0
i-synthetic-05,2026-03-31 18:45:17.308266,0.456598613118654,44.4,5.0,11,0,normal,0
i-synthetic-05,2026-03-31 18:46:26.449699,0.3920129447678782,43.3,5.0,11,0,normal,0
i-synthetic-05,2026-03-31 18:47:34.627824,0.4374638759675,40.1,5.0,11,0,normal,0
i-synthetic-05,2026-03-31 18:48:42.191052,0.4223113858288259,41.3,9.0,11,0,normal,0
i-synthetic-05,2026-03-31 18:49:49.655638,0.4396502060382861,40.7,5.3,11,0,normal,0
i-synthetic-05,2026-03-31 18:50:57.351136,0.4317201648306288,46.1,5.0,11,0,normal,0
i-synthetic-05,2026-03-31 18:52:04.784707,0.507884701846702,38.6,5.0,11,0,normal,0
i-synthetic-05,2026-03-31 18:53:12.652785,0.4610769933159712,40.9,7.2,11,0,normal,0
i-synthetic-05,2026-03-31 18:54:20.167150,0.443724411653645,39.3,5.0,11,0,normal,0
i-synthetic-05,2026-03-31 18:55:28.034621,0.4583128626562494,37.2,5.0,11,0,normal,0
i-synthetic-05,2026-03-31 18:56:35.596826,0.3999999999999999,40.3,6.7,11,0,normal,0
i-synthetic-05,2026-03-31 18:57:43.337619,0.4416666666666666,45.4,5.0,11,0,normal,0
i-synthetic-05,2026-03-31 18:58:51.200589,0.4248847777056193,38.8,5.1,11,0,normal,0
i-synthetic-05,2026-03-31 18:59:58.801406,0.4437740975668351,37.2,5.0,11,0,normal,0
i-synthetic-05,2026-03-31 19:02:10.307787,0.4539386736160835,44.3,5.0,11,0,normal,0
i-synthetic-05,2026-03-31 19:03:17.993307,0.4638793341592113,43.6,5.0,11,0,normal,0
i-synthetic-05,2026-03-31 19:04:25.941964,0.4479095006194084,44.6,5.0,11,0,normal,0
i-synthetic-05,2026-03-31 19:05:33.792315,0.4549942671621935,42.9,5.0,11,0,normal,0
i-synthetic-05,2026-03-31 19:06:41.314447,0.3999999999999999,39.3,9.6,11,0,normal,0
i-synthetic-05,2026-03-31 19:07:49.327325,0.4541666666666666,46.7,5.0,11,0,normal,0
i-synthetic-05,2026-03-31 19:08:56.592056,0.4332181110389526,43.7,5.0,11,0,normal,0
i-synthetic-05,2026-03-31 19:10:04.712378,0.4458537470905811,45.1,5.7,11,0,normal,0
i-synthetic-05,2026-03-31 19:11:12.701222,0.517114832855141,44.5,5.0,11,0,normal,0
i-synthetic-05,2026-03-31 19:12:20.383916,0.4583809056787319,43.8,7.1,11,0,normal,0
i-synthetic-05,2026-03-31 19:13:28.277334,0.4696210558518128,40.9,5.0,11,0,normal,0
i-synthetic-05,2026-03-31 19:14:36.223068,0.4500460418347408,43.4,5.0,11,0,normal,0
i-synthetic-05,2026-03-31 19:15:44.020940,0.4584571047073876,44.1,7.3,11,0,normal,0
i-synthetic-05,2026-03-31 19:16:51.580955,0.4083333333333332,43.5,5.0,11,0,normal,0
i-synthetic-05,2026-03-31 19:17:59.207432,0.4539501876151779,39.3,5.0,11,0,normal,0
i-synthetic-05,2026-03-31 19:19:06.679499,0.4458321689948136,38.6,5.0,11,0,normal,0
i-synthetic-05,2026-03-31 19:20:14.196681,0.4365951308963154,39.4,5.0,11,0,normal,0
i-synthetic-05,2026-03-31 19:21:22.279548,0.508782758102991,44.0,5.0,11,0,normal,0
i-synthetic-05,2026-03-31 19:22:30.134057,0.4500518789432578,46.1,7.3,11,0,normal,0
i-synthetic-05,2026-03-31 19:23:37.848669,0.4668486050123328,37.8,5.0,11,0,normal,0
i-synthetic-05,2026-03-31 19:24:45.791585,0.4521296930645299,46.4,5.0,11,0,normal,0
i-synthetic-05,2026-03-31 19:25:53.555968,0.461703754451624,40.0,6.9,11,0,normal,0
i-synthetic-05,2026-03-31 19:27:01.460210,0.4291666666666666,40.9,5.0,11,0,normal,0
i-synthetic-05,2026-03-31 19:28:09.309021,0.4167820927004038,38.0,9.7,11,0,normal,0
i-synthetic-05,2026-03-31 19:29:17.095706,0.4355032361919695,42.5,10.3,11,0,normal,0
i-synthetic-05,2026-03-31 19:30:24.468858,0.4266667889102805,39.1,5.0,11,0,normal,0
i-synthetic-05,2026-03-31 19:31:32.419430,0.5171234590554991,39.9,5.0,11,0,normal,0
i-synthetic-05,2026-03-31 19:32:39.978842,0.4543950628610828,37.4,9.7,11,0,normal,0
i-synthetic-05,2026-03-31 19:33:47.613437,0.466674290043757,45.4,5.0,11,0,normal,0
i-synthetic-05,2026-03-31 19:34:55.295538,0.4479223841994844,37.1,5.0,11,0,normal,0
i-synthetic-05,2026-03-31 19:36:02.464795,0.3916666666666666,45.4,5.0,11,0,normal,0
i-synthetic-05,2026-03-31 19:37:10.535922,0.4458333333333333,41.1,9.9,11,0,normal,0
i-synthetic-05,2026-03-31 19:38:17.852097,0.4276647276064447,46.2,5.0,11,0,normal,0
i-synthetic-05,2026-03-31 19:39:25.722268,0.4437718325534357,45.8,6.8,11,0,normal,0
i-synthetic-05,2026-03-31 19:40:33.835122,0.4333507993760818,40.6,5.0,11,0,normal,0
i-synthetic-05,2026-03-31 19:41:41.703012,0.5,44.5,5.0,11,0,normal,0
i-synthetic-05,2026-03-31 19:42:49.526679,0.4499999999999999,44.9,5.0,11,0,normal,0
i-synthetic-05,2026-03-31 19:43:57.718735,0.4666666666666666,37.3,5.0,11,0,normal,0
i-synthetic-05,2026-03-31 19:45:05.637498,0.4436672605864818,37.2,6.7,11,0,normal,0
i-synthetic-05,2026-03-31 19:46:13.752416,0.3833333333333333,46.4,5.0,11,0,normal,0
i-synthetic-05,2026-03-31 19:47:21.723562,0.4458333333333333,38.8,6.5,11,0,normal,0
i-synthetic-05,2026-03-31 19:48:29.909785,0.4277777777777777,47.0,5.0,11,0,normal,0
i-synthetic-05,2026-03-31 19:49:37.521977,0.4415620351251137,41.9,7.6,11,0,normal,0
i-synthetic-05,2026-03-31 19:50:44.868746,0.428249628100091,45.4,5.0,11,0,normal,0
i-synthetic-05,2026-03-31 19:51:52.480118,0.4754120237539201,45.3,5.0,11,0,normal,0
i-synthetic-05,2026-03-31 19:52:59.812693,0.4458589460007194,40.8,5.7,11,0,normal,0
i-synthetic-05,2026-03-31 19:54:07.835056,0.4437793640194815,40.8,5.0,11,0,normal,0
i-synthetic-05,2026-03-31 19:55:15.841441,0.4534437624551802,37.3,5.0,11,0,normal,0
i-synthetic-05,2026-03-31 19:56:23.847779,0.3830013987877173,38.9,5.0,11,0,normal,0
i-synthetic-05,2026-03-31 19:57:31.476122,0.4415006993938586,42.2,5.0,11,0,normal,0
i-synthetic-05,2026-03-31 19:58:38.758412,0.4277827887198131,42.8,5.0,11,0,normal,0
i-synthetic-05,2026-03-31 19:59:46.340060,0.4437537582065265,45.0,5.0,11,0,normal,0
i-synthetic-05,2026-03-31 20:00:53.489238,0.4332685097957547,41.6,7.5,11,0,normal,0
i-synthetic-05,2026-03-31 20:02:01.349372,0.5087742710348969,45.4,5.6,11,0,normal,0
i-synthetic-05,2026-03-31 20:03:10.036466,0.4584803125671879,46.2,5.0,11,0,normal,0
i-synthetic-05,2026-03-31 20:04:18.049009,0.4417769010920576,42.4,5.0,11,0,normal,0
i-synthetic-05,2026-03-31 20:05:25.365914,0.4517548542069794,37.9,5.0,11,0,normal,0
i-synthetic-05,2026-03-31 20:06:33.549104,0.3829950210647261,43.9,7.3,11,0,normal,0
i-synthetic-05,2026-03-31 20:07:40.634485,0.4498308438656964,45.6,8.3,11,0,normal,0
i-synthetic-05,2026-03-31 20:08:48.856472,0.4305582108330903,43.6,5.0,11,0,normal,0
i-synthetic-05,2026-03-31 20:09:56.768525,0.4437519914581511,40.4,5.0,11,0,normal,0
i-synthetic-05,2026-03-31 20:12:08.136907,0.4499488233072901,37.6,7.0,11,0,normal,0
i-synthetic-05,2026-03-31 20:13:24.165915,0.4637128570488841,42.7,6.2,11,0,normal,0
i-synthetic-05,2026-03-31 20:14:31.465371,0.4478713846295936,46.4,5.0,11,0,normal,0
i-synthetic-05,2026-03-31 20:15:39.495104,0.4549637743703416,43.4,5.0,11,0,normal,0
i-synthetic-05,2026-03-31 20:16:47.465467,0.3999999999999999,46.7,5.0,11,0,normal,0
i-synthetic-05,2026-03-31 20:17:55.943686,0.4499999999999999,39.7,5.0,11,0,normal,0
i-synthetic-05,2026-03-31 20:19:03.726751,0.4333333333333333,39.8,5.1,11,0,normal,0
i-synthetic-05,2026-03-31 20:20:11.665328,0.4399999999999999,38.3,5.0,11,0,normal,0
i-synthetic-05,2026-03-31 20:21:19.898676,0.5,46.1,5.0,11,0,normal,0
i-synthetic-05,2026-03-31 20:22:27.595878,0.4499999999999999,44.8,5.0,11,0,normal,0
i-synthetic-05,2026-03-31 20:23:35.595570,0.4666666666666666,37.8,5.0,11,0,normal,0
i-synthetic-05,2026-03-31 20:24:43.197495,0.4499999999999999,44.8,5.0,11,0,normal,0
i-synthetic-05,2026-03-31 20:25:50.663938,0.4599999999999999,39.0,5.0,11,0,normal,0
i-synthetic-05,2026-03-31 20:26:59.129993,0.3913209997835246,38.4,5.4,11,0,normal,0
i-synthetic-05,2026-03-31 20:28:07.316111,0.4304651044008735,44.8,5.0,11,0,normal,0
i-synthetic-05,2026-03-31 20:29:15.245443,0.4436821616339885,44.8,6.4,11,0,normal,0
i-synthetic-05,2026-03-31 20:30:22.928120,0.435016458451268,46.9,5.0,11,0,normal,0
i-synthetic-05,2026-03-31 20:31:30.822786,0.507884701846702,41.2,5.0,11,0,normal,0
i-synthetic-05,2026-03-31 20:32:38.818658,0.4541191737835441,39.2,8.1,11,0,normal,0
i-synthetic-05,2026-03-31 20:33:46.677604,0.4888572269668071,38.1,5.0,11,0,normal,0
i-synthetic-05,2026-03-31 20:34:55.134684,0.4665563286045098,46.8,5.0,11,0,normal,0
i-synthetic-05,2026-03-31 20:36:02.893197,0.3920064055514778,40.4,5.0,11,0,normal,0
i-synthetic-05,2026-03-31 20:37:10.412405,0.4418365361090722,46.3,5.0,11,0,normal,0
i-synthetic-05,2026-03-31 20:38:18.040124,0.4306688018504925,43.6,5.3,11,0,normal,0
i-synthetic-05,2026-03-31 20:39:26.349197,0.4437282928104461,46.2,5.0,11,0,normal,0
i-synthetic-05,2026-03-31 20:40:34.075876,0.4350533633924341,39.7,5.2,11,0,normal,0
i-synthetic-05,2026-03-31 20:41:41.662870,0.5,37.1,5.8,11,0,normal,0
i-synthetic-05,2026-03-31 20:42:49.620116,0.4458333333333333,46.1,5.3,11,0,normal,0
i-synthetic-05,2026-03-31 20:43:57.861963,0.4637417965981901,44.2,5.0,11,0,normal,0
i-synthetic-05,2026-03-31 20:45:05.589703,0.4599824737696579,42.7,5.0,11,0,normal,0
i-synthetic-05,2026-03-31 20:46:13.650345,0.3913144836313983,44.8,5.0,11,0,normal,0
i-synthetic-05,2026-03-31 20:47:21.458455,0.4373279363272743,43.0,5.0,11,0,normal,0
i-synthetic-05,2026-03-31 20:48:29.232668,0.4276630686626273,40.8,5.0,11,0,normal,0
i-synthetic-05,2026-03-31 20:49:36.870156,0.4458578157845912,38.2,5.0,11,0,normal,0
i-synthetic-05,2026-03-31 20:50:44.305431,0.4316862526276729,43.7,5.0,11,0,normal,0
i-synthetic-05,2026-03-31 20:51:52.049122,0.5083333333333333,42.5,7.3,11,0,normal,0
i-synthetic-05,2026-03-31 20:52:59.886035,0.4499999999999999,41.5,5.0,11,0,normal,0
i-synthetic-05,2026-03-31 20:54:07.813554,0.4499999999999999,37.1,10.2,11,0,normal,0
i-synthetic-05,2026-03-31 20:55:15.142643,0.458246548881821,38.7,5.0,11,0,normal,0
i-synthetic-05,2026-03-31 20:56:22.909014,0.4003536457203863,45.5,5.3,11,0,normal,0
i-synthetic-05,2026-03-31 20:57:30.858212,0.4460101561935264,43.3,5.0,11,0,normal,0
i-synthetic-05,2026-03-31 20:58:38.394406,0.4305557636297919,38.5,5.0,11,0,normal,0
i-synthetic-05,2026-03-31 20:59:46.513677,0.4459421617718376,37.1,5.0,11,0,normal,0
i-synthetic-05,2026-03-31 21:00:53.579207,0.4350192326480037,40.3,8.0,11,0,normal,0
i-synthetic-05,2026-03-31 21:02:01.673328,0.4543871355174484,39.8,6.2,11,0,normal,0
i-synthetic-05,2026-03-31 21:03:09.132439,0.4640358681227434,46.6,5.0,11,0,normal,0
i-synthetic-05,2026-03-31 21:04:16.657699,0.4501102344253909,39.3,5.0,11,0,normal,0
i-synthetic-05,2026-03-31 21:05:25.752831,0.4567548542069793,37.5,5.0,11,0,normal,0
i-synthetic-05,2026-03-31 21:06:33.333692,0.3916666666666666,39.4,5.0,11,0,normal,0
i-synthetic-05,2026-03-31 21:07:40.634906,0.4416666666666666,41.2,5.0,11,0,normal,0
i-synthetic-05,2026-03-31 21:08:48.112855,0.425,45.9,9.4,11,0,normal,0
i-synthetic-05,2026-03-31 21:09:56.381802,0.44375,42.5,5.0,11,0,normal,0
i-synthetic-05,2026-03-31 21:11:04.293817,0.5,44.3,5.0,11,0,normal,0
i-synthetic-05,2026-03-31 21:12:11.619464,0.4458333333333333,44.1,5.0,11,0,normal,0
i-synthetic-05,2026-03-31 21:13:18.977110,0.4637417965981901,41.2,5.0,11,0,normal,0
i-synthetic-05,2026-03-31 21:14:27.142405,0.4498896807819759,43.2,5.0,11,0,normal,0
i-synthetic-05,2026-03-31 21:15:35.211294,0.4566638756746741,37.6,5.0,11,0,normal,0
i-synthetic-05,2026-03-31 21:16:43.069894,0.3999999999999999,46.3,5.0,11,0,normal,0
i-synthetic-05,2026-03-31 21:17:51.005266,0.4416666666666666,46.7,5.0,11,0,normal,0
i-synthetic-05,2026-03-31 21:18:59.237841,0.425,39.5,5.0,11,0,normal,0
i-synthetic-05,2026-03-31 21:20:06.912465,0.4458333333333333,39.5,5.0,11,0,normal,0
i-synthetic-05,2026-03-31 21:21:15.223078,0.5,37.3,5.0,11,0,normal,0
i-synthetic-05,2026-03-31 21:22:23.342716,0.4456637580763338,38.2,7.5,11,0,normal,0
i-synthetic-05,2026-03-31 21:23:31.559142,0.4611402211823587,46.6,5.0,11,0,normal,0
i-synthetic-05,2026-03-31 21:24:38.572517,0.4479384992201023,42.2,9.5,11,0,normal,0
i-synthetic-05,2026-03-31 21:25:46.470632,0.4566841327094152,46.6,6.2,11,0,normal,0
i-synthetic-05,2026-03-31 21:26:53.921313,0.3833333333333333,46.8,5.0,11,0,normal,0
i-synthetic-05,2026-03-31 21:28:01.727203,0.4374999999999999,39.1,5.0,11,0,normal,0
i-synthetic-05,2026-03-31 21:29:09.819591,0.4416907642335018,39.5,6.0,11,0,normal,0
i-synthetic-05,2026-03-31 21:30:17.788102,0.433282007087266,44.3,5.0,11,0,normal,0
i-synthetic-05,2026-03-31 21:31:26.094907,0.508782758102991,37.2,5.2,11,0,normal,0
i-synthetic-05,2026-03-31 21:32:34.257790,0.4458920784453541,44.3,5.0,11,0,normal,0
i-synthetic-05,2026-03-31 21:33:42.038724,0.4612924347617056,44.2,5.0,11,0,normal,0
i-synthetic-05,2026-03-31 21:34:50.117238,0.4500440600562591,45.3,5.0,11,0,normal,0
i-synthetic-05,2026-03-31 21:35:57.370487,0.4584555192846022,43.9,10.0,11,0,normal,0
i-synthetic-05,2026-03-31 21:37:04.724926,0.4416666666666666,46.7,5.0,11,0,normal,0
i-synthetic-05,2026-03-31 21:38:12.945145,0.4277777777777777,43.3,5.0,11,0,normal,0
i-synthetic-05,2026-03-31 21:39:20.467128,0.4458333333333333,38.1,5.0,11,0,normal,0
i-synthetic-05,2026-03-31 21:40:28.082254,0.4383333333333333,45.8,5.0,11,0,normal,0
i-synthetic-05,2026-03-31 21:41:35.307193,0.5,41.8,9.4,11,0,normal,0
i-synthetic-05,2026-03-31 21:42:43.682626,0.4456604998917622,39.1,5.5,11,0,normal,0
i-synthetic-05,2026-03-31 21:43:51.947085,0.4639210189780025,37.9,5.0,11,0,normal,0
i-synthetic-05,2026-03-31 21:44:59.723345,0.4500240975668351,45.3,5.0,11,0,normal,0
i-synthetic-05,2026-03-31 21:46:07.228250,0.3916666666666666,44.1,5.0,11,0,normal,0
i-synthetic-05,2026-03-31 21:47:15.227279,0.4458375000694455,38.9,5.0,11,0,normal,0
i-synthetic-05,2026-03-31 21:48:23.511271,0.4250027778240748,45.0,5.0,11,0,normal,0
i-synthetic-05,2026-03-31 21:49:31.520291,0.4438605106717193,43.5,5.0,11,0,normal,0
i-synthetic-05,2026-03-31 21:50:39.036868,0.4350884085373754,43.2,5.0,11,0,normal,0
i-synthetic-05,2026-03-31 21:51:47.677127,0.507884701846702,46.6,5.0,11,0,normal,0
i-synthetic-05,2026-03-31 21:52:55.321760,0.4541191737835441,42.0,5.0,11,0,normal,0
i-synthetic-05,2026-03-31 21:54:02.706796,0.4664903639920645,40.3,5.0,11,0,normal,0
i-synthetic-05,2026-03-31 21:55:09.988691,0.4616507700158369,39.1,7.9,11,0,normal,0
i-synthetic-05,2026-03-31 21:56:18.451449,0.3913275161526676,40.3,5.0,11,0,normal,0
i-synthetic-05,2026-03-31 21:57:25.944397,0.4414970914096671,40.5,5.0,11,0,normal,0
i-synthetic-05,2026-03-31 21:58:33.301928,0.425000196123604,38.8,5.0,11,0,normal,0
i-synthetic-05,2026-03-31 21:59:41.327627,0.4416668137593696,38.1,5.0,11,0,normal,0
i-synthetic-05,2026-03-31 22:00:49.220749,0.4332628467079603,37.5,5.0,11,0,normal,0
i-synthetic-05,2026-03-31 22:01:56.978568,0.5171234590554991,42.1,5.0,11,0,normal,0
i-synthetic-05,2026-03-31 22:03:04.687937,0.4667037085018967,37.8,5.0,11,0,normal,0
i-synthetic-05,2026-03-31 22:04:12.284100,0.4521111147097558,40.2,5.0,11,0,normal,0
i-synthetic-05,2026-03-31 22:05:20.073342,0.4617773031979013,43.3,5.0,11,0,normal,0
i-synthetic-05,2026-03-31 22:06:28.035245,0.407959370576971,40.6,5.0,11,0,normal,0
i-synthetic-05,2026-03-31 22:07:36.308190,0.454209062217337,46.4,5.0,11,0,normal,0
i-synthetic-05,2026-03-31 22:08:44.360539,0.4332463747393995,38.3,5.0,11,0,normal,0
i-synthetic-05,2026-03-31 22:09:56.778391,0.4479601201040433,38.6,5.0,11,0,normal,0
i-synthetic-05,2026-03-31 22:11:04.632148,0.5087742710348969,39.9,5.0,11,0,normal,0
i-synthetic-05,2026-03-31 22:12:12.357733,0.4625366034874083,45.3,5.0,11,0,normal,0
i-synthetic-05,2026-03-31 22:13:19.972872,0.4723915210575971,39.7,5.0,11,0,normal,0
i-synthetic-05,2026-03-31 22:14:27.988078,0.4522103074598645,41.2,5.0,11,0,normal,0
i-synthetic-05,2026-03-31 22:15:35.443142,0.4616816543472961,37.6,5.0,11,0,normal,0
i-synthetic-05,2026-03-31 22:16:43.298166,0.4003469673717221,39.5,5.0,11,0,normal,0
i-synthetic-05,2026-03-31 22:17:50.752076,0.4460068170191943,41.8,5.0,11,0,normal,0
i-synthetic-05,2026-03-31 22:18:58.372041,0.4278934335683517,38.1,5.0,11,0,normal,0
i-synthetic-05,2026-03-31 22:20:06.305553,0.4458118356505194,44.0,5.0,11,0,normal,0
i-synthetic-05,2026-03-31 22:21:14.330296,0.5083333333333333,42.0,5.0,11,0,normal,0
i-synthetic-05,2026-03-31 22:22:22.885305,0.4585104312626498,38.7,5.0,11,0,normal,0
i-synthetic-05,2026-03-31 22:23:30.955668,0.4667847319528777,45.8,5.0,11,0,normal,0
i-synthetic-05,2026-03-31 22:24:38.911720,0.4458388986615875,39.9,5.0,11,0,normal,0
i-synthetic-05,2026-03-31 22:25:46.563916,0.4584259731362494,40.3,5.0,11,0,normal,0
i-synthetic-05,2026-03-31 22:26:54.554912,0.4083333333333332,41.9,5.0,11,0,normal,0
i-synthetic-05,2026-03-31 22:28:02.162699,0.4414570601524209,45.9,5.0,11,0,normal,0
i-synthetic-05,2026-03-31 22:29:10.088223,0.44373176626818,40.8,5.0,11,0,normal,0
i-synthetic-05,2026-03-31 22:30:18.277439,0.4316520796812106,39.0,5.0,11,0,normal,0
i-synthetic-05,2026-03-31 22:31:26.277813,0.525,45.5,5.0,11,0,normal,0
i-synthetic-05,2026-03-31 22:32:33.925667,0.4625,42.0,5.0,11,0,normal,0
i-synthetic-05,2026-03-31 22:33:41.526271,0.4693022552301022,43.4,10.3,11,0,normal,0
i-synthetic-05,2026-03-31 22:34:49.686326,0.4478947523764192,38.8,5.0,11,0,normal,0
i-synthetic-05,2026-03-31 22:35:56.878644,0.4599824685678021,41.0,5.0,11,0,normal,0
i-synthetic-05,2026-03-31 22:37:04.314381,0.4456204622660361,39.5,5.0,11,0,normal,0
i-synthetic-05,2026-03-31 22:38:11.756320,0.4221887354810205,41.8,5.0,11,0,normal,0
i-synthetic-05,2026-03-31 22:39:19.655184,0.4332071947200707,42.0,5.0,11,0,normal,0
i-synthetic-05,2026-03-31 22:40:27.183649,0.4249670368863521,39.6,5.0,11,0,normal,0
i-synthetic-05,2026-03-31 22:41:35.617030,0.5166666666666667,37.6,6.7,11,0,normal,0
i-synthetic-05,2026-03-31 22:42:45.768120,0.4539970914096671,39.4,5.0,11,0,normal,0
i-synthetic-05,2026-03-31 22:43:59.233494,0.469475964011329,40.0,5.0,11,0,normal,0
i-synthetic-05,2026-03-31 22:45:07.595651,0.4467015912410469,42.7,5.0,11,0,normal,0
i-synthetic-05,2026-03-31 22:46:20.497510,0.4083333333333332,42.0,5.0,11,0,normal,0
i-synthetic-05,2026-03-31 22:47:28.517327,0.4497871289327027,46.1,5.0,11,0,normal,0
i-synthetic-05,2026-03-31 22:48:37.149478,0.4248580859551351,42.4,7.1,11,0,normal,0
i-synthetic-05,2026-03-31 22:49:44.662228,0.4436435644663513,41.7,7.2,11,0,normal,0
i-synthetic-05,2026-03-31 22:50:52.356408,0.4299799079552789,37.3,5.0,11,0,normal,0
i-synthetic-05,2026-03-31 22:52:00.239510,0.4912409245320722,44.0,5.0,11,0,normal,0
i-synthetic-05,2026-03-31 22:53:08.055158,0.4581627515385407,42.7,5.0,11,0,normal,0
i-synthetic-05,2026-03-31 22:54:15.774269,0.439538524586714,42.3,5.0,11,0,normal,0
i-synthetic-05,2026-03-31 22:55:23.445002,0.4516308196693712,43.4,5.0,11,0,normal,0
i-synthetic-05,2026-03-31 22:56:31.973319,0.399653633517618,41.9,7.3,11,0,normal,0
i-synthetic-05,2026-03-31 22:57:39.631542,0.4456601500921423,46.2,5.0,11,0,normal,0
i-synthetic-05,2026-03-31 22:58:47.109791,0.4276601463939893,44.7,5.0,11,0,normal,0
i-synthetic-05,2026-03-31 22:59:55.743411,0.4437704488449857,37.7,5.0,11,0,normal,0
i-synthetic-05,2026-03-31 23:01:04.180217,0.5333333333333333,44.6,5.0,11,0,normal,0
i-synthetic-05,2026-03-31 23:02:15.821331,0.4624999999999999,39.5,9.6,11,0,normal,0
i-synthetic-05,2026-04-01 04:02:09.759577,0.4498271665584289,42.7,5.0,12,0,normal,0
i-synthetic-05,2026-04-01 04:30:56.033882,0.4400753005694034,48.5,9.0,12,0,normal,0
i-synthetic-05,2026-04-01 04:32:04.901351,0.5333333333333333,41.2,5.0,12,0,normal,0
i-synthetic-05,2026-04-01 04:33:12.441230,34.70118798897529,40.7,36.4,12,0,normal,0
i-synthetic-05,2026-04-01 04:34:19.627547,51.02589099173147,45.0,48.1,12,0,normal,0
i-synthetic-05,2026-04-01 04:35:28.531400,60.82071279338518,48.9,39.0,12,0,normal,0
i-synthetic-05,2026-04-01 04:36:37.540759,9.63315737764974,41.9,5.0,12,0,normal,0
i-synthetic-05,2026-04-01 04:37:45.385921,54.09157868882487,44.6,33.7,12,0,normal,0
i-synthetic-05,2026-04-01 04:38:53.672169,69.39438579254991,47.9,48.0,12,0,normal,0
i-synthetic-05,2026-04-01 04:40:02.111026,77.0432893860784,46.7,59.1,12,0,normal,0
i-synthetic-05,2026-04-01 04:41:10.893515,99.99166666666666,42.8,71.2,12,1,critical,0
i-synthetic-05,2026-04-01 04:42:19.790197,76.18979856346722,42.5,57.1,12,0,normal,0
i-synthetic-05,2026-04-01 04:43:29.061630,83.83572478684563,43.8,63.5,12,1,warning,0
i-synthetic-05,2026-04-01 04:44:38.443509,87.86637692346756,48.5,70.3,12,1,warning,0
i-synthetic-05,2026-04-01 04:45:47.173542,90.28476820544071,46.4,72.5,12,1,warning,1
i-synthetic-05,2026-04-01 04:46:55.540167,14.433333333333334,43.6,6.1,12,0,normal,0
i-synthetic-05,2026-04-01 04:48:03.389441,13.495833333333334,43.0,7.7,12,0,normal,0
i-synthetic-05,2026-04-01 04:49:10.723762,34.32674002031621,47.1,30.0,12,0,normal,0
i-synthetic-05,2026-04-01 04:50:18.509741,47.46039289880671,39.6,31.5,12,0,normal,0
i-synthetic-05,2026-04-01 04:51:28.189386,100.0,47.8,88.6,12,1,critical,0
i-synthetic-05,2026-04-01 04:52:36.789833,99.99583333333334,47.7,88.9,12,1,critical,1
i-synthetic-05,2026-04-01 04:53:45.148374,99.99722222222222,45.1,80.7,12,1,critical,1
i-synthetic-05,2026-04-01 04:54:53.576042,76.30321459153488,44.7,70.3,12,0,normal,0
i-synthetic-05,2026-04-01 04:57:05.692421,99.998334776527,45.1,73.0,12,1,critical,0
i-synthetic-05,2026-04-01 04:58:14.415472,99.99722173865396,40.1,71.8,12,1,critical,1
i-synthetic-05,2026-04-01 04:59:23.296415,99.99791630399046,42.6,78.4,12,1,critical,1
i-synthetic-05,2026-04-01 05:00:31.479641,94.92818774818178,47.7,78.0,12,1,warning,1
i-synthetic-05,2026-04-01 05:01:40.449297,2.1314505520123888,41.9,5.0,12,0,normal,0
i-synthetic-05,2026-04-01 05:02:48.424830,2.178225276006194,45.6,5.0,12,0,normal,0
i-synthetic-05,2026-04-01 05:03:55.949045,2.182705739559685,47.1,10.8,12,0,normal,0
i-synthetic-05,2026-04-01 05:05:04.424453,3.9899048867882847,41.0,5.0,12,0,normal,0
i-synthetic-05,2026-04-01 05:06:13.155065,100.0,46.0,85.2,12,1,critical,0
i-synthetic-05,2026-04-01 05:07:21.611405,99.99583333333334,47.5,84.4,12,1,critical,1
i-synthetic-05,2026-04-01 05:08:30.179514,99.99722222222222,47.7,72.3,12,1,critical,1
i-synthetic-05,2026-04-01 05:09:39.192143,99.99666776985885,47.6,75.4,12,1,critical,1
i-synthetic-05,2026-04-01 05:10:47.816859,99.99666695981088,44.3,76.1,12,1,critical,1
i-synthetic-05,2026-04-01 05:11:56.681759,100.0,44.7,80.1,12,1,critical,1
i-synthetic-05,2026-04-01 05:13:06.314907,99.99388338393445,44.6,76.0,12,1,critical,1
i-synthetic-05,2026-04-01 05:14:15.417906,99.99541253795084,42.9,77.8,12,1,critical,1
i-synthetic-05,2026-04-01 05:15:23.980162,97.894663363694,42.2,87.6,12,1,critical,1
i-synthetic-05,2026-04-01 05:16:33.522405,2.12312457329359,47.4,5.4,12,0,normal,0
i-synthetic-05,2026-04-01 05:17:41.903769,2.1541941114253493,39.8,5.0,12,0,normal,0
i-synthetic-05,2026-04-01 05:18:49.649634,2.141684963172456,48.4,5.0,12,0,normal,0
i-synthetic-05,2026-04-01 05:19:58.088598,2.157868997807304,44.3,5.0,12,0,normal,0
i-synthetic-05,2026-04-01 05:21:06.316114,2.233333333333333,48.7,5.0,12,0,normal,0
i-synthetic-05,2026-04-01 05:22:13.578556,2.1657050481503064,47.4,5.0,12,0,normal,0
i-synthetic-05,2026-04-01 05:23:22.110902,2.172236733242343,44.3,5.0,12,0,normal,0
i-synthetic-05,2026-04-01 05:24:29.797545,2.1537142092160564,45.2,8.4,12,0,normal,0
i-synthetic-05,2026-04-01 05:25:37.511826,2.17131217305294,42.3,10.9,12,0,normal,0
i-synthetic-05,2026-04-01 05:26:48.995528,93.94131482809814,42.4,84.0,12,1,warning,0
i-synthetic-05,2026-04-01 05:27:57.864291,96.97065741404909,40.7,74.6,12,1,critical,1
i-synthetic-05,2026-04-01 05:29:06.608408,98.4828264549977,45.0,74.1,12,1,critical,1
i-synthetic-05,2026-04-01 05:30:15.357144,98.78626116399816,47.9,85.0,12,1,critical,1
i-synthetic-05,2026-04-01 05:31:24.116765,8.408473474557908,42.3,5.0,12,0,normal,0
i-synthetic-05,2026-04-01 05:32:32.399629,5.333403403945621,45.4,11.5,12,0,normal,0
i-synthetic-05,2026-04-01 05:33:40.352410,4.300704887721133,48.7,8.4,12,0,normal,0
i-synthetic-05,2026-04-01 05:34:48.112198,3.7567786657908497,39.4,9.7,12,0,normal,0
i-synthetic-05,2026-04-01 05:35:55.299788,3.4466998047289947,39.7,5.0,12,0,normal,0
i-synthetic-05,2026-04-01 05:37:03.482471,2.1509320038256017,45.0,6.3,12,0,normal,0
i-synthetic-05,2026-04-01 05:38:11.272916,2.133954669217068,41.7,5.0,12,0,normal,0
i-synthetic-05,2026-04-01 05:39:20.002734,2.158297287089475,41.1,5.0,12,0,normal,0
i-synthetic-05,2026-04-01 05:40:27.994826,2.152020674231684,48.2,5.0,12,0,normal,0
i-synthetic-05,2026-04-01 05:41:36.015799,2.198058381762777,48.3,5.0,12,0,normal,0
i-synthetic-05,2026-04-01 05:42:44.291770,2.1615291908813883,42.9,5.0,12,0,normal,0
i-synthetic-05,2026-04-01 05:43:53.445031,2.1916825463133165,42.8,6.6,12,0,normal,0
i-synthetic-05,2026-04-01 05:45:01.553513,2.199612378603104,46.3,5.0,12,0,normal,0
i-synthetic-05,2026-04-01 05:46:10.393531,1.0092248152534735,48.9,10.2,12,0,normal,0
i-synthetic-05,2026-04-01 05:47:18.687409,1.3462790742934034,48.1,5.0,12,0,normal,0
i-synthetic-05,2026-04-01 05:48:26.303192,1.6225193828622688,48.5,5.0,12,0,normal,0
i-synthetic-05,2026-04-01 05:49:35.448736,1.793972870480035,43.1,5.0,12,0,normal,0
i-synthetic-05,2026-04-01 05:50:44.515276,1.866844963050695,45.8,5.4,12,0,normal,0
i-synthetic-05,2026-04-01 05:51:53.190226,2.283333333333333,42.4,5.0,12,0,normal,0
i-synthetic-05,2026-04-01 05:53:01.883776,2.2521109593932764,44.4,8.1,12,0,normal,0
i-synthetic-05,2026-04-01 05:54:15.037394,2.1078332195449576,41.6,5.0,12,0,normal,0
i-synthetic-05,2026-04-01 05:55:24.365334,2.1379332423026325,41.5,5.0,12,0,normal,0
i-synthetic-05,2026-04-01 05:56:34.271144,2.13521944384206,44.3,11.5,12,0,normal,0
i-synthetic-05,2026-04-01 05:57:43.610588,2.208287800919232,44.7,5.0,12,0,normal,0
i-synthetic-05,2026-04-01 05:58:52.119763,2.0332842753103315,44.5,11.6,12,0,normal,0
i-synthetic-05,2026-04-01 06:00:00.798551,2.1025663826746546,40.7,5.0,12,0,normal,0
i-synthetic-05,2026-04-01 06:01:08.879474,2.3062577014020715,44.5,5.0,12,0,normal,0
i-synthetic-05,2026-04-01 06:02:16.989237,2.254119742503658,41.5,5.0,12,0,normal,0
i-synthetic-05,2026-04-01 06:03:25.473978,2.2659612108922915,42.1,7.7,12,0,normal,0
i-synthetic-05,2026-04-01 06:04:33.379854,2.2499571710347497,46.0,5.0,12,0,normal,0
i-synthetic-05,2026-04-01 06:05:41.929290,9.108299070161134,44.3,5.0,12,0,normal,0
i-synthetic-05,2026-04-01 06:06:49.960357,100.0,39.3,74.4,12,1,critical,0
i-synthetic-05,2026-04-01 06:07:58.556657,99.99249987499792,39.2,84.3,12,1,critical,1
i-synthetic-05,2026-04-01 06:09:07.521914,99.99416660416564,41.0,79.4,12,1,critical,1
i-synthetic-05,2026-04-01 06:10:16.732511,93.1903332833325,47.5,66.4,12,1,warning,1
i-synthetic-05,2026-04-01 06:11:25.664407,2.283333333333333,39.3,5.0,12,0,normal,0
i-synthetic-05,2026-04-01 06:12:33.311253,2.225,46.0,5.0,12,0,normal,0
i-synthetic-05,2026-04-01 06:13:40.900785,2.221570113066791,46.4,11.4,12,0,normal,0
i-synthetic-05,2026-04-01 06:14:48.113756,2.2062379714749896,46.4,7.1,12,0,normal,0
i-synthetic-05,2026-04-01 06:15:55.887088,5.691657043846658,44.3,5.0,12,0,normal,0
i-synthetic-05,2026-04-01 06:17:03.246426,99.99333553971768,45.5,75.8,12,1,critical,0
i-synthetic-05,2026-04-01 06:18:12.524116,99.99555702647848,41.5,76.3,12,1,critical,1
i-synthetic-05,2026-04-01 06:19:21.238244,99.99666776985885,41.6,78.6,12,1,critical,1
i-synthetic-05,2026-04-01 06:20:30.013655,99.99666695981088,39.9,71.4,12,1,critical,1
i-synthetic-05,2026-04-01 06:21:39.153710,99.99500441276872,39.1,89.5,12,1,critical,1
i-synthetic-05,2026-04-01 06:22:47.913149,99.99750220638435,45.2,89.2,12,1,critical,1
i-synthetic-05,2026-04-01 06:23:57.334520,99.99833480425625,40.8,82.7,12,1,critical,1
i-synthetic-05,2026-04-01 06:25:06.847450,96.83679004292868,43.8,74.7,12,1,critical,1
i-synthetic-05,2026-04-01 06:26:15.921875,1.9934275276494235,47.3,5.0,12,0,normal,0
i-synthetic-05,2026-04-01 06:27:23.223928,2.046713763824712,45.2,5.0,12,0,normal,0
i-synthetic-05,2026-04-01 06:28:30.854393,2.03055414005368,40.9,5.0,12,0,normal,0
i-synthetic-05,2026-04-01 06:29:38.919824,2.0395822717069265,39.7,8.0,12,0,normal,0
i-synthetic-05,2026-04-01 06:30:47.235463,2.0019929396568985,47.8,8.7,12,0,normal,0
i-synthetic-05,2026-04-01 06:31:55.459997,0.6916666666666665,39.9,5.5,12,0,normal,0
i-synthetic-05,2026-04-01 06:33:03.365229,1.5160758459656931,40.5,5.0,12,0,normal,0
i-synthetic-05,2026-04-01 06:34:11.482416,1.6120568844742698,46.2,5.0,12,0,normal,0
i-synthetic-05,2026-04-01 06:35:19.031583,1.8613121742460823,41.1,6.0,12,0,normal,0
i-synthetic-05,2026-04-01 06:36:27.075925,100.0,42.4,88.1,12,1,critical,0
i-synthetic-05,2026-04-01 06:37:35.670352,100.0,47.7,73.7,12,1,critical,1
i-synthetic-05,2026-04-01 06:38:44.725225,99.99833480425625,47.5,83.3,12,1,critical,1
i-synthetic-05,2026-04-01 06:39:53.627292,99.99791703309693,46.0,70.4,12,1,critical,1
i-synthetic-05,2026-04-01 06:42:06.612022,2.15,47.9,7.0,12,0,normal,0
i-synthetic-05,2026-04-01 06:43:14.589074,2.157693481868794,45.9,5.0,12,0,normal,0
i-synthetic-05,2026-04-01 06:44:22.180278,2.1245201114015955,40.7,9.1,12,0,normal,0
i-synthetic-05,2026-04-01 06:45:29.965170,2.124616089121276,46.0,10.4,12,0,normal,0
i-synthetic-05,2026-04-01 06:46:38.487813,2.05181243431698,40.1,5.0,12,0,normal,0
i-synthetic-05,2026-04-01 06:47:46.230502,2.096739550491823,44.6,5.0,12,0,normal,0
i-synthetic-05,2026-04-01 06:48:19.367643,2.058354012019221,40.1,5.0,12,0,normal,0
i-synthetic-05,2026-04-01 06:48:37.168899,2.058354012019221,46.8,5.0,12,0,normal,0
i-synthetic-05,2026-04-01 06:49:38.995486,2.0650593185461688,41.8,5.0,12,0,normal,0
i-synthetic-05,2026-04-01 06:50:46.606689,2.042047454836935,44.8,5.0,12,0,normal,0
i-synthetic-05,2026-04-01 06:51:04.985107,2.058333333333333,48.9,5.0,12,0,normal,0
i-synthetic-05,2026-04-01 06:51:51.467626,2.058333333333333,42.9,5.0,12,0,normal,0
i-synthetic-05,2026-04-01 06:52:59.991488,2.01606603981298,40.9,5.0,12,0,normal,0
i-synthetic-05,2026-04-01 06:54:07.496019,1.991639834628948,43.7,5.0,12,0,normal,0
i-synthetic-05,2026-04-01 06:58:15.087941,1.8755191949074312,47.8,10.2,12,0,normal,0
i-synthetic-05,2026-04-01 06:59:24.499074,14.19830606284724,42.4,12.5,12,0,normal,0
i-synthetic-05,2026-04-01 07:00:33.556056,31.35764573283153,46.6,26.8,12,0,normal,0
i-synthetic-05,2026-04-01 07:01:42.652668,100.0,46.5,85.8,12,1,critical,0
i-synthetic-05,2026-04-01 07:02:52.201123,100.0,46.6,84.1,12,1,critical,1
i-synthetic-05,2026-04-01 07:04:02.212521,94.10708443652553,42.9,84.3,12,1,warning,1
i-synthetic-05,2026-04-01 07:05:13.195240,90.35064160964043,44.0,67.9,12,1,warning,1
i-synthetic-05,2026-04-01 07:06:23.955787,99.96666666666668,42.4,80.0,12,1,critical,1
i-synthetic-05,2026-04-01 07:07:34.019482,99.95416666666668,44.4,88.2,12,1,critical,1
i-synthetic-05,2026-04-01 07:08:43.959588,86.16111111111111,40.5,66.3,12,1,warning,0
i-synthetic-05,2026-04-01 07:09:54.998038,67.94711722063101,41.3,51.8,12,0,normal,0
i-synthetic-05,2026-04-01 07:11:08.077883,7.776464123357701,41.0,14.5,12,0,normal,0
i-synthetic-05,2026-04-01 07:12:20.356403,5.06844124645874,48.3,5.0,12,0,normal,0
i-synthetic-05,2026-04-01 07:13:31.956924,4.109516386528049,45.8,12.7,12,0,normal,0
i-synthetic-05,2026-04-01 07:14:43.965665,3.6571372898960366,45.6,12.8,12,0,normal,0
i-synthetic-05,2026-04-01 07:15:56.149175,3.3590431652501627,42.8,5.0,12,0,normal,0
i-synthetic-05,2026-04-01 07:17:15.669556,2.182395619980128,43.9,5.0,12,0,normal,0
i-synthetic-05,2026-04-01 07:18:31.293240,2.202152635542308,44.1,5.0,12,0,normal,0
i-synthetic-05,2026-04-01 07:19:43.925771,2.208356265236643,45.6,5.0,12,0,normal,0
i-synthetic-05,2026-04-01 07:20:53.589828,2.208351678855981,45.3,5.0,12,0,normal,0
i-synthetic-05,2026-04-01 07:22:04.759009,2.1625,46.9,5.0,12,0,normal,0
i-synthetic-05,2026-04-01 07:23:15.170560,2.172222222222222,44.6,11.6,12,0,normal,0
i-synthetic-05,2026-04-01 07:24:24.122293,2.1499999999999995,44.0,5.0,12,0,normal,0
i-synthetic-05,2026-04-01 07:25:33.664463,2.16,42.3,5.0,12,0,normal,0
i-synthetic-05,2026-04-01 07:26:43.802126,2.0731687009808004,39.7,5.0,12,0,normal,0
i-synthetic-05,2026-04-01 07:27:53.256047,2.1208754743164464,44.4,5.0,12,0,normal,0
i-synthetic-05,2026-04-01 09:03:58.530606,1.6055555555555554,45.6,5.0,12,0,normal,0
i-synthetic-05,2026-04-01 09:05:06.711205,1.6030420905977496,41.5,5.0,12,0,normal,0
i-synthetic-05,2026-04-01 10:18:28.703994,1.5837901257221656,39.4,5.2,12,0,normal,0
i-synthetic-05,2026-04-01 10:31:59.433448,1.6568697650408806,48.8,5.0,12,0,normal,0
i-synthetic-05,2026-04-01 10:33:07.334880,1.621703302416086,45.0,8.2,12,0,normal,0
i-synthetic-05,2026-04-01 10:34:15.257468,1.6058608101453975,47.2,5.0,12,0,normal,0
i-00dfb80a59da9a56d,2026-03-30 17:38:00,0.4552595729457918,24.0,23.62,0,0,normal,0
i-00dfb80a59da9a56d,2026-03-30 17:39:00,0.4533739989022323,24.0,23.62,0,0,normal,0
i-00dfb80a59da9a56d,2026-03-30 17:40:00,0.4533739989022323,24.0,23.62,0,0,normal,0
i-00dfb80a59da9a56d,2026-03-30 17:42:00,0.500033383081266,24.0,23.62,0,0,normal,0
i-00dfb80a59da9a56d,2026-03-30 17:43:00,0.5029526705389248,24.0,23.62,0,0,normal,0
i-00dfb80a59da9a56d,2026-03-30 17:44:00,0.4984564283047305,24.0,23.62,0,0,normal,0
i-00dfb80a59da9a56d,2026-03-30 17:52:00,0.8751839155239717,24.0,23.62,0,0,normal,0
i-00dfb80a59da9a56d,2026-03-30 17:54:00,0.6625919577619858,24.0,23.62,0,0,normal,0
i-00dfb80a59da9a56d,2026-03-30 17:55:00,0.7000735662095886,24.0,23.62,0,0,normal,0
i-00dfb80a59da9a56d,2026-03-30 17:56:00,0.449595364172245,24.0,23.62,0,0,normal,0
i-00dfb80a59da9a56d,2026-03-30 17:57:00,0.4247976820861224,24.0,23.62,0,0,normal,0
i-00dfb80a59da9a56d,2026-03-30 17:58:00,0.4472349764825531,24.0,23.62,0,0,normal,0
i-00dfb80a59da9a56d,2026-03-30 18:00:00,0.4332548532697644,24.0,23.62,0,0,normal,0
i-00dfb80a59da9a56d,2026-03-30 18:08:00,0.6277831692821448,24.0,23.62,0,0,normal,0
i-00dfb80a59da9a56d,2026-03-30 18:10:00,0.5937540436282753,24.0,23.62,0,0,normal,0
i-00dfb80a59da9a56d,2026-03-30 18:12:00,0.5,24.0,24.43,0,0,normal,0
i-00dfb80a59da9a56d,2026-03-30 18:13:00,1.783184642712894,24.0,23.63,0,0,normal,0
i-00dfb80a59da9a56d,2026-03-30 18:14:00,1.8978051487013372,24.0,23.62,0,0,normal,0
i-00dfb80a59da9a56d,2026-03-30 18:15:00,1.9457722742685744,24.0,23.1,0,0,normal,0
i-00dfb80a59da9a56d,2026-03-30 18:16:00,2.396179471337686,24.0,23.62,0,0,normal,0
i-00dfb80a59da9a56d,2026-03-30 18:17:00,1.628471655593115,24.0,23.58,0,0,normal,0
i-00dfb80a59da9a56d,2026-03-30 18:18:00,2.7049791435743487,24.0,24.63,0,0,normal,0
i-00dfb80a59da9a56d,2026-03-30 18:19:00,2.561493329667676,24.0,23.74,0,0,normal,0
i-00dfb80a59da9a56d,2026-03-30 18:22:00,2.295814166986106,24.0,23.43,0,0,normal,0
i-00dfb80a59da9a56d,2026-03-30 18:24:00,2.2339653598018416,24.0,23.62,0,0,normal,0
i-00dfb80a59da9a56d,2026-03-30 18:25:00,2.2316547345809417,24.0,23.21,0,0,normal,0
i-00dfb80a59da9a56d,2026-03-30 18:26:00,1.88502986020752,24.0,23.53,0,0,normal,0
i-00dfb80a59da9a56d,2026-03-30 18:27:00,2.4245144638567155,24.0,23.62,0,0,normal,0
i-00dfb80a59da9a56d,2026-03-30 18:28:00,1.628471655593115,24.0,23.43,0,0,normal,0
i-00dfb80a59da9a56d,2026-03-30 18:29:00,2.341342975904477,24.0,23.73,0,0,normal,0
i-00dfb80a59da9a56d,2026-03-30 18:30:00,2.2868793183889147,24.0,23.16,0,0,normal,0
i-00dfb80a59da9a56d,2026-03-30 18:31:00,2.2666666666666666,24.0,23.57,0,0,normal,0
i-00dfb80a59da9a56d,2026-03-30 18:32:00,1.9451162584161763,24.0,23.18,0,0,normal,0
i-00dfb80a59da9a56d,2026-03-30 18:33:00,2.0390665570506674,24.0,23.62,0,0,normal,0
i-00dfb80a59da9a56d,2026-03-30 18:34:00,1.628471655593115,24.0,25.26,0,0,normal,0
i-00dfb80a59da9a56d,2026-03-30 18:35:00,2.0642351427521994,24.0,23.74,0,0,normal,0
i-00dfb80a59da9a56d,2026-03-30 18:36:00,2.2563402327943654,24.0,24.13,0,0,normal,0
i-00dfb80a59da9a56d,2026-03-30 18:37:00,2.204120539270721,24.0,24.25,0,0,normal,0
i-00dfb80a59da9a56d,2026-03-30 18:38:00,2.058302581736036,24.0,23.65,0,0,normal,0
i-00dfb80a59da9a56d,2026-03-30 18:39:00,1.7726875384267815,24.0,23.28,0,0,normal,0
i-00dfb80a59da9a56d,2026-03-30 18:40:00,1.866887227551888,24.0,23.62,0,0,normal,0
i-00dfb80a59da9a56d,2026-03-30 18:41:00,2.2916666666666665,24.0,23.555,0,0,normal,0
i-00dfb80a59da9a56d,2026-03-30 18:42:00,2.2198667033003625,24.0,23.18,0,0,normal,0
i-00dfb80a59da9a56d,2026-03-30 18:43:00,2.238927583670231,24.0,23.47,0,0,normal,0
i-00dfb80a59da9a56d,2026-03-30 18:44:00,2.278646191457611,24.0,23.62,0,0,normal,0
i-00dfb80a59da9a56d,2026-03-30 18:45:00,1.628471655593115,24.0,25.4,0,0,normal,0
i-00dfb80a59da9a56d,2026-03-30 18:47:00,57.13333333333333,24.0,26.12,0,0,normal,0
i-00dfb80a59da9a56d,2026-03-30 18:48:00,54.61845672228328,24.0,24.75,0,0,normal,0
i-00dfb80a59da9a56d,2026-03-30 18:49:00,65.963425499708,24.0,26.7,0,0,normal,0
i-00dfb80a59da9a56d,2026-03-30 18:50:00,63.40117301041681,24.0,23.62,0,0,normal,0
i-00dfb80a59da9a56d,2026-03-30 18:51:00,1.628471655593115,24.0,26.97,0,0,normal,0
i-00dfb80a59da9a56d,2026-03-30 18:52:00,2.191666666666667,24.0,25.93,0,0,normal,0
i-00dfb80a59da9a56d,2026-03-30 18:53:00,45.96666666666667,24.0,26.58,0,0,normal,0
i-00dfb80a59da9a56d,2026-03-30 18:54:00,51.06284572782171,24.0,26.38,0,0,normal,0
i-00dfb80a59da9a56d,2026-03-30 18:55:00,41.26490341810511,24.0,26.48,0,0,normal,0
i-00dfb80a59da9a56d,2026-03-30 18:56:00,2.1936409435158306,24.0,23.62,0,0,normal,0
i-00dfb80a59da9a56d,2026-03-30 18:57:00,1.628471655593115,24.0,25.71,0,0,normal,0
i-00dfb80a59da9a56d,2026-03-30 18:58:00,2.305153805091249,24.0,25.31,0,0,normal,0
i-00dfb80a59da9a56d,2026-03-30 18:59:00,45.69632690254562,24.0,26.19,0,0,normal,0
i-00dfb80a59da9a56d,2026-03-30 19:00:00,41.36606675066407,24.0,25.33,0,0,normal,0
i-00dfb80a59da9a56d,2026-03-30 19:01:00,2.166666666666667,24.0,25.65,0,0,normal,0
i-00dfb80a59da9a56d,2026-03-30 19:02:00,2.0833000011110743,24.0,26.76,0,0,normal,0
i-00dfb80a59da9a56d,2026-03-30 19:04:00,2.097861729465304,24.0,25.7,0,0,normal,0
i-00dfb80a59da9a56d,2026-03-30 19:05:00,2.0588129637656443,24.0,26.19,0,0,normal,0
i-00dfb80a59da9a56d,2026-03-30 19:06:00,1.9166666666666663,24.0,26.45,0,0,normal,0
i-00dfb80a59da9a56d,2026-03-30 19:08:00,1.9666666666666663,24.0,27.01,0,0,normal,0
i-00dfb80a59da9a56d,2026-03-30 19:09:00,1.9638888888888888,24.0,27.66,0,0,normal,0
i-00dfb80a59da9a56d,2026-03-30 19:10:00,16.107951177273783,24.0,28.43,0,0,normal,0
i-00dfb80a59da9a56d,2026-03-30 19:11:00,99.99833183198211,24.0,27.31,0,1,critical,0
i-00dfb80a59da9a56d,2026-03-30 19:12:00,99.99583557996016,24.0,27.17,0,1,critical,0
i-00dfb80a59da9a56d,2026-03-30 19:13:00,99.99388738393766,24.0,23.62,0,1,critical,0
i-00dfb80a59da9a56d,2026-03-30 19:14:00,1.628471655593115,24.0,25.67,0,0,normal,0
i-00dfb80a59da9a56d,2026-03-30 19:15:00,91.91144111493396,24.0,24.36,0,1,warning,0
i-00dfb80a59da9a56d,2026-03-30 19:16:00,2.108333333333333,24.0,24.75,0,0,normal,0
i-00dfb80a59da9a56d,2026-03-30 19:17:00,2.4458333333333333,24.0,25.74,0,0,normal,0
i-00dfb80a59da9a56d,2026-03-30 19:18:00,2.661111111111111,24.0,25.53,0,0,normal,0
i-00dfb80a59da9a56d,2026-03-30 19:19:00,2.549501698471376,24.0,23.62,0,0,normal,0
i-00dfb80a59da9a56d,2026-03-30 19:20:00,1.628471655593115,24.0,25.57,0,0,normal,0
i-00dfb80a59da9a56d,2026-03-30 19:22:00,2.216666666666667,24.0,25.21,0,0,normal,0
i-00dfb80a59da9a56d,2026-03-31 16:57:00,2.31477342261044,24.0,23.62,0,0,normal,0
i-00dfb80a59da9a56d,2026-03-31 16:58:00,1.8487378372958487,24.0,23.62,0,0,normal,0
i-00dfb80a59da9a56d,2026-03-31 17:02:00,0.0010467955688276,24.0,23.62,0,0,normal,0
i-00dfb80a59da9a56d,2026-03-31 17:07:00,0.4289565078972376,24.0,23.62,0,0,normal,0
i-00dfb80a59da9a56d,2026-03-31 17:08:00,0.4289565078972376,24.0,23.62,0,0,normal,0
i-00dfb80a59da9a56d,2026-03-31 17:09:00,34.186837632076326,24.0,23.62,0,0,normal,0
i-00dfb80a59da9a56d,2026-03-31 17:10:00,47.34947010566106,24.0,23.62,0,0,normal,0
i-00dfb80a59da9a56d,2026-03-31 17:11:00,99.99500441276872,24.0,23.62,0,1,critical,0
i-00dfb80a59da9a56d,2026-03-31 17:12:00,99.99333553971768,24.0,23.62,0,1,critical,0
i-00dfb80a59da9a56d,2026-03-31 17:13:00,88.3650014709229,24.0,23.62,0,1,warning,0
i-00dfb80a59da9a56d,2026-03-31 17:14:00,66.36966916414603,24.0,23.62,0,0,normal,0
i-00dfb80a59da9a56d,2026-03-31 17:16:00,0.3996469785023229,24.0,23.62,0,0,normal,0
i-00dfb80a59da9a56d,2026-03-31 17:17:00,0.4667259197314189,24.0,23.62,0,0,normal,0
i-00dfb80a59da9a56d,2026-03-31 17:18:00,23.46115061315428,24.0,23.62,0,0,normal,0
i-00dfb80a59da9a56d,2026-03-31 17:19:00,42.59586295986571,24.0,23.62,0,0,normal,0
i-00dfb80a59da9a56d,2026-03-31 17:20:00,54.07569125044631,24.0,23.62,0,0,normal,0
i-00dfb80a59da9a56d,2026-03-31 17:21:00,99.996663719619,24.0,23.62,0,1,critical,0
i-00dfb80a59da9a56d,2026-03-31 17:22:00,99.9983318598095,24.0,23.62,0,1,critical,0
i-00dfb80a59da9a56d,2026-03-31 17:24:00,87.51093539465532,24.0,23.62,0,1,warning,0
i-00dfb80a59da9a56d,2026-03-31 17:25:00,89.99874831572426,24.0,23.62,0,1,warning,0
i-00dfb80a59da9a56d,2026-03-31 17:26:00,99.95,24.0,23.62,0,1,critical,0
i-00dfb80a59da9a56d,2026-03-31 17:27:00,90.01870527299114,24.0,23.62,0,1,warning,0
i-00dfb80a59da9a56d,2026-03-31 17:28:00,63.798015172807766,24.0,23.62,0,0,normal,0
i-00dfb80a59da9a56d,2026-03-31 17:29:00,50.38809471293916,24.0,23.62,0,0,normal,0
i-00dfb80a59da9a56d,2026-03-31 17:31:00,99.975,24.0,23.62,0,1,critical,0
i-00dfb80a59da9a56d,2026-03-31 17:32:00,99.98500220638437,24.0,23.62,0,1,critical,0
i-00dfb80a59da9a56d,2026-03-31 17:33:00,99.9900014709229,24.0,23.62,0,1,critical,0
i-00dfb80a59da9a56d,2026-03-31 17:34:00,99.99166703309692,24.0,23.62,0,1,critical,0
i-00dfb80a59da9a56d,2026-03-31 17:35:00,95.54166695981088,24.0,23.62,0,1,critical,0
i-00dfb80a59da9a56d,2026-03-31 17:36:00,0.507884701846702,24.0,23.62,0,0,normal,0
i-00dfb80a59da9a56d,2026-03-31 17:37:00,0.5039423509233509,24.0,23.62,0,0,normal,0
i-00dfb80a59da9a56d,2026-03-31 17:39:00,9.45666527956812,24.0,23.62,1,0,normal,0
i-00dfb80a59da9a56d,2026-03-31 17:40:00,27.564331356236067,24.0,23.62,1,0,normal,0
i-00dfb80a59da9a56d,2026-03-31 17:41:00,99.98667843404992,24.0,23.62,1,1,critical,0
i-00dfb80a59da9a56d,2026-03-31 17:42:00,99.99333921702495,24.0,23.62,1,1,critical,0
i-00dfb80a59da9a56d,2026-03-31 17:43:00,99.99278170023888,24.0,23.62,1,1,critical,0
i-00dfb80a59da9a56d,2026-03-31 17:44:00,91.0487529418458,24.0,23.62,1,1,warning,0
i-00dfb80a59da9a56d,2026-03-31 17:45:00,72.91733568680998,24.0,23.62,1,0,normal,0
i-00dfb80a59da9a56d,2026-03-31 17:47:00,0.4460506780989873,24.0,23.62,1,0,normal,0
i-00dfb80a59da9a56d,2026-03-31 17:48:00,0.4584782298437693,24.0,23.62,1,0,normal,0
i-00dfb80a59da9a56d,2026-03-31 17:49:00,5.247860137755082,24.0,23.62,1,0,normal,0
i-00dfb80a59da9a56d,2026-03-31 17:50:00,24.198288110204068,24.0,23.62,1,0,normal,0
i-00dfb80a59da9a56d,2026-03-31 17:51:00,99.98499974999582,24.0,23.62,1,1,critical,0
i-00dfb80a59da9a56d,2026-03-31 17:52:00,99.99249987499792,24.0,23.62,1,1,critical,0
i-00dfb80a59da9a56d,2026-03-31 17:53:00,99.9922221388875,24.0,23.62,1,1,critical,0
i-00dfb80a59da9a56d,2026-03-31 17:55:00,99.9946671939433,24.0,23.62,1,1,critical,0
i-00dfb80a59da9a56d,2026-03-31 17:56:00,99.99500441276872,24.0,23.62,1,1,critical,0
i-00dfb80a59da9a56d,2026-03-31 17:57:00,99.99583406619384,24.0,23.62,1,1,critical,0
i-00dfb80a59da9a56d,2026-03-31 17:58:00,99.9972227107959,24.0,23.62,1,1,critical,0
i-00dfb80a59da9a56d,2026-03-31 17:59:00,95.22411684292894,24.0,23.62,1,1,critical,0
i-00dfb80a59da9a56d,2026-03-31 18:00:00,76.26262680767648,24.0,23.62,1,0,normal,0
i-00dfb80a59da9a56d,2026-03-31 18:01:00,0.5166666666666667,24.0,23.62,1,0,normal,0
i-00dfb80a59da9a56d,2026-03-31 18:03:00,0.4693025303995796,24.0,23.62,1,0,normal,0
i-00dfb80a59da9a56d,2026-03-31 18:04:00,0.4520636396426152,24.0,23.62,1,0,normal,0
i-00dfb80a59da9a56d,2026-03-31 18:05:00,0.4615626563396729,24.0,23.62,1,0,normal,0
i-00dfb80a59da9a56d,2026-03-31 18:06:00,0.3916666666666666,24.0,23.62,1,0,normal,0
i-00dfb80a59da9a56d,2026-03-31 18:07:00,0.4460543619085747,24.0,23.62,1,0,normal,0
i-00dfb80a59da9a56d,2026-03-31 18:08:00,0.4307029079390498,24.0,23.62,1,0,normal,0
i-00dfb80a59da9a56d,2026-03-31 18:09:00,1.0827600880046089,24.0,23.62,1,0,normal,0
i-00dfb80a59da9a56d,2026-03-31 18:11:00,20.86420626878223,24.0,23.62,1,0,normal,0
i-00dfb80a59da9a56d,2026-03-31 18:12:00,99.99750220638435,24.0,23.62,1,1,critical,0
i-00dfb80a59da9a56d,2026-03-31 18:13:00,99.99833480425625,24.0,23.62,1,1,critical,0
i-00dfb80a59da9a56d,2026-03-31 18:14:00,99.99708593517671,24.0,23.62,1,1,critical,0
i-00dfb80a59da9a56d,2026-03-31 18:15:00,92.40717063317123,24.0,23.62,1,1,warning,0
i-00dfb80a59da9a56d,2026-03-31 18:16:00,0.4246249146587181,24.0,23.62,1,0,normal,0
i-00dfb80a59da9a56d,2026-03-31 18:17:00,0.4583631354283464,24.0,23.62,1,0,normal,0
i-00dfb80a59da9a56d,2026-03-31 18:19:00,0.4332404306404729,24.0,23.62,1,0,normal,0
i-00dfb80a59da9a56d,2026-03-31 18:20:00,4.71379162911732,24.0,23.62,1,0,normal,0
i-00dfb80a59da9a56d,2026-03-31 18:21:00,99.99166666666666,24.0,23.62,1,1,critical,0
i-00dfb80a59da9a56d,2026-03-31 18:22:00,99.99583333333334,24.0,23.62,1,1,critical,0
i-00dfb80a59da9a56d,2026-03-31 18:23:00,99.99722222222222,24.0,23.62,1,1,critical,0
i-00dfb80a59da9a56d,2026-03-31 18:24:00,99.99791666666668,24.0,23.62,1,1,critical,0
i-00dfb80a59da9a56d,2026-03-31 18:27:00,99.9983318598095,24.0,23.62,1,1,critical,0
i-00dfb80a59da9a56d,2026-03-31 18:28:00,99.9972227107959,24.0,23.62,1,1,critical,0
i-00dfb80a59da9a56d,2026-03-31 18:29:00,99.99791703309693,24.0,23.62,1,1,critical,0
i-00dfb80a59da9a56d,2026-03-31 18:30:00,95.73556818366971,24.0,23.62,1,1,critical,0
i-00dfb80a59da9a56d,2026-03-31 18:31:00,0.525,24.0,23.62,1,0,normal,0
i-00dfb80a59da9a56d,2026-03-31 18:32:00,0.4541666666666666,24.0,23.62,1,0,normal,0
i-00dfb80a59da9a56d,2026-03-31 18:33:00,0.4694444444444444,24.0,23.62,1,0,normal,0
i-00dfb80a59da9a56d,2026-03-31 18:35:00,0.4499999999999999,24.0,23.62,1,0,normal,0
i-00dfb80a59da9a56d,2026-03-31 18:36:00,0.3833333333333333,24.0,23.62,1,0,normal,0
i-00dfb80a59da9a56d,2026-03-31 18:37:00,0.4791666666666666,24.0,23.62,1,0,normal,0
i-00dfb80a59da9a56d,2026-03-31 18:38:00,0.4805555555555555,24.0,23.62,1,0,normal,0
i-00dfb80a59da9a56d,2026-03-31 18:39:00,0.4582485457048335,24.0,23.62,1,0,normal,0
i-00dfb80a59da9a56d,2026-03-31 18:40:00,0.4650174660427485,24.0,23.62,1,0,normal,0
i-00dfb80a59da9a56d,2026-03-31 18:41:00,0.5166666666666667,24.0,23.62,1,0,normal,0
i-00dfb80a59da9a56d,2026-03-31 18:43:00,0.4541666666666666,24.0,23.62,1,0,normal,0
i-00dfb80a59da9a56d,2026-03-31 18:44:00,0.4457503496969293,24.0,23.62,1,0,normal,0
i-00dfb80a59da9a56d,2026-03-31 18:45:00,0.456598613118654,24.0,23.62,1,0,normal,0
i-00dfb80a59da9a56d,2026-03-31 18:46:00,0.3920129447678782,24.0,23.62,1,0,normal,0
i-00dfb80a59da9a56d,2026-03-31 18:47:00,0.4374638759675,24.0,23.62,1,0,normal,0
i-00dfb80a59da9a56d,2026-03-31 18:48:00,0.4223113858288259,24.0,23.62,1,0,normal,0
i-00dfb80a59da9a56d,2026-03-31 18:49:00,0.4396502060382861,24.0,23.62,1,0,normal,0
i-00dfb80a59da9a56d,2026-03-31 18:50:00,0.4317201648306288,24.0,23.62,1,0,normal,0
i-00dfb80a59da9a56d,2026-03-31 18:52:00,0.507884701846702,24.0,23.62,1,0,normal,0
i-00dfb80a59da9a56d,2026-03-31 18:53:00,0.4610769933159712,24.0,23.62,1,0,normal,0
i-00dfb80a59da9a56d,2026-03-31 18:54:00,0.443724411653645,24.0,23.62,1,0,normal,0
i-00dfb80a59da9a56d,2026-03-31 18:55:00,0.4583128626562494,24.0,23.62,1,0,normal,0
i-00dfb80a59da9a56d,2026-03-31 18:56:00,0.3999999999999999,24.0,23.62,1,0,normal,0
i-00dfb80a59da9a56d,2026-03-31 18:57:00,0.4416666666666666,24.0,23.62,1,0,normal,0
i-00dfb80a59da9a56d,2026-03-31 18:58:00,0.4248847777056193,24.0,23.62,1,0,normal,0
i-00dfb80a59da9a56d,2026-03-31 18:59:00,0.4437740975668351,24.0,23.62,1,0,normal,0
i-00dfb80a59da9a56d,2026-03-31 19:02:00,0.4539386736160835,24.0,23.62,1,0,normal,0
i-00dfb80a59da9a56d,2026-03-31 19:03:00,0.4638793341592113,24.0,23.62,1,0,normal,0
i-00dfb80a59da9a56d,2026-03-31 19:04:00,0.4479095006194084,24.0,23.62,1,0,normal,0
i-00dfb80a59da9a56d,2026-03-31 19:05:00,0.4549942671621935,24.0,23.62,1,0,normal,0
i-00dfb80a59da9a56d,2026-03-31 19:06:00,0.3999999999999999,24.0,23.62,1,0,normal,0
i-00dfb80a59da9a56d,2026-03-31 19:07:00,0.4541666666666666,24.0,23.62,1,0,normal,0
i-00dfb80a59da9a56d,2026-03-31 19:08:00,0.4332181110389526,24.0,23.62,1,0,normal,0
i-00dfb80a59da9a56d,2026-03-31 19:10:00,0.4458537470905811,24.0,23.62,1,0,normal,0
i-00dfb80a59da9a56d,2026-03-31 19:11:00,0.517114832855141,24.0,23.62,1,0,normal,0
i-00dfb80a59da9a56d,2026-03-31 19:12:00,0.4583809056787319,24.0,23.62,1,0,normal,0
i-00dfb80a59da9a56d,2026-03-31 19:13:00,0.4696210558518128,24.0,23.62,1,0,normal,0
i-00dfb80a59da9a56d,2026-03-31 19:14:00,0.4500460418347408,24.0,23.62,1,0,normal,0
i-00dfb80a59da9a56d,2026-03-31 19:15:00,0.4584571047073876,24.0,23.62,1,0,normal,0
i-00dfb80a59da9a56d,2026-03-31 19:16:00,0.4083333333333332,24.0,23.62,1,0,normal,0
i-00dfb80a59da9a56d,2026-03-31 19:17:00,0.4539501876151779,24.0,23.62,1,0,normal,0
i-00dfb80a59da9a56d,2026-03-31 19:19:00,0.4458321689948136,24.0,23.62,1,0,normal,0
i-00dfb80a59da9a56d,2026-03-31 19:20:00,0.4365951308963154,24.0,23.62,1,0,normal,0
i-00dfb80a59da9a56d,2026-03-31 19:21:00,0.508782758102991,24.0,23.62,1,0,normal,0
i-00dfb80a59da9a56d,2026-03-31 19:22:00,0.4500518789432578,24.0,23.62,1,0,normal,0
i-00dfb80a59da9a56d,2026-03-31 19:23:00,0.4668486050123328,24.0,23.62,1,0,normal,0
i-00dfb80a59da9a56d,2026-03-31 19:24:00,0.4521296930645299,24.0,23.62,1,0,normal,0
i-00dfb80a59da9a56d,2026-03-31 19:25:00,0.461703754451624,24.0,23.62,1,0,normal,0
i-00dfb80a59da9a56d,2026-03-31 19:27:00,0.4291666666666666,24.0,23.62,1,0,normal,0
i-00dfb80a59da9a56d,2026-03-31 19:28:00,0.4167820927004038,24.0,23.62,1,0,normal,0
i-00dfb80a59da9a56d,2026-03-31 19:29:00,0.4355032361919695,24.0,23.62,1,0,normal,0
i-00dfb80a59da9a56d,2026-03-31 19:30:00,0.4266667889102805,24.0,23.62,1,0,normal,0
i-00dfb80a59da9a56d,2026-03-31 19:31:00,0.5171234590554991,24.0,23.62,1,0,normal,0
i-00dfb80a59da9a56d,2026-03-31 19:32:00,0.4543950628610828,24.0,23.62,1,0,normal,0
i-00dfb80a59da9a56d,2026-03-31 19:33:00,0.466674290043757,24.0,23.62,1,0,normal,0
i-00dfb80a59da9a56d,2026-03-31 19:34:00,0.4479223841994844,24.0,23.62,1,0,normal,0
i-00dfb80a59da9a56d,2026-03-31 19:36:00,0.3916666666666666,24.0,23.62,1,0,normal,0
i-00dfb80a59da9a56d,2026-03-31 19:37:00,0.4458333333333333,24.0,23.62,1,0,normal,0
i-00dfb80a59da9a56d,2026-03-31 19:38:00,0.4276647276064447,24.0,23.62,1,0,normal,0
i-00dfb80a59da9a56d,2026-03-31 19:39:00,0.4437718325534357,24.0,23.62,1,0,normal,0
i-00dfb80a59da9a56d,2026-03-31 19:40:00,0.4333507993760818,24.0,23.62,1,0,normal,0
i-00dfb80a59da9a56d,2026-03-31 19:41:00,0.5,24.0,23.62,1,0,normal,0
i-00dfb80a59da9a56d,2026-03-31 19:42:00,0.4499999999999999,24.0,23.62,1,0,normal,0
i-00dfb80a59da9a56d,2026-03-31 19:43:00,0.4666666666666666,24.0,23.62,1,0,normal,0
i-00dfb80a59da9a56d,2026-03-31 19:45:00,0.4436672605864818,24.0,23.62,1,0,normal,0
i-00dfb80a59da9a56d,2026-03-31 19:46:00,0.3833333333333333,24.0,23.62,1,0,normal,0
i-00dfb80a59da9a56d,2026-03-31 19:47:00,0.4458333333333333,24.0,23.62,1,0,normal,0
i-00dfb80a59da9a56d,2026-03-31 19:48:00,0.4277777777777777,24.0,23.62,1,0,normal,0
i-00dfb80a59da9a56d,2026-03-31 19:49:00,0.4415620351251137,24.0,23.62,1,0,normal,0
i-00dfb80a59da9a56d,2026-03-31 19:50:00,0.428249628100091,24.0,23.62,1,0,normal,0
i-00dfb80a59da9a56d,2026-03-31 19:51:00,0.4754120237539201,24.0,23.62,1,0,normal,0
i-00dfb80a59da9a56d,2026-03-31 19:52:00,0.4458589460007194,24.0,23.62,1,0,normal,0
i-00dfb80a59da9a56d,2026-03-31 19:54:00,0.4437793640194815,24.0,23.62,1,0,normal,0
i-00dfb80a59da9a56d,2026-03-31 19:55:00,0.4534437624551802,24.0,23.62,1,0,normal,0
i-00dfb80a59da9a56d,2026-03-31 19:56:00,0.3830013987877173,24.0,23.62,1,0,normal,0
i-00dfb80a59da9a56d,2026-03-31 19:57:00,0.4415006993938586,24.0,23.62,1,0,normal,0
i-00dfb80a59da9a56d,2026-03-31 19:58:00,0.4277827887198131,24.0,23.62,1,0,normal,0
i-00dfb80a59da9a56d,2026-03-31 19:59:00,0.4437537582065265,24.0,23.62,1,0,normal,0
i-00dfb80a59da9a56d,2026-03-31 20:00:00,0.4332685097957547,24.0,23.62,1,0,normal,0
i-00dfb80a59da9a56d,2026-03-31 20:02:00,0.5087742710348969,24.0,23.62,1,0,normal,0
i-00dfb80a59da9a56d,2026-03-31 20:03:00,0.4584803125671879,24.0,23.62,1,0,normal,0
i-00dfb80a59da9a56d,2026-03-31 20:04:00,0.4417769010920576,24.0,23.62,1,0,normal,0
i-00dfb80a59da9a56d,2026-03-31 20:05:00,0.4517548542069794,24.0,23.62,1,0,normal,0
i-00dfb80a59da9a56d,2026-03-31 20:06:00,0.3829950210647261,24.0,23.62,1,0,normal,0
i-00dfb80a59da9a56d,2026-03-31 20:07:00,0.4498308438656964,24.0,23.62,1,0,normal,0
i-00dfb80a59da9a56d,2026-03-31 20:08:00,0.4305582108330903,24.0,23.62,1,0,normal,0
i-00dfb80a59da9a56d,2026-03-31 20:09:00,0.4437519914581511,24.0,23.62,1,0,normal,0
i-00dfb80a59da9a56d,2026-03-31 20:12:00,0.4499488233072901,24.0,23.62,1,0,normal,0
i-00dfb80a59da9a56d,2026-03-31 20:13:00,0.4637128570488841,24.0,23.62,1,0,normal,0
i-00dfb80a59da9a56d,2026-03-31 20:14:00,0.4478713846295936,24.0,23.62,1,0,normal,0
i-00dfb80a59da9a56d,2026-03-31 20:15:00,0.4549637743703416,24.0,23.62,1,0,normal,0
i-00dfb80a59da9a56d,2026-03-31 20:16:00,0.3999999999999999,24.0,23.62,1,0,normal,0
i-00dfb80a59da9a56d,2026-03-31 20:17:00,0.4499999999999999,24.0,23.62,1,0,normal,0
i-00dfb80a59da9a56d,2026-03-31 20:19:00,0.4333333333333333,24.0,23.62,1,0,normal,0
i-00dfb80a59da9a56d,2026-03-31 20:20:00,0.4399999999999999,24.0,23.62,1,0,normal,0
i-00dfb80a59da9a56d,2026-03-31 20:21:00,0.5,24.0,23.62,1,0,normal,0
i-00dfb80a59da9a56d,2026-03-31 20:22:00,0.4499999999999999,24.0,23.62,1,0,normal,0
i-00dfb80a59da9a56d,2026-03-31 20:23:00,0.4666666666666666,24.0,23.62,1,0,normal,0
i-00dfb80a59da9a56d,2026-03-31 20:24:00,0.4499999999999999,24.0,23.62,1,0,normal,0
i-00dfb80a59da9a56d,2026-03-31 20:25:00,0.4599999999999999,24.0,23.62,1,0,normal,0
i-00dfb80a59da9a56d,2026-03-31 20:26:00,0.3913209997835246,24.0,23.62,1,0,normal,0
i-00dfb80a59da9a56d,2026-03-31 20:28:00,0.4304651044008735,24.0,23.62,1,0,normal,0
i-00dfb80a59da9a56d,2026-03-31 20:29:00,0.4436821616339885,24.0,23.62,1,0,normal,0
i-00dfb80a59da9a56d,2026-03-31 20:30:00,0.435016458451268,24.0,23.62,1,0,normal,0
i-00dfb80a59da9a56d,2026-03-31 20:31:00,0.507884701846702,24.0,23.62,1,0,normal,0
i-00dfb80a59da9a56d,2026-03-31 20:32:00,0.4541191737835441,24.0,23.62,1,0,normal,0
i-00dfb80a59da9a56d,2026-03-31 20:33:00,0.4888572269668071,24.0,23.62,1,0,normal,0
i-00dfb80a59da9a56d,2026-03-31 20:34:00,0.4665563286045098,24.0,23.62,1,0,normal,0
i-00dfb80a59da9a56d,2026-03-31 20:36:00,0.3920064055514778,24.0,23.62,1,0,normal,0
i-00dfb80a59da9a56d,2026-03-31 20:37:00,0.4418365361090722,24.0,23.62,1,0,normal,0
i-00dfb80a59da9a56d,2026-03-31 20:38:00,0.4306688018504925,24.0,23.62,1,0,normal,0
i-00dfb80a59da9a56d,2026-03-31 20:39:00,0.4437282928104461,24.0,23.62,1,0,normal,0
i-00dfb80a59da9a56d,2026-03-31 20:40:00,0.4350533633924341,24.0,23.62,1,0,normal,0
i-00dfb80a59da9a56d,2026-03-31 20:41:00,0.5,24.0,23.62,1,0,normal,0
i-00dfb80a59da9a56d,2026-03-31 20:42:00,0.4458333333333333,24.0,23.62,1,0,normal,0
i-00dfb80a59da9a56d,2026-03-31 20:43:00,0.4637417965981901,24.0,23.62,1,0,normal,0
i-00dfb80a59da9a56d,2026-03-31 20:45:00,0.4599824737696579,24.0,23.62,1,0,normal,0
i-00dfb80a59da9a56d,2026-03-31 20:46:00,0.3913144836313983,24.0,23.62,1,0,normal,0
i-00dfb80a59da9a56d,2026-03-31 20:47:00,0.4373279363272743,24.0,23.62,1,0,normal,0
i-00dfb80a59da9a56d,2026-03-31 20:48:00,0.4276630686626273,24.0,23.62,1,0,normal,0
i-00dfb80a59da9a56d,2026-03-31 20:49:00,0.4458578157845912,24.0,23.62,1,0,normal,0
i-00dfb80a59da9a56d,2026-03-31 20:50:00,0.4316862526276729,24.0,23.62,1,0,normal,0
i-00dfb80a59da9a56d,2026-03-31 20:51:00,0.5083333333333333,24.0,23.62,1,0,normal,0
i-00dfb80a59da9a56d,2026-03-31 20:52:00,0.4499999999999999,24.0,23.62,1,0,normal,0
i-00dfb80a59da9a56d,2026-03-31 20:54:00,0.4499999999999999,24.0,23.62,1,0,normal,0
i-00dfb80a59da9a56d,2026-03-31 20:55:00,0.458246548881821,24.0,23.62,1,0,normal,0
i-00dfb80a59da9a56d,2026-03-31 20:56:00,0.4003536457203863,24.0,23.62,1,0,normal,0
i-00dfb80a59da9a56d,2026-03-31 20:57:00,0.4460101561935264,24.0,23.62,1,0,normal,0
i-00dfb80a59da9a56d,2026-03-31 20:58:00,0.4305557636297919,24.0,23.62,1,0,normal,0
i-00dfb80a59da9a56d,2026-03-31 20:59:00,0.4459421617718376,24.0,23.62,1,0,normal,0
i-00dfb80a59da9a56d,2026-03-31 21:00:00,0.4350192326480037,24.0,23.62,1,0,normal,0
i-00dfb80a59da9a56d,2026-03-31 21:02:00,0.4543871355174484,24.0,23.62,1,0,normal,0
i-00dfb80a59da9a56d,2026-03-31 21:03:00,0.4640358681227434,24.0,23.62,1,0,normal,0
i-00dfb80a59da9a56d,2026-03-31 21:04:00,0.4501102344253909,24.0,23.62,1,0,normal,0
i-00dfb80a59da9a56d,2026-03-31 21:05:00,0.4567548542069793,24.0,23.62,1,0,normal,0
i-00dfb80a59da9a56d,2026-03-31 21:06:00,0.3916666666666666,24.0,23.62,1,0,normal,0
i-00dfb80a59da9a56d,2026-03-31 21:07:00,0.4416666666666666,24.0,23.62,1,0,normal,0
i-00dfb80a59da9a56d,2026-03-31 21:08:00,0.425,24.0,23.62,1,0,normal,0
i-00dfb80a59da9a56d,2026-03-31 21:09:00,0.44375,24.0,23.62,1,0,normal,0
i-00dfb80a59da9a56d,2026-03-31 21:11:00,0.5,24.0,23.62,1,0,normal,0
i-00dfb80a59da9a56d,2026-03-31 21:12:00,0.4458333333333333,24.0,23.62,1,0,normal,0
i-00dfb80a59da9a56d,2026-03-31 21:13:00,0.4637417965981901,24.0,23.62,1,0,normal,0
i-00dfb80a59da9a56d,2026-03-31 21:14:00,0.4498896807819759,24.0,23.62,1,0,normal,0
i-00dfb80a59da9a56d,2026-03-31 21:15:00,0.4566638756746741,24.0,23.62,1,0,normal,0
i-00dfb80a59da9a56d,2026-03-31 21:16:00,0.3999999999999999,24.0,23.62,1,0,normal,0
i-00dfb80a59da9a56d,2026-03-31 21:17:00,0.4416666666666666,24.0,23.62,1,0,normal,0
i-00dfb80a59da9a56d,2026-03-31 21:18:00,0.425,24.0,23.62,1,0,normal,0
i-00dfb80a59da9a56d,2026-03-31 21:20:00,0.4458333333333333,24.0,23.62,1,0,normal,0
i-00dfb80a59da9a56d,2026-03-31 21:21:00,0.5,24.0,23.62,1,0,normal,0
i-00dfb80a59da9a56d,2026-03-31 21:22:00,0.4456637580763338,24.0,23.62,1,0,normal,0
i-00dfb80a59da9a56d,2026-03-31 21:23:00,0.4611402211823587,24.0,23.62,1,0,normal,0
i-00dfb80a59da9a56d,2026-03-31 21:24:00,0.4479384992201023,24.0,23.62,1,0,normal,0
i-00dfb80a59da9a56d,2026-03-31 21:25:00,0.4566841327094152,24.0,23.62,1,0,normal,0
i-00dfb80a59da9a56d,2026-03-31 21:26:00,0.3833333333333333,24.0,23.62,1,0,normal,0
i-00dfb80a59da9a56d,2026-03-31 21:28:00,0.4374999999999999,24.0,23.62,1,0,normal,0
i-00dfb80a59da9a56d,2026-03-31 21:29:00,0.4416907642335018,24.0,23.62,1,0,normal,0
i-00dfb80a59da9a56d,2026-03-31 21:30:00,0.433282007087266,24.0,23.62,1,0,normal,0
i-00dfb80a59da9a56d,2026-03-31 21:31:00,0.508782758102991,24.0,23.62,1,0,normal,0
i-00dfb80a59da9a56d,2026-03-31 21:32:00,0.4458920784453541,24.0,23.62,1,0,normal,0
i-00dfb80a59da9a56d,2026-03-31 21:33:00,0.4612924347617056,24.0,23.62,1,0,normal,0
i-00dfb80a59da9a56d,2026-03-31 21:34:00,0.4500440600562591,24.0,23.62,1,0,normal,0
i-00dfb80a59da9a56d,2026-03-31 21:35:00,0.4584555192846022,24.0,23.62,1,0,normal,0
i-00dfb80a59da9a56d,2026-03-31 21:37:00,0.4416666666666666,24.0,23.62,1,0,normal,0
i-00dfb80a59da9a56d,2026-03-31 21:38:00,0.4277777777777777,24.0,23.62,1,0,normal,0
i-00dfb80a59da9a56d,2026-03-31 21:39:00,0.4458333333333333,24.0,23.62,1,0,normal,0
i-00dfb80a59da9a56d,2026-03-31 21:40:00,0.4383333333333333,24.0,23.62,1,0,normal,0
i-00dfb80a59da9a56d,2026-03-31 21:41:00,0.5,24.0,23.62,1,0,normal,0
i-00dfb80a59da9a56d,2026-03-31 21:42:00,0.4456604998917622,24.0,23.62,1,0,normal,0
i-00dfb80a59da9a56d,2026-03-31 21:43:00,0.4639210189780025,24.0,23.62,1,0,normal,0
i-00dfb80a59da9a56d,2026-03-31 21:44:00,0.4500240975668351,24.0,23.62,1,0,normal,0
i-00dfb80a59da9a56d,2026-03-31 21:46:00,0.3916666666666666,24.0,23.62,1,0,normal,0
i-00dfb80a59da9a56d,2026-03-31 21:47:00,0.4458375000694455,24.0,23.62,1,0,normal,0
i-00dfb80a59da9a56d,2026-03-31 21:48:00,0.4250027778240748,24.0,23.62,1,0,normal,0
i-00dfb80a59da9a56d,2026-03-31 21:49:00,0.4438605106717193,24.0,23.62,1,0,normal,0
i-00dfb80a59da9a56d,2026-03-31 21:50:00,0.4350884085373754,24.0,23.62,1,0,normal,0
i-00dfb80a59da9a56d,2026-03-31 21:51:00,0.507884701846702,24.0,23.62,1,0,normal,0
i-00dfb80a59da9a56d,2026-03-31 21:52:00,0.4541191737835441,24.0,23.62,1,0,normal,0
i-00dfb80a59da9a56d,2026-03-31 21:54:00,0.4664903639920645,24.0,23.62,1,0,normal,0
i-00dfb80a59da9a56d,2026-03-31 21:55:00,0.4616507700158369,24.0,23.62,1,0,normal,0
i-00dfb80a59da9a56d,2026-03-31 21:56:00,0.3913275161526676,24.0,23.62,1,0,normal,0
i-00dfb80a59da9a56d,2026-03-31 21:57:00,0.4414970914096671,24.0,23.62,1,0,normal,0
i-00dfb80a59da9a56d,2026-03-31 21:58:00,0.425000196123604,24.0,23.62,1,0,normal,0
i-00dfb80a59da9a56d,2026-03-31 21:59:00,0.4416668137593696,24.0,23.62,1,0,normal,0
i-00dfb80a59da9a56d,2026-03-31 22:00:00,0.4332628467079603,24.0,23.62,1,0,normal,0
i-00dfb80a59da9a56d,2026-03-31 22:01:00,0.5171234590554991,24.0,23.62,1,0,normal,0
i-00dfb80a59da9a56d,2026-03-31 22:03:00,0.4667037085018967,24.0,23.62,1,0,normal,0
i-00dfb80a59da9a56d,2026-03-31 22:04:00,0.4521111147097558,24.0,23.62,1,0,normal,0
i-00dfb80a59da9a56d,2026-03-31 22:05:00,0.4617773031979013,24.0,23.62,1,0,normal,0
i-00dfb80a59da9a56d,2026-03-31 22:06:00,0.407959370576971,24.0,23.62,1,0,normal,0
i-00dfb80a59da9a56d,2026-03-31 22:07:00,0.454209062217337,24.0,23.62,1,0,normal,0
i-00dfb80a59da9a56d,2026-03-31 22:08:00,0.4332463747393995,24.0,23.62,1,0,normal,0
i-00dfb80a59da9a56d,2026-03-31 22:09:00,0.4479601201040433,24.0,23.62,1,0,normal,0
i-00dfb80a59da9a56d,2026-03-31 22:11:00,0.5087742710348969,24.0,23.62,1,0,normal,0
i-00dfb80a59da9a56d,2026-03-31 22:12:00,0.4625366034874083,24.0,23.62,1,0,normal,0
i-00dfb80a59da9a56d,2026-03-31 22:13:00,0.4723915210575971,24.0,23.62,1,0,normal,0
i-00dfb80a59da9a56d,2026-03-31 22:14:00,0.4522103074598645,24.0,23.62,1,0,normal,0
i-00dfb80a59da9a56d,2026-03-31 22:15:00,0.4616816543472961,24.0,23.62,1,0,normal,0
i-00dfb80a59da9a56d,2026-03-31 22:16:00,0.4003469673717221,24.0,23.62,1,0,normal,0
i-00dfb80a59da9a56d,2026-03-31 22:17:00,0.4460068170191943,24.0,23.62,1,0,normal,0
i-00dfb80a59da9a56d,2026-03-31 22:18:00,0.4278934335683517,24.0,23.62,1,0,normal,0
i-00dfb80a59da9a56d,2026-03-31 22:20:00,0.4458118356505194,24.0,23.62,1,0,normal,0
i-00dfb80a59da9a56d,2026-03-31 22:21:00,0.5083333333333333,24.0,23.62,1,0,normal,0
i-00dfb80a59da9a56d,2026-03-31 22:22:00,0.4585104312626498,24.0,23.62,1,0,normal,0
i-00dfb80a59da9a56d,2026-03-31 22:23:00,0.4667847319528777,24.0,23.62,1,0,normal,0
i-00dfb80a59da9a56d,2026-03-31 22:24:00,0.4458388986615875,24.0,23.62,1,0,normal,0
i-00dfb80a59da9a56d,2026-03-31 22:25:00,0.4584259731362494,24.0,23.62,1,0,normal,0
i-00dfb80a59da9a56d,2026-03-31 22:26:00,0.4083333333333332,24.0,23.62,1,0,normal,0
i-00dfb80a59da9a56d,2026-03-31 22:28:00,0.4414570601524209,24.0,23.62,1,0,normal,0
i-00dfb80a59da9a56d,2026-03-31 22:29:00,0.44373176626818,24.0,23.62,1,0,normal,0
i-00dfb80a59da9a56d,2026-03-31 22:30:00,0.4316520796812106,24.0,23.62,1,0,normal,0
i-00dfb80a59da9a56d,2026-03-31 22:31:00,0.525,24.0,23.62,1,0,normal,0
i-00dfb80a59da9a56d,2026-03-31 22:32:00,0.4625,24.0,23.62,1,0,normal,0
i-00dfb80a59da9a56d,2026-03-31 22:33:00,0.4693022552301022,24.0,23.62,1,0,normal,0
i-00dfb80a59da9a56d,2026-03-31 22:34:00,0.4478947523764192,24.0,23.62,1,0,normal,0
i-00dfb80a59da9a56d,2026-03-31 22:35:00,0.4599824685678021,24.0,23.62,1,0,normal,0
i-00dfb80a59da9a56d,2026-03-31 22:37:00,0.4456204622660361,24.0,23.62,1,0,normal,0
i-00dfb80a59da9a56d,2026-03-31 22:38:00,0.4221887354810205,24.0,23.62,1,0,normal,0
i-00dfb80a59da9a56d,2026-03-31 22:39:00,0.4332071947200707,24.0,23.62,1,0,normal,0
i-00dfb80a59da9a56d,2026-03-31 22:40:00,0.4249670368863521,24.0,23.62,1,0,normal,0
i-00dfb80a59da9a56d,2026-03-31 22:41:00,0.5166666666666667,24.0,23.62,1,0,normal,0
i-00dfb80a59da9a56d,2026-03-31 22:42:00,0.4539970914096671,24.0,23.62,1,0,normal,0
i-00dfb80a59da9a56d,2026-03-31 22:43:00,0.469475964011329,24.0,23.62,1,0,normal,0
i-00dfb80a59da9a56d,2026-03-31 22:45:00,0.4467015912410469,24.0,23.62,1,0,normal,0
i-00dfb80a59da9a56d,2026-03-31 22:46:00,0.4083333333333332,24.0,23.62,1,0,normal,0
i-00dfb80a59da9a56d,2026-03-31 22:47:00,0.4497871289327027,24.0,23.62,1,0,normal,0
i-00dfb80a59da9a56d,2026-03-31 22:48:00,0.4248580859551351,24.0,23.62,1,0,normal,0
i-00dfb80a59da9a56d,2026-03-31 22:49:00,0.4436435644663513,24.0,23.62,1,0,normal,0
i-00dfb80a59da9a56d,2026-03-31 22:50:00,0.4299799079552789,24.0,23.62,1,0,normal,0
i-00dfb80a59da9a56d,2026-03-31 22:52:00,0.4912409245320722,24.0,23.62,1,0,normal,0
i-00dfb80a59da9a56d,2026-03-31 22:53:00,0.4581627515385407,24.0,23.62,1,0,normal,0
i-00dfb80a59da9a56d,2026-03-31 22:54:00,0.439538524586714,24.0,23.62,1,0,normal,0
i-00dfb80a59da9a56d,2026-03-31 22:55:00,0.4516308196693712,24.0,23.62,1,0,normal,0
i-00dfb80a59da9a56d,2026-03-31 22:56:00,0.399653633517618,24.0,23.62,1,0,normal,0
i-00dfb80a59da9a56d,2026-03-31 22:57:00,0.4456601500921423,24.0,23.62,1,0,normal,0
i-00dfb80a59da9a56d,2026-03-31 22:58:00,0.4276601463939893,24.0,23.62,1,0,normal,0
i-00dfb80a59da9a56d,2026-03-31 22:59:00,0.4437704488449857,24.0,23.62,1,0,normal,0
i-00dfb80a59da9a56d,2026-03-31 23:01:00,0.5333333333333333,24.0,23.62,1,0,normal,0
i-00dfb80a59da9a56d,2026-03-31 23:02:00,0.4624999999999999,24.0,23.62,1,0,normal,0
i-00dfb80a59da9a56d,2026-04-01 04:02:00,0.4498271665584289,24.0,23.62,1,0,normal,0
i-00dfb80a59da9a56d,2026-04-01 04:30:00,0.4400753005694034,24.0,23.62,1,0,normal,0
i-00dfb80a59da9a56d,2026-04-01 04:32:00,0.5333333333333333,24.0,23.62,1,0,normal,0
i-00dfb80a59da9a56d,2026-04-01 04:33:00,34.70118798897529,24.0,23.62,1,0,normal,0
i-00dfb80a59da9a56d,2026-04-01 04:34:00,51.02589099173147,24.0,23.62,1,0,normal,0
i-00dfb80a59da9a56d,2026-04-01 04:35:00,60.82071279338518,24.0,23.62,1,0,normal,0
i-00dfb80a59da9a56d,2026-04-01 04:36:00,9.63315737764974,24.0,23.65,1,0,normal,0
i-00dfb80a59da9a56d,2026-04-01 04:37:00,54.09157868882487,24.0,64.88,1,0,normal,0
i-00dfb80a59da9a56d,2026-04-01 04:38:00,69.39438579254991,24.0,50.78,1,0,normal,0
i-00dfb80a59da9a56d,2026-04-01 04:40:00,77.0432893860784,24.0,64.98,1,0,normal,0
i-00dfb80a59da9a56d,2026-04-01 04:41:00,99.99166666666666,24.0,67.35,1,1,critical,0
i-00dfb80a59da9a56d,2026-04-01 04:42:00,76.18979856346722,24.0,22.74,1,0,normal,0
i-00dfb80a59da9a56d,2026-04-01 04:43:00,83.83572478684563,24.0,23.35,1,1,warning,0
i-00dfb80a59da9a56d,2026-04-01 04:44:00,87.86637692346756,24.0,23.58,1,1,warning,0
i-00dfb80a59da9a56d,2026-04-01 04:45:00,90.28476820544071,24.0,24.04,1,1,warning,0
i-00dfb80a59da9a56d,2026-04-01 04:46:00,14.433333333333334,24.0,23.62,1,0,normal,0
i-00dfb80a59da9a56d,2026-04-01 04:47:00,1.628471655593115,49.0,22.44,1,0,normal,0
i-00dfb80a59da9a56d,2026-04-01 04:48:00,13.495833333333334,49.0,22.42,1,0,normal,0
i-00dfb80a59da9a56d,2026-04-01 04:49:00,34.32674002031621,49.0,69.91,1,0,normal,0
i-00dfb80a59da9a56d,2026-04-01 04:50:00,47.46039289880671,49.0,76.0,1,0,normal,0
i-00dfb80a59da9a56d,2026-04-01 04:51:00,100.0,49.0,70.17,1,1,critical,0
i-00dfb80a59da9a56d,2026-04-01 04:52:00,99.99583333333334,37.0,70.03,1,1,critical,0
i-00dfb80a59da9a56d,2026-04-01 04:53:00,99.99722222222222,37.0,70.16,1,1,critical,0
i-00dfb80a59da9a56d,2026-04-01 04:54:00,76.30321459153488,24.0,22.16,1,0,normal,0
i-00dfb80a59da9a56d,2026-04-01 04:57:00,99.998334776527,24.0,23.66,1,1,critical,0
i-00dfb80a59da9a56d,2026-04-01 04:58:00,99.99722173865396,24.0,23.18,1,1,critical,0
i-00dfb80a59da9a56d,2026-04-01 04:59:00,99.99791630399046,24.0,23.69,1,1,critical,0
i-00dfb80a59da9a56d,2026-04-01 05:00:00,94.92818774818178,24.0,23.52,1,1,warning,0
i-00dfb80a59da9a56d,2026-04-01 05:01:00,2.1314505520123888,24.0,24.2,1,0,normal,0
i-00dfb80a59da9a56d,2026-04-01 05:02:00,2.178225276006194,24.0,24.24,1,0,normal,0
i-00dfb80a59da9a56d,2026-04-01 05:03:00,2.182705739559685,24.0,23.62,1,0,normal,0
i-00dfb80a59da9a56d,2026-04-01 05:04:00,1.628471655593115,24.0,23.01,1,0,normal,0
i-00dfb80a59da9a56d,2026-04-01 05:05:00,3.9899048867882847,24.0,22.97,1,0,normal,0
i-00dfb80a59da9a56d,2026-04-01 05:06:00,100.0,24.0,22.91,1,1,critical,0
i-00dfb80a59da9a56d,2026-04-01 05:07:00,99.99583333333334,24.0,23.33,1,1,critical,0
i-00dfb80a59da9a56d,2026-04-01 05:08:00,99.99722222222222,24.0,22.95,1,1,critical,0
i-00dfb80a59da9a56d,2026-04-01 05:09:00,99.99666776985885,24.0,22.95,1,1,critical,0
i-00dfb80a59da9a56d,2026-04-01 05:10:00,99.99666695981088,24.0,23.23,1,1,critical,0
i-00dfb80a59da9a56d,2026-04-01 05:11:00,100.0,24.0,23.62,1,1,critical,0
i-00dfb80a59da9a56d,2026-04-01 05:12:00,1.628471655593115,24.0,23.93,1,0,normal,0
i-00dfb80a59da9a56d,2026-04-01 05:13:00,99.99388338393445,24.0,23.45,1,1,critical,0
i-00dfb80a59da9a56d,2026-04-01 05:14:00,99.99541253795084,24.0,23.3,1,1,critical,0
i-00dfb80a59da9a56d,2026-04-01 05:15:00,97.894663363694,24.0,22.95,1,1,critical,0
i-00dfb80a59da9a56d,2026-04-01 05:16:00,2.12312457329359,24.0,23.84,1,0,normal,0
i-00dfb80a59da9a56d,2026-04-01 05:17:00,2.1541941114253493,24.0,26.08,1,0,normal,0
i-00dfb80a59da9a56d,2026-04-01 05:18:00,2.1416849631724557,24.0,23.67,1,0,normal,0
i-00dfb80a59da9a56d,2026-04-01 05:19:00,2.157868997807304,24.0,23.62,1,0,normal,0
i-00dfb80a59da9a56d,2026-04-01 05:20:00,1.628471655593115,24.0,24.21,1,0,normal,0
i-00dfb80a59da9a56d,2026-04-01 05:21:00,2.233333333333333,24.0,24.05,1,0,normal,0
i-00dfb80a59da9a56d,2026-04-01 05:22:00,2.1657050481503064,24.0,24.19,1,0,normal,0
i-00dfb80a59da9a56d,2026-04-01 05:23:00,2.172236733242343,24.0,24.48,1,0,normal,0
i-00dfb80a59da9a56d,2026-04-01 05:24:00,2.1537142092160564,24.0,22.89,1,0,normal,0
i-00dfb80a59da9a56d,2026-04-01 05:25:00,2.17131217305294,24.0,23.11,1,0,normal,0
i-00dfb80a59da9a56d,2026-04-01 05:26:00,93.94131482809814,24.0,72.32,1,1,warning,0
i-00dfb80a59da9a56d,2026-04-01 05:27:00,96.97065741404909,24.0,23.62,1,1,critical,0
i-00dfb80a59da9a56d,2026-04-01 05:28:00,1.628471655593115,24.0,70.15,1,0,normal,0
i-00dfb80a59da9a56d,2026-04-01 05:29:00,98.4828264549977,24.0,71.3,1,1,critical,0
i-00dfb80a59da9a56d,2026-04-01 05:30:00,98.78626116399816,24.0,70.29,1,1,critical,0
i-00dfb80a59da9a56d,2026-04-01 05:31:00,8.408473474557908,24.0,22.6,1,0,normal,0
i-00dfb80a59da9a56d,2026-04-01 05:32:00,5.333403403945621,24.0,22.91,1,0,normal,0
i-00dfb80a59da9a56d,2026-04-01 05:33:00,4.300704887721133,24.0,23.85,1,0,normal,0
i-00dfb80a59da9a56d,2026-04-01 05:34:00,3.7567786657908497,24.0,22.79,1,0,normal,0
i-00dfb80a59da9a56d,2026-04-01 05:35:00,3.4466998047289947,24.0,22.97,1,0,normal,0
i-00dfb80a59da9a56d,2026-04-01 05:37:00,2.1509320038256017,24.0,23.91,1,0,normal,0
i-00dfb80a59da9a56d,2026-04-01 05:38:00,2.133954669217068,24.0,22.04,1,0,normal,0
i-00dfb80a59da9a56d,2026-04-01 05:39:00,2.158297287089475,24.0,24.39,1,0,normal,0
i-00dfb80a59da9a56d,2026-04-01 05:40:00,2.152020674231684,24.0,23.42,1,0,normal,0
i-00dfb80a59da9a56d,2026-04-01 05:41:00,2.198058381762777,24.0,23.55,1,0,normal,0
i-00dfb80a59da9a56d,2026-04-01 05:42:00,2.1615291908813883,24.0,23.37,1,0,normal,0
i-00dfb80a59da9a56d,2026-04-01 05:43:00,2.1916825463133165,24.0,23.6,1,0,normal,0
i-00dfb80a59da9a56d,2026-04-01 05:45:00,2.199612378603104,24.0,21.95,1,0,normal,0
i-00dfb80a59da9a56d,2026-04-01 05:46:00,1.0092248152534735,24.0,23.85,1,0,normal,0
i-00dfb80a59da9a56d,2026-04-01 05:47:00,1.3462790742934034,24.0,21.99,1,0,normal,0
i-00dfb80a59da9a56d,2026-04-01 05:48:00,1.6225193828622688,24.0,21.56,1,0,normal,0
i-00dfb80a59da9a56d,2026-04-01 05:49:00,1.793972870480035,24.0,21.96,1,0,normal,0
i-00dfb80a59da9a56d,2026-04-01 05:50:00,1.866844963050695,24.0,21.51,1,0,normal,0
i-00dfb80a59da9a56d,2026-04-01 05:51:00,2.283333333333333,24.0,21.92,1,0,normal,0
i-00dfb80a59da9a56d,2026-04-01 05:53:00,2.2521109593932764,24.0,21.9,1,0,normal,0
i-00dfb80a59da9a56d,2026-04-01 05:54:00,2.1078332195449576,24.0,21.44,1,0,normal,0
i-00dfb80a59da9a56d,2026-04-01 05:55:00,2.1379332423026325,24.0,21.93,1,0,normal,0
i-00dfb80a59da9a56d,2026-04-01 05:56:00,2.13521944384206,24.0,21.93,1,0,normal,0
i-00dfb80a59da9a56d,2026-04-01 05:57:00,2.208287800919232,24.0,21.58,1,0,normal,0
i-00dfb80a59da9a56d,2026-04-01 05:58:00,2.0332842753103315,24.0,21.95,1,0,normal,0
i-00dfb80a59da9a56d,2026-04-01 06:00:00,2.1025663826746546,24.0,21.92,1,0,normal,0
i-00dfb80a59da9a56d,2026-04-01 06:01:00,2.3062577014020715,24.0,21.56,1,0,normal,0
i-00dfb80a59da9a56d,2026-04-01 06:02:00,2.254119742503658,24.0,22.04,1,0,normal,0
i-00dfb80a59da9a56d,2026-04-01 06:03:00,2.2659612108922915,24.0,21.57,1,0,normal,0
i-00dfb80a59da9a56d,2026-04-01 06:04:00,2.2499571710347497,24.0,21.98,1,0,normal,0
i-00dfb80a59da9a56d,2026-04-01 06:05:00,9.108299070161134,24.0,21.63,1,0,normal,0
i-00dfb80a59da9a56d,2026-04-01 06:06:00,100.0,24.0,23.5,1,1,critical,0
i-00dfb80a59da9a56d,2026-04-01 06:07:00,99.99249987499792,24.0,23.62,1,1,critical,0
i-00dfb80a59da9a56d,2026-04-01 06:08:00,1.628471655593115,24.0,24.01,1,0,normal,0
i-00dfb80a59da9a56d,2026-04-01 06:09:00,99.99416660416564,24.0,24.05,1,1,critical,0
i-00dfb80a59da9a56d,2026-04-01 06:10:00,93.1903332833325,24.0,23.42,1,1,warning,0
i-00dfb80a59da9a56d,2026-04-01 06:11:00,2.283333333333333,24.0,23.94,1,0,normal,0
i-00dfb80a59da9a56d,2026-04-01 06:12:00,2.225,24.0,22.73,1,0,normal,0
i-00dfb80a59da9a56d,2026-04-01 06:13:00,2.221570113066791,24.0,24.22,1,0,normal,0
i-00dfb80a59da9a56d,2026-04-01 06:14:00,2.2062379714749896,24.0,22.05,1,0,normal,0
i-00dfb80a59da9a56d,2026-04-01 06:15:00,5.691657043846658,24.0,23.62,1,0,normal,0
i-00dfb80a59da9a56d,2026-04-01 06:16:00,1.628471655593115,24.0,22.45,1,0,normal,0
i-00dfb80a59da9a56d,2026-04-01 06:17:00,99.99333553971768,24.0,23.08,1,1,critical,0
i-00dfb80a59da9a56d,2026-04-01 06:18:00,99.99555702647848,24.0,22.7,1,1,critical,0
i-00dfb80a59da9a56d,2026-04-01 06:19:00,99.99666776985885,24.0,23.68,1,1,critical,0
i-00dfb80a59da9a56d,2026-04-01 06:20:00,99.99666695981088,24.0,23.32,1,1,critical,0
i-00dfb80a59da9a56d,2026-04-01 06:21:00,99.99500441276872,24.0,23.81,1,1,critical,0
i-00dfb80a59da9a56d,2026-04-01 06:22:00,99.99750220638435,24.0,23.55,1,1,critical,0
i-00dfb80a59da9a56d,2026-04-01 06:23:00,99.99833480425625,24.0,23.62,1,1,critical,0
i-00dfb80a59da9a56d,2026-04-01 06:24:00,1.628471655593115,24.0,22.76,1,0,normal,0
i-00dfb80a59da9a56d,2026-04-01 06:25:00,96.83679004292868,24.0,25.03,1,1,critical,0
i-00dfb80a59da9a56d,2026-04-01 06:26:00,1.9934275276494235,24.0,23.9,1,0,normal,0
i-00dfb80a59da9a56d,2026-04-01 06:27:00,2.046713763824712,24.0,24.24,1,0,normal,0
i-00dfb80a59da9a56d,2026-04-01 06:28:00,2.03055414005368,24.0,21.97,1,0,normal,0
i-00dfb80a59da9a56d,2026-04-01 06:29:00,2.0395822717069265,24.0,24.13,1,0,normal,0
i-00dfb80a59da9a56d,2026-04-01 06:30:00,2.0019929396568985,24.0,24.68,1,0,normal,0
i-00dfb80a59da9a56d,2026-04-01 06:31:00,0.6916666666666665,24.0,24.09,1,0,normal,0
i-00dfb80a59da9a56d,2026-04-01 06:33:00,1.5160758459656931,24.0,24.14,1,0,normal,0
i-00dfb80a59da9a56d,2026-04-01 06:34:00,1.6120568844742698,24.0,24.71,1,0,normal,0
i-00dfb80a59da9a56d,2026-04-01 06:35:00,1.8613121742460823,24.0,71.38,1,0,normal,0
i-00dfb80a59da9a56d,2026-04-01 06:36:00,100.0,24.0,69.45,1,1,critical,0
i-00dfb80a59da9a56d,2026-04-01 06:37:00,100.0,24.0,69.72,1,1,critical,0
i-00dfb80a59da9a56d,2026-04-01 06:38:00,99.99833480425625,24.0,69.72,1,1,critical,0
i-00dfb80a59da9a56d,2026-04-01 06:39:00,99.99791703309693,24.0,69.27,1,1,critical,0
i-00dfb80a59da9a56d,2026-04-01 06:42:00,2.15,24.0,22.85,1,0,normal,0
i-00dfb80a59da9a56d,2026-04-01 06:43:00,2.157693481868794,24.0,22.9,1,0,normal,0
i-00dfb80a59da9a56d,2026-04-01 06:44:00,2.1245201114015955,24.0,21.59,1,0,normal,0
i-00dfb80a59da9a56d,2026-04-01 06:45:00,2.124616089121276,24.0,23.28,1,0,normal,0
i-00dfb80a59da9a56d,2026-04-01 06:46:00,2.05181243431698,24.0,21.56,1,0,normal,0
i-00dfb80a59da9a56d,2026-04-01 06:47:00,2.096739550491823,24.0,23.25,1,0,normal,0
i-00dfb80a59da9a56d,2026-04-01 06:48:00,2.058354012019221,24.0,23.42,1,0,normal,0
i-00dfb80a59da9a56d,2026-04-01 06:49:00,2.0650593185461688,24.0,23.2,1,0,normal,0
i-00dfb80a59da9a56d,2026-04-01 06:50:00,2.042047454836935,24.0,23.58,1,0,normal,0
i-00dfb80a59da9a56d,2026-04-01 06:51:00,2.058333333333333,24.0,22.41,1,0,normal,0
i-00dfb80a59da9a56d,2026-04-01 06:52:00,2.01606603981298,24.0,23.62,1,0,normal,0
i-00dfb80a59da9a56d,2026-04-01 06:53:00,1.628471655593115,24.0,23.23,1,0,normal,0
i-00dfb80a59da9a56d,2026-04-01 06:54:00,1.991639834628948,24.0,23.46,1,0,normal,0
i-00dfb80a59da9a56d,2026-04-01 06:58:00,1.8755191949074312,24.0,23.59,1,0,normal,0
i-00dfb80a59da9a56d,2026-04-01 06:59:00,14.19830606284724,24.0,56.66,1,0,normal,0
i-00dfb80a59da9a56d,2026-04-01 07:00:00,31.35764573283153,24.0,66.45,1,0,normal,0
i-00dfb80a59da9a56d,2026-04-01 07:01:00,100.0,24.0,66.37,1,1,critical,0
i-00dfb80a59da9a56d,2026-04-01 07:02:00,100.0,24.0,68.09,1,1,critical,0
i-00dfb80a59da9a56d,2026-04-01 07:04:00,94.10708443652553,24.0,23.31,1,1,warning,0
i-00dfb80a59da9a56d,2026-04-01 07:05:00,90.35064160964043,24.0,24.02,1,1,warning,0
i-00dfb80a59da9a56d,2026-04-01 07:06:00,99.96666666666668,24.0,23.27,1,1,critical,0
i-00dfb80a59da9a56d,2026-04-01 07:07:00,99.95416666666668,24.0,24.43,1,1,critical,0
i-00dfb80a59da9a56d,2026-04-01 07:08:00,86.16111111111111,34.0,22.5,1,1,warning,0
i-00dfb80a59da9a56d,2026-04-01 07:09:00,67.94711722063101,24.0,23.62,1,0,normal,0
i-00dfb80a59da9a56d,2026-04-01 07:10:00,1.628471655593115,43.0,22.44,1,0,normal,0
i-00dfb80a59da9a56d,2026-04-01 07:11:00,7.776464123357701,24.0,21.88,1,0,normal,0
i-00dfb80a59da9a56d,2026-04-01 07:12:00,5.06844124645874,24.0,22.03,1,0,normal,0
i-00dfb80a59da9a56d,2026-04-01 07:13:00,4.109516386528049,24.0,21.65,1,0,normal,0
i-00dfb80a59da9a56d,2026-04-01 07:14:00,3.6571372898960366,24.0,22.05,1,0,normal,0
i-00dfb80a59da9a56d,2026-04-01 07:15:00,3.3590431652501627,24.0,23.62,1,0,normal,0
i-00dfb80a59da9a56d,2026-04-01 07:16:00,1.628471655593115,24.0,21.64,1,0,normal,0
i-00dfb80a59da9a56d,2026-04-01 07:17:00,2.182395619980128,24.0,22.08,1,0,normal,0
i-00dfb80a59da9a56d,2026-04-01 07:18:00,2.202152635542308,24.0,22.57,1,0,normal,0
i-00dfb80a59da9a56d,2026-04-01 07:19:00,2.208356265236643,24.0,23.65,1,0,normal,0
i-00dfb80a59da9a56d,2026-04-01 07:20:00,2.208351678855981,24.0,23.62,1,0,normal,0
i-00dfb80a59da9a56d,2026-04-01 07:21:00,1.628471655593115,24.0,26.43,1,0,normal,0
i-00dfb80a59da9a56d,2026-04-01 07:22:00,2.1625,24.0,22.83,1,0,normal,0
i-00dfb80a59da9a56d,2026-04-01 07:23:00,2.172222222222222,24.0,23.44,1,0,normal,0
i-00dfb80a59da9a56d,2026-04-01 07:24:00,2.1499999999999995,24.0,23.76,1,0,normal,0
i-00dfb80a59da9a56d,2026-04-01 07:25:00,2.1599999999999997,24.0,23.52,1,0,normal,0
i-00dfb80a59da9a56d,2026-04-01 07:26:00,2.0731687009808004,24.0,21.97,1,0,normal,0
i-00dfb80a59da9a56d,2026-04-01 07:27:00,2.1208754743164464,24.0,22.91,1,0,normal,0
i-00dfb80a59da9a56d,2026-04-01 07:29:00,2.1266226765728518,24.0,23.33,1,0,normal,0
i-00dfb80a59da9a56d,2026-04-01 07:30:00,2.1133287683121784,24.0,24.48,1,0,normal,0
i-00dfb80a59da9a56d,2026-04-01 07:31:00,2.198058381762777,24.0,24.22,1,0,normal,0
i-00dfb80a59da9a56d,2026-04-01 07:32:00,2.1365291908813884,24.0,24.38,1,0,normal,0
i-00dfb80a59da9a56d,2026-04-01 07:33:00,2.158334477741634,24.0,23.22,1,0,normal,0
i-00dfb80a59da9a56d,2026-04-01 07:34:00,2.139124528231125,24.0,23.61,1,0,normal,0
i-00dfb80a59da9a56d,2026-04-01 07:37:00,2.083333333333333,24.0,22.61,1,0,normal,0
i-00dfb80a59da9a56d,2026-04-01 07:38:00,2.068843817590757,24.0,23.62,1,0,normal,0
i-00dfb80a59da9a56d,2026-04-01 07:39:00,2.076632863193068,24.0,23.62,1,0,normal,0
i-00dfb80a59da9a56d,2026-04-01 07:40:00,1.628471655593115,24.0,22.0,1,0,normal,0
i-00dfb80a59da9a56d,2026-04-01 07:41:00,2.12312457329359,24.0,23.68,1,0,normal,0
i-00dfb80a59da9a56d,2026-04-01 07:42:00,2.065728953313462,24.0,23.27,1,0,normal,0
i-00dfb80a59da9a56d,2026-04-01 07:43:00,2.077152635542308,24.0,23.62,1,0,normal,0
i-00dfb80a59da9a56d,2026-04-01 07:44:00,1.628471655593115,24.0,23.65,1,0,normal,0
i-00dfb80a59da9a56d,2026-04-01 07:45:00,2.058306533807213,24.0,24.68,1,0,normal,0
i-00dfb80a59da9a56d,2026-04-01 07:46:00,100.0,24.0,23.54,1,1,critical,0
i-00dfb80a59da9a56d,2026-04-01 07:47:00,100.0,24.0,23.38,1,1,critical,0
i-00dfb80a59da9a56d,2026-04-01 07:48:00,99.99722222222222,24.0,23.62,1,1,critical,0
i-00dfb80a59da9a56d,2026-04-01 07:49:00,1.628471655593115,24.0,25.0,1,0,normal,0
i-00dfb80a59da9a56d,2026-04-01 07:50:00,99.99666666666668,24.0,25.72,1,1,critical,0
i-00dfb80a59da9a56d,2026-04-01 07:51:00,100.0,24.0,24.5,1,1,critical,0
i-00dfb80a59da9a56d,2026-04-01 07:52:00,100.0,24.0,24.24,1,1,critical,0
i-00dfb80a59da9a56d,2026-04-01 07:53:00,99.99722222222222,24.0,25.32,1,1,critical,0
i-00dfb80a59da9a56d,2026-04-01 07:55:00,90.52733421588708,24.0,25.23,1,1,warning,0
i-00dfb80a59da9a56d,2026-04-01 07:56:00,0.4670792533404507,24.0,23.76,1,0,normal,0
i-00dfb80a59da9a56d,2026-04-01 07:57:00,1.262706293336892,24.0,24.12,1,0,normal,0
i-00dfb80a59da9a56d,2026-04-01 07:58:00,1.5029153066690393,24.0,23.76,1,0,normal,0
i-00dfb80a59da9a56d,2026-04-01 07:59:00,1.6480198133351127,24.0,24.12,1,0,normal,0
i-00dfb80a59da9a56d,2026-04-01 08:01:00,100.0,24.0,22.72,1,1,critical,0
i-00dfb80a59da9a56d,2026-04-01 08:02:00,99.99583333333334,24.0,23.14,1,1,critical,0
i-00dfb80a59da9a56d,2026-04-01 08:03:00,99.99722222222222,24.0,23.14,1,1,critical,0
i-00dfb80a59da9a56d,2026-04-01 08:04:00,99.99791666666668,24.0,24.58,1,1,critical,0
i-00dfb80a59da9a56d,2026-04-01 08:05:00,99.995,24.0,24.72,1,1,critical,0
i-00dfb80a59da9a56d,2026-04-01 08:07:00,100.0,24.0,25.57,1,1,critical,0
i-00dfb80a59da9a56d,2026-04-01 08:08:00,100.0,24.0,25.38,1,1,critical,0
i-00dfb80a59da9a56d,2026-04-01 08:09:00,99.99791666666668,24.0,23.18,1,1,critical,0
i-00dfb80a59da9a56d,2026-04-01 08:10:00,93.57333333333334,24.0,22.86,1,1,warning,0
i-00dfb80a59da9a56d,2026-04-01 08:11:00,1.9482790201988245,24.0,23.36,1,0,normal,0
i-00dfb80a59da9a56d,2026-04-01 08:12:00,1.886639510099412,24.0,23.62,1,0,normal,0
i-00dfb80a59da9a56d,2026-04-01 08:13:00,1.628471655593115,24.0,24.09,1,0,normal,0
i-00dfb80a59da9a56d,2026-04-01 08:14:00,1.8791379569613944,24.0,24.14,1,0,normal,0
i-00dfb80a59da9a56d,2026-04-01 08:15:00,1.8866436989024489,24.0,23.89,1,0,normal,0
i-00dfb80a59da9a56d,2026-04-01 08:16:00,1.7916666666666667,24.0,24.26,1,0,normal,0
i-00dfb80a59da9a56d,2026-04-01 08:17:00,1.8375,24.0,23.83,1,0,normal,0
i-00dfb80a59da9a56d,2026-04-01 08:18:00,1.8083333333333331,24.0,24.08,1,0,normal,0
i-00dfb80a59da9a56d,2026-04-01 08:19:00,1.825,24.0,23.62,1,0,normal,0
i-00dfb80a59da9a56d,2026-04-01 08:20:00,1.628471655593115,24.0,23.94,1,0,normal,0
i-00dfb80a59da9a56d,2026-04-01 08:21:00,99.98832301866648,24.0,69.96,1,1,critical,0
i-00dfb80a59da9a56d,2026-04-01 08:22:00,99.99416150933324,24.0,70.76,1,1,critical,0
i-00dfb80a59da9a56d,2026-04-01 08:23:00,99.99332989511106,24.0,69.79,1,1,critical,0
i-00dfb80a59da9a56d,2026-04-01 08:24:00,99.9949974213333,24.0,71.69,1,1,critical,0
i-00dfb80a59da9a56d,2026-04-01 08:25:00,96.93933127039996,24.0,69.82,1,1,critical,0
i-00dfb80a59da9a56d,2026-04-01 08:27:00,1.5958333333333332,24.0,24.78,1,0,normal,0
i-00dfb80a59da9a56d,2026-04-01 08:28:00,1.585658910425779,24.0,24.07,1,0,normal,0
i-00dfb80a59da9a56d,2026-04-01 08:29:00,1.606272273831545,24.0,22.93,1,0,normal,0
i-00dfb80a59da9a56d,2026-04-01 08:30:00,1.59807983198737,24.0,23.34,1,0,normal,0
i-00dfb80a59da9a56d,2026-04-01 08:31:00,1.6764529258690863,24.0,23.81,1,0,normal,0
i-00dfb80a59da9a56d,2026-04-01 08:33:00,1.6310398641785842,24.0,23.68,1,0,normal,0
i-00dfb80a59da9a56d,2026-04-01 08:34:00,1.6146008979174626,24.0,23.67,1,0,normal,0
i-00dfb80a59da9a56d,2026-04-01 08:35:00,1.6286450368152952,24.0,21.53,1,0,normal,0
i-00dfb80a59da9a56d,2026-04-01 08:36:00,1.5569580204152995,24.0,23.26,1,0,normal,0
i-00dfb80a59da9a56d,2026-04-01 08:37:00,1.6042084045059468,24.0,23.55,1,0,normal,0
i-00dfb80a59da9a56d,2026-04-01 08:38:00,1.5916944918928533,24.0,23.31,1,0,normal,0
i-00dfb80a59da9a56d,2026-04-01 08:40:00,1.5980787080578462,24.0,23.39,1,0,normal,0
i-00dfb80a59da9a56d,2026-04-01 08:41:00,1.6764529258690863,24.0,23.61,1,0,normal,0
i-00dfb80a59da9a56d,2026-04-01 08:42:00,1.5965597962678766,24.0,23.41,1,0,normal,0
i-00dfb80a59da9a56d,2026-04-01 08:43:00,1.6060398641785845,24.0,23.51,1,0,normal,0
i-00dfb80a59da9a56d,2026-04-01 08:45:00,1.6050199353589316,24.0,23.54,1,0,normal,0
i-00dfb80a59da9a56d,2026-04-01 08:46:00,1.568051779071513,24.0,23.26,1,0,normal,0
i-00dfb80a59da9a56d,2026-04-01 08:47:00,1.6173592228690898,24.0,23.64,1,0,normal,0
i-00dfb80a59da9a56d,2026-04-01 08:48:00,1.5916748362386277,24.0,23.62,1,0,normal,0
i-00dfb80a59da9a56d,2026-04-01 08:49:00,1.628471655593115,24.0,23.65,1,0,normal,0
i-00dfb80a59da9a56d,2026-04-01 08:50:00,1.591963326129162,24.0,23.35,1,0,normal,0
i-00dfb80a59da9a56d,2026-04-01 08:51:00,1.6583333333333332,24.0,23.68,1,0,normal,0
i-00dfb80a59da9a56d,2026-04-01 08:52:00,1.6,24.0,23.32,1,0,normal,0
i-00dfb80a59da9a56d,2026-04-01 08:55:00,1.5399999999999998,24.0,23.62,1,0,normal,0
i-00dfb80a59da9a56d,2026-04-01 08:56:00,1.628471655593115,24.0,22.01,1,0,normal,0
i-00dfb80a59da9a56d,2026-04-01 08:57:00,1.1744336946808098,24.0,22.04,1,0,normal,0
i-00dfb80a59da9a56d,2026-04-01 08:58:00,1.2945187882077005,24.0,23.48,1,0,normal,0
i-00dfb80a59da9a56d,2026-04-01 08:59:00,1.3788620483768963,24.0,24.58,1,0,normal,0
i-00dfb80a59da9a56d,2026-04-01 09:00:00,1.4116955739443149,24.0,23.62,1,0,normal,0
i-00dfb80a59da9a56d,2026-04-01 09:01:00,1.628471655593115,24.0,23.33,1,0,normal,0
i-00dfb80a59da9a56d,2026-04-01 09:02:00,1.5916666666666666,24.0,23.48,1,0,normal,0
i-00dfb80a59da9a56d,2026-04-01 09:03:00,1.6055555555555554,24.0,23.62,1,0,normal,0
i-00dfb80a59da9a56d,2026-04-01 09:04:00,1.628471655593115,24.0,24.17,1,0,normal,0
i-00dfb80a59da9a56d,2026-04-01 09:05:00,1.6030420905977496,24.0,23.63,1,0,normal,0
i-00dfb80a59da9a56d,2026-04-01 09:06:00,1.559711078119005,24.0,23.41,1,0,normal,0
i-00dfb80a59da9a56d,2026-04-01 09:07:00,1.6048555390595023,24.0,23.63,1,0,normal,0
i-00dfb80a59da9a56d,2026-04-01 09:08:00,1.5833390470322362,24.0,23.97,1,0,normal,0
i-00dfb80a59da9a56d,2026-04-01 09:09:00,1.6003689824233254,24.0,23.62,1,0,normal,0
i-00dfb80a59da9a56d,2026-04-01 09:10:00,1.5866912027904412,24.0,24.09,1,0,normal,0
i-00dfb80a59da9a56d,2026-04-01 09:12:00,1.6583333333333332,24.0,23.51,1,0,normal,0
i-00dfb80a59da9a56d,2026-04-01 09:13:00,1.6227109409608114,24.0,23.32,1,0,normal,0
i-00dfb80a59da9a56d,2026-04-01 09:14:00,1.6086998723872752,24.0,23.67,1,0,normal,0
i-00dfb80a59da9a56d,2026-04-01 09:15:00,1.6416465913306315,24.0,22.61,1,0,normal,0
i-00dfb80a59da9a56d,2026-04-01 09:16:00,1.6347773866915771,24.0,23.61,1,0,normal,0
i-00dfb80a59da9a56d,2026-04-01 09:17:00,1.6840553600124553,24.0,26.26,1,0,normal,0
i-00dfb80a59da9a56d,2026-04-01 09:19:00,1.6583415375843336,24.0,23.29,1,0,normal,0
i-00dfb80a59da9a56d,2026-04-01 09:20:00,1.6566715892172668,24.0,22.81,1,0,normal,0
i-00dfb80a59da9a56d,2026-04-01 09:21:00,1.7083333333333333,24.0,23.37,1,0,normal,0
i-00dfb80a59da9a56d,2026-04-01 09:22:00,1.6465332571549314,24.0,23.7,1,0,normal,0
i-00dfb80a59da9a56d,2026-04-01 09:23:00,4.31991106032551,24.0,23.29,1,0,normal,0
i-00dfb80a59da9a56d,2026-04-01 09:24:00,28.2378499619108,24.0,24.24,1,0,normal,0
i-00dfb80a59da9a56d,2026-04-01 09:25:00,42.59027996952864,24.0,23.33,1,0,normal,0
i-00dfb80a59da9a56d,2026-04-01 09:27:00,100.0,24.0,23.12,1,1,critical,0
i-00dfb80a59da9a56d,2026-04-01 09:28:00,97.43333333333334,24.0,23.62,1,1,critical,0
i-00dfb80a59da9a56d,2026-04-01 09:29:00,73.48333333333333,24.0,23.62,1,0,normal,0
i-00dfb80a59da9a56d,2026-04-01 09:30:00,59.125,24.0,23.84,1,0,normal,0
i-00dfb80a59da9a56d,2026-04-01 09:31:00,1.731803573510066,24.0,22.53,1,0,normal,0
i-00dfb80a59da9a56d,2026-04-01 09:32:00,1.6791201296245677,24.0,24.07,1,0,normal,0
i-00dfb80a59da9a56d,2026-04-01 09:33:00,1.6860800864163783,24.0,24.64,1,0,normal,0
i-00dfb80a59da9a56d,2026-04-01 09:34:00,39.241543798454586,24.0,23.62,1,0,normal,0
i-00dfb80a59da9a56d,2026-04-01 09:35:00,1.628471655593115,24.0,24.03,1,0,normal,0
i-00dfb80a59da9a56d,2026-04-01 09:36:00,100.0,24.0,24.24,1,1,critical,0
i-00dfb80a59da9a56d,2026-04-01 09:37:00,99.9933275505438,24.0,24.49,1,1,critical,0
i-00dfb80a59da9a56d,2026-04-01 09:38:00,99.99555170036253,24.0,24.14,1,1,critical,0
i-00dfb80a59da9a56d,2026-04-01 09:39:00,99.9966637752719,24.0,23.23,1,1,critical,0
i-00dfb80a59da9a56d,2026-04-01 09:40:00,99.99666493082832,24.0,22.69,1,1,critical,0
i-00dfb80a59da9a56d,2026-04-01 09:41:00,99.99000016666388,24.0,23.14,1,1,critical,0
i-00dfb80a59da9a56d,2026-04-01 09:42:00,99.99500008333196,24.0,23.62,1,1,critical,0
i-00dfb80a59da9a56d,2026-04-01 09:43:00,1.628471655593115,24.0,23.93,1,0,normal,0
i-00dfb80a59da9a56d,2026-04-01 09:44:00,77.5933333749993,24.0,24.0,1,0,normal,0
i-00dfb80a59da9a56d,2026-04-01 09:45:00,62.40829473809977,24.0,24.04,1,0,normal,0
i-00dfb80a59da9a56d,2026-04-01 09:46:00,1.5583333333333331,24.0,24.71,1,0,normal,0
i-00dfb80a59da9a56d,2026-04-01 09:47:00,1.611764538546506,24.0,24.1,1,0,normal,0
i-00dfb80a59da9a56d,2026-04-01 09:48:00,1.5888529177690005,24.0,23.86,1,0,normal,0
i-00dfb80a59da9a56d,2026-04-01 09:49:00,1.6020563549934168,24.0,24.16,1,0,normal,0
i-00dfb80a59da9a56d,2026-04-01 09:51:00,1.5883117506614002,24.0,24.13,1,0,normal,0
i-00dfb80a59da9a56d,2026-04-01 09:52:00,1.6159679782858474,24.0,23.82,1,0,normal,0
i-00dfb80a59da9a56d,2026-04-01 09:53:00,1.6305784820402651,24.0,24.04,1,0,normal,0
i-00dfb80a59da9a56d,2026-04-01 09:54:00,19.84221381890048,24.0,72.41,1,0,normal,0
i-00dfb80a59da9a56d,2026-04-01 09:55:00,35.87377105512038,24.0,71.31,1,0,normal,0
i-00dfb80a59da9a56d,2026-04-01 09:56:00,99.99500441276872,24.0,62.61,1,1,critical,0
i-00dfb80a59da9a56d,2026-04-01 09:57:00,99.99750220638435,24.0,71.11,1,1,critical,0
i-00dfb80a59da9a56d,2026-04-01 09:58:00,99.99555702647848,24.0,23.62,1,1,critical,0
i-00dfb80a59da9a56d,2026-04-01 09:59:00,1.628471655593115,24.0,22.71,1,0,normal,0
i-00dfb80a59da9a56d,2026-04-01 10:00:00,65.77585321854583,24.0,23.85,1,0,normal,0
i-00dfb80a59da9a56d,2026-04-01 10:01:00,1.6666666666666663,24.0,23.6,1,0,normal,0
i-00dfb80a59da9a56d,2026-04-01 10:02:00,1.4333333333333331,24.0,23.44,1,0,normal,0
i-00dfb80a59da9a56d,2026-04-01 10:03:00,1.361111111111111,24.0,23.71,1,0,normal,0
i-00dfb80a59da9a56d,2026-04-01 10:04:00,1.308587516194861,24.0,23.52,1,0,normal,0
i-00dfb80a59da9a56d,2026-04-01 10:05:00,1.3715831829890262,24.0,23.71,1,0,normal,0
i-00dfb80a59da9a56d,2026-04-01 10:06:00,1.559711078119005,24.0,23.62,1,0,normal,0
i-00dfb80a59da9a56d,2026-04-01 10:07:00,1.628471655593115,24.0,23.27,1,0,normal,0
i-00dfb80a59da9a56d,2026-04-01 10:08:00,1.5893481371507792,24.0,23.28,1,0,normal,0
i-00dfb80a59da9a56d,2026-04-01 10:09:00,1.602065554763905,24.0,23.69,1,0,normal,0
i-00dfb80a59da9a56d,2026-04-01 10:10:00,1.5899857771444577,24.0,23.32,1,0,normal,0
i-00dfb80a59da9a56d,2026-04-01 10:11:00,1.6681401905016098,24.0,23.68,1,0,normal,0
i-00dfb80a59da9a56d,2026-04-01 10:12:00,1.6083861160990556,24.0,23.32,1,0,normal,0
i-00dfb80a59da9a56d,2026-04-01 10:13:00,1.631084374550743,24.0,23.66,1,0,normal,0
i-00dfb80a59da9a56d,2026-04-01 10:14:00,1.6108132809130573,24.0,23.62,1,0,normal,0
i-00dfb80a59da9a56d,2026-04-01 10:15:00,1.6183593819948623,24.0,23.435,1,0,normal,0
i-00dfb80a59da9a56d,2026-04-01 10:16:00,1.551370377166497,24.0,23.33,1,0,normal,0
i-00dfb80a59da9a56d,2026-04-01 10:17:00,1.5965185219165818,24.0,23.58,1,0,normal,0
i-00dfb80a59da9a56d,2026-04-01 10:18:00,1.5837901257221656,24.0,23.29,1,0,normal,0
i-00dfb80a59da9a56d,2026-04-01 10:19:00,1.6024259276249575,24.0,23.29,1,0,normal,0
i-00dfb80a59da9a56d,2026-04-01 10:20:00,1.6002740754332994,24.0,21.71,1,0,normal,0
i-00dfb80a59da9a56d,2026-04-01 10:21:00,1.7333333333333332,24.0,23.27,1,0,normal,0
i-00dfb80a59da9a56d,2026-04-01 10:22:00,1.6583333333333332,24.0,23.65,1,0,normal,0
i-00dfb80a59da9a56d,2026-04-01 10:23:00,1.6661714559546474,24.0,24.18,1,0,normal,0
i-00dfb80a59da9a56d,2026-04-01 10:24:00,1.645811887210118,24.0,23.58,1,0,normal,0
i-00dfb80a59da9a56d,2026-04-01 10:26:00,1.6041580882173805,24.0,23.66,1,0,normal,0
i-00dfb80a59da9a56d,2026-04-01 10:27:00,1.6076015491871067,24.0,23.92,1,0,normal,0
i-00dfb80a59da9a56d,2026-04-01 10:28:00,1.597198526132745,24.0,23.64,1,0,normal,0
i-00dfb80a59da9a56d,2026-04-01 10:29:00,1.6103988945995589,24.0,23.38,1,0,normal,0
i-00dfb80a59da9a56d,2026-04-01 10:30:00,1.5966524490129803,24.0,23.62,1,0,normal,0
i-00dfb80a59da9a56d,2026-04-01 10:31:00,1.6568697650408806,24.0,23.62,1,0,normal,0
i-00dfb80a59da9a56d,2026-04-01 10:32:00,1.628471655593115,24.0,23.6,1,0,normal,0
i-00dfb80a59da9a56d,2026-04-01 10:33:00,1.621703302416086,24.0,23.31,1,0,normal,0
i-00dfb80a59da9a56d,2026-04-01 10:34:00,1.6058608101453975,24.0,23.62,1,0,normal,0
i-00dfb80a59da9a56d,2026-04-01 10:35:00,1.614980405835637,24.0,23.27,1,0,normal,0
i-00dfb80a59da9a56d,2026-04-01 10:36:00,1.5583333333333331,24.0,23.76,1,0,normal,0
i-00dfb80a59da9a56d,2026-04-01 10:37:00,1.603438559827708,24.0,23.34,1,0,normal,0
i-00dfb80a59da9a56d,2026-04-01 10:38:00,1.5888627325914737,24.0,23.51,1,0,normal,0
i-00dfb80a59da9a56d,2026-04-01 10:39:00,1.6037829960241257,24.0,23.37,1,0,normal,0
i-00dfb80a59da9a56d,2026-04-01 10:40:00,1.5980263968193005,24.0,23.77,1,0,normal,0
i-00dfb80a59da9a56d,2026-04-01 10:41:00,1.6597994895491015,24.0,23.62,1,0,normal,0
i-00dfb80a59da9a56d,2026-04-01 10:42:00,1.628471655593115,24.0,23.35,1,0,normal,0
i-00dfb80a59da9a56d,2026-04-01 10:43:00,1.6249984111029268,24.0,23.91,1,0,normal,0
i-00dfb80a59da9a56d,2026-04-01 10:44:00,1.6086765778569465,24.0,24.13,1,0,normal,0
i-00dfb80a59da9a56d,2026-04-01 10:45:00,1.61527459561889,24.0,23.21,1,0,normal,0
i-00dfb80a59da9a56d,2026-04-01 10:46:00,1.5569580204152995,24.0,23.57,1,0,normal,0
i-00dfb80a59da9a56d,2026-04-01 10:47:00,1.5958677035534383,24.0,23.29,1,0,normal,0
i-00dfb80a59da9a56d,2026-04-01 10:48:00,1.5861340245911812,24.0,23.6,1,0,normal,0
i-00dfb80a59da9a56d,2026-04-01 10:49:00,1.599654970344207,24.0,23.29,1,0,normal,0
i-00dfb80a59da9a56d,2026-04-01 10:50:00,1.593334332089668,24.0,23.62,1,0,normal,0
i-00dfb80a59da9a56d,2026-04-01 10:51:00,1.628471655593115,24.0,23.68,1,0,normal,0
i-00dfb80a59da9a56d,2026-04-01 10:52:00,1.5957867312680358,24.0,23.23,1,0,normal,0
i-00dfb80a59da9a56d,2026-04-01 10:53:00,1.6161477425256507,24.0,23.81,1,0,normal,0
i-00dfb80a59da9a56d,2026-04-01 10:54:00,1.605867369503615,24.0,23.32,1,0,normal,0
i-00dfb80a59da9a56d,2026-04-01 10:55:00,1.6180272289362254,24.0,24.12,1,0,normal,0
i-00dfb80a59da9a56d,2026-04-01 10:56:00,1.809901914992994,24.0,23.3,1,0,normal,0
i-00dfb80a59da9a56d,2026-04-01 10:57:00,48.404950957496496,24.0,24.03,1,0,normal,0
i-00dfb80a59da9a56d,2026-04-01 10:58:00,65.59496730499767,24.0,23.62,1,0,normal,0
i-00dfb80a59da9a56d,2026-04-01 10:59:00,1.628471655593115,24.0,23.5,1,0,normal,0
i-00dfb80a59da9a56d,2026-04-01 11:00:00,79.3569803829986,24.0,23.49,1,0,normal,0
i-00dfb80a59da9a56d,2026-04-01 11:01:00,99.996663719619,24.0,23.51,1,1,critical,0
i-00dfb80a59da9a56d,2026-04-01 11:02:00,53.31916519314283,24.0,23.18,1,0,normal,0
i-00dfb80a59da9a56d,2026-04-01 11:03:00,36.10444346209522,24.0,24.25,1,0,normal,0
i-00dfb80a59da9a56d,2026-04-01 11:04:00,27.47208259657141,24.0,23.86,1,0,normal,0
i-00dfb80a59da9a56d,2026-04-01 11:05:00,22.3093327439238,24.0,24.06,1,0,normal,0
i-00dfb80a59da9a56d,2026-04-01 11:06:00,1.5333333333333332,24.0,23.62,1,0,normal,0
i-00dfb80a59da9a56d,2026-04-01 11:07:00,1.628471655593115,24.0,22.02,1,0,normal,0
i-00dfb80a59da9a56d,2026-04-01 11:08:00,59.88144313090629,24.0,24.9,1,0,normal,0
i-00dfb80a59da9a56d,2026-04-01 11:09:00,69.91108234817972,24.0,22.57,1,0,normal,0
i-00dfb80a59da9a56d,2026-04-01 11:10:00,75.92553254521044,24.0,23.01,1,0,normal,0
i-00dfb80a59da9a56d,2026-04-01 11:11:00,100.0,24.0,23.23,1,1,critical,0
i-00dfb80a59da9a56d,2026-04-01 11:12:00,99.99583333333334,24.0,22.54,1,1,critical,0
i-00dfb80a59da9a56d,2026-04-01 11:13:00,99.99722222222222,24.0,23.11,1,1,critical,0
i-00dfb80a59da9a56d,2026-04-01 11:14:00,99.99791666666668,24.0,23.62,1,1,critical,0
i-00dfb80a59da9a56d,2026-04-01 11:15:00,1.628471655593115,24.0,23.12,1,0,normal,0
i-00dfb80a59da9a56d,2026-04-01 11:16:00,99.996663719619,24.0,22.64,1,1,critical,0
i-00dfb80a59da9a56d,2026-04-01 11:17:00,61.80666519314283,24.0,24.78,1,0,normal,0
i-00dfb80a59da9a56d,2026-04-01 11:18:00,41.71787881642112,24.0,23.3,1,0,normal,0
i-00dfb80a59da9a56d,2026-04-01 11:19:00,31.56782259422486,24.0,23.76,1,0,normal,0
i-00dfb80a59da9a56d,2026-04-01 11:20:00,25.52901537310024,24.0,24.03,1,0,normal,0
i-00dfb80a59da9a56d,2026-04-01 11:21:00,1.359534255258812,24.0,24.25,1,0,normal,0
i-00dfb80a59da9a56d,2026-04-01 11:22:00,1.4672671276294058,24.0,23.78,1,0,normal,0
i-00dfb80a59da9a56d,2026-04-01 11:24:00,1.5395195103952235,24.0,23.82,1,0,normal,0
i-00dfb80a59da9a56d,2026-04-01 11:25:00,1.563575506225999,24.0,24.08,1,0,normal,0
i-00dfb80a59da9a56d,2026-04-01 11:26:00,1.5319800842589046,24.0,24.29,1,0,normal,0
i-00dfb80a59da9a56d,2026-04-01 11:27:00,32.07281106736842,24.0,71.58,1,0,normal,0
i-00dfb80a59da9a56d,2026-04-01 11:28:00,54.71076685626226,24.0,71.61,1,0,normal,0
i-00dfb80a59da9a56d,2026-04-01 11:29:00,66.0330751421967,24.0,71.26,1,0,normal,0
i-00dfb80a59da9a56d,2026-04-01 11:30:00,72.82646011375735,24.0,71.73,1,0,normal,0
i-00dfb80a59da9a56d,2026-04-01 11:31:00,69.54393488858696,24.0,23.62,1,0,normal,0
i-00dfb80a59da9a56d,2026-04-01 11:32:00,1.628471655593115,24.0,72.22,1,0,normal,0
i-00dfb80a59da9a56d,2026-04-01 11:33:00,46.92928992572464,24.0,22.36,1,0,normal,0
i-00dfb80a59da9a56d,2026-04-01 11:34:00,35.59870260715233,24.0,24.07,1,0,normal,0
i-00dfb80a59da9a56d,2026-04-01 11:35:00,28.814252670895684,24.0,22.65,1,0,normal,0
i-00dfb80a59da9a56d,2026-04-01 11:36:00,1.5736099778528965,24.0,23.48,1,0,normal,0
i-00dfb80a59da9a56d,2026-04-01 11:37:00,1.628471655593115,24.0,23.57,1,0,normal,0
i-00dfb80a59da9a56d,2026-04-01 11:39:00,1.607966204071176,24.0,23.33,1,0,normal,0
i-00dfb80a59da9a56d,2026-04-01 11:40:00,1.6030396299236074,24.0,23.48,1,0,normal,0
i-00dfb80a59da9a56d,2026-04-01 11:41:00,1.701502994311642,24.0,23.18,1,0,normal,0
i-00dfb80a59da9a56d,2026-04-01 11:42:00,1.6209045286446724,24.0,23.44,1,0,normal,0
i-00dfb80a59da9a56d,2026-04-01 11:43:00,1.644491907985337,24.0,23.24,1,0,normal,0
i-00dfb80a59da9a56d,2026-04-01 11:44:00,1.6191263500425,24.0,23.48,0,0,normal,0
i-00dfb80a59da9a56d,2026-04-01 11:45:00,1.625301080034,24.0,23.2,0,0,normal,0
i-00dfb80a59da9a56d,2026-04-01 11:46:00,1.5652839991340983,24.0,23.56,0,0,normal,0
i-00dfb80a59da9a56d,2026-04-01 11:47:00,1.6076419995670492,24.0,23.67,0,0,normal,0
i-00dfb80a59da9a56d,2026-04-01 11:48:00,1.6183804306196192,24.0,21.53,0,0,normal,0
i-00dfb80a59da9a56d,2026-04-01 11:49:00,1.6100709997835243,24.0,23.19,0,0,normal,0
i-00dfb80a59da9a56d,2026-04-01 11:51:00,1.675,24.0,23.7,0,0,normal,0
i-00dfb80a59da9a56d,2026-04-01 11:52:00,1.61597901020765,24.0,23.43,0,0,normal,0
i-00dfb80a59da9a56d,2026-04-01 11:53:00,1.6278056030039645,24.0,23.27,0,0,normal,0
i-00dfb80a59da9a56d,2026-04-01 11:54:00,1.6146042022529734,24.0,23.53,0,0,normal,0
i-00dfb80a59da9a56d,2026-04-01 11:55:00,1.6266833618023788,24.0,23.28,0,0,normal,0
i-00dfb80a59da9a56d,2026-04-01 11:56:00,1.5666666666666669,24.0,23.49,0,0,normal,0
i-00dfb80a59da9a56d,2026-04-01 11:57:00,1.6166666666666667,24.0,23.33,0,0,normal,0
i-00dfb80a59da9a56d,2026-04-01 11:59:00,1.6104166666666666,24.0,23.22,0,0,normal,0
i-00dfb80a59da9a56d,2026-04-01 12:00:00,1.603055328903913,24.0,23.49,0,0,normal,0
i-00dfb80a59da9a56d,2026-04-01 12:01:00,1.734865798121674,24.0,23.14,0,0,normal,0
i-00dfb80a59da9a56d,2026-04-01 12:02:00,1.654932899060837,24.0,23.25,0,0,normal,0
i-00dfb80a59da9a56d,2026-04-01 12:03:00,1.6532885993738915,24.0,23.47,0,0,normal,0
i-00dfb80a59da9a56d,2026-04-01 12:04:00,1.6316331161970852,24.0,23.17,0,0,normal,0
i-00dfb80a59da9a56d,2026-04-01 12:05:00,1.6433356000945782,24.0,23.66,0,0,normal,0
i-00dfb80a59da9a56d,2026-04-01 12:06:00,1.584759616988623,24.0,23.67,0,0,normal,0
i-00dfb80a59da9a56d,2026-04-01 12:07:00,1.6183804306196192,24.0,23.47,0,0,normal,0
i-00dfb80a59da9a56d,2026-04-01 12:08:00,1.6221935506545562,24.0,23.28,0,0,normal,0
i-00dfb80a59da9a56d,2026-04-01 12:09:00,1.6399427975286678,24.0,23.56,0,0,normal,0
i-00dfb80a59da9a56d,2026-04-01 12:10:00,1.628615626999785,24.0,23.24,0,0,normal,0
i-00dfb80a59da9a56d,2026-04-01 12:11:00,1.6833613893564892,24.0,23.4,0,0,normal,0
i-00dfb80a59da9a56d,2026-04-01 12:12:00,1.611833726167096,24.0,23.21,0,0,normal,0
i-00dfb80a59da9a56d,2026-04-01 12:13:00,1.630111373000286,24.0,23.52,0,0,normal,0
i-00dfb80a59da9a56d,2026-04-01 12:14:00,1.6083409488037117,24.0,23.67,0,0,normal,0
i-00dfb80a59da9a56d,2026-04-01 12:15:00,1.6183804306196192,24.0,24.07,0,0,normal,0
i-00dfb80a59da9a56d,2026-04-01 12:16:00,1.581935956571695,24.0,23.61,0,0,normal,0
i-00dfb80a59da9a56d,2026-04-01 12:17:00,1.611801311619181,24.0,23.54,0,0,normal,0
i-00dfb80a59da9a56d,2026-04-01 12:18:00,1.5912008744127872,24.0,23.27,0,0,normal,0
i-00dfb80a59da9a56d,2026-04-01 12:19:00,1.6083505281968655,24.0,21.89,0,0,normal,0
i-00dfb80a59da9a56d,2026-04-01 12:20:00,1.600013755890826,24.0,23.2,0,0,normal,0
i-00dfb80a59da9a56d,2026-04-01 12:21:00,1.7083333333333333,24.0,23.52,0,0,normal,0
i-00dfb80a59da9a56d,2026-04-01 12:22:00,1.6458333333333333,24.0,23.67,0,0,normal,0
i-00dfb80a59da9a56d,2026-04-01 12:23:00,1.6183804306196192,24.0,24.29,0,0,normal,0
i-00dfb80a59da9a56d,2026-04-01 12:24:00,1.6329656026065864,24.0,23.21,0,0,normal,0
i-00dfb80a59da9a56d,2026-04-01 12:25:00,1.6383323799950893,24.0,21.62,0,0,normal,0
i-00dfb80a59da9a56d,2026-04-01 12:26:00,1.5666666666666669,24.0,23.23,0,0,normal,0
i-00dfb80a59da9a56d,2026-04-01 12:27:00,1.6208333333333331,24.0,23.56,0,0,normal,0
i-00dfb80a59da9a56d,2026-04-01 12:28:00,1.6,24.0,23.22,0,0,normal,0
i-00dfb80a59da9a56d,2026-04-01 12:29:00,1.6183804306196192,24.0,24.29,0,0,normal,0
i-00dfb80a59da9a56d,2026-04-01 12:30:00,1.6047043444956954,24.0,23.21,0,0,normal,0
i-00dfb80a59da9a56d,2026-04-01 12:32:00,1.6208898064109627,24.0,23.08,0,0,normal,0
i-00dfb80a59da9a56d,2026-04-01 12:33:00,1.6278154264961973,24.0,23.42,0,0,normal,0
i-00dfb80a59da9a56d,2026-04-01 12:34:00,1.6170448651162803,24.0,23.24,0,0,normal,0
i-00dfb80a59da9a56d,2026-04-01 12:35:00,1.6269692254263577,24.0,23.54,0,0,normal,0
i-00dfb80a59da9a56d,2026-04-01 12:36:00,1.5666666666666669,24.0,23.34,0,0,normal,0
i-00dfb80a59da9a56d,2026-04-01 12:37:00,1.6083333333333334,24.0,23.58,0,0,normal,0
i-00dfb80a59da9a56d,2026-04-01 12:38:00,1.5884414988491455,24.0,23.67,0,0,normal,0
i-00dfb80a59da9a56d,2026-04-01 12:39:00,1.6041889342389477,24.0,23.745,0,0,normal,0
i-00dfb80a59da9a56d,2026-04-01 12:40:00,1.5914123599866987,24.0,23.67,0,0,normal,0
i-00dfb80a59da9a56d,2026-04-01 12:41:00,1.6183804306196192,24.0,23.46,0,0,normal,0
i-00dfb80a59da9a56d,2026-04-01 12:42:00,1.1629899466751183,24.0,23.17,0,0,normal,0
i-00dfb80a59da9a56d,2026-04-01 12:43:00,1.2531044088945231,24.0,23.5,0,0,normal,0
i-00dfb80a59da9a56d,2026-04-01 12:44:00,1.329411640004226,24.0,23.25,0,0,normal,0
i-00dfb80a59da9a56d,2026-04-01 12:45:00,1.3932380692677973,24.0,23.51,0,0,normal,0
i-00dfb80a59da9a56d,2026-04-01 12:46:00,1.593073881929037,24.0,23.27,0,0,normal,0
i-00dfb80a59da9a56d,2026-04-01 12:47:00,1.6416237809225556,24.0,23.4,0,0,normal,0
i-00dfb80a59da9a56d,2026-04-01 12:48:00,1.8144963695148988,24.0,23.67,0,0,normal,0
i-00dfb80a59da9a56d,2026-04-01 12:49:00,1.6183804306196192,24.0,24.44,0,0,normal,0
i-00dfb80a59da9a56d,2026-04-01 12:50:00,41.08603203759601,24.0,24.31,0,0,normal,0
i-00dfb80a59da9a56d,2026-04-01 12:51:00,100.0,24.0,24.35,0,1,critical,0
i-00dfb80a59da9a56d,2026-04-01 12:52:00,100.0,24.0,24.26,0,1,critical,0
i-00dfb80a59da9a56d,2026-04-01 12:53:00,99.91666666666669,24.0,24.74,0,1,critical,0
i-00dfb80a59da9a56d,2026-04-01 12:54:00,75.33090249446322,24.0,24.74,0,0,normal,0
i-00dfb80a59da9a56d,2026-04-01 12:55:00,60.61472199557058,24.0,23.65,0,0,normal,0
i-00dfb80a59da9a56d,2026-04-01 12:57:00,1.7415940941101806,24.0,23.68,0,0,normal,0
i-00dfb80a59da9a56d,2026-04-01 12:58:00,1.711071896226234,24.0,23.91,0,0,normal,0
i-00dfb80a59da9a56d,2026-04-01 13:02:00,1.7708831431330467,24.0,24.14,0,0,normal,0
i-00dfb80a59da9a56d,2026-04-01 13:03:00,1.7611443176442532,24.0,23.8,0,0,normal,0
i-00dfb80a59da9a56d,2026-04-01 13:05:00,1.73699863919237,24.0,23.75,0,0,normal,0
i-00dfb80a59da9a56d,2026-04-01 13:06:00,36.6336963399607,24.0,23.97,0,0,normal,0
i-00dfb80a59da9a56d,2026-04-01 13:07:00,68.31684816998035,24.0,73.22,0,0,normal,0
i-00dfb80a59da9a56d,2026-04-01 13:08:00,78.87734272398093,24.0,73.32,0,0,normal,0
i-00dfb80a59da9a56d,2026-04-01 13:09:00,84.15592370965237,24.0,72.37,0,1,warning,0
i-00dfb80a59da9a56d,2026-04-01 13:10:00,87.3247389677219,24.0,70.74,0,1,warning,0
i-00dfb80a59da9a56d,2026-04-01 13:11:00,65.375,24.0,70.89,0,0,normal,0
i-00dfb80a59da9a56d,2026-04-01 13:13:00,27.256747373153715,24.0,24.1,0,0,normal,0
i-00dfb80a59da9a56d,2026-04-01 13:14:00,45.44256052986529,24.0,70.99,0,0,normal,0
i-00dfb80a59da9a56d,2026-04-01 13:15:00,56.35404842389223,24.0,71.03,0,0,normal,0
i-00dfb80a59da9a56d,2026-04-01 13:16:00,99.99166666666666,24.0,69.35,0,1,critical,0
i-00dfb80a59da9a56d,2026-04-01 13:17:00,99.99583333333334,24.0,69.64,0,1,critical,0
i-00dfb80a59da9a56d,2026-04-01 13:18:00,98.3328055180562,24.0,69.34,0,1,critical,0
i-00dfb80a59da9a56d,2026-04-01 13:19:00,74.14127733309539,24.0,23.09,0,0,normal,0
i-00dfb80a59da9a56d,2026-04-01 13:23:00,1.6499964104830032,24.0,24.42,0,0,normal,0
i-00dfb80a59da9a56d,2026-04-01 13:24:00,15.39791397452892,24.0,71.26,0,0,normal,0
i-00dfb80a59da9a56d,2026-04-01 13:25:00,32.31666451295647,24.0,73.65,0,0,normal,0
i-00dfb80a59da9a56d,2026-04-01 13:26:00,100.0,24.0,73.4,0,1,critical,0
i-00dfb80a59da9a56d,2026-04-01 13:27:00,100.0,24.0,72.06,0,1,critical,0
i-00dfb80a59da9a56d,2026-04-01 13:28:00,100.0,24.0,71.69,0,1,critical,0
i-00dfb80a59da9a56d,2026-04-01 13:30:00,69.36232230521203,24.0,24.59,0,0,normal,0
i-00dfb80a59da9a56d,2026-04-01 13:31:00,1.7000000000000002,24.0,24.61,0,0,normal,0
i-00dfb80a59da9a56d,2026-04-01 13:32:00,21.741666666666667,24.0,68.86,0,0,normal,0
i-00dfb80a59da9a56d,2026-04-01 13:33:00,47.82777777777778,24.0,72.61,0,0,normal,0
i-00dfb80a59da9a56d,2026-04-01 13:34:00,60.86916663888843,24.0,72.19,0,0,normal,0
i-00dfb80a59da9a56d,2026-04-01 13:35:00,68.69366664444408,24.0,74.28,0,0,normal,0
i-00dfb80a59da9a56d,2026-04-01 13:36:00,100.0,24.0,72.48,0,1,critical,0
i-00dfb80a59da9a56d,2026-04-01 13:38:00,53.816203325950966,24.0,24.31,0,0,normal,0
i-00dfb80a59da9a56d,2026-04-01 13:39:00,40.77918754208863,24.0,24.9,0,0,normal,0
i-00dfb80a59da9a56d,2026-04-01 13:40:00,32.93141124626644,24.0,24.24,0,0,normal,0
i-00dfb80a59da9a56d,2026-04-01 13:41:00,1.6833052782453628,24.0,24.62,0,0,normal,0
i-00dfb80a59da9a56d,2026-04-01 13:42:00,1.6215211874828723,24.0,24.38,0,0,normal,0
i-00dfb80a59da9a56d,2026-04-01 13:43:00,1.6416300253876734,24.0,22.65,0,0,normal,0
i-00dfb80a59da9a56d,2026-04-01 13:44:00,1.6211502885705062,24.0,24.44,0,0,normal,0
i-00dfb80a59da9a56d,2026-04-01 13:46:00,1.5583333333333331,24.0,24.51,0,0,normal,0
i-00dfb80a59da9a56d,2026-04-01 13:47:00,1.4500111807419012,24.0,24.59,0,0,normal,0
i-00dfb80a59da9a56d,2026-04-01 13:48:00,1.4083407871612674,24.0,24.33,0,0,normal,0
i-00dfb80a59da9a56d,2026-04-01 13:49:00,1.3604222570376172,24.0,24.59,0,0,normal,0
i-00dfb80a59da9a56d,2026-04-01 13:50:00,1.3714163682570628,24.0,24.39,0,0,normal,0
i-00dfb80a59da9a56d,2026-04-01 13:51:00,1.676508857972175,24.0,24.6,0,0,normal,0
i-00dfb80a59da9a56d,2026-04-02 09:32:00,0.4624525136191973,24.0,23.67,0,0,normal,0
i-00dfb80a59da9a56d,2026-04-02 09:37:00,0.4456163722045526,24.0,23.67,0,0,normal,0
i-00dfb80a59da9a56d,2026-04-02 09:38:00,0.4359664703585906,24.0,23.67,0,0,normal,0
i-00dfb80a59da9a56d,2026-04-02 09:39:00,0.4520853670565636,24.0,23.67,0,0,normal,0
i-00dfb80a59da9a56d,2026-04-02 09:40:00,0.4450016269785842,24.0,23.67,0,0,normal,0
i-00dfb80a59da9a56d,2026-04-02 09:41:00,0.5162192766269232,24.0,23.67,0,0,normal,0
i-00dfb80a59da9a56d,2026-04-02 09:42:00,0.4721887479995484,24.0,23.67,0,0,normal,0
i-00dfb80a59da9a56d,2026-04-02 09:43:00,0.4520582276663279,24.0,23.67,0,0,normal,0
i-00dfb80a59da9a56d,2026-04-02 09:45:00,0.4649799154663957,24.0,23.67,0,0,normal,0
i-00dfb80a59da9a56d,2026-04-02 09:46:00,0.3996469785023229,24.0,23.67,0,0,normal,0
i-00dfb80a59da9a56d,2026-04-02 09:47:00,0.458385218778911,24.0,23.67,0,0,normal,0
i-00dfb80a59da9a56d,2026-04-02 09:48:00,0.4540825658716154,24.0,23.67,0,0,normal,0
i-00dfb80a59da9a56d,2026-04-02 09:50:00,0.4449313582755326,24.0,23.67,0,0,normal,0
i-00dfb80a59da9a56d,2026-04-02 09:51:00,0.5083333333333333,24.0,23.67,0,0,normal,0
i-00dfb80a59da9a56d,2026-04-02 09:52:00,0.4541700000555564,24.0,23.67,0,0,normal,0
i-00dfb80a59da9a56d,2026-04-02 09:53:00,0.4695912364419218,24.0,23.67,0,0,normal,0
i-00dfb80a59da9a56d,2026-04-02 09:54:00,0.450110093998108,24.0,23.67,0,0,normal,0
i-00dfb80a59da9a56d,2026-04-02 09:55:00,0.4617547418651531,24.0,23.67,0,0,normal,0
i-00dfb80a59da9a56d,2026-04-02 09:56:00,0.3996469785023229,24.0,23.67,0,0,normal,0
i-00dfb80a59da9a56d,2026-04-02 09:57:00,0.4305852341064908,24.0,23.67,0,0,normal,0
i-00dfb80a59da9a56d,2026-04-02 09:59:00,0.4479389255798681,24.0,23.67,0,0,normal,0
i-00dfb80a59da9a56d,2026-04-02 10:00:00,0.4433511404638944,24.0,23.67,0,0,normal,0
i-00dfb80a59da9a56d,2026-04-02 10:01:00,0.5083333333333333,24.0,23.67,0,0,normal,0
i-00dfb80a59da9a56d,2026-04-02 10:02:00,0.4583333333333332,24.0,23.67,0,0,normal,0
i-00dfb80a59da9a56d,2026-04-02 10:03:00,0.4694444444444444,24.0,23.67,0,0,normal,0
i-00dfb80a59da9a56d,2026-04-02 10:04:00,0.4499135832792144,24.0,23.67,0,0,normal,0
i-00dfb80a59da9a56d,2026-04-02 10:05:00,0.4616874182439697,24.0,23.67,0,0,normal,0
i-00dfb80a59da9a56d,2026-04-02 10:06:00,0.4458815284670037,24.0,23.67,0,0,normal,0
i-00dfb80a59da9a56d,2026-04-02 10:08:00,0.4305876856446691,24.0,23.67,0,0,normal,0
i-00dfb80a59da9a56d,2026-04-02 10:09:00,0.4457489503357781,24.0,23.67,0,0,normal,0
i-00dfb80a59da9a56d,2026-04-02 10:10:00,0.4399324936019558,24.0,23.67,0,0,normal,0
i-00dfb80a59da9a56d,2026-04-02 10:11:00,0.5000083334722245,24.0,23.67,0,0,normal,0
i-00dfb80a59da9a56d,2026-04-02 10:12:00,0.4541674306817131,24.0,23.67,0,0,normal,0
i-00dfb80a59da9a56d,2026-04-02 10:13:00,0.469592306171303,24.0,23.67,0,0,normal,0
i-00dfb80a59da9a56d,2026-04-04 15:32:00,0.0006720099512023,0.0,0.0,0,0,normal,0
i-00dfb80a59da9a56d,2026-04-04 15:33:00,0.4753360049756012,0.0,0.0,0,0,normal,0
i-00dfb80a59da9a56d,2026-04-04 15:34:00,0.4753360049756012,0.0,0.0,0,0,normal,0
i-00dfb80a59da9a56d,2026-04-04 15:35:00,0.5000530517607422,0.0,0.0,0,0,normal,0
i-00dfb80a59da9a56d,2026-04-04 15:36:00,0.4333405556759279,0.0,0.0,0,0,normal,0
i-00dfb80a59da9a56d,2026-04-04 15:37:00,0.4791702778379639,0.0,0.0,0,0,normal,0
i-00dfb80a59da9a56d,2026-04-04 15:38:00,0.4529025195873634,0.0,0.0,0,0,normal,0
i-00dfb80a59da9a56d,2026-04-04 15:39:00,0.4667214593793946,0.0,0.0,0,0,normal,0
i-00dfb80a59da9a56d,2026-04-04 15:40:00,0.4667214593793946,0.0,0.0,0,0,normal,0
i-00dfb80a59da9a56d,2026-04-04 15:42:00,0.4789224460910831,0.0,0.0,0,0,normal,0
i-00dfb80a59da9a56d,2026-04-04 15:43:00,0.4944421945775847,0.0,0.0,0,0,normal,0
i-00dfb80a59da9a56d,2026-04-04 15:46:00,0.4420718992409709,0.0,0.0,0,0,normal,0
i-00dfb80a59da9a56d,2026-04-04 15:47:00,0.4749698435510491,0.0,0.0,0,0,normal,0
i-00dfb80a59da9a56d,2026-04-04 15:48:00,0.4723448413453181,0.0,0.0,0,0,normal,0
i-00dfb80a59da9a56d,2026-04-04 15:49:00,0.4875919643423219,0.0,0.0,0,0,normal,0
i-00dfb80a59da9a56d,2026-04-04 15:50:00,0.4783245372391432,0.0,0.0,0,0,normal,0
i-00dfb80a59da9a56d,2026-04-04 15:51:00,0.4877024111392856,0.0,0.0,0,0,normal,0
i-00dfb80a59da9a56d,2026-04-04 15:53:00,0.5027499048202458,0.0,0.0,0,0,normal,0
i-00dfb80a59da9a56d,2026-04-04 15:54:00,0.4833124286151843,0.0,0.0,0,0,normal,0
i-00dfb80a59da9a56d,2026-04-04 15:55:00,0.4933148318106655,0.0,0.0,0,0,normal,0
i-00dfb80a59da9a56d,2026-04-04 15:56:00,0.4333261112314794,0.0,0.0,0,0,normal,0
i-00dfb80a59da9a56d,2026-04-04 16:08:00,0.4555555555555555,0.0,0.0,0,0,normal,0
i-00dfb80a59da9a56d,2026-04-04 16:09:00,0.4604166666666666,0.0,0.0,0,0,normal,0
i-00dfb80a59da9a56d,2026-04-04 16:10:00,0.4566666666666666,0.0,0.0,0,0,normal,0
i-00dfb80a59da9a56d,2026-04-04 16:11:00,0.5333333333333333,0.0,0.0,0,0,normal,0
i-00dfb80a59da9a56d,2026-04-04 16:12:00,0.4942841746917177,0.0,0.0,0,0,normal,0
i-00dfb80a59da9a56d,2026-04-04 16:13:00,0.4791458610212906,0.0,0.0,0,0,normal,0
i-00dfb80a59da9a56d,2026-04-04 16:15:00,0.4815583299519732,0.0,0.0,0,0,normal,0
i-00dfb80a59da9a56d,2026-04-04 16:16:00,0.4337381556119044,0.0,0.0,0,0,normal,0
i-00dfb80a59da9a56d,2026-04-04 16:17:00,0.4835357444726188,0.0,0.0,0,0,normal,0
i-00dfb80a59da9a56d,2026-04-04 16:18:00,0.4638940874676338,0.0,0.0,0,0,normal,0
i-00dfb80a59da9a56d,2026-04-04 16:19:00,0.4812538989340587,0.0,0.0,0,0,normal,0
i-00dfb80a59da9a56d,2026-04-04 16:20:00,0.4733349802828946,0.0,0.0,0,0,normal,0
i-00dfb80a59da9a56d,2026-04-04 16:22:00,0.4875545847064453,0.0,0.0,0,0,normal,0
i-00dfb80a59da9a56d,2026-04-04 16:23:00,0.4974166272441723,0.0,0.0,0,0,normal,0
i-00dfb80a59da9a56d,2026-04-04 16:24:00,0.4793124704331292,0.0,0.0,0,0,normal,0
i-00dfb80a59da9a56d,2026-04-04 16:25:00,0.4917833096798367,0.0,0.0,0,0,normal,0
i-00dfb80a59da9a56d,2026-04-04 16:26:00,0.4412621763383565,0.0,0.0,0,0,normal,0
i-00dfb80a59da9a56d,2026-04-04 16:27:00,0.4722505045955243,0.0,0.0,0,0,normal,0
i-00dfb80a59da9a56d,2026-04-04 16:29:00,0.4853154926733649,0.0,0.0,0,0,normal,0
i-00dfb80a59da9a56d,2026-04-04 16:30:00,0.4715871163840627,0.0,0.0,0,0,normal,0
i-00dfb80a59da9a56d,2026-04-04 16:31:00,0.566657222379627,0.0,0.0,0,0,normal,0
i-00dfb80a59da9a56d,2026-04-04 16:32:00,0.4918565706186137,0.0,0.0,0,0,normal,0
i-00dfb80a59da9a56d,2026-04-04 16:33:00,0.5056791952766059,0.0,0.0,0,0,normal,0
i-00dfb80a59da9a56d,2026-04-04 16:34:00,0.4916479341240346,0.0,0.0,0,0,normal,0
i-00dfb80a59da9a56d,2026-04-04 16:35:00,0.4916479341240346,0.0,0.0,0,0,normal,0
i-00dfb80a59da9a56d,2026-04-04 16:37:00,0.4877064392359663,0.0,0.0,0,0,normal,0
i-00dfb80a59da9a56d,2026-04-04 16:38:00,0.4666721938940898,0.0,0.0,0,0,normal,0
i-00dfb80a59da9a56d,2026-04-04 16:39:00,0.4709503618892715,0.0,0.0,0,0,normal,0
i-00dfb80a59da9a56d,2026-04-04 16:40:00,0.4634269561780838,0.0,0.0,0,0,normal,0
i-00dfb80a59da9a56d,2026-04-04 16:41:00,0.4914720533954985,0.0,0.0,0,0,normal,0
i-00dfb80a59da9a56d,2026-04-04 16:42:00,0.502648035596999,0.0,0.0,0,0,normal,0
i-00dfb80a59da9a56d,2026-04-04 16:44:00,0.4832342558939293,0.0,0.0,0,0,normal,0
i-00dfb80a59da9a56d,2026-04-04 16:45:00,0.4916837430252611,0.0,0.0,0,0,normal,0
i-00dfb80a59da9a56d,2026-04-04 16:46:00,0.4416666666666667,0.0,0.0,0,0,normal,0
i-00dfb80a59da9a56d,2026-04-04 16:47:00,0.4791709722939826,0.0,0.0,0,0,normal,0
i-00dfb80a59da9a56d,2026-04-04 16:48:00,0.4611139815293217,0.0,0.0,0,0,normal,0
i-00dfb80a59da9a56d,2026-04-04 16:49:00,0.4683181114213512,0.0,0.0,0,0,normal,0
i-00dfb80a59da9a56d,2026-04-04 16:50:00,0.4683181114213512,0.0,0.0,0,0,normal,0
i-00dfb80a59da9a56d,2026-04-04 16:52:00,0.4832802672007801,0.0,0.0,0,0,normal,0
i-00dfb80a59da9a56d,2026-04-04 16:53:00,0.4970265750477933,0.0,0.0,0,0,normal,0
i-00dfb80a59da9a56d,2026-04-04 16:54:00,0.479019931285845,0.0,0.0,0,0,normal,0
i-00dfb80a59da9a56d,2026-04-04 16:55:00,0.489980479184986,0.0,0.0,0,0,normal,0
i-00dfb80a59da9a56d,2026-04-04 16:56:00,0.4412548288264287,0.0,0.0,0,0,normal,0
i-00dfb80a59da9a56d,2026-04-04 16:57:00,0.4472172886870604,0.0,0.0,0,0,normal,0
i-00dfb80a59da9a56d,2026-04-04 16:58:00,0.4666629665152952,0.0,0.0,0,0,normal,0
i-00dfb80a59da9a56d,2026-04-04 17:00:00,0.4583303732122362,0.0,0.0,0,0,normal,0
i-00dfb80a59da9a56d,2026-04-04 17:01:00,0.5583333333333332,0.0,0.0,0,0,normal,0
i-00dfb80a59da9a56d,2026-04-04 17:02:00,0.6330030860086142,0.0,0.0,0,0,normal,0
i-00dfb80a59da9a56d,2026-04-04 17:03:00,0.6025606222040462,0.0,0.0,0,0,normal,0
i-00dfb80a59da9a56d,2026-04-04 17:04:00,0.5602519944609045,0.0,0.0,0,0,normal,0
i-00dfb80a59da9a56d,2026-04-04 17:05:00,0.5565349289020569,0.0,0.0,0,0,normal,0
i-00dfb80a59da9a56d,2026-04-04 17:06:00,0.6291733334444463,0.0,0.0,0,0,normal,0
i-00dfb80a59da9a56d,2026-04-04 17:08:00,0.597223703827161,0.0,0.0,0,0,normal,0
i-00dfb80a59da9a56d,2026-04-04 17:09:00,0.5729198612384268,0.0,0.0,0,0,normal,0
i-00dfb80a59da9a56d,2026-04-04 17:10:00,0.563432227300859,0.0,0.0,0,0,normal,0
i-00dfb80a59da9a56d,2026-04-04 17:11:00,3.266612223129614,0.0,0.0,0,0,normal,0
i-00dfb80a59da9a56d,2026-04-04 17:12:00,1.933031363417276,0.0,0.0,0,0,normal,0
i-00dfb80a59da9a56d,2026-04-04 17:13:00,1.2312216294821154,0.0,0.0,0,0,normal,0
i-00dfb80a59da9a56d,2026-04-04 17:15:00,1.1183106369190257,0.0,0.0,0,0,normal,0
i-00dfb80a59da9a56d,2026-04-04 17:16:00,0.4412548288264287,0.0,0.0,0,0,normal,0
i-00dfb80a59da9a56d,2026-04-04 17:17:00,0.4914652617106693,0.0,0.0,0,0,normal,0
i-00dfb80a59da9a56d,2026-04-04 17:18:00,0.4720879522515573,0.0,0.0,0,0,normal,0
i-00dfb80a59da9a56d,2026-04-04 17:19:00,0.4833511422685745,0.0,0.0,0,0,normal,0
i-00dfb80a59da9a56d,2026-04-04 17:20:00,0.4732682087944616,0.0,0.0,0,0,normal,0
i-00dfb80a59da9a56d,2026-04-04 17:21:00,0.4999991668055552,0.0,0.0,0,0,normal,0
i-00dfb80a59da9a56d,2026-04-04 17:22:00,0.5084933417205661,0.0,0.0,0,0,normal,0
i-00dfb80a59da9a56d,2026-04-04 17:24:00,0.958453339623758,0.0,0.0,0,0,normal,0
i-00dfb80a59da9a56d,2026-04-04 17:25:00,0.8766619307115782,0.0,0.0,0,0,normal,0
i-00dfb80a59da9a56d,2026-04-04 17:26:00,0.4420718992409709,0.0,0.0,0,0,normal,0
i-00dfb80a59da9a56d,2026-04-04 17:27:00,0.6127026162871521,0.0,0.0,0,0,normal,0
i-00dfb80a59da9a56d,2026-04-04 17:28:00,0.6304871159340041,0.0,0.0,0,0,normal,0
i-00dfb80a59da9a56d,2026-04-04 17:29:00,0.5783763744343146,0.0,0.0,0,0,normal,0
i-00dfb80a59da9a56d,2026-04-04 17:30:00,0.5783763744343146,0.0,0.0,0,0,normal,0
i-00dfb80a59da9a56d,2026-04-04 17:32:00,0.5042098836672765,0.0,0.0,0,0,normal,0
i-00dfb80a59da9a56d,2026-04-04 17:33:00,0.5061667064089235,0.0,0.0,0,0,normal,0
i-00dfb80a59da9a56d,2026-04-04 17:34:00,0.5732695040627876,0.0,0.0,0,0,normal,0
i-00dfb80a59da9a56d,2026-04-04 17:35:00,0.5732695040627876,0.0,0.0,0,0,normal,0
i-00dfb80a59da9a56d,2026-04-04 17:37:00,0.5666442261385511,0.0,0.0,0,0,normal,0
i-00dfb80a59da9a56d,2026-04-04 17:38:00,0.5666485582189097,0.0,0.0,0,0,normal,0
i-00dfb80a59da9a56d,2026-04-04 17:39:00,0.5396767963500224,0.0,0.0,0,0,normal,0
i-00dfb80a59da9a56d,2026-04-04 17:40:00,0.5450747704133512,0.0,0.0,0,0,normal,0
i-00dfb80a59da9a56d,2026-04-04 17:41:00,0.625,0.0,0.0,0,0,normal,0
i-00dfb80a59da9a56d,2026-04-04 17:42:00,23.27534868843109,0.0,0.0,0,0,normal,0
i-00dfb80a59da9a56d,2026-04-04 17:43:00,42.454428009364406,0.0,0.0,0,0,normal,0
i-00dfb80a59da9a56d,2026-04-04 17:45:00,53.96354240749152,0.0,0.0,0,0,normal,0
i-00dfb80a59da9a56d,2026-04-04 17:46:00,99.99375,0.0,0.0,0,1,critical,0
i-00dfb80a59da9a56d,2026-04-04 17:47:00,77.53055555555555,0.0,0.0,0,0,normal,0
i-00dfb80a59da9a56d,2026-04-04 17:49:00,58.28958333333333,0.0,0.0,0,0,normal,0
i-00dfb80a59da9a56d,2026-04-04 17:50:00,46.723333333333336,0.0,0.0,0,0,normal,0
i-00dfb80a59da9a56d,2026-04-04 17:51:00,0.575,0.0,0.0,0,0,normal,0
i-00dfb80a59da9a56d,2026-04-04 17:52:00,29.90985247102704,0.0,0.0,0,0,normal,0
i-00dfb80a59da9a56d,2026-04-04 17:53:00,53.27101068245079,0.0,0.0,0,0,normal,0
i-00dfb80a59da9a56d,2026-04-04 17:54:00,64.95325801183809,0.0,0.0,0,0,normal,0
i-00dfb80a59da9a56d,2026-04-04 17:55:00,71.96260640947047,0.0,0.0,0,0,normal,0
i-00dfb80a59da9a56d,2026-04-04 17:56:00,70.61701028350473,0.0,0.0,0,0,normal,0
i-00dfb80a59da9a56d,2026-04-04 17:58:00,47.22814448182712,0.0,0.0,0,0,normal,0
i-00dfb80a59da9a56d,2026-04-04 17:59:00,35.550275028037014,0.0,0.0,0,0,normal,0
i-00dfb80a59da9a56d,2026-04-04 18:00:00,28.52522002242961,0.0,0.0,0,0,normal,0
i-00dfb80a59da9a56d,2026-04-04 18:01:00,0.5583333333333332,0.0,0.0,0,0,normal,0
i-00dfb80a59da9a56d,2026-04-04 18:02:00,0.4956276953560783,0.0,0.0,0,0,normal,0
i-00dfb80a59da9a56d,2026-04-04 18:03:00,0.4957308636387247,0.0,0.0,0,0,normal,0
i-00dfb80a59da9a56d,2026-04-04 18:04:00,0.5016827824630952,0.0,0.0,0,0,normal,0
i-00dfb80a59da9a56d,2026-04-04 18:06:00,0.6416666666666667,0.0,0.0,0,0,normal,0
i-00dfb80a59da9a56d,2026-04-04 18:07:00,22.64241058047757,0.0,0.0,0,0,normal,0
i-00dfb80a59da9a56d,2026-04-04 18:08:00,48.42493738428262,0.0,0.0,0,0,normal,0
i-00dfb80a59da9a56d,2026-04-04 18:09:00,61.31661970487863,0.0,0.0,0,0,normal,0
i-00dfb80a59da9a56d,2026-04-04 18:10:00,69.05329576390291,0.0,0.0,0,0,normal,0
i-00dfb80a59da9a56d,2026-04-04 18:11:00,77.89063540695352,0.0,0.0,0,0,normal,0
i-00dfb80a59da9a56d,2026-04-04 18:12:00,52.10503413001492,0.0,0.0,0,0,normal,0
i-00dfb80a59da9a56d,2026-04-04 18:14:00,39.19127372254244,0.0,0.0,0,0,normal,0
i-00dfb80a59da9a56d,2026-04-04 18:15:00,31.45802072806312,0.0,0.0,0,0,normal,0
i-00dfb80a59da9a56d,2026-04-04 18:16:00,0.4333333333333333,0.0,0.0,0,0,normal,0
i-00dfb80a59da9a56d,2026-04-04 18:17:00,0.475,0.0,0.0,0,0,normal,0
i-00dfb80a59da9a56d,2026-04-04 18:18:00,0.4583333333333333,0.0,0.0,0,0,normal,0
i-00dfb80a59da9a56d,2026-04-04 18:19:00,0.4783121152830968,0.0,0.0,0,0,normal,0
i-00dfb80a59da9a56d,2026-04-04 18:20:00,0.4783121152830968,0.0,0.0,0,0,normal,0
i-00dfb80a59da9a56d,2026-04-04 18:22:00,0.4956310881691782,0.0,0.0,0,0,normal,0
i-00dfb80a59da9a56d,2026-04-04 18:23:00,0.5054236421613975,0.0,0.0,0,0,normal,0
i-00dfb80a59da9a56d,2026-04-04 18:24:00,0.4894825580406077,0.0,0.0,0,0,normal,0
i-00dfb80a59da9a56d,2026-04-04 18:25:00,0.4966823847426038,0.0,0.0,0,0,normal,0
i-00dfb80a59da9a56d,2026-04-04 18:26:00,0.4412548288264287,0.0,0.0,0,0,normal,0
i-00dfb80a59da9a56d,2026-04-04 18:27:00,0.4875432024820786,0.0,0.0,0,0,normal,0
i-00dfb80a59da9a56d,2026-04-04 18:28:00,0.4896300750565033,0.0,0.0,0,0,normal,0
i-00dfb80a59da9a56d,2026-04-04 18:29:00,2.541364377082634,0.0,0.0,0,0,normal,0
i-00dfb80a59da9a56d,2026-04-04 18:31:00,99.68636871694775,0.0,0.0,0,1,critical,0
i-00dfb80a59da9a56d,2026-04-04 18:32:00,99.84318435847388,0.0,0.0,0,1,critical,0
i-00dfb80a59da9a56d,2026-04-04 18:33:00,99.8954562389826,0.0,0.0,0,1,critical,0
i-00dfb80a59da9a56d,2026-04-04 18:34:00,99.9199239555615,0.0,0.0,0,1,critical,0
i-00dfb80a59da9a56d,2026-04-04 18:35:00,97.9409391644492,0.0,0.0,0,1,critical,0
i-00dfb80a59da9a56d,2026-04-04 18:36:00,0.4791666666666666,0.0,0.0,0,0,normal,0
i-00dfb80a59da9a56d,2026-04-04 18:37:00,0.4609790121812234,0.0,0.0,0,0,normal,0
i-00dfb80a59da9a56d,2026-04-04 18:39:00,0.4769820716723753,0.0,0.0,0,0,normal,0
i-00dfb80a59da9a56d,2026-04-04 18:40:00,0.4700029871345403,0.0,0.0,0,0,normal,0
