instance_id,timestamp,cpu,memory,disk,reboot_count,instance_age_days,is_anomaly,severity
i-synthetic-01,2026-03-30 03:16:40.162942,2.1666666666666665,5.0,44.6,0,10,0,normal
i-synthetic-01,2026-03-30 03:16:42.439242,2.1666666666666665,5.0,40.5,0,10,0,normal
i-synthetic-01,2026-03-30 03:17:51.597278,2.147222222222222,8.6,44.0,0,10,0,normal
i-synthetic-01,2026-03-30 03:17:53.680359,2.147222222222222,8.9,35.5,0,10,0,normal
i-synthetic-01,2026-03-30 03:19:02.380328,2.15,10.8,40.1,0,10,0,normal
i-synthetic-01,2026-03-30 03:19:04.739826,2.15,5.0,38.7,0,10,0,normal
i-synthetic-01,2026-03-30 03:20:13.298905,2.1446390568017186,8.3,35.8,0,10,0,normal
i-synthetic-01,2026-03-30 03:20:16.093017,2.1446390568017186,5.0,44.4,0,10,0,normal
i-synthetic-01,2026-03-30 03:21:24.103564,2.251914127007957,5.0,39.1,0,10,0,normal
i-synthetic-01,2026-03-30 03:21:26.950833,2.1917178335161345,5.0,37.3,0,10,0,normal
i-synthetic-01,2026-03-30 03:22:35.506124,2.2006627010899122,11.1,39.1,0,10,0,normal
i-synthetic-01,2026-03-30 03:22:37.512053,2.2006627010899122,5.0,36.3,0,10,0,normal
i-synthetic-01,2026-03-30 03:23:46.680296,2.1771327188117224,5.0,39.0,0,10,0,normal
i-synthetic-01,2026-03-30 03:23:48.100327,2.1771327188117224,5.0,35.8,0,10,0,normal
i-synthetic-01,2026-03-30 03:24:57.625391,2.185039508382711,6.2,38.4,0,10,0,normal
i-synthetic-01,2026-03-30 03:26:09.683774,2.293616240471067,5.0,41.0,0,10,0,normal
i-synthetic-01,2026-03-30 03:27:21.258903,2.255141453568867,5.0,38.7,0,10,0,normal
i-synthetic-01,2026-03-30 03:28:32.349312,2.2171540601177666,5.0,39.5,0,10,0,normal
i-synthetic-01,2026-03-30 03:29:43.843039,2.2087232480942136,7.3,37.3,0,10,0,normal
i-synthetic-01,2026-04-01 07:29:03.103717,2.1266226765728513,5.0,42.6,0,12,0,normal
i-synthetic-01,2026-03-30 03:46:34.726358,2.229166666666667,5.0,43.7,0,10,0,normal
i-synthetic-01,2026-03-30 03:47:44.619750,2.2604658155241,5.0,44.5,0,10,0,normal
i-synthetic-01,2026-03-30 03:48:19.852766,2.2604658155241,5.0,36.0,0,10,0,normal
i-synthetic-01,2026-03-30 03:49:30.712919,2.2679384894422356,5.0,42.8,0,10,0,normal
i-synthetic-01,2026-03-30 03:50:40.704390,2.2679384894422356,7.1,38.4,0,10,0,normal
i-synthetic-01,2026-03-30 03:51:44.821104,2.196793941516956,5.0,35.8,0,10,0,normal
i-synthetic-01,2026-03-30 03:52:55.218943,2.075121402164102,5.0,38.7,0,10,0,normal
i-synthetic-01,2026-03-30 03:54:05.636469,2.1000910516230764,11.3,39.7,0,10,0,normal
i-synthetic-01,2026-03-30 03:55:16.444062,2.0399348941781907,7.1,42.5,0,10,0,normal
i-synthetic-01,2026-03-30 03:56:27.197807,2.230504427683031,5.0,36.7,0,10,0,normal
i-synthetic-01,2026-03-30 03:57:37.024931,2.2092251740109097,5.0,42.5,0,10,0,normal
i-synthetic-01,2026-03-30 03:58:47.043569,2.2215022138415157,5.0,40.8,0,10,0,normal
i-synthetic-01,2026-03-30 03:59:58.045253,2.210167083890651,5.0,35.5,0,10,0,normal
i-synthetic-01,2026-03-30 04:01:08.477440,2.313004409684666,5.0,44.9,0,10,0,normal
i-synthetic-01,2026-03-30 04:02:18.569320,2.3468988366463894,5.0,39.5,0,10,0,normal
i-synthetic-01,2026-03-30 04:03:30.371308,1.8715808602231614,5.0,36.7,0,10,0,normal
i-synthetic-01,2026-03-30 04:04:41.232016,1.9252342473865354,5.2,43.6,0,10,0,normal
i-synthetic-01,2026-03-30 04:05:52.159479,1.9252342473865354,5.0,38.4,0,10,0,normal
i-synthetic-01,2026-03-30 04:07:02.875809,2.179203905334522,6.2,38.4,0,10,0,normal
i-synthetic-01,2026-03-30 04:08:13.370057,2.1777905204244,5.0,43.8,0,10,0,normal
i-synthetic-01,2026-03-30 04:09:23.992828,2.1546193086071788,5.5,37.8,0,10,0,normal
i-synthetic-01,2026-03-30 04:10:33.838717,2.1653621135524097,5.0,42.9,0,10,0,normal
i-synthetic-01,2026-03-30 04:11:44.281156,2.1949309753376296,5.0,36.8,0,10,0,normal
i-synthetic-01,2026-03-30 04:12:53.935222,2.2055849365351166,9.4,43.3,0,10,0,normal
i-synthetic-01,2026-03-30 04:14:04.124077,2.1916887024013376,5.0,35.8,0,10,0,normal
i-synthetic-01,2026-03-30 04:15:15.161562,2.2000176285877364,5.0,41.7,0,10,0,normal
i-synthetic-01,2026-03-30 04:16:25.673419,2.1481740520557526,5.0,39.5,0,10,0,normal
i-synthetic-01,2026-03-30 04:17:36.313191,2.157724684018584,5.0,41.9,0,10,0,normal
i-synthetic-01,2026-03-30 04:18:47.492577,2.1703768463472715,5.0,35.5,0,10,0,normal
i-synthetic-01,2026-03-30 04:19:58.066268,2.1549906962474443,5.0,43.7,0,10,0,normal
i-synthetic-01,2026-03-30 04:21:08.287358,2.2416666666666667,5.0,42.9,0,10,0,normal
i-synthetic-01,2026-03-30 04:22:19.202755,2.1791666666666667,5.0,36.3,0,10,0,normal
i-synthetic-01,2026-03-30 04:23:29.514296,2.1687499999999997,10.3,37.7,0,10,0,normal
i-synthetic-01,2026-03-30 04:24:39.882718,2.1783333333333332,9.9,40.8,0,10,0,normal
i-synthetic-01,2026-03-30 04:25:50.985189,2.1783333333333332,7.0,41.1,0,10,0,normal
i-synthetic-01,2026-03-30 04:27:02.010644,2.186548100781003,5.0,43.8,0,10,0,normal
i-synthetic-01,2026-03-30 04:28:12.489017,2.166634662726877,5.0,44.0,0,10,0,normal
i-synthetic-01,2026-03-30 04:29:23.118663,2.176590458086606,5.0,36.2,0,10,0,normal
i-synthetic-01,2026-03-30 04:30:33.335977,2.16663392379301,5.0,44.2,0,10,0,normal
i-synthetic-01,2026-03-30 04:31:44.066925,2.1708333333333334,5.0,41.8,0,10,0,normal
i-synthetic-01,2026-03-30 04:32:55.477910,2.25,5.0,40.0,0,10,0,normal
i-synthetic-01,2026-03-30 04:34:06.410760,2.220833333333333,5.0,37.2,0,10,0,normal
i-synthetic-01,2026-03-30 04:35:29.570334,2.1729964530149375,5.0,40.2,0,10,0,normal
i-synthetic-01,2026-03-30 04:36:28.705788,2.049999028347222,5.0,38.8,0,10,0,normal
i-synthetic-01,2026-03-30 04:37:39.822871,2.0694437966759254,6.6,35.6,0,10,0,normal
i-synthetic-01,2026-03-30 04:38:46.017989,2.043733125831,5.0,41.4,0,10,0,normal
i-synthetic-01,2026-03-30 04:39:56.754398,2.0370082865756878,5.0,40.2,0,10,0,normal
i-synthetic-01,2026-03-30 04:41:07.711386,1.883333333333333,5.0,41.2,0,10,0,normal
i-synthetic-01,2026-03-30 04:42:18.178771,1.932491132537343,6.5,37.7,0,10,0,normal
i-synthetic-01,2026-03-30 04:43:29.096828,1.9037527544093114,5.0,37.5,0,10,0,normal
i-synthetic-01,2026-03-30 04:44:41.299720,1.9083233044448804,5.0,37.3,0,10,0,normal
i-synthetic-01,2026-03-30 04:45:51.924380,1.9083233044448804,9.4,37.4,0,10,0,normal
i-synthetic-01,2026-03-30 04:47:02.103934,1.8250429340575929,11.0,42.0,0,10,0,normal
i-synthetic-01,2026-03-30 04:48:12.536257,1.7944730671495064,11.1,40.5,0,10,0,normal
i-synthetic-01,2026-03-30 04:49:23.330138,1.8021048003621298,10.1,40.2,0,10,0,normal
i-synthetic-01,2026-03-30 04:50:28.321459,1.776683840289704,5.0,38.4,0,10,0,normal
i-synthetic-01,2026-03-30 04:51:39.000674,1.715973089540557,6.8,37.5,0,10,0,normal
i-synthetic-01,2026-03-30 04:52:48.723271,1.719471225484627,5.0,42.0,0,10,0,normal
i-synthetic-01,2026-03-30 04:53:03.420707,1.719471225484627,5.0,39.1,0,10,0,normal
i-synthetic-01,2026-03-30 04:54:13.608084,1.6979367524468034,5.0,36.4,0,10,0,normal
i-synthetic-01,2026-03-30 04:55:24.388285,1.696682735290776,5.0,40.9,0,10,0,normal
i-synthetic-01,2026-03-30 04:56:34.552589,1.65,5.3,40.0,0,10,0,normal
i-synthetic-01,2026-03-30 04:57:44.950680,1.6356558036779847,5.0,43.3,0,10,0,normal
i-synthetic-01,2026-03-30 04:58:06.958552,1.6356558036779847,5.0,38.5,0,10,0,normal
i-synthetic-01,2026-03-30 04:59:17.705982,1.6541885157553693,5.0,41.4,0,10,0,normal
i-synthetic-01,2026-03-30 05:00:28.354874,1.6416841459376286,5.0,38.1,0,10,0,normal
i-synthetic-01,2026-03-30 05:29:59.560013,0.0001577347978801,8.9,41.0,0,10,0,normal
i-synthetic-01,2026-03-30 05:31:12.050313,7.59987333544441,10.9,39.8,0,10,0,normal
i-synthetic-01,2026-04-01 07:30:14.081399,2.1133287683121784,9.0,44.0,0,12,0,normal
i-synthetic-01,2026-04-01 07:31:24.295427,2.1980583817627766,5.0,46.7,0,12,0,normal
i-synthetic-01,2026-04-01 07:32:32.841628,2.1365291908813884,7.1,48.9,0,12,0,normal
i-synthetic-01,2026-04-01 07:33:41.652799,2.158334477741634,5.0,47.0,0,12,0,normal
i-synthetic-01,2026-04-01 07:34:50.707375,2.139124528231125,5.0,43.9,0,12,0,normal
i-synthetic-01,2026-04-01 07:37:06.865762,2.083333333333333,5.0,39.7,0,12,0,normal
i-synthetic-01,2026-04-01 07:38:15.984118,2.0688438175907575,6.2,47.2,0,12,0,normal
i-synthetic-01,2026-04-01 07:39:24.692562,2.076632863193068,5.0,44.7,0,12,0,normal
i-synthetic-01,2026-04-01 07:41:34.794834,2.12312457329359,5.0,43.7,0,12,0,normal
i-synthetic-01,2026-04-01 07:42:44.771523,2.065728953313462,5.0,41.8,0,12,0,normal
i-synthetic-01,2026-04-01 07:43:55.332149,2.077152635542308,5.0,40.3,0,12,0,normal
i-synthetic-01,2026-04-01 07:45:04.556194,2.0583065338072135,8.4,48.0,0,12,0,normal
i-synthetic-01,2026-04-01 07:46:16.689549,100.0,74.6,39.1,0,12,1,critical
i-synthetic-01,2026-04-01 09:06:15.028080,1.559711078119005,5.0,41.7,0,12,0,normal
i-synthetic-01,2026-04-01 09:07:24.017411,1.6048555390595025,7.2,46.2,0,12,0,normal
i-synthetic-01,2026-04-01 09:08:32.831247,1.5833390470322362,5.4,45.6,0,12,0,normal
i-synthetic-01,2026-04-01 09:09:42.428249,1.6003689824233254,5.0,44.7,0,12,0,normal
i-synthetic-01,2026-04-01 09:10:51.240812,1.5866912027904412,7.5,48.2,0,12,0,normal
i-synthetic-01,2026-04-01 09:12:01.936978,1.6583333333333332,9.8,44.0,0,12,0,normal
i-synthetic-01,2026-04-01 09:13:12.286236,1.6227109409608114,5.0,42.2,0,12,0,normal
i-synthetic-01,2026-04-01 09:14:21.273482,1.6086998723872752,5.0,41.6,0,12,0,normal
i-synthetic-01,2026-04-01 09:15:31.014942,1.6416465913306317,5.0,40.3,0,12,0,normal
i-synthetic-01,2026-04-01 09:16:40.776026,1.6347773866915773,5.0,42.3,0,12,0,normal
i-synthetic-01,2026-04-01 09:17:50.201674,1.6840553600124553,5.0,41.8,0,12,0,normal
i-synthetic-01,2026-04-01 09:19:00.195098,1.6583415375843336,5.0,43.9,0,12,0,normal
i-synthetic-01,2026-04-01 09:20:10.822621,1.6566715892172668,5.0,44.5,0,12,0,normal
i-synthetic-01,2026-04-01 09:21:19.783865,1.7083333333333333,5.8,44.0,0,12,0,normal
i-synthetic-01,2026-04-01 09:22:28.161315,1.6465332571549314,5.0,45.8,0,12,0,normal
i-synthetic-01,2026-03-30 05:32:24.149203,4.1919561519246535,5.0,41.3,0,10,0,normal
i-synthetic-01,2026-03-30 05:33:36.014987,2.9694829877112023,11.3,40.8,0,10,0,normal
i-synthetic-01,2026-03-30 05:34:48.578780,2.4062789074500683,5.0,38.5,0,10,0,normal
i-synthetic-01,2026-03-30 05:35:59.617641,5.376632265807724,5.0,40.4,0,10,0,normal
i-synthetic-01,2026-03-30 05:47:37.904106,1.9367682917286577,9.0,38.2,0,10,0,normal
i-synthetic-01,2026-03-30 05:48:49.787600,2.0362441933737343,8.0,35.1,0,10,0,normal
i-synthetic-01,2026-03-30 05:54:43.142581,0.0011623278607227,5.0,36.4,0,10,0,normal
i-synthetic-01,2026-03-30 06:07:15.589093,0.0011917222913862,5.0,39.7,0,10,0,normal
i-synthetic-01,2026-03-30 17:38:25.932061,0.45525957294579183,5.0,37.7,0,10,0,normal
i-synthetic-01,2026-03-30 17:39:39.214001,0.45337399890223234,5.1,39.8,0,10,0,normal
i-synthetic-01,2026-03-30 17:40:53.124015,0.45337399890223234,5.0,37.3,0,10,0,normal
i-synthetic-01,2026-03-30 17:42:05.929552,0.500033383081266,5.0,36.2,0,10,0,normal
i-synthetic-01,2026-03-30 17:43:18.894088,0.5029526705389248,5.7,40.8,0,10,0,normal
i-synthetic-01,2026-03-30 17:44:26.921884,0.4984564283047305,5.0,36.8,0,10,0,normal
i-synthetic-01,2026-03-30 17:52:18.415335,0.8751839155239717,5.0,43.8,0,10,0,normal
i-synthetic-01,2026-03-30 17:54:14.165759,0.6625919577619858,10.0,44.7,0,10,0,normal
i-synthetic-01,2026-03-30 17:55:27.015022,0.7000735662095886,9.4,42.4,0,10,0,normal
i-synthetic-01,2026-03-30 17:56:42.126850,0.449595364172245,5.0,43.6,0,10,0,normal
i-synthetic-01,2026-03-30 17:57:49.497310,0.42479768208612245,5.0,41.9,0,10,0,normal
i-synthetic-01,2026-03-30 17:58:56.881767,0.4472349764825531,9.9,36.1,0,10,0,normal
i-synthetic-01,2026-03-30 18:00:09.059706,0.43325485326976443,5.0,39.7,0,10,0,normal
i-synthetic-01,2026-03-30 18:08:53.865649,0.6277831692821448,7.3,38.0,0,10,0,normal
i-synthetic-01,2026-03-30 18:10:01.697469,0.5937540436282753,7.8,38.2,0,10,0,normal
i-synthetic-01,2026-03-30 18:12:13.795516,0.5,5.0,36.6,0,10,0,normal
i-synthetic-01,2026-03-30 18:13:26.193208,1.7831846427128941,5.0,38.3,0,10,0,normal
i-synthetic-01,2026-03-30 18:14:33.413307,1.8978051487013374,5.0,43.8,0,10,0,normal
i-synthetic-01,2026-03-30 18:15:43.026586,1.9457722742685744,5.0,35.9,0,10,0,normal
i-synthetic-01,2026-03-30 18:16:56.780215,2.396179471337686,5.0,37.3,0,10,0,normal
i-synthetic-01,2026-03-30 18:18:10.305780,2.748089735668843,5.0,40.8,0,10,0,normal
i-synthetic-01,2026-03-30 18:18:44.158658,2.661868551479854,5.0,39.8,0,10,0,normal
i-synthetic-01,2026-03-30 18:19:52.551519,2.561493329667676,5.0,43.2,0,10,0,normal
i-synthetic-01,2026-03-30 18:22:26.331345,2.295814166986106,11.3,44.2,0,10,0,normal
i-synthetic-01,2026-03-30 18:24:12.971970,2.2339653598018416,5.0,41.3,0,10,0,normal
i-synthetic-01,2026-03-30 18:25:37.416223,2.2316547345809417,5.0,37.3,0,10,0,normal
i-synthetic-01,2026-03-30 18:26:48.860962,1.88502986020752,5.0,43.6,0,10,0,normal
i-synthetic-01,2026-03-30 18:27:57.317022,2.4245144638567155,5.0,35.5,0,10,0,normal
i-synthetic-01,2026-03-30 18:29:10.667226,2.341342975904477,5.0,40.2,0,10,0,normal
i-synthetic-01,2026-03-30 18:30:19.793836,2.2868793183889147,5.0,41.0,0,10,0,normal
i-synthetic-01,2026-03-30 18:31:28.959691,2.2666666666666666,5.0,43.2,0,10,0,normal
i-synthetic-01,2026-03-30 18:32:42.975406,1.9451162584161765,5.0,42.3,0,10,0,normal
i-synthetic-01,2026-03-30 18:33:50.454601,2.0390665570506674,5.0,36.7,0,10,0,normal
i-synthetic-01,2026-03-30 18:35:04.496535,2.0642351427521994,10.5,44.9,0,10,0,normal
i-synthetic-01,2026-03-30 18:36:15.663899,2.2563402327943654,5.0,38.8,0,10,0,normal
i-synthetic-01,2026-04-01 07:47:26.631936,100.0,83.5,41.8,0,12,1,critical
i-synthetic-01,2026-04-01 07:48:57.112739,99.99722222222222,82.8,39.2,1,12,1,critical
i-synthetic-01,2026-04-01 07:50:11.435206,99.99666666666667,82.6,40.0,1,12,1,critical
i-synthetic-01,2026-04-01 07:51:23.982724,100.0,72.6,47.0,1,12,1,critical
i-synthetic-01,2026-04-01 07:52:38.132116,100.0,86.9,41.7,1,12,1,critical
i-synthetic-01,2026-04-01 09:23:36.471261,4.31991106032551,6.8,48.5,0,12,0,normal
i-synthetic-01,2026-04-01 09:24:44.285210,28.237849961910797,24.8,39.9,0,12,0,normal
i-synthetic-01,2026-04-01 09:25:52.272483,42.59027996952864,30.8,44.5,0,12,0,normal
i-synthetic-01,2026-04-01 09:27:00.962116,100.0,81.3,43.8,0,12,1,critical
i-synthetic-01,2026-04-01 09:28:09.773134,97.43333333333334,78.0,39.8,1,12,1,critical
i-synthetic-01,2026-04-01 09:29:18.551179,73.48333333333333,64.2,47.4,0,12,0,normal
i-synthetic-01,2026-04-01 09:30:26.868062,59.125,46.7,41.5,0,12,0,normal
i-synthetic-01,2026-04-01 09:31:35.865549,1.7318035735100659,9.1,47.7,0,12,0,normal
i-synthetic-01,2026-04-01 09:32:43.785419,1.6791201296245677,9.2,49.0,0,12,0,normal
i-synthetic-01,2026-04-01 09:33:51.914535,1.6860800864163785,5.0,42.8,0,12,0,normal
i-synthetic-01,2026-04-01 09:34:59.671963,39.241543798454586,32.8,41.3,0,12,0,normal
i-synthetic-01,2026-04-01 09:36:07.410240,100.0,89.0,41.8,0,12,1,critical
i-synthetic-01,2026-04-01 09:37:16.071752,99.9933275505438,87.3,43.5,1,12,1,critical
i-synthetic-01,2026-04-01 09:38:24.792300,99.99555170036253,84.1,42.0,1,12,1,critical
i-synthetic-01,2026-04-01 09:39:33.655014,99.9966637752719,78.0,44.4,1,12,1,critical
i-synthetic-01,2026-04-01 09:40:42.719636,99.99666493082832,78.9,39.8,1,12,1,critical
i-synthetic-01,2026-04-01 09:41:51.575089,99.99000016666388,82.2,47.4,1,12,1,critical
i-synthetic-01,2026-04-01 09:42:59.871407,99.99500008333195,70.3,45.1,1,12,1,critical
i-synthetic-01,2026-04-01 09:44:09.031529,77.5933333749993,64.5,47.5,0,12,0,normal
i-synthetic-01,2026-04-01 09:45:18.456534,62.40829473809977,46.6,43.2,0,12,0,normal
i-synthetic-01,2026-04-01 09:46:27.653806,1.5583333333333331,5.0,48.8,0,12,0,normal
i-synthetic-01,2026-04-01 09:47:35.782114,1.611764538546506,10.6,48.9,0,12,0,normal
i-synthetic-01,2026-04-01 09:48:43.574755,1.5888529177690003,5.0,48.2,0,12,0,normal
i-synthetic-01,2026-03-30 18:37:28.813605,2.204120539270721,5.0,35.4,0,10,0,normal
i-synthetic-01,2026-04-01 07:53:50.659735,99.99722222222222,85.4,43.3,0,12,1,critical
i-synthetic-01,2026-04-01 07:55:05.291322,90.52733421588707,74.3,40.0,1,12,1,warning
i-synthetic-01,2026-04-01 07:56:18.661224,0.4670792533404507,6.3,48.2,0,12,0,normal
i-synthetic-01,2026-04-01 07:57:29.973903,1.262706293336892,5.0,41.6,0,12,0,normal
i-synthetic-01,2026-04-01 07:58:42.963836,1.5029153066690393,8.1,39.4,0,12,0,normal
i-synthetic-01,2026-04-01 07:59:54.540044,1.6480198133351127,5.0,44.9,0,12,0,normal
i-synthetic-01,2026-04-01 08:01:04.779204,100.0,75.8,48.8,0,12,1,critical
i-synthetic-01,2026-04-01 08:02:15.980905,99.99583333333334,86.3,41.2,1,12,1,critical
i-synthetic-01,2026-04-01 08:03:26.377117,99.99722222222222,72.4,47.3,1,12,1,critical
i-synthetic-01,2026-04-01 08:04:37.581959,99.99791666666667,75.2,47.7,1,12,1,critical
i-synthetic-01,2026-04-01 08:05:48.780892,99.995,81.5,44.4,1,12,1,critical
i-synthetic-01,2026-04-01 08:07:00.781138,100.0,74.7,40.4,1,12,1,critical
i-synthetic-01,2026-04-01 08:08:12.138375,100.0,82.3,48.8,1,12,1,critical
i-synthetic-01,2026-04-01 08:09:23.177068,99.99791666666667,75.5,40.2,1,12,1,critical
i-synthetic-01,2026-04-01 08:10:33.983323,93.57333333333334,82.8,45.6,1,12,1,warning
i-synthetic-01,2026-04-01 08:11:45.737334,1.9482790201988243,5.0,46.0,0,12,0,normal
i-synthetic-01,2026-04-01 08:12:56.138854,1.8866395100994122,5.0,44.4,0,12,0,normal
i-synthetic-01,2026-04-01 08:14:06.538984,1.8791379569613946,5.0,45.6,0,12,0,normal
i-synthetic-01,2026-04-01 08:15:15.593829,1.8866436989024489,11.4,39.5,0,12,0,normal
i-synthetic-01,2026-04-01 08:16:25.638953,1.7916666666666667,5.0,48.8,0,12,0,normal
i-synthetic-01,2026-04-01 08:17:34.959794,1.8375,5.0,47.2,0,12,0,normal
i-synthetic-01,2026-04-01 08:18:45.258331,1.8083333333333333,7.4,46.1,0,12,0,normal
i-synthetic-01,2026-04-01 08:19:54.279048,1.825,7.9,42.7,0,12,0,normal
i-synthetic-01,2026-04-01 08:21:05.438509,99.98832301866649,75.7,40.1,0,12,1,critical
i-synthetic-01,2026-04-01 08:22:17.367749,99.99416150933325,78.1,42.5,1,12,1,critical
i-synthetic-01,2026-04-01 08:23:28.364807,99.99332989511106,85.8,48.0,1,12,1,critical
i-synthetic-01,2026-04-01 08:24:40.483538,99.9949974213333,74.4,40.9,1,12,1,critical
i-synthetic-01,2026-04-01 08:25:52.302670,96.93933127039996,80.7,43.8,1,12,1,critical
i-synthetic-01,2026-03-30 18:38:36.267420,2.058302581736036,5.0,38.9,0,10,0,normal
i-synthetic-01,2026-04-01 08:27:04.622410,1.5958333333333332,5.0,47.2,0,12,0,normal
i-synthetic-01,2026-04-01 08:28:13.608741,1.585658910425779,5.2,44.9,0,12,0,normal
i-synthetic-01,2026-04-01 08:29:23.370426,1.606272273831545,5.0,46.9,0,12,0,normal
i-synthetic-01,2026-04-01 08:30:39.440684,1.5980798319873701,5.0,44.6,0,12,0,normal
i-synthetic-01,2026-04-01 08:31:50.370613,1.6764529258690863,5.0,45.6,0,12,0,normal
i-synthetic-01,2026-04-01 08:33:03.043248,1.6310398641785842,10.3,39.5,0,12,0,normal
i-synthetic-01,2026-04-01 08:34:13.255515,1.6146008979174626,7.2,46.0,0,12,0,normal
i-synthetic-01,2026-04-01 08:35:21.599263,1.6286450368152952,5.1,39.9,0,12,0,normal
i-synthetic-01,2026-04-01 08:36:30.392872,1.5569580204152997,8.1,48.2,0,12,0,normal
i-synthetic-01,2026-04-01 08:37:41.234970,1.6042084045059468,5.0,46.4,0,12,0,normal
i-synthetic-01,2026-04-01 08:38:52.015944,1.5916944918928533,10.1,44.9,0,12,0,normal
i-synthetic-01,2026-04-01 08:40:06.735267,1.5980787080578462,5.0,48.1,0,12,0,normal
i-synthetic-01,2026-04-01 08:41:21.231654,1.6764529258690863,5.0,42.5,0,12,0,normal
i-synthetic-01,2026-04-01 08:42:34.933920,1.5965597962678766,8.8,44.4,0,12,0,normal
i-synthetic-01,2026-04-01 08:43:47.246429,1.6060398641785845,5.0,46.6,0,12,0,normal
i-synthetic-01,2026-04-01 08:45:09.607830,1.6050199353589316,6.8,43.7,0,12,0,normal
i-synthetic-01,2026-04-01 08:46:32.172875,1.568051779071513,5.0,44.5,0,12,0,normal
i-synthetic-01,2026-04-01 08:47:44.494868,1.6173592228690898,10.4,46.5,0,12,0,normal
i-synthetic-01,2026-04-01 08:48:56.610412,1.5916748362386277,9.1,40.8,0,12,0,normal
i-synthetic-01,2026-04-01 08:50:07.411952,1.591963326129162,5.0,43.6,0,12,0,normal
i-synthetic-01,2026-04-01 08:51:18.232921,1.6583333333333332,5.0,48.5,0,12,0,normal
i-synthetic-01,2026-04-01 08:52:29.278919,1.6,5.0,44.9,0,12,0,normal
i-synthetic-01,2026-04-01 08:55:56.379373,1.5399999999999998,9.0,43.3,0,12,0,normal
i-synthetic-01,2026-04-01 09:49:51.479309,1.6020563549934168,8.2,40.2,0,12,0,normal
i-synthetic-01,2026-04-01 09:51:00.047013,1.5883117506614002,8.6,45.7,0,12,0,normal
i-synthetic-01,2026-04-01 09:52:07.606292,1.6159679782858474,7.7,42.6,0,12,0,normal
i-synthetic-01,2026-04-01 09:53:16.579745,1.6305784820402653,9.1,44.8,0,12,0,normal
i-synthetic-01,2026-04-01 09:54:24.559285,19.842213818900476,22.8,41.0,0,12,0,normal
i-synthetic-01,2026-03-30 18:39:43.796287,1.7726875384267815,5.0,39.3,0,10,0,normal
i-synthetic-01,2026-04-01 08:57:07.999851,1.1744336946808098,5.0,44.9,0,12,0,normal
i-synthetic-01,2026-04-01 09:55:32.193407,35.87377105512038,23.8,46.8,0,12,0,normal
i-synthetic-01,2026-04-01 09:56:40.784653,99.99500441276871,76.5,43.0,0,12,1,critical
i-synthetic-01,2026-04-01 09:57:50.234175,99.99750220638435,87.8,46.8,1,12,1,critical
i-synthetic-01,2026-04-01 09:58:59.633952,99.99555702647847,87.9,40.2,1,12,1,critical
i-synthetic-01,2026-04-01 10:00:08.201422,65.77585321854583,46.8,44.1,0,12,0,normal
i-synthetic-01,2026-04-01 10:01:17.596865,1.6666666666666665,5.3,46.5,0,12,0,normal
i-synthetic-01,2026-04-01 10:02:25.369336,1.4333333333333331,5.0,47.0,0,12,0,normal
i-synthetic-01,2026-04-01 10:03:33.645173,1.361111111111111,5.0,42.6,0,12,0,normal
i-synthetic-01,2026-04-01 10:04:41.782059,1.308587516194861,5.0,44.7,0,12,0,normal
i-synthetic-01,2026-04-01 10:05:49.649700,1.3715831829890262,5.0,47.1,0,12,0,normal
i-synthetic-01,2026-04-01 10:06:56.937759,1.559711078119005,5.0,43.8,0,12,0,normal
i-synthetic-01,2026-04-01 10:08:05.324571,1.5893481371507792,5.0,46.2,0,12,0,normal
i-synthetic-01,2026-04-01 10:09:13.151195,1.6020655547639053,5.0,46.0,0,12,0,normal
i-synthetic-01,2026-04-01 10:10:21.062619,1.5899857771444577,5.0,47.1,0,12,0,normal
i-synthetic-01,2026-04-01 10:19:14.696381,1.6024259276249575,5.0,45.7,0,12,0,normal
i-synthetic-01,2026-04-01 10:35:09.460356,1.614980405835637,5.0,40.1,0,12,0,normal
i-synthetic-01,2026-04-01 10:36:17.364511,1.5583333333333331,5.0,42.7,0,12,0,normal
i-synthetic-01,2026-04-01 10:37:25.260370,1.6034385598277079,5.3,48.6,0,12,0,normal
i-synthetic-01,2026-04-01 10:38:33.447677,1.5888627325914735,5.0,44.6,0,12,0,normal
i-synthetic-01,2026-04-01 10:39:41.228755,1.6037829960241257,11.0,40.6,0,12,0,normal
i-synthetic-01,2026-04-01 10:40:49.303254,1.5980263968193005,5.0,46.6,0,12,0,normal
i-synthetic-01,2026-04-01 10:41:56.847457,1.6597994895491015,7.6,42.9,0,12,0,normal
i-synthetic-01,2026-04-01 10:43:05.010103,1.6249984111029268,11.1,44.3,0,12,0,normal
i-synthetic-01,2026-04-01 10:44:12.633688,1.6086765778569463,5.0,41.1,0,12,0,normal
i-synthetic-01,2026-04-01 10:45:20.318472,1.61527459561889,5.0,48.8,0,12,0,normal
i-synthetic-01,2026-04-01 10:46:28.795889,1.5569580204152997,6.8,46.5,0,12,0,normal
i-synthetic-01,2026-03-30 18:40:51.693192,1.866887227551888,9.0,42.8,0,10,0,normal
i-synthetic-01,2026-03-30 18:41:26.213773,2.2916666666666665,6.9,37.0,0,10,0,normal
i-synthetic-01,2026-03-30 18:42:35.938983,2.2198667033003625,7.6,43.3,0,10,0,normal
i-synthetic-01,2026-03-30 18:43:47.125740,2.238927583670231,5.0,41.3,0,10,0,normal
i-synthetic-01,2026-03-30 18:44:58.674617,2.278646191457611,5.0,41.4,0,10,0,normal
i-synthetic-01,2026-03-30 18:47:15.931388,57.13333333333333,41.6,44.7,0,10,0,normal
i-synthetic-01,2026-03-30 18:48:29.744667,54.61845672228328,44.4,40.8,0,10,0,normal
i-synthetic-01,2026-03-30 18:49:39.751806,65.963425499708,57.5,42.1,0,10,0,normal
i-synthetic-01,2026-03-30 18:50:58.598691,63.40117301041681,59.2,35.3,0,10,0,normal
i-synthetic-01,2026-03-30 18:52:08.109810,2.191666666666667,7.9,37.2,0,10,0,normal
i-synthetic-01,2026-03-30 18:53:22.518604,45.96666666666667,29.4,44.4,0,10,0,normal
i-synthetic-01,2026-03-30 18:54:37.547328,51.06284572782171,36.8,37.7,0,10,0,normal
i-synthetic-01,2026-03-30 18:55:48.023164,41.264903418105106,30.5,36.0,0,10,0,normal
i-synthetic-01,2026-03-30 18:56:56.077651,2.1936409435158306,9.2,44.7,0,10,0,normal
i-synthetic-01,2026-03-30 18:58:10.535514,2.3051538050912486,5.0,35.3,0,10,0,normal
i-synthetic-01,2026-03-30 18:59:24.332685,45.69632690254562,37.7,44.3,0,10,0,normal
i-synthetic-01,2026-03-30 19:00:33.742311,41.36606675066407,35.3,39.6,0,10,0,normal
i-synthetic-01,2026-03-30 19:01:41.997241,2.166666666666667,6.9,35.5,0,10,0,normal
i-synthetic-01,2026-03-30 19:02:50.531846,2.0833000011110743,5.0,41.3,0,10,0,normal
i-synthetic-01,2026-03-30 19:04:03.964432,2.0978617294653037,9.8,38.4,0,10,0,normal
i-synthetic-01,2026-03-30 19:05:12.204942,2.0588129637656443,5.0,42.0,0,10,0,normal
i-synthetic-01,2026-03-30 19:06:25.669451,1.9166666666666663,5.0,40.2,0,10,0,normal
i-synthetic-01,2026-03-30 19:06:50.873600,1.9166666666666663,5.0,43.2,0,10,0,normal
i-synthetic-01,2026-03-30 19:08:03.851365,1.9666666666666663,5.0,40.9,0,10,0,normal
i-synthetic-01,2026-03-30 19:09:11.786129,1.9638888888888886,11.4,36.0,0,10,0,normal
i-synthetic-01,2026-03-30 19:10:25.296841,16.107951177273783,9.0,41.2,0,10,0,normal
i-synthetic-01,2026-03-30 19:11:36.273984,99.99833183198211,74.1,42.1,0,10,1,critical
i-synthetic-01,2026-03-30 19:12:48.738947,99.99583557996016,70.1,41.4,1,10,1,critical
i-synthetic-01,2026-03-30 19:13:57.188264,99.99388738393766,85.7,35.6,1,10,1,critical
i-synthetic-01,2026-03-30 19:18:42.342547,2.661111111111111,5.0,44.2,0,10,0,normal
i-synthetic-01,2026-04-01 08:57:29.376816,1.1744336946808098,6.8,42.4,0,12,0,normal
i-synthetic-01,2026-04-01 08:58:38.862543,1.2945187882077003,9.5,41.6,0,12,0,normal
i-synthetic-01,2026-04-01 08:59:48.187170,1.3788620483768965,5.0,48.0,0,12,0,normal
i-synthetic-01,2026-04-01 09:00:56.369995,1.4116955739443149,5.9,47.1,0,12,0,normal
i-synthetic-01,2026-04-01 10:11:10.264201,1.6681401905016098,5.0,45.2,0,12,0,normal
i-synthetic-01,2026-04-01 10:20:22.699315,1.6002740754332994,5.0,48.7,0,12,0,normal
i-synthetic-01,2026-04-01 10:21:30.741772,1.7333333333333332,5.0,44.1,0,12,0,normal
i-synthetic-01,2026-04-01 10:22:38.676894,1.6583333333333332,5.6,42.9,0,12,0,normal
i-synthetic-01,2026-04-01 10:23:46.280270,1.6661714559546474,5.1,44.7,0,12,0,normal
i-synthetic-01,2026-04-01 10:24:53.854699,1.645811887210118,10.7,47.8,0,12,0,normal
i-synthetic-01,2026-04-01 10:26:01.282665,1.6499828431014276,7.9,45.7,0,12,0,normal
i-synthetic-01,2026-04-01 10:47:36.526494,1.5958677035534385,5.0,45.9,0,12,0,normal
i-synthetic-01,2026-04-01 10:48:43.624891,1.5861340245911812,5.0,45.4,0,12,0,normal
i-synthetic-01,2026-04-01 10:49:51.106574,1.599654970344207,5.0,44.5,0,12,0,normal
i-synthetic-01,2026-04-01 10:50:59.227474,1.593334332089668,5.0,48.3,0,12,0,normal
i-synthetic-01,2026-04-01 10:52:07.086549,1.5957867312680358,5.0,43.7,0,12,0,normal
i-synthetic-01,2026-04-01 10:53:14.477087,1.6161477425256507,5.0,43.5,0,12,0,normal
i-synthetic-01,2026-04-01 10:54:22.365319,1.605867369503615,5.0,48.0,0,12,0,normal
i-synthetic-01,2026-04-01 10:55:30.014576,1.6180272289362254,5.0,47.5,0,12,0,normal
i-synthetic-01,2026-04-01 10:56:38.152948,1.809901914992994,5.0,47.8,0,12,0,normal
i-synthetic-01,2026-04-01 10:57:45.823190,48.404950957496496,38.6,42.0,0,12,0,normal
i-synthetic-01,2026-04-01 11:00:03.685156,79.3569803829986,65.3,43.4,0,12,0,normal
i-synthetic-01,2026-04-01 11:02:22.501911,53.31916519314283,35.2,40.9,0,12,0,normal
i-synthetic-01,2026-04-01 11:04:39.456851,27.472082596571415,17.6,43.4,0,12,0,normal
i-synthetic-01,2026-04-01 11:06:56.055151,1.5333333333333332,5.0,46.7,0,12,0,normal
i-synthetic-01,2026-04-01 11:09:13.221947,69.91108234817972,58.5,44.5,0,12,0,normal
i-synthetic-01,2026-04-01 11:11:31.036720,100.0,70.0,45.1,0,12,1,critical
i-synthetic-01,2026-03-30 19:15:06.497178,91.91144111493396,66.7,35.7,1,10,1,warning
i-synthetic-01,2026-03-30 19:17:30.059911,2.4458333333333333,5.0,44.5,0,10,0,normal
i-synthetic-01,2026-04-01 09:02:17.113406,1.5916666666666666,5.7,40.9,0,12,0,normal
i-synthetic-01,2026-04-01 10:11:33.980075,1.6681401905016098,5.0,41.9,0,12,0,normal
i-synthetic-01,2026-04-01 10:12:41.943664,1.6083861160990556,5.0,40.2,0,12,0,normal
i-synthetic-01,2026-04-01 10:13:49.609127,1.631084374550743,5.0,47.2,0,12,0,normal
i-synthetic-01,2026-04-01 10:14:57.277267,1.6108132809130573,5.1,45.3,0,12,0,normal
i-synthetic-01,2026-04-01 10:26:54.828708,1.5583333333333331,5.0,42.2,0,12,0,normal
i-synthetic-01,2026-04-01 10:58:54.707952,65.59496730499767,50.6,39.2,0,12,0,normal
i-synthetic-01,2026-04-01 11:01:12.612001,99.996663719619,85.5,45.3,0,12,1,critical
i-synthetic-01,2026-04-01 11:03:31.422653,36.10444346209522,21.0,44.8,0,12,0,normal
i-synthetic-01,2026-04-01 11:05:47.780210,22.309332743923797,16.1,41.1,0,12,0,normal
i-synthetic-01,2026-04-01 11:08:04.498655,59.88144313090629,42.3,41.7,0,12,0,normal
i-synthetic-01,2026-04-01 11:10:21.928460,75.92553254521044,67.5,42.2,0,12,0,normal
i-synthetic-01,2026-04-01 11:12:40.014238,99.99583333333334,82.7,46.9,0,12,1,critical
i-synthetic-01,2026-03-30 19:16:21.170001,2.108333333333333,11.6,41.5,0,10,0,normal
i-synthetic-01,2026-03-30 19:22:13.644771,2.216666666666667,5.0,39.7,0,10,0,normal
i-synthetic-01,2026-04-01 09:02:41.659200,1.5916666666666666,7.4,41.5,0,12,0,normal
i-synthetic-01,2026-04-01 10:15:18.143946,1.6183593819948623,5.0,43.7,0,12,0,normal
i-synthetic-01,2026-04-01 10:16:25.504663,1.551370377166497,5.0,45.4,0,12,0,normal
i-synthetic-01,2026-04-01 10:17:32.866138,1.5965185219165818,5.0,46.2,0,12,0,normal
i-synthetic-01,2026-04-01 10:27:14.950309,1.6076015491871067,5.0,46.4,0,12,0,normal
i-synthetic-01,2026-04-01 10:28:22.589048,1.597198526132745,5.0,39.5,0,12,0,normal
i-synthetic-01,2026-04-01 10:29:30.628420,1.6103988945995589,5.5,47.8,0,12,0,normal
i-synthetic-01,2026-04-01 10:30:38.811868,1.5966524490129805,5.0,46.2,0,12,0,normal
i-synthetic-01,2026-04-01 11:13:48.094760,99.99722222222222,81.5,39.0,0,12,1,critical
i-synthetic-01,2026-03-30 19:19:56.087716,2.5495016984713756,5.0,36.2,0,10,0,normal
i-synthetic-01,2026-03-31 16:57:40.431559,2.3147734226104397,5.0,40.2,0,11,0,normal
i-synthetic-01,2026-03-31 16:58:48.546123,1.8487378372958487,5.0,37.7,0,11,0,normal
i-synthetic-01,2026-03-31 17:02:34.813150,0.0010467955688276,5.0,37.5,0,11,0,normal
i-synthetic-01,2026-03-31 17:07:09.352783,0.4289565078972376,5.0,45.3,0,11,0,normal
i-synthetic-01,2026-03-31 17:08:02.597770,0.4289565078972376,7.8,44.3,0,11,0,normal
i-synthetic-01,2026-03-31 17:09:10.854856,34.186837632076326,26.5,42.2,0,11,0,normal
i-synthetic-01,2026-03-31 17:10:18.347769,47.34947010566106,39.4,39.9,0,11,0,normal
i-synthetic-01,2026-03-31 17:11:27.573710,99.99500441276871,78.1,40.6,0,11,1,critical
i-synthetic-01,2026-03-31 17:12:36.620783,99.99333553971769,87.9,38.0,1,11,1,critical
i-synthetic-01,2026-03-31 17:13:44.812801,88.3650014709229,67.0,41.0,0,11,1,warning
i-synthetic-01,2026-03-31 17:14:55.560212,66.36966916414603,62.5,41.7,0,11,0,normal
i-synthetic-01,2026-03-31 17:16:04.616508,0.3996469785023229,5.0,45.6,0,11,0,normal
i-synthetic-01,2026-03-31 17:17:12.235602,0.46672591973141897,5.0,40.7,0,11,0,normal
i-synthetic-01,2026-03-31 17:18:19.924456,23.461150613154278,22.3,43.2,0,11,0,normal
i-synthetic-01,2026-03-31 17:19:27.295266,42.59586295986571,30.4,45.6,0,11,0,normal
i-synthetic-01,2026-03-31 17:20:34.746864,54.07569125044631,44.8,40.2,0,11,0,normal
i-synthetic-01,2026-03-31 17:21:44.961292,99.996663719619,75.5,44.1,0,11,1,critical
i-synthetic-01,2026-03-31 17:22:56.564894,99.9983318598095,81.2,41.7,1,11,1,critical
i-synthetic-01,2026-03-31 17:24:10.316203,87.51093539465532,78.5,37.6,0,11,1,warning
i-synthetic-01,2026-03-31 17:25:20.407441,89.99874831572426,80.1,41.3,0,11,1,warning
i-synthetic-01,2026-03-31 17:26:29.648224,99.95,77.2,45.0,1,11,1,critical
i-synthetic-01,2026-03-31 17:27:39.540127,90.01870527299114,66.1,42.8,1,11,1,warning
i-synthetic-01,2026-03-31 17:28:48.867720,63.798015172807766,42.8,37.8,0,11,0,normal
i-synthetic-01,2026-03-31 17:29:57.805917,50.38809471293916,43.8,45.4,0,11,0,normal
i-synthetic-01,2026-03-31 17:31:06.413421,99.975,74.9,41.8,0,11,1,critical
i-synthetic-01,2026-03-31 17:32:15.168630,99.98500220638435,84.4,41.0,1,11,1,critical
i-synthetic-01,2026-03-31 17:33:23.832102,99.9900014709229,70.1,38.4,1,11,1,critical
i-synthetic-01,2026-03-31 17:34:32.587282,99.99166703309693,86.7,41.0,1,11,1,critical
i-synthetic-01,2026-03-31 17:35:41.166113,95.54166695981088,70.7,42.7,1,11,1,critical
i-synthetic-01,2026-03-31 17:36:50.048322,0.507884701846702,9.5,47.0,0,11,0,normal
i-synthetic-01,2026-03-31 17:37:58.963674,0.5039423509233509,5.0,43.0,0,11,0,normal
i-synthetic-01,2026-03-31 17:39:06.204166,9.456665279568119,10.5,40.9,0,11,0,normal
i-synthetic-01,2026-03-31 17:40:14.010819,27.564331356236067,27.6,37.0,0,11,0,normal
i-synthetic-01,2026-03-31 17:41:22.022649,99.98667843404992,81.1,37.7,0,11,1,critical
i-synthetic-01,2026-03-31 17:42:31.083238,99.99333921702495,89.8,45.6,1,11,1,critical
i-synthetic-01,2026-03-31 17:43:39.973215,99.99278170023887,75.6,40.6,1,11,1,critical
i-synthetic-01,2026-03-31 17:44:48.934589,91.0487529418458,63.2,37.6,1,11,1,warning
i-synthetic-01,2026-03-31 17:45:57.759690,72.91733568680998,48.3,43.9,0,11,0,normal
i-synthetic-01,2026-03-31 17:47:07.069712,0.44605067809898735,6.3,44.4,0,11,0,normal
i-synthetic-01,2026-03-31 17:48:14.825153,0.45847822984376935,5.0,45.3,0,11,0,normal
i-synthetic-01,2026-03-31 17:49:22.907336,5.247860137755082,5.0,46.4,0,11,0,normal
i-synthetic-01,2026-03-31 17:50:31.194132,24.198288110204068,22.0,43.4,0,11,0,normal
i-synthetic-01,2026-03-31 17:51:39.298823,99.98499974999582,86.7,40.5,0,11,1,critical
i-synthetic-01,2026-03-31 17:52:47.860540,99.99249987499792,88.2,44.6,1,11,1,critical
i-synthetic-01,2026-03-31 17:53:56.391811,99.9922221388875,88.2,44.6,1,11,1,critical
i-synthetic-01,2026-03-31 17:55:05.504487,99.9946671939433,77.1,46.5,1,11,1,critical
i-synthetic-01,2026-03-31 17:56:14.387902,99.99500441276871,89.3,43.8,1,11,1,critical
i-synthetic-01,2026-03-31 17:57:22.858684,99.99583406619385,87.3,42.1,1,11,1,critical
i-synthetic-01,2026-03-31 17:58:31.694819,99.9972227107959,71.0,44.7,1,11,1,critical
i-synthetic-01,2026-03-31 17:59:40.659150,95.22411684292894,69.7,38.4,1,11,1,critical
i-synthetic-01,2026-03-31 18:00:49.143366,76.26262680767648,59.1,43.6,0,11,0,normal
i-synthetic-01,2026-03-31 18:01:57.799808,0.5166666666666667,8.4,41.1,0,11,0,normal
i-synthetic-01,2026-03-31 18:03:05.434575,0.46930253039957964,5.0,38.9,0,11,0,normal
i-synthetic-01,2026-03-31 18:04:13.675272,0.45206363964261526,5.0,38.6,0,11,0,normal
i-synthetic-01,2026-03-31 18:05:20.897404,0.4615626563396729,5.0,40.4,0,11,0,normal
i-synthetic-01,2026-03-31 18:06:28.639021,0.3916666666666666,5.0,46.6,0,11,0,normal
i-synthetic-01,2026-03-31 18:07:36.603612,0.4460543619085747,5.0,39.1,0,11,0,normal
i-synthetic-01,2026-03-31 18:08:44.382608,0.4307029079390498,10.1,37.9,0,11,0,normal
i-synthetic-01,2026-03-31 18:09:52.783624,1.0827600880046087,7.2,37.5,0,11,0,normal
i-synthetic-01,2026-03-31 18:11:01.617806,20.86420626878223,11.3,45.7,0,11,0,normal
i-synthetic-01,2026-03-31 18:12:10.506696,99.99750220638435,73.8,44.5,0,11,1,critical
i-synthetic-01,2026-03-31 18:13:19.421411,99.99833480425623,77.6,42.2,1,11,1,critical
i-synthetic-01,2026-03-31 18:14:27.887783,99.99708593517673,72.1,39.7,1,11,1,critical
i-synthetic-01,2026-03-31 18:15:36.976927,92.40717063317125,76.2,45.4,1,11,1,warning
i-synthetic-01,2026-03-31 18:16:46.295519,0.4246249146587181,5.0,45.9,0,11,0,normal
i-synthetic-01,2026-03-31 18:17:54.786767,0.45836313542834645,5.0,42.0,0,11,0,normal
i-synthetic-01,2026-03-31 18:19:03.311336,0.43324043064047296,5.0,39.0,0,11,0,normal
i-synthetic-01,2026-03-31 18:20:11.384823,4.71379162911732,5.0,44.1,0,11,0,normal
i-synthetic-01,2026-03-31 18:21:26.248518,99.99166666666666,88.7,37.5,0,11,1,critical
i-synthetic-01,2026-03-31 18:22:35.405114,99.99583333333334,81.8,39.4,1,11,1,critical
i-synthetic-01,2026-03-31 18:23:44.781635,99.99722222222222,83.6,37.9,1,11,1,critical
i-synthetic-01,2026-03-31 18:24:54.235162,99.99791666666667,76.7,44.2,1,11,1,critical
i-synthetic-01,2026-03-31 18:27:07.273280,99.9983318598095,73.1,38.6,1,11,1,critical
i-synthetic-01,2026-03-31 18:28:15.777536,99.9972227107959,82.5,46.8,1,11,1,critical
i-synthetic-01,2026-03-31 18:29:24.277753,99.99791703309693,84.1,45.1,1,11,1,critical
i-synthetic-01,2026-03-31 18:30:33.477904,95.73556818366973,78.6,40.0,1,11,1,critical
i-synthetic-01,2026-03-31 18:31:42.460246,0.525,5.0,39.2,0,11,0,normal
i-synthetic-01,2026-03-31 18:32:50.695708,0.45416666666666666,5.0,46.1,0,11,0,normal
i-synthetic-01,2026-03-31 18:33:58.523858,0.4694444444444444,5.0,42.0,0,11,0,normal
i-synthetic-01,2026-03-31 18:35:06.192164,0.44999999999999996,5.0,39.3,0,11,0,normal
i-synthetic-01,2026-03-31 18:36:14.012478,0.3833333333333333,8.0,37.3,0,11,0,normal
i-synthetic-01,2026-03-31 18:37:22.258443,0.47916666666666663,5.0,44.3,0,11,0,normal
i-synthetic-01,2026-03-31 18:38:29.494011,0.48055555555555557,5.0,40.2,0,11,0,normal
i-synthetic-01,2026-03-31 18:39:37.568637,0.45824854570483353,5.0,37.5,0,11,0,normal
i-synthetic-01,2026-03-31 18:40:46.046297,0.4650174660427485,5.0,44.4,0,11,0,normal
i-synthetic-01,2026-03-31 18:41:53.603397,0.5166666666666667,5.0,41.2,0,11,0,normal
i-synthetic-01,2026-03-31 18:43:01.351806,0.45416666666666666,5.0,41.0,0,11,0,normal
i-synthetic-01,2026-03-31 18:44:09.389766,0.4457503496969293,8.9,44.4,0,11,0,normal
i-synthetic-01,2026-03-31 18:45:17.308266,0.456598613118654,5.0,44.7,0,11,0,normal
i-synthetic-01,2026-03-31 18:46:26.449699,0.3920129447678782,5.0,44.0,0,11,0,normal
i-synthetic-01,2026-03-31 18:47:34.627824,0.4374638759675,5.0,37.1,0,11,0,normal
i-synthetic-01,2026-03-31 18:48:42.191052,0.42231138582882594,6.5,46.3,0,11,0,normal
i-synthetic-01,2026-03-31 18:49:49.655638,0.4396502060382861,5.0,40.5,0,11,0,normal
i-synthetic-01,2026-03-31 18:50:57.351136,0.43172016483062886,5.0,38.8,0,11,0,normal
i-synthetic-01,2026-03-31 18:52:04.784707,0.507884701846702,5.0,46.8,0,11,0,normal
i-synthetic-01,2026-03-31 18:53:12.652785,0.46107699331597124,5.0,46.7,0,11,0,normal
i-synthetic-01,2026-03-31 18:54:20.167150,0.44372441165364507,5.0,38.2,0,11,0,normal
i-synthetic-01,2026-03-31 18:55:28.034621,0.4583128626562494,9.3,40.5,0,11,0,normal
i-synthetic-01,2026-03-31 18:56:35.596826,0.39999999999999997,5.0,38.6,0,11,0,normal
i-synthetic-01,2026-03-31 18:57:43.337619,0.44166666666666665,5.9,43.1,0,11,0,normal
i-synthetic-01,2026-03-31 18:58:51.200589,0.4248847777056193,5.0,40.5,0,11,0,normal
i-synthetic-01,2026-03-31 18:59:58.801406,0.44377409756683517,5.0,41.0,0,11,0,normal
i-synthetic-01,2026-03-31 19:02:10.307787,0.45393867361608353,5.0,37.5,0,11,0,normal
i-synthetic-01,2026-03-31 19:03:17.993307,0.4638793341592113,5.0,37.9,0,11,0,normal
i-synthetic-01,2026-03-31 19:04:25.941964,0.44790950061940843,5.0,40.8,0,11,0,normal
i-synthetic-01,2026-03-31 19:05:33.792315,0.4549942671621935,8.1,44.5,0,11,0,normal
i-synthetic-01,2026-03-31 19:06:41.314447,0.39999999999999997,5.0,43.1,0,11,0,normal
i-synthetic-01,2026-03-31 19:07:49.327325,0.4541666666666666,5.0,37.9,0,11,0,normal
i-synthetic-01,2026-03-31 19:08:56.592056,0.4332181110389526,5.0,41.7,0,11,0,normal
i-synthetic-01,2026-03-31 19:10:04.712378,0.4458537470905811,6.2,40.4,0,11,0,normal
i-synthetic-01,2026-03-31 19:11:12.701222,0.517114832855141,5.0,45.1,0,11,0,normal
i-synthetic-01,2026-03-31 19:12:20.383916,0.45838090567873196,7.8,37.7,0,11,0,normal
i-synthetic-01,2026-03-31 19:13:28.277334,0.46962105585181285,5.0,38.6,0,11,0,normal
i-synthetic-01,2026-03-31 19:14:36.223068,0.4500460418347408,5.0,41.2,0,11,0,normal
i-synthetic-01,2026-03-31 19:15:44.020940,0.4584571047073876,5.0,37.9,0,11,0,normal
i-synthetic-01,2026-03-31 19:16:51.580955,0.40833333333333327,5.5,38.5,0,11,0,normal
i-synthetic-01,2026-03-31 19:17:59.207432,0.4539501876151779,5.0,42.7,0,11,0,normal
i-synthetic-01,2026-03-31 19:19:06.679499,0.44583216899481365,5.0,45.7,0,11,0,normal
i-synthetic-01,2026-03-31 19:20:14.196681,0.43659513089631546,5.0,41.1,0,11,0,normal
i-synthetic-01,2026-03-31 19:21:22.279548,0.508782758102991,7.1,42.6,0,11,0,normal
i-synthetic-01,2026-03-31 19:22:30.134057,0.4500518789432578,5.0,45.1,0,11,0,normal
i-synthetic-01,2026-03-31 19:23:37.848669,0.46684860501233283,5.0,38.7,0,11,0,normal
i-synthetic-01,2026-03-31 19:24:45.791585,0.45212969306452994,5.0,44.6,0,11,0,normal
i-synthetic-01,2026-03-31 19:25:53.555968,0.461703754451624,5.3,39.0,0,11,0,normal
i-synthetic-01,2026-03-31 19:27:01.460210,0.42916666666666664,8.4,46.7,0,11,0,normal
i-synthetic-01,2026-03-31 19:28:09.309021,0.4167820927004038,5.0,39.2,0,11,0,normal
i-synthetic-01,2026-03-31 19:29:17.095706,0.4355032361919695,5.0,45.3,0,11,0,normal
i-synthetic-01,2026-03-31 19:30:24.468858,0.42666678891028054,9.6,45.4,0,11,0,normal
i-synthetic-01,2026-03-31 19:31:32.419430,0.5171234590554991,9.1,38.4,0,11,0,normal
i-synthetic-01,2026-03-31 19:32:39.978842,0.45439506286108283,8.5,40.7,0,11,0,normal
i-synthetic-01,2026-03-31 19:33:47.613437,0.466674290043757,5.0,42.2,0,11,0,normal
i-synthetic-01,2026-03-31 19:34:55.295538,0.4479223841994844,5.0,46.7,0,11,0,normal
i-synthetic-01,2026-03-31 19:36:02.464795,0.3916666666666666,5.0,42.6,0,11,0,normal
i-synthetic-01,2026-03-31 19:37:10.535922,0.4458333333333333,5.0,42.6,0,11,0,normal
i-synthetic-01,2026-03-31 19:38:17.852097,0.42766472760644475,5.0,46.1,0,11,0,normal
i-synthetic-01,2026-03-31 19:39:25.722268,0.4437718325534357,5.0,43.4,0,11,0,normal
i-synthetic-01,2026-03-31 19:40:33.835122,0.43335079937608184,5.0,45.6,0,11,0,normal
i-synthetic-01,2026-03-31 19:41:41.703012,0.5,6.4,41.0,0,11,0,normal
i-synthetic-01,2026-03-31 19:42:49.526679,0.44999999999999996,9.3,42.7,0,11,0,normal
i-synthetic-01,2026-03-31 19:43:57.718735,0.4666666666666666,6.3,45.5,0,11,0,normal
i-synthetic-01,2026-03-31 19:45:05.637498,0.44366726058648187,5.0,44.8,0,11,0,normal
i-synthetic-01,2026-03-31 19:46:13.752416,0.3833333333333333,5.0,45.5,0,11,0,normal
i-synthetic-01,2026-03-31 19:47:21.723562,0.4458333333333333,5.0,37.8,0,11,0,normal
i-synthetic-01,2026-03-31 19:48:29.909785,0.42777777777777776,5.0,45.0,0,11,0,normal
i-synthetic-01,2026-03-31 19:49:37.521977,0.44156203512511377,5.0,43.7,0,11,0,normal
i-synthetic-01,2026-03-31 19:50:44.868746,0.428249628100091,5.0,44.2,0,11,0,normal
i-synthetic-01,2026-03-31 19:51:52.480118,0.4754120237539201,5.0,39.4,0,11,0,normal
i-synthetic-01,2026-03-31 19:52:59.812693,0.44585894600071946,5.0,42.8,0,11,0,normal
i-synthetic-01,2026-03-31 19:54:07.835056,0.44377936401948154,5.0,40.4,0,11,0,normal
i-synthetic-01,2026-03-31 19:55:15.841441,0.4534437624551802,5.0,46.7,0,11,0,normal
i-synthetic-01,2026-03-31 19:56:23.847779,0.3830013987877173,6.0,42.7,0,11,0,normal
i-synthetic-01,2026-03-31 19:57:31.476122,0.4415006993938586,8.9,40.4,0,11,0,normal
i-synthetic-01,2026-03-31 19:58:38.758412,0.4277827887198131,6.6,38.8,0,11,0,normal
i-synthetic-01,2026-03-31 19:59:46.340060,0.4437537582065265,5.0,40.5,0,11,0,normal
i-synthetic-01,2026-03-31 20:00:53.489238,0.43326850979575476,5.0,38.9,0,11,0,normal
i-synthetic-01,2026-03-31 20:02:01.349372,0.5087742710348969,5.0,38.8,0,11,0,normal
i-synthetic-01,2026-03-31 20:03:10.036466,0.4584803125671879,5.0,37.9,0,11,0,normal
i-synthetic-01,2026-03-31 20:04:18.049009,0.4417769010920576,5.0,38.5,0,11,0,normal
i-synthetic-01,2026-03-31 20:05:25.365914,0.4517548542069794,5.0,37.2,0,11,0,normal
i-synthetic-01,2026-03-31 20:06:33.549104,0.3829950210647261,5.0,40.3,0,11,0,normal
i-synthetic-01,2026-03-31 20:07:40.634485,0.4498308438656964,5.0,37.6,0,11,0,normal
i-synthetic-01,2026-03-31 20:08:48.856472,0.4305582108330903,5.0,43.8,0,11,0,normal
i-synthetic-01,2026-03-31 20:09:56.768525,0.4437519914581511,5.0,43.4,0,11,0,normal
i-synthetic-01,2026-03-31 20:12:08.136907,0.4499488233072901,5.0,42.4,0,11,0,normal
i-synthetic-01,2026-03-31 20:13:24.165915,0.46371285704888415,5.0,41.3,0,11,0,normal
i-synthetic-01,2026-03-31 20:14:31.465371,0.44787138462959364,5.0,44.3,0,11,0,normal
i-synthetic-01,2026-03-31 20:15:39.495104,0.4549637743703416,5.0,37.9,0,11,0,normal
i-synthetic-01,2026-03-31 20:16:47.465467,0.39999999999999997,5.0,42.7,0,11,0,normal
i-synthetic-01,2026-03-31 20:17:55.943686,0.44999999999999996,5.0,37.8,0,11,0,normal
i-synthetic-01,2026-03-31 20:19:03.726751,0.4333333333333333,5.0,44.2,0,11,0,normal
i-synthetic-01,2026-03-31 20:20:11.665328,0.43999999999999995,5.0,45.7,0,11,0,normal
i-synthetic-01,2026-03-31 20:21:19.898676,0.5,5.0,38.1,0,11,0,normal
i-synthetic-01,2026-03-31 20:22:27.595878,0.44999999999999996,5.0,44.0,0,11,0,normal
i-synthetic-01,2026-03-31 20:23:35.595570,0.4666666666666666,5.0,43.9,0,11,0,normal
i-synthetic-01,2026-03-31 20:24:43.197495,0.44999999999999996,5.7,38.3,0,11,0,normal
i-synthetic-01,2026-03-31 20:25:50.663938,0.45999999999999996,5.0,41.2,0,11,0,normal
i-synthetic-01,2026-03-31 20:26:59.129993,0.3913209997835246,5.0,43.0,0,11,0,normal
i-synthetic-01,2026-03-31 20:28:07.316111,0.43046510440087354,5.0,46.9,0,11,0,normal
i-synthetic-01,2026-03-31 20:29:15.245443,0.4436821616339885,5.0,40.5,0,11,0,normal
i-synthetic-01,2026-03-31 20:30:22.928120,0.435016458451268,5.0,43.8,0,11,0,normal
i-synthetic-01,2026-03-31 20:31:30.822786,0.507884701846702,5.0,44.9,0,11,0,normal
i-synthetic-01,2026-03-31 20:32:38.818658,0.45411917378354416,5.0,38.8,0,11,0,normal
i-synthetic-01,2026-03-31 20:33:46.677604,0.48885722696680717,5.0,46.4,0,11,0,normal
i-synthetic-01,2026-03-31 20:34:55.134684,0.46655632860450985,5.0,37.6,0,11,0,normal
i-synthetic-01,2026-03-31 20:36:02.893197,0.39200640555147787,5.0,43.1,0,11,0,normal
i-synthetic-01,2026-03-31 20:37:10.412405,0.44183653610907225,7.8,39.8,0,11,0,normal
i-synthetic-01,2026-03-31 20:38:18.040124,0.43066880185049256,5.0,41.7,0,11,0,normal
i-synthetic-01,2026-03-31 20:39:26.349197,0.4437282928104461,5.0,44.8,0,11,0,normal
i-synthetic-01,2026-03-31 20:40:34.075876,0.43505336339243417,5.0,40.2,0,11,0,normal
i-synthetic-01,2026-03-31 20:41:41.662870,0.5,5.0,39.2,0,11,0,normal
i-synthetic-01,2026-03-31 20:42:49.620116,0.4458333333333333,5.0,40.6,0,11,0,normal
i-synthetic-01,2026-03-31 20:43:57.861963,0.4637417965981901,5.0,39.0,0,11,0,normal
i-synthetic-01,2026-03-31 20:45:05.589703,0.45998247376965795,5.0,42.5,0,11,0,normal
i-synthetic-01,2026-03-31 20:46:13.650345,0.3913144836313983,5.0,37.1,0,11,0,normal
i-synthetic-01,2026-03-31 20:47:21.458455,0.43732793632727435,9.2,40.8,0,11,0,normal
i-synthetic-01,2026-03-31 20:48:29.232668,0.4276630686626273,5.0,37.1,0,11,0,normal
i-synthetic-01,2026-03-31 20:49:36.870156,0.4458578157845912,5.0,37.3,0,11,0,normal
i-synthetic-01,2026-03-31 20:50:44.305431,0.4316862526276729,5.0,45.2,0,11,0,normal
i-synthetic-01,2026-03-31 20:51:52.049122,0.5083333333333333,5.0,38.4,0,11,0,normal
i-synthetic-01,2026-03-31 20:52:59.886035,0.44999999999999996,5.0,39.0,0,11,0,normal
i-synthetic-01,2026-03-31 20:54:07.813554,0.44999999999999996,5.0,44.7,0,11,0,normal
i-synthetic-01,2026-03-31 20:55:15.142643,0.458246548881821,7.0,39.1,0,11,0,normal
i-synthetic-01,2026-03-31 20:56:22.909014,0.4003536457203863,5.0,37.8,0,11,0,normal
i-synthetic-01,2026-03-31 20:57:30.858212,0.44601015619352646,5.0,46.6,0,11,0,normal
i-synthetic-01,2026-03-31 20:58:38.394406,0.4305557636297919,5.0,38.7,0,11,0,normal
i-synthetic-01,2026-03-31 20:59:46.513677,0.44594216177183765,5.0,45.4,0,11,0,normal
i-synthetic-01,2026-03-31 21:00:53.579207,0.4350192326480037,7.3,39.4,0,11,0,normal
i-synthetic-01,2026-03-31 21:02:01.673328,0.45438713551744847,5.0,41.5,0,11,0,normal
i-synthetic-01,2026-03-31 21:03:09.132439,0.46403586812274344,6.6,40.1,0,11,0,normal
i-synthetic-01,2026-03-31 21:04:16.657699,0.4501102344253909,5.0,40.6,0,11,0,normal
i-synthetic-01,2026-03-31 21:05:25.752831,0.45675485420697937,5.0,45.4,0,11,0,normal
i-synthetic-01,2026-03-31 21:06:33.333692,0.3916666666666666,5.0,43.3,0,11,0,normal
i-synthetic-01,2026-03-31 21:07:40.634906,0.4416666666666666,5.0,42.6,0,11,0,normal
i-synthetic-01,2026-03-31 21:08:48.112855,0.425,5.0,39.4,0,11,0,normal
i-synthetic-01,2026-03-31 21:09:56.381802,0.44375,5.0,44.9,0,11,0,normal
i-synthetic-01,2026-03-31 21:11:04.293817,0.5,5.0,42.3,0,11,0,normal
i-synthetic-01,2026-03-31 21:12:11.619464,0.4458333333333333,5.0,39.0,0,11,0,normal
i-synthetic-01,2026-03-31 21:13:18.977110,0.4637417965981901,5.0,44.0,0,11,0,normal
i-synthetic-01,2026-03-31 21:14:27.142405,0.4498896807819759,6.8,45.6,0,11,0,normal
i-synthetic-01,2026-03-31 21:15:35.211294,0.4566638756746741,5.0,38.0,0,11,0,normal
i-synthetic-01,2026-03-31 21:16:43.069894,0.39999999999999997,5.3,38.7,0,11,0,normal
i-synthetic-01,2026-03-31 21:17:51.005266,0.44166666666666665,5.0,37.9,0,11,0,normal
i-synthetic-01,2026-03-31 21:18:59.237841,0.425,5.0,42.2,0,11,0,normal
i-synthetic-01,2026-03-31 21:20:06.912465,0.4458333333333333,5.0,37.5,0,11,0,normal
i-synthetic-01,2026-03-31 21:21:15.223078,0.5,7.5,38.7,0,11,0,normal
i-synthetic-01,2026-03-31 21:22:23.342716,0.4456637580763338,5.0,43.3,0,11,0,normal
i-synthetic-01,2026-03-31 21:23:31.559142,0.4611402211823587,5.0,38.7,0,11,0,normal
i-synthetic-01,2026-03-31 21:24:38.572517,0.4479384992201023,5.0,42.9,0,11,0,normal
i-synthetic-01,2026-03-31 21:25:46.470632,0.4566841327094152,5.0,42.5,0,11,0,normal
i-synthetic-01,2026-03-31 21:26:53.921313,0.3833333333333333,9.5,44.2,0,11,0,normal
i-synthetic-01,2026-03-31 21:28:01.727203,0.43749999999999994,5.0,46.0,0,11,0,normal
i-synthetic-01,2026-03-31 21:29:09.819591,0.44169076423350184,5.0,37.5,0,11,0,normal
i-synthetic-01,2026-03-31 21:30:17.788102,0.43328200708726605,5.0,37.5,0,11,0,normal
i-synthetic-01,2026-03-31 21:31:26.094907,0.508782758102991,5.0,46.8,0,11,0,normal
i-synthetic-01,2026-03-31 21:32:34.257790,0.44589207844535417,5.0,38.7,0,11,0,normal
i-synthetic-01,2026-03-31 21:33:42.038724,0.4612924347617056,5.0,44.7,0,11,0,normal
i-synthetic-01,2026-03-31 21:34:50.117238,0.45004406005625913,5.0,45.5,0,11,0,normal
i-synthetic-01,2026-03-31 21:35:57.370487,0.45845551928460226,5.0,38.9,0,11,0,normal
i-synthetic-01,2026-03-31 21:37:04.724926,0.4416666666666666,7.9,42.0,0,11,0,normal
i-synthetic-01,2026-03-31 21:38:12.945145,0.42777777777777776,5.0,37.2,0,11,0,normal
i-synthetic-01,2026-03-31 21:39:20.467128,0.4458333333333333,5.0,43.7,0,11,0,normal
i-synthetic-01,2026-03-31 21:40:28.082254,0.4383333333333333,5.0,37.0,0,11,0,normal
i-synthetic-01,2026-03-31 21:41:35.307193,0.5,5.0,39.5,0,11,0,normal
i-synthetic-01,2026-03-31 21:42:43.682626,0.44566049989176226,5.0,44.9,0,11,0,normal
i-synthetic-01,2026-03-31 21:43:51.947085,0.4639210189780025,7.3,37.9,0,11,0,normal
i-synthetic-01,2026-03-31 21:44:59.723345,0.45002409756683515,7.8,38.0,0,11,0,normal
i-synthetic-01,2026-03-31 21:46:07.228250,0.3916666666666666,5.0,46.2,0,11,0,normal
i-synthetic-01,2026-03-31 21:47:15.227279,0.44583750006944556,5.0,44.7,0,11,0,normal
i-synthetic-01,2026-03-31 21:48:23.511271,0.4250027778240748,5.0,39.0,0,11,0,normal
i-synthetic-01,2026-03-31 21:49:31.520291,0.4438605106717193,5.0,44.8,0,11,0,normal
i-synthetic-01,2026-03-31 21:50:39.036868,0.4350884085373754,5.0,42.7,0,11,0,normal
i-synthetic-01,2026-03-31 21:51:47.677127,0.507884701846702,6.2,46.8,0,11,0,normal
i-synthetic-01,2026-03-31 21:52:55.321760,0.45411917378354416,5.0,42.5,0,11,0,normal
i-synthetic-01,2026-03-31 21:54:02.706796,0.46649036399206456,7.6,46.4,0,11,0,normal
i-synthetic-01,2026-03-31 21:55:09.988691,0.4616507700158369,5.0,43.5,0,11,0,normal
i-synthetic-01,2026-03-31 21:56:18.451449,0.3913275161526676,6.0,43.5,0,11,0,normal
i-synthetic-01,2026-03-31 21:57:25.944397,0.4414970914096671,5.0,46.2,0,11,0,normal
i-synthetic-01,2026-03-31 21:58:33.301928,0.425000196123604,5.0,38.8,0,11,0,normal
i-synthetic-01,2026-03-31 21:59:41.327627,0.44166681375936967,9.5,40.0,0,11,0,normal
i-synthetic-01,2026-03-31 22:00:49.220749,0.43326284670796034,5.0,40.1,0,11,0,normal
i-synthetic-01,2026-03-31 22:01:56.978568,0.5171234590554991,5.0,40.9,0,11,0,normal
i-synthetic-01,2026-03-31 22:03:04.687937,0.46670370850189674,5.0,40.9,0,11,0,normal
i-synthetic-01,2026-03-31 22:04:12.284100,0.45211111470975585,5.0,37.2,0,11,0,normal
i-synthetic-01,2026-03-31 22:05:20.073342,0.4617773031979013,5.0,44.5,0,11,0,normal
i-synthetic-01,2026-03-31 22:06:28.035245,0.40795937057697107,5.0,37.2,0,11,0,normal
i-synthetic-01,2026-03-31 22:07:36.308190,0.454209062217337,5.0,43.3,0,11,0,normal
i-synthetic-01,2026-03-31 22:08:44.360539,0.43324637473939953,5.0,46.3,0,11,0,normal
i-synthetic-01,2026-03-31 22:09:56.778391,0.44796012010404335,8.5,37.3,0,11,0,normal
i-synthetic-01,2026-03-31 22:11:04.632148,0.5087742710348969,8.4,40.2,0,11,0,normal
i-synthetic-01,2026-03-31 22:12:12.357733,0.4625366034874083,5.0,44.2,0,11,0,normal
i-synthetic-01,2026-03-31 22:13:19.972872,0.47239152105759713,5.0,46.2,0,11,0,normal
i-synthetic-01,2026-03-31 22:14:27.988078,0.4522103074598645,8.8,37.6,0,11,0,normal
i-synthetic-01,2026-03-31 22:15:35.443142,0.4616816543472961,10.2,41.4,0,11,0,normal
i-synthetic-01,2026-03-31 22:16:43.298166,0.4003469673717221,5.0,45.2,0,11,0,normal
i-synthetic-01,2026-03-31 22:17:50.752076,0.4460068170191943,7.3,40.1,0,11,0,normal
i-synthetic-01,2026-03-31 22:18:58.372041,0.42789343356835174,9.1,45.1,0,11,0,normal
i-synthetic-01,2026-03-31 22:20:06.305553,0.4458118356505194,5.0,45.6,0,11,0,normal
i-synthetic-01,2026-03-31 22:21:14.330296,0.5083333333333333,5.0,41.3,0,11,0,normal
i-synthetic-01,2026-03-31 22:22:22.885305,0.45851043126264984,5.0,41.2,0,11,0,normal
i-synthetic-01,2026-03-31 22:23:30.955668,0.4667847319528777,6.0,42.8,0,11,0,normal
i-synthetic-01,2026-03-31 22:24:38.911720,0.44583889866158755,5.0,40.2,0,11,0,normal
i-synthetic-01,2026-03-31 22:25:46.563916,0.45842597313624944,5.0,43.7,0,11,0,normal
i-synthetic-01,2026-03-31 22:26:54.554912,0.40833333333333327,9.5,37.3,0,11,0,normal
i-synthetic-01,2026-03-31 22:28:02.162699,0.4414570601524209,5.5,46.9,0,11,0,normal
i-synthetic-01,2026-03-31 22:29:10.088223,0.44373176626818,5.0,37.6,0,11,0,normal
i-synthetic-01,2026-03-31 22:30:18.277439,0.43165207968121067,5.7,39.9,0,11,0,normal
i-synthetic-01,2026-03-31 22:31:26.277813,0.525,5.0,42.2,0,11,0,normal
i-synthetic-01,2026-03-31 22:32:33.925667,0.4625,9.3,46.9,0,11,0,normal
i-synthetic-01,2026-03-31 22:33:41.526271,0.46930225523010227,5.0,38.0,0,11,0,normal
i-synthetic-01,2026-03-31 22:34:49.686326,0.44789475237641924,5.0,40.8,0,11,0,normal
i-synthetic-01,2026-03-31 22:35:56.878644,0.4599824685678021,8.4,45.0,0,11,0,normal
i-synthetic-01,2026-03-31 22:37:04.314381,0.4456204622660361,5.0,37.6,0,11,0,normal
i-synthetic-01,2026-03-31 22:38:11.756320,0.42218873548102054,5.0,41.4,0,11,0,normal
i-synthetic-01,2026-03-31 22:39:19.655184,0.4332071947200707,5.0,43.9,0,11,0,normal
i-synthetic-01,2026-03-31 22:40:27.183649,0.4249670368863521,9.1,37.3,0,11,0,normal
i-synthetic-01,2026-03-31 22:41:35.617030,0.5166666666666667,5.0,37.7,0,11,0,normal
i-synthetic-01,2026-03-31 22:42:45.768120,0.45399709140966715,5.0,42.1,0,11,0,normal
i-synthetic-01,2026-03-31 22:43:59.233494,0.469475964011329,5.0,43.2,0,11,0,normal
i-synthetic-01,2026-03-31 22:45:07.595651,0.44670159124104697,5.0,44.8,0,11,0,normal
i-synthetic-01,2026-03-31 22:46:20.497510,0.40833333333333327,5.0,44.7,0,11,0,normal
i-synthetic-01,2026-03-31 22:47:28.517327,0.44978712893270273,5.0,45.1,0,11,0,normal
i-synthetic-01,2026-03-31 22:48:37.149478,0.42485808595513513,5.0,37.3,0,11,0,normal
i-synthetic-01,2026-03-31 22:49:44.662228,0.44364356446635134,5.0,45.2,0,11,0,normal
i-synthetic-01,2026-03-31 22:50:52.356408,0.42997990795527896,5.0,46.9,0,11,0,normal
i-synthetic-01,2026-03-31 22:52:00.239510,0.4912409245320722,5.0,46.6,0,11,0,normal
i-synthetic-01,2026-03-31 22:53:08.055158,0.45816275153854075,5.0,46.1,0,11,0,normal
i-synthetic-01,2026-03-31 22:54:15.774269,0.439538524586714,5.0,37.7,0,11,0,normal
i-synthetic-01,2026-03-31 22:55:23.445002,0.45163081966937124,5.0,39.3,0,11,0,normal
i-synthetic-01,2026-03-31 22:56:31.973319,0.399653633517618,5.0,42.7,0,11,0,normal
i-synthetic-01,2026-03-31 22:57:39.631542,0.4456601500921423,6.1,41.1,0,11,0,normal
i-synthetic-01,2026-03-31 22:58:47.109791,0.4276601463939893,5.0,46.0,0,11,0,normal
i-synthetic-01,2026-03-31 22:59:55.743411,0.4437704488449857,5.0,45.0,0,11,0,normal
i-synthetic-01,2026-03-31 23:01:04.180217,0.5333333333333333,10.4,42.6,0,11,0,normal
i-synthetic-01,2026-03-31 23:02:15.821331,0.46249999999999997,5.0,42.9,0,11,0,normal
i-synthetic-01,2026-04-01 04:02:09.759577,0.4498271665584289,5.0,46.4,0,12,0,normal
i-synthetic-01,2026-04-01 04:30:56.033882,0.44007530056940347,5.0,41.2,0,12,0,normal
i-synthetic-01,2026-04-01 04:32:04.901351,0.5333333333333333,5.0,47.6,0,12,0,normal
i-synthetic-01,2026-04-01 04:33:12.441230,34.70118798897529,32.1,46.8,0,12,0,normal
i-synthetic-01,2026-04-01 04:34:19.627547,51.02589099173147,33.0,41.8,0,12,0,normal
i-synthetic-01,2026-04-01 04:35:28.531400,60.82071279338518,46.6,43.4,0,12,0,normal
i-synthetic-01,2026-04-01 04:36:37.540759,9.633157377649741,5.0,45.6,0,12,0,normal
i-synthetic-01,2026-04-01 04:37:45.385921,54.09157868882487,45.9,40.1,0,12,0,normal
i-synthetic-01,2026-04-01 04:38:53.672169,69.39438579254991,51.3,48.0,0,12,0,normal
i-synthetic-01,2026-04-01 04:40:02.111026,77.0432893860784,69.9,41.7,0,12,0,normal
i-synthetic-01,2026-04-01 04:41:10.893515,99.99166666666666,77.5,41.9,0,12,1,critical
i-synthetic-01,2026-04-01 04:42:19.790197,76.18979856346722,54.1,47.8,0,12,0,normal
i-synthetic-01,2026-04-01 04:43:29.061630,83.83572478684563,62.9,44.9,0,12,1,warning
i-synthetic-01,2026-04-01 04:44:38.443509,87.86637692346756,61.3,45.5,0,12,1,warning
i-synthetic-01,2026-04-01 04:45:47.173542,90.28476820544071,67.6,40.7,1,12,1,warning
i-synthetic-01,2026-04-01 04:46:55.540167,14.433333333333334,13.1,43.9,0,12,0,normal
i-synthetic-01,2026-04-01 04:48:03.389441,13.495833333333334,17.4,47.9,0,12,0,normal
i-synthetic-01,2026-04-01 04:49:10.723762,34.32674002031621,33.7,40.3,0,12,0,normal
i-synthetic-01,2026-04-01 04:50:18.509741,47.46039289880671,28.6,41.3,0,12,0,normal
i-synthetic-01,2026-04-01 04:51:28.189386,100.0,71.5,45.7,0,12,1,critical
i-synthetic-01,2026-04-01 04:52:36.789833,99.99583333333334,75.4,39.8,1,12,1,critical
i-synthetic-01,2026-04-01 04:53:45.148374,99.99722222222222,81.7,42.2,1,12,1,critical
i-synthetic-01,2026-04-01 04:54:53.576042,76.30321459153488,56.8,39.8,0,12,0,normal
i-synthetic-01,2026-04-01 04:57:05.692421,99.998334776527,78.8,46.7,0,12,1,critical
i-synthetic-01,2026-04-01 04:58:14.415472,99.99722173865395,70.1,48.0,1,12,1,critical
i-synthetic-01,2026-04-01 04:59:23.296415,99.99791630399046,85.5,45.6,1,12,1,critical
i-synthetic-01,2026-04-01 05:00:31.479641,94.92818774818178,73.8,48.8,1,12,1,warning
i-synthetic-01,2026-04-01 05:01:40.449297,2.1314505520123888,9.2,47.1,0,12,0,normal
i-synthetic-01,2026-04-01 05:02:48.424830,2.178225276006194,5.0,39.8,0,12,0,normal
i-synthetic-01,2026-04-01 05:03:55.949045,2.182705739559685,11.1,47.8,0,12,0,normal
i-synthetic-01,2026-04-01 05:05:04.424453,3.9899048867882847,5.0,43.0,0,12,0,normal
i-synthetic-01,2026-04-01 05:06:13.155065,100.0,89.8,41.2,0,12,1,critical
i-synthetic-01,2026-04-01 05:07:21.611405,99.99583333333334,77.0,46.4,1,12,1,critical
i-synthetic-01,2026-04-01 05:08:30.179514,99.99722222222222,79.4,48.8,1,12,1,critical
i-synthetic-01,2026-04-01 05:09:39.192143,99.99666776985885,75.6,48.2,1,12,1,critical
i-synthetic-01,2026-04-01 05:10:47.816859,99.99666695981088,72.2,45.9,1,12,1,critical
i-synthetic-01,2026-04-01 05:11:56.681759,100.0,79.7,42.9,1,12,1,critical
i-synthetic-01,2026-04-01 05:13:06.314907,99.99388338393443,89.6,41.9,1,12,1,critical
i-synthetic-01,2026-04-01 05:14:15.417906,99.99541253795083,80.0,41.5,1,12,1,critical
i-synthetic-01,2026-04-01 05:15:23.980162,97.894663363694,88.0,41.8,1,12,1,critical
i-synthetic-01,2026-04-01 05:16:33.522405,2.12312457329359,5.0,47.9,0,12,0,normal
i-synthetic-01,2026-04-01 05:17:41.903769,2.1541941114253493,5.0,44.3,0,12,0,normal
i-synthetic-01,2026-04-01 05:18:49.649634,2.1416849631724553,5.0,40.4,0,12,0,normal
i-synthetic-01,2026-04-01 05:19:58.088598,2.157868997807304,8.6,46.1,0,12,0,normal
i-synthetic-01,2026-04-01 05:21:06.316114,2.233333333333333,5.0,46.2,0,12,0,normal
i-synthetic-01,2026-04-01 05:22:13.578556,2.1657050481503064,11.4,39.5,0,12,0,normal
i-synthetic-01,2026-04-01 05:23:22.110902,2.172236733242343,5.7,43.5,0,12,0,normal
i-synthetic-01,2026-04-01 05:24:29.797545,2.1537142092160564,5.0,43.3,0,12,0,normal
i-synthetic-01,2026-04-01 05:25:37.511826,2.17131217305294,5.0,48.4,0,12,0,normal
i-synthetic-01,2026-04-01 05:26:48.995528,93.94131482809814,75.3,43.4,0,12,1,warning
i-synthetic-01,2026-04-01 05:27:57.864291,96.97065741404907,75.7,41.0,1,12,1,critical
i-synthetic-01,2026-04-01 05:29:06.608408,98.4828264549977,76.5,49.0,1,12,1,critical
i-synthetic-01,2026-04-01 05:30:15.357144,98.78626116399816,73.6,48.5,1,12,1,critical
i-synthetic-01,2026-04-01 05:31:24.116765,8.408473474557908,5.0,41.6,0,12,0,normal
i-synthetic-01,2026-04-01 05:32:32.399629,5.333403403945621,12.4,42.3,0,12,0,normal
i-synthetic-01,2026-04-01 05:33:40.352410,4.300704887721133,5.0,43.0,0,12,0,normal
i-synthetic-01,2026-04-01 05:34:48.112198,3.7567786657908497,5.0,47.7,0,12,0,normal
i-synthetic-01,2026-04-01 05:35:55.299788,3.4466998047289947,5.0,45.8,0,12,0,normal
i-synthetic-01,2026-04-01 05:37:03.482471,2.1509320038256017,5.4,39.3,0,12,0,normal
i-synthetic-01,2026-04-01 05:38:11.272916,2.133954669217068,11.4,47.7,0,12,0,normal
i-synthetic-01,2026-04-01 05:39:20.002734,2.158297287089475,5.0,47.2,0,12,0,normal
i-synthetic-01,2026-04-01 05:40:27.994826,2.152020674231684,6.5,41.0,0,12,0,normal
i-synthetic-01,2026-04-01 05:41:36.015799,2.1980583817627766,5.9,41.6,0,12,0,normal
i-synthetic-01,2026-04-01 05:42:44.291770,2.1615291908813883,10.0,44.1,0,12,0,normal
i-synthetic-01,2026-04-01 05:43:53.445031,2.1916825463133165,7.7,42.4,0,12,0,normal
i-synthetic-01,2026-04-01 05:45:01.553513,2.1996123786031037,9.7,40.9,0,12,0,normal
i-synthetic-01,2026-04-01 05:46:10.393531,1.0092248152534737,5.0,48.6,0,12,0,normal
i-synthetic-01,2026-04-01 05:47:18.687409,1.3462790742934034,5.0,39.8,0,12,0,normal
i-synthetic-01,2026-04-01 05:48:26.303192,1.6225193828622688,10.3,45.2,0,12,0,normal
i-synthetic-01,2026-04-01 05:49:35.448736,1.793972870480035,6.4,44.3,0,12,0,normal
i-synthetic-01,2026-04-01 05:50:44.515276,1.866844963050695,5.0,41.9,0,12,0,normal
i-synthetic-01,2026-04-01 05:51:53.190226,2.283333333333333,5.0,48.3,0,12,0,normal
i-synthetic-01,2026-04-01 05:53:01.883776,2.2521109593932764,5.0,45.9,0,12,0,normal
i-synthetic-01,2026-04-01 05:54:15.037394,2.1078332195449576,6.3,39.4,0,12,0,normal
i-synthetic-01,2026-04-01 05:55:24.365334,2.1379332423026325,8.2,43.2,0,12,0,normal
i-synthetic-01,2026-04-01 05:56:34.271144,2.13521944384206,5.0,48.0,0,12,0,normal
i-synthetic-01,2026-04-01 05:57:43.610588,2.2082878009192317,5.0,39.7,0,12,0,normal
i-synthetic-01,2026-04-01 05:58:52.119763,2.0332842753103315,7.1,41.2,0,12,0,normal
i-synthetic-01,2026-04-01 06:00:00.798551,2.1025663826746546,5.3,44.9,0,12,0,normal
i-synthetic-01,2026-04-01 06:01:08.879474,2.3062577014020715,5.0,46.9,0,12,0,normal
i-synthetic-01,2026-04-01 06:02:16.989237,2.254119742503658,5.0,42.5,0,12,0,normal
i-synthetic-01,2026-04-01 06:03:25.473978,2.2659612108922915,5.0,47.7,0,12,0,normal
i-synthetic-01,2026-04-01 06:04:33.379854,2.2499571710347497,11.0,40.0,0,12,0,normal
i-synthetic-01,2026-04-01 06:05:41.929290,9.108299070161134,6.0,40.8,0,12,0,normal
i-synthetic-01,2026-04-01 06:06:49.960357,100.0,86.1,40.8,0,12,1,critical
i-synthetic-01,2026-04-01 06:07:58.556657,99.99249987499792,88.9,45.5,1,12,1,critical
i-synthetic-01,2026-04-01 06:09:07.521914,99.99416660416563,73.6,49.0,1,12,1,critical
i-synthetic-01,2026-04-01 06:10:16.732511,93.1903332833325,71.2,39.4,1,12,1,warning
i-synthetic-01,2026-04-01 06:11:25.664407,2.283333333333333,8.0,41.2,0,12,0,normal
i-synthetic-01,2026-04-01 06:12:33.311253,2.225,5.0,39.8,0,12,0,normal
i-synthetic-01,2026-04-01 06:13:40.900785,2.221570113066791,5.0,41.8,0,12,0,normal
i-synthetic-01,2026-04-01 06:14:48.113756,2.2062379714749896,5.0,43.0,0,12,0,normal
i-synthetic-01,2026-04-01 06:15:55.887088,5.691657043846658,5.0,41.5,0,12,0,normal
i-synthetic-01,2026-04-01 06:17:03.246426,99.99333553971769,87.5,41.8,0,12,1,critical
i-synthetic-01,2026-04-01 06:18:12.524116,99.99555702647847,89.5,40.3,1,12,1,critical
i-synthetic-01,2026-04-01 06:19:21.238244,99.99666776985885,78.8,48.1,1,12,1,critical
i-synthetic-01,2026-04-01 06:20:30.013655,99.99666695981088,84.5,39.4,1,12,1,critical
i-synthetic-01,2026-04-01 06:21:39.153710,99.99500441276871,83.2,43.5,1,12,1,critical
i-synthetic-01,2026-04-01 06:22:47.913149,99.99750220638435,78.8,40.3,1,12,1,critical
i-synthetic-01,2026-04-01 06:23:57.334520,99.99833480425623,74.8,44.7,1,12,1,critical
i-synthetic-01,2026-04-01 06:25:06.847450,96.83679004292867,79.7,44.6,1,12,1,critical
i-synthetic-01,2026-04-01 06:26:15.921875,1.9934275276494235,5.0,40.8,0,12,0,normal
i-synthetic-01,2026-04-01 06:27:23.223928,2.046713763824712,5.0,44.7,0,12,0,normal
i-synthetic-01,2026-04-01 06:28:30.854393,2.0305541400536797,7.6,45.3,0,12,0,normal
i-synthetic-01,2026-04-01 06:29:38.919824,2.0395822717069265,5.0,43.2,0,12,0,normal
i-synthetic-01,2026-04-01 06:30:47.235463,2.0019929396568985,5.0,46.2,0,12,0,normal
i-synthetic-01,2026-04-01 06:31:55.459997,0.6916666666666665,5.0,48.7,0,12,0,normal
i-synthetic-01,2026-04-01 06:33:03.365229,1.5160758459656931,8.5,46.6,0,12,0,normal
i-synthetic-01,2026-04-01 06:34:11.482416,1.6120568844742698,5.0,41.3,0,12,0,normal
i-synthetic-01,2026-04-01 06:35:19.031583,1.8613121742460823,11.3,48.6,0,12,0,normal
i-synthetic-01,2026-04-01 06:36:27.075925,100.0,88.5,46.1,0,12,1,critical
i-synthetic-01,2026-04-01 06:37:35.670352,100.0,87.3,43.4,1,12,1,critical
i-synthetic-01,2026-04-01 06:38:44.725225,99.99833480425623,72.9,45.9,1,12,1,critical
i-synthetic-01,2026-04-01 06:39:53.627292,99.99791703309693,83.7,41.4,1,12,1,critical
i-synthetic-01,2026-04-01 06:42:06.612022,2.15,11.2,39.7,0,12,0,normal
i-synthetic-01,2026-04-01 06:43:14.589074,2.157693481868794,5.0,47.8,0,12,0,normal
i-synthetic-01,2026-04-01 06:44:22.180278,2.1245201114015955,5.8,39.5,0,12,0,normal
i-synthetic-01,2026-04-01 06:45:29.965170,2.124616089121276,5.0,44.3,0,12,0,normal
i-synthetic-01,2026-04-01 06:46:38.487813,2.05181243431698,5.0,47.8,0,12,0,normal
i-synthetic-01,2026-04-01 06:47:46.230502,2.096739550491823,5.0,44.2,0,12,0,normal
i-synthetic-01,2026-04-01 06:48:19.367643,2.058354012019221,11.5,41.6,0,12,0,normal
i-synthetic-01,2026-04-01 06:48:37.168899,2.058354012019221,5.1,40.0,0,12,0,normal
i-synthetic-01,2026-04-01 06:49:38.995486,2.0650593185461688,5.0,43.3,0,12,0,normal
i-synthetic-01,2026-04-01 06:50:46.606689,2.042047454836935,9.8,48.1,0,12,0,normal
i-synthetic-01,2026-04-01 06:51:04.985107,2.058333333333333,9.1,46.6,0,12,0,normal
i-synthetic-01,2026-04-01 06:51:51.467626,2.058333333333333,5.0,41.2,0,12,0,normal
i-synthetic-01,2026-04-01 06:52:59.991488,2.01606603981298,5.0,39.1,0,12,0,normal
i-synthetic-01,2026-04-01 06:54:07.496019,1.9916398346289477,5.0,45.2,0,12,0,normal
i-synthetic-01,2026-04-01 06:58:15.087941,1.8755191949074312,5.0,43.7,0,12,0,normal
i-synthetic-01,2026-04-01 06:59:24.499074,14.198306062847239,12.5,43.4,0,12,0,normal
i-synthetic-01,2026-04-01 07:00:33.556056,31.357645732831532,16.9,46.2,0,12,0,normal
i-synthetic-01,2026-04-01 07:01:42.652668,100.0,87.4,46.9,0,12,1,critical
i-synthetic-01,2026-04-01 07:02:52.201123,100.0,75.8,39.8,1,12,1,critical
i-synthetic-01,2026-04-01 07:04:02.212521,94.10708443652551,83.3,46.4,1,12,1,warning
i-synthetic-01,2026-04-01 07:05:13.195240,90.35064160964045,74.2,44.5,1,12,1,warning
i-synthetic-01,2026-04-01 07:06:23.955787,99.96666666666667,90.0,42.3,1,12,1,critical
i-synthetic-01,2026-04-01 07:07:34.019482,99.95416666666667,78.1,40.8,1,12,1,critical
i-synthetic-01,2026-04-01 07:08:43.959588,86.16111111111111,73.0,42.5,0,12,1,warning
i-synthetic-01,2026-04-01 07:09:54.998038,67.94711722063101,63.9,45.9,0,12,0,normal
i-synthetic-01,2026-04-01 07:11:08.077883,7.776464123357701,5.0,45.9,0,12,0,normal
i-synthetic-01,2026-04-01 07:12:20.356403,5.06844124645874,5.0,41.6,0,12,0,normal
i-synthetic-01,2026-04-01 07:13:31.956924,4.109516386528049,12.4,46.1,0,12,0,normal
i-synthetic-01,2026-04-01 07:14:43.965665,3.6571372898960366,5.0,44.6,0,12,0,normal
i-synthetic-01,2026-04-01 07:15:56.149175,3.3590431652501627,5.0,42.4,0,12,0,normal
i-synthetic-01,2026-04-01 07:17:15.669556,2.182395619980128,5.0,41.6,0,12,0,normal
i-synthetic-01,2026-04-01 07:18:31.293240,2.202152635542308,5.0,46.0,0,12,0,normal
i-synthetic-01,2026-04-01 07:19:43.925771,2.208356265236643,5.0,42.5,0,12,0,normal
i-synthetic-01,2026-04-01 07:20:53.589828,2.208351678855981,8.7,41.9,0,12,0,normal
i-synthetic-01,2026-04-01 07:22:04.759009,2.1624999999999996,11.7,39.1,0,12,0,normal
i-synthetic-01,2026-04-01 07:23:15.170560,2.172222222222222,5.0,44.2,0,12,0,normal
i-synthetic-01,2026-04-01 07:24:24.122293,2.1499999999999995,6.9,41.6,0,12,0,normal
i-synthetic-01,2026-04-01 07:25:33.664463,2.1599999999999993,9.3,41.0,0,12,0,normal
i-synthetic-01,2026-04-01 07:26:43.802126,2.0731687009808004,5.0,48.6,0,12,0,normal
i-synthetic-01,2026-04-01 07:27:53.256047,2.1208754743164464,5.0,48.9,0,12,0,normal
i-synthetic-01,2026-04-01 09:03:58.530606,1.6055555555555554,5.0,47.7,0,12,0,normal
i-synthetic-01,2026-04-01 09:05:06.711205,1.6030420905977496,5.0,47.0,0,12,0,normal
i-synthetic-01,2026-04-01 10:18:28.703994,1.5837901257221656,10.6,39.3,0,12,0,normal
i-synthetic-01,2026-04-01 10:31:59.433448,1.6568697650408806,8.1,43.3,0,12,0,normal
i-synthetic-01,2026-04-01 10:33:07.334880,1.621703302416086,5.0,43.8,0,12,0,normal
i-synthetic-01,2026-04-01 10:34:15.257468,1.6058608101453977,5.0,41.7,0,12,0,normal
i-synthetic-02,2026-03-30 03:16:40.162942,2.1666666666666665,5.0,37.3,0,10,0,normal
i-synthetic-02,2026-03-30 03:16:42.439242,2.1666666666666665,5.0,41.7,0,10,0,normal
i-synthetic-02,2026-03-30 03:17:51.597278,2.147222222222222,5.0,35.8,0,10,0,normal
i-synthetic-02,2026-03-30 03:17:53.680359,2.147222222222222,10.1,44.7,0,10,0,normal
i-synthetic-02,2026-03-30 03:19:02.380328,2.15,5.0,43.3,0,10,0,normal
i-synthetic-02,2026-03-30 03:19:04.739826,2.15,7.4,41.0,0,10,0,normal
i-synthetic-02,2026-03-30 03:20:13.298905,2.1446390568017186,5.0,44.7,0,10,0,normal
i-synthetic-02,2026-03-30 03:20:16.093017,2.1446390568017186,7.5,35.3,0,10,0,normal
i-synthetic-02,2026-03-30 03:21:24.103564,2.251914127007957,5.0,40.9,0,10,0,normal
i-synthetic-02,2026-03-30 03:21:26.950833,2.1917178335161345,5.0,44.5,0,10,0,normal
i-synthetic-02,2026-03-30 03:22:35.506124,2.2006627010899122,5.0,36.4,0,10,0,normal
i-synthetic-02,2026-03-30 03:22:37.512053,2.2006627010899122,7.9,41.3,0,10,0,normal
i-synthetic-02,2026-03-30 03:23:46.680296,2.1771327188117224,5.0,40.6,0,10,0,normal
i-synthetic-02,2026-03-30 03:23:48.100327,2.1771327188117224,5.0,41.4,0,10,0,normal
i-synthetic-02,2026-03-30 03:24:57.625391,2.185039508382711,6.0,37.2,0,10,0,normal
i-synthetic-02,2026-03-30 03:26:09.683774,2.293616240471067,5.0,37.4,0,10,0,normal
i-synthetic-02,2026-03-30 03:27:21.258903,2.255141453568867,11.6,38.9,0,10,0,normal
i-synthetic-02,2026-03-30 03:28:32.349312,2.2171540601177666,6.4,41.3,0,10,0,normal
i-synthetic-02,2026-03-30 03:29:43.843039,2.2087232480942136,5.0,42.8,0,10,0,normal
i-synthetic-02,2026-04-01 07:29:03.103717,2.1266226765728513,5.0,39.7,0,12,0,normal
i-synthetic-02,2026-03-30 03:46:34.726358,2.229166666666667,5.0,40.6,0,10,0,normal
i-synthetic-02,2026-03-30 03:47:44.619750,2.2604658155241,6.7,40.6,0,10,0,normal
i-synthetic-02,2026-03-30 03:48:19.852766,2.2604658155241,5.0,40.9,0,10,0,normal
i-synthetic-02,2026-03-30 03:49:30.712919,2.2679384894422356,5.0,39.1,0,10,0,normal
i-synthetic-02,2026-03-30 03:50:40.704390,2.2679384894422356,5.5,43.2,0,10,0,normal
i-synthetic-02,2026-03-30 03:51:44.821104,2.196793941516956,5.0,41.3,0,10,0,normal
i-synthetic-02,2026-03-30 03:52:55.218943,2.075121402164102,5.0,43.6,0,10,0,normal
i-synthetic-02,2026-03-30 03:54:05.636469,2.1000910516230764,5.0,44.3,0,10,0,normal
i-synthetic-02,2026-03-30 03:55:16.444062,2.0399348941781907,9.3,43.8,0,10,0,normal
i-synthetic-02,2026-03-30 03:56:27.197807,2.230504427683031,6.9,35.9,0,10,0,normal
i-synthetic-02,2026-03-30 03:57:37.024931,2.2092251740109097,5.0,42.2,0,10,0,normal
i-synthetic-02,2026-03-30 03:58:47.043569,2.2215022138415157,5.0,43.2,0,10,0,normal
i-synthetic-02,2026-03-30 03:59:58.045253,2.210167083890651,5.0,36.2,0,10,0,normal
i-synthetic-02,2026-03-30 04:01:08.477440,2.313004409684666,5.0,41.8,0,10,0,normal
i-synthetic-02,2026-03-30 04:02:18.569320,2.3468988366463894,5.0,36.8,0,10,0,normal
i-synthetic-02,2026-03-30 04:03:30.371308,1.8715808602231614,6.1,35.5,0,10,0,normal
i-synthetic-02,2026-03-30 04:04:41.232016,1.9252342473865354,5.0,40.1,0,10,0,normal
i-synthetic-02,2026-03-30 04:05:52.159479,1.9252342473865354,5.0,35.1,0,10,0,normal
i-synthetic-02,2026-03-30 04:07:02.875809,2.179203905334522,5.0,35.9,0,10,0,normal
i-synthetic-02,2026-03-30 04:08:13.370057,2.1777905204244,5.0,38.0,0,10,0,normal
i-synthetic-02,2026-03-30 04:09:23.992828,2.1546193086071788,5.0,43.6,0,10,0,normal
i-synthetic-02,2026-03-30 04:10:33.838717,2.1653621135524097,11.7,38.4,0,10,0,normal
i-synthetic-02,2026-03-30 04:11:44.281156,2.1949309753376296,6.8,41.1,0,10,0,normal
i-synthetic-02,2026-03-30 04:12:53.935222,2.2055849365351166,5.0,44.2,0,10,0,normal
i-synthetic-02,2026-03-30 04:14:04.124077,2.1916887024013376,5.0,39.9,0,10,0,normal
i-synthetic-02,2026-03-30 04:15:15.161562,2.2000176285877364,5.0,38.7,0,10,0,normal
i-synthetic-02,2026-03-30 04:16:25.673419,2.1481740520557526,5.0,43.5,0,10,0,normal
i-synthetic-02,2026-03-30 04:17:36.313191,2.157724684018584,5.0,35.4,0,10,0,normal
i-synthetic-02,2026-03-30 04:18:47.492577,2.1703768463472715,5.0,40.1,0,10,0,normal
i-synthetic-02,2026-03-30 04:19:58.066268,2.1549906962474443,5.0,41.9,0,10,0,normal
i-synthetic-02,2026-03-30 04:21:08.287358,2.2416666666666667,9.4,39.5,0,10,0,normal
i-synthetic-02,2026-03-30 04:22:19.202755,2.1791666666666667,5.0,39.3,0,10,0,normal
i-synthetic-02,2026-03-30 04:23:29.514296,2.1687499999999997,10.4,44.0,0,10,0,normal
i-synthetic-02,2026-03-30 04:24:39.882718,2.1783333333333332,5.0,41.4,0,10,0,normal
i-synthetic-02,2026-03-30 04:25:50.985189,2.1783333333333332,5.0,37.4,0,10,0,normal
i-synthetic-02,2026-03-30 04:27:02.010644,2.186548100781003,9.7,37.7,0,10,0,normal
i-synthetic-02,2026-03-30 04:28:12.489017,2.166634662726877,5.0,35.0,0,10,0,normal
i-synthetic-02,2026-03-30 04:29:23.118663,2.176590458086606,5.6,38.7,0,10,0,normal
i-synthetic-02,2026-03-30 04:30:33.335977,2.16663392379301,11.6,39.6,0,10,0,normal
i-synthetic-02,2026-03-30 04:31:44.066925,2.1708333333333334,9.5,39.2,0,10,0,normal
i-synthetic-02,2026-03-30 04:32:55.477910,2.25,5.0,37.4,0,10,0,normal
i-synthetic-02,2026-03-30 04:34:06.410760,2.220833333333333,5.0,39.6,0,10,0,normal
i-synthetic-02,2026-03-30 04:35:29.570334,2.1729964530149375,5.0,39.9,0,10,0,normal
i-synthetic-02,2026-03-30 04:36:28.705788,2.049999028347222,5.0,41.3,0,10,0,normal
i-synthetic-02,2026-03-30 04:37:39.822871,2.0694437966759254,5.0,42.7,0,10,0,normal
i-synthetic-02,2026-03-30 04:38:46.017989,2.043733125831,5.0,39.7,0,10,0,normal
i-synthetic-02,2026-03-30 04:39:56.754398,2.0370082865756878,10.3,42.3,0,10,0,normal
i-synthetic-02,2026-03-30 04:41:07.711386,1.883333333333333,5.0,36.7,0,10,0,normal
i-synthetic-02,2026-03-30 04:42:18.178771,1.932491132537343,9.0,41.1,0,10,0,normal
i-synthetic-02,2026-03-30 04:43:29.096828,1.9037527544093114,9.8,36.3,0,10,0,normal
i-synthetic-02,2026-03-30 04:44:41.299720,1.9083233044448804,5.0,44.9,0,10,0,normal
i-synthetic-02,2026-03-30 04:45:51.924380,1.9083233044448804,10.5,44.8,0,10,0,normal
i-synthetic-02,2026-03-30 04:47:02.103934,1.8250429340575929,5.0,36.8,0,10,0,normal
i-synthetic-02,2026-03-30 04:48:12.536257,1.7944730671495064,5.0,39.9,0,10,0,normal
i-synthetic-02,2026-03-30 04:49:23.330138,1.8021048003621298,10.0,40.2,0,10,0,normal
i-synthetic-02,2026-03-30 04:50:28.321459,1.776683840289704,8.7,40.5,0,10,0,normal
i-synthetic-02,2026-03-30 04:51:39.000674,1.715973089540557,10.9,42.5,0,10,0,normal
i-synthetic-02,2026-03-30 04:52:48.723271,1.719471225484627,7.9,42.1,0,10,0,normal
i-synthetic-02,2026-03-30 04:53:03.420707,1.719471225484627,5.0,36.0,0,10,0,normal
i-synthetic-02,2026-03-30 04:54:13.608084,1.6979367524468034,5.0,44.5,0,10,0,normal
i-synthetic-02,2026-03-30 04:55:24.388285,1.696682735290776,5.0,42.2,0,10,0,normal
i-synthetic-02,2026-03-30 04:56:34.552589,1.65,5.0,44.9,0,10,0,normal
i-synthetic-02,2026-03-30 04:57:44.950680,1.6356558036779847,6.2,44.5,0,10,0,normal
i-synthetic-02,2026-03-30 04:58:06.958552,1.6356558036779847,5.0,44.7,0,10,0,normal
i-synthetic-02,2026-03-30 04:59:17.705982,1.6541885157553693,5.0,36.1,0,10,0,normal
i-synthetic-02,2026-03-30 05:00:28.354874,1.6416841459376286,8.7,36.2,0,10,0,normal
i-synthetic-02,2026-03-30 05:29:59.560013,0.0001577347978801,5.0,39.1,0,10,0,normal
i-synthetic-02,2026-03-30 05:31:12.050313,7.59987333544441,5.0,39.2,0,10,0,normal
i-synthetic-02,2026-04-01 07:30:14.081399,2.1133287683121784,11.5,40.9,0,12,0,normal
i-synthetic-02,2026-04-01 07:31:24.295427,2.1980583817627766,5.0,44.8,0,12,0,normal
i-synthetic-02,2026-04-01 07:32:32.841628,2.1365291908813884,11.5,47.7,0,12,0,normal
i-synthetic-02,2026-04-01 07:33:41.652799,2.158334477741634,5.0,42.6,0,12,0,normal
i-synthetic-02,2026-04-01 07:34:50.707375,2.139124528231125,8.9,44.8,0,12,0,normal
i-synthetic-02,2026-04-01 07:37:06.865762,2.083333333333333,5.0,44.7,0,12,0,normal
i-synthetic-02,2026-04-01 07:38:15.984118,2.0688438175907575,5.0,47.2,0,12,0,normal
i-synthetic-02,2026-04-01 07:39:24.692562,2.076632863193068,9.5,43.8,0,12,0,normal
i-synthetic-02,2026-04-01 07:41:34.794834,2.12312457329359,5.0,46.2,0,12,0,normal
i-synthetic-02,2026-04-01 07:42:44.771523,2.065728953313462,10.0,41.2,0,12,0,normal
i-synthetic-02,2026-04-01 07:43:55.332149,2.077152635542308,10.9,45.8,0,12,0,normal
i-synthetic-02,2026-04-01 07:45:04.556194,2.0583065338072135,5.0,39.1,0,12,0,normal
i-synthetic-02,2026-04-01 07:46:16.689549,100.0,74.6,39.0,0,12,1,critical
i-synthetic-02,2026-04-01 09:06:15.028080,1.559711078119005,5.0,42.0,0,12,0,normal
i-synthetic-02,2026-04-01 09:07:24.017411,1.6048555390595025,5.0,48.8,0,12,0,normal
i-synthetic-02,2026-04-01 09:08:32.831247,1.5833390470322362,9.6,41.4,0,12,0,normal
i-synthetic-02,2026-04-01 09:09:42.428249,1.6003689824233254,5.0,45.4,0,12,0,normal
i-synthetic-02,2026-04-01 09:10:51.240812,1.5866912027904412,5.0,40.7,0,12,0,normal
i-synthetic-02,2026-04-01 09:12:01.936978,1.6583333333333332,9.1,47.9,0,12,0,normal
i-synthetic-02,2026-04-01 09:13:12.286236,1.6227109409608114,5.0,39.2,0,12,0,normal
i-synthetic-02,2026-04-01 09:14:21.273482,1.6086998723872752,5.0,44.3,0,12,0,normal
i-synthetic-02,2026-04-01 09:15:31.014942,1.6416465913306317,5.0,44.8,0,12,0,normal
i-synthetic-02,2026-04-01 09:16:40.776026,1.6347773866915773,8.1,39.5,0,12,0,normal
i-synthetic-02,2026-04-01 09:17:50.201674,1.6840553600124553,5.0,39.7,0,12,0,normal
i-synthetic-02,2026-04-01 09:19:00.195098,1.6583415375843336,7.7,39.1,0,12,0,normal
i-synthetic-02,2026-04-01 09:20:10.822621,1.6566715892172668,5.0,46.0,0,12,0,normal
i-synthetic-02,2026-04-01 09:21:19.783865,1.7083333333333333,7.4,45.4,0,12,0,normal
i-synthetic-02,2026-04-01 09:22:28.161315,1.6465332571549314,5.0,39.8,0,12,0,normal
i-synthetic-02,2026-03-30 05:32:24.149203,4.1919561519246535,5.0,41.6,0,10,0,normal
i-synthetic-02,2026-03-30 05:33:36.014987,2.9694829877112023,5.0,38.3,0,10,0,normal
i-synthetic-02,2026-03-30 05:34:48.578780,2.4062789074500683,5.0,35.3,0,10,0,normal
i-synthetic-02,2026-03-30 05:35:59.617641,5.376632265807724,5.0,35.9,0,10,0,normal
i-synthetic-02,2026-03-30 05:47:37.904106,1.9367682917286577,5.0,44.3,0,10,0,normal
i-synthetic-02,2026-03-30 05:48:49.787600,2.0362441933737343,5.3,39.9,0,10,0,normal
i-synthetic-02,2026-03-30 05:54:43.142581,0.0011623278607227,9.9,39.1,0,10,0,normal
i-synthetic-02,2026-03-30 06:07:15.589093,0.0011917222913862,5.0,36.0,0,10,0,normal
i-synthetic-02,2026-03-30 17:38:25.932061,0.45525957294579183,5.0,40.4,0,10,0,normal
i-synthetic-02,2026-03-30 17:39:39.214001,0.45337399890223234,9.2,42.4,0,10,0,normal
i-synthetic-02,2026-03-30 17:40:53.124015,0.45337399890223234,5.1,39.7,0,10,0,normal
i-synthetic-02,2026-03-30 17:42:05.929552,0.500033383081266,5.0,41.6,0,10,0,normal
i-synthetic-02,2026-03-30 17:43:18.894088,0.5029526705389248,5.0,39.3,0,10,0,normal
i-synthetic-02,2026-03-30 17:44:26.921884,0.4984564283047305,6.8,35.9,0,10,0,normal
i-synthetic-02,2026-03-30 17:52:18.415335,0.8751839155239717,8.2,40.8,0,10,0,normal
i-synthetic-02,2026-03-30 17:54:14.165759,0.6625919577619858,5.0,44.0,0,10,0,normal
i-synthetic-02,2026-03-30 17:55:27.015022,0.7000735662095886,5.0,36.6,0,10,0,normal
i-synthetic-02,2026-03-30 17:56:42.126850,0.449595364172245,6.9,43.1,0,10,0,normal
i-synthetic-02,2026-03-30 17:57:49.497310,0.42479768208612245,5.0,41.4,0,10,0,normal
i-synthetic-02,2026-03-30 17:58:56.881767,0.4472349764825531,9.5,44.2,0,10,0,normal
i-synthetic-02,2026-03-30 18:00:09.059706,0.43325485326976443,5.0,43.9,0,10,0,normal
i-synthetic-02,2026-03-30 18:08:53.865649,0.6277831692821448,5.0,44.1,0,10,0,normal
i-synthetic-02,2026-03-30 18:10:01.697469,0.5937540436282753,5.0,41.3,0,10,0,normal
i-synthetic-02,2026-03-30 18:12:13.795516,0.5,5.0,44.1,0,10,0,normal
i-synthetic-02,2026-03-30 18:13:26.193208,1.7831846427128941,5.0,40.7,0,10,0,normal
i-synthetic-02,2026-03-30 18:14:33.413307,1.8978051487013374,7.3,43.2,0,10,0,normal
i-synthetic-02,2026-03-30 18:15:43.026586,1.9457722742685744,5.0,44.2,0,10,0,normal
i-synthetic-02,2026-03-30 18:16:56.780215,2.396179471337686,11.8,44.1,0,10,0,normal
i-synthetic-02,2026-03-30 18:18:10.305780,2.748089735668843,5.2,36.5,0,10,0,normal
i-synthetic-02,2026-03-30 18:18:44.158658,2.661868551479854,8.5,38.1,0,10,0,normal
i-synthetic-02,2026-03-30 18:19:52.551519,2.561493329667676,5.0,43.0,0,10,0,normal
i-synthetic-02,2026-03-30 18:22:26.331345,2.295814166986106,5.0,40.1,0,10,0,normal
i-synthetic-02,2026-03-30 18:24:12.971970,2.2339653598018416,5.0,43.8,0,10,0,normal
i-synthetic-02,2026-03-30 18:25:37.416223,2.2316547345809417,10.7,43.7,0,10,0,normal
i-synthetic-02,2026-03-30 18:26:48.860962,1.88502986020752,5.0,43.6,0,10,0,normal
i-synthetic-02,2026-03-30 18:27:57.317022,2.4245144638567155,5.0,44.2,0,10,0,normal
i-synthetic-02,2026-03-30 18:29:10.667226,2.341342975904477,5.0,37.2,0,10,0,normal
i-synthetic-02,2026-03-30 18:30:19.793836,2.2868793183889147,5.0,43.2,0,10,0,normal
i-synthetic-02,2026-03-30 18:31:28.959691,2.2666666666666666,10.6,41.4,0,10,0,normal
i-synthetic-02,2026-03-30 18:32:42.975406,1.9451162584161765,5.0,35.4,0,10,0,normal
i-synthetic-02,2026-03-30 18:33:50.454601,2.0390665570506674,5.0,36.5,0,10,0,normal
i-synthetic-02,2026-03-30 18:35:04.496535,2.0642351427521994,5.0,35.9,0,10,0,normal
i-synthetic-02,2026-03-30 18:36:15.663899,2.2563402327943654,5.0,42.8,0,10,0,normal
i-synthetic-02,2026-04-01 07:47:26.631936,100.0,78.7,43.0,0,12,1,critical
i-synthetic-02,2026-04-01 07:48:57.112739,99.99722222222222,78.4,42.9,1,12,1,critical
i-synthetic-02,2026-04-01 07:50:11.435206,99.99666666666667,82.0,44.3,1,12,1,critical
i-synthetic-02,2026-04-01 07:51:23.982724,100.0,83.7,40.7,1,12,1,critical
i-synthetic-02,2026-04-01 07:52:38.132116,100.0,75.6,39.6,1,12,1,critical
i-synthetic-02,2026-04-01 09:23:36.471261,4.31991106032551,5.0,47.8,0,12,0,normal
i-synthetic-02,2026-04-01 09:24:44.285210,28.237849961910797,22.6,39.6,0,12,0,normal
i-synthetic-02,2026-04-01 09:25:52.272483,42.59027996952864,40.7,41.9,0,12,0,normal
i-synthetic-02,2026-04-01 09:27:00.962116,100.0,83.6,40.2,0,12,1,critical
i-synthetic-02,2026-04-01 09:28:09.773134,97.43333333333334,85.7,46.7,1,12,1,critical
i-synthetic-02,2026-04-01 09:29:18.551179,73.48333333333333,59.8,47.5,0,12,0,normal
i-synthetic-02,2026-04-01 09:30:26.868062,59.125,56.5,40.7,0,12,0,normal
i-synthetic-02,2026-04-01 09:31:35.865549,1.7318035735100659,5.1,41.6,0,12,0,normal
i-synthetic-02,2026-04-01 09:32:43.785419,1.6791201296245677,5.0,44.6,0,12,0,normal
i-synthetic-02,2026-04-01 09:33:51.914535,1.6860800864163785,5.0,40.7,0,12,0,normal
i-synthetic-02,2026-04-01 09:34:59.671963,39.241543798454586,31.0,43.6,0,12,0,normal
i-synthetic-02,2026-04-01 09:36:07.410240,100.0,81.2,45.5,0,12,1,critical
i-synthetic-02,2026-04-01 09:37:16.071752,99.9933275505438,79.2,41.9,1,12,1,critical
i-synthetic-02,2026-04-01 09:38:24.792300,99.99555170036253,87.4,46.5,1,12,1,critical
i-synthetic-02,2026-04-01 09:39:33.655014,99.9966637752719,73.9,48.3,1,12,1,critical
i-synthetic-02,2026-04-01 09:40:42.719636,99.99666493082832,76.4,45.3,1,12,1,critical
i-synthetic-02,2026-04-01 09:41:51.575089,99.99000016666388,81.6,39.0,1,12,1,critical
i-synthetic-02,2026-04-01 09:42:59.871407,99.99500008333195,70.6,40.4,1,12,1,critical
i-synthetic-02,2026-04-01 09:44:09.031529,77.5933333749993,69.5,42.8,0,12,0,normal
i-synthetic-02,2026-04-01 09:45:18.456534,62.40829473809977,57.7,46.6,0,12,0,normal
i-synthetic-02,2026-04-01 09:46:27.653806,1.5583333333333331,5.0,44.7,0,12,0,normal
i-synthetic-02,2026-04-01 09:47:35.782114,1.611764538546506,5.0,47.0,0,12,0,normal
i-synthetic-02,2026-04-01 09:48:43.574755,1.5888529177690003,5.0,45.8,0,12,0,normal
i-synthetic-02,2026-03-30 18:37:28.813605,2.204120539270721,11.6,39.2,0,10,0,normal
i-synthetic-02,2026-04-01 07:53:50.659735,99.99722222222222,75.9,40.1,0,12,1,critical
i-synthetic-02,2026-04-01 07:55:05.291322,90.52733421588707,72.0,41.1,1,12,1,warning
i-synthetic-02,2026-04-01 07:56:18.661224,0.4670792533404507,6.6,43.3,0,12,0,normal
i-synthetic-02,2026-04-01 07:57:29.973903,1.262706293336892,5.0,39.3,0,12,0,normal
i-synthetic-02,2026-04-01 07:58:42.963836,1.5029153066690393,5.0,46.7,0,12,0,normal
i-synthetic-02,2026-04-01 07:59:54.540044,1.6480198133351127,5.0,44.9,0,12,0,normal
i-synthetic-02,2026-04-01 08:01:04.779204,100.0,88.3,39.5,0,12,1,critical
i-synthetic-02,2026-04-01 08:02:15.980905,99.99583333333334,79.3,44.2,1,12,1,critical
i-synthetic-02,2026-04-01 08:03:26.377117,99.99722222222222,78.5,48.6,1,12,1,critical
i-synthetic-02,2026-04-01 08:04:37.581959,99.99791666666667,74.0,46.7,1,12,1,critical
i-synthetic-02,2026-04-01 08:05:48.780892,99.995,70.0,42.3,1,12,1,critical
i-synthetic-02,2026-04-01 08:07:00.781138,100.0,70.5,48.4,1,12,1,critical
i-synthetic-02,2026-04-01 08:08:12.138375,100.0,88.8,46.4,1,12,1,critical
i-synthetic-02,2026-04-01 08:09:23.177068,99.99791666666667,82.9,42.7,1,12,1,critical
i-synthetic-02,2026-04-01 08:10:33.983323,93.57333333333334,73.9,48.9,1,12,1,warning
i-synthetic-02,2026-04-01 08:11:45.737334,1.9482790201988243,5.0,48.7,0,12,0,normal
i-synthetic-02,2026-04-01 08:12:56.138854,1.8866395100994122,7.8,41.8,0,12,0,normal
i-synthetic-02,2026-04-01 08:14:06.538984,1.8791379569613946,5.0,48.6,0,12,0,normal
i-synthetic-02,2026-04-01 08:15:15.593829,1.8866436989024489,5.0,43.2,0,12,0,normal
i-synthetic-02,2026-04-01 08:16:25.638953,1.7916666666666667,7.7,42.2,0,12,0,normal
i-synthetic-02,2026-04-01 08:17:34.959794,1.8375,7.1,40.3,0,12,0,normal
i-synthetic-02,2026-04-01 08:18:45.258331,1.8083333333333333,5.0,48.0,0,12,0,normal
i-synthetic-02,2026-04-01 08:19:54.279048,1.825,5.0,44.3,0,12,0,normal
i-synthetic-02,2026-04-01 08:21:05.438509,99.98832301866649,88.2,41.7,0,12,1,critical
i-synthetic-02,2026-04-01 08:22:17.367749,99.99416150933325,76.7,49.0,1,12,1,critical
i-synthetic-02,2026-04-01 08:23:28.364807,99.99332989511106,73.7,48.5,1,12,1,critical
i-synthetic-02,2026-04-01 08:24:40.483538,99.9949974213333,84.0,39.3,1,12,1,critical
i-synthetic-02,2026-04-01 08:25:52.302670,96.93933127039996,78.7,46.5,1,12,1,critical
i-synthetic-02,2026-03-30 18:38:36.267420,2.058302581736036,5.0,38.1,0,10,0,normal
i-synthetic-02,2026-04-01 08:27:04.622410,1.5958333333333332,5.0,41.1,0,12,0,normal
i-synthetic-02,2026-04-01 08:28:13.608741,1.585658910425779,5.0,41.9,0,12,0,normal
i-synthetic-02,2026-04-01 08:29:23.370426,1.606272273831545,8.9,39.1,0,12,0,normal
i-synthetic-02,2026-04-01 08:30:39.440684,1.5980798319873701,5.0,39.3,0,12,0,normal
i-synthetic-02,2026-04-01 08:31:50.370613,1.6764529258690863,5.0,44.7,0,12,0,normal
i-synthetic-02,2026-04-01 08:33:03.043248,1.6310398641785842,5.0,47.1,0,12,0,normal
i-synthetic-02,2026-04-01 08:34:13.255515,1.6146008979174626,5.0,44.7,0,12,0,normal
i-synthetic-02,2026-04-01 08:35:21.599263,1.6286450368152952,5.0,45.0,0,12,0,normal
i-synthetic-02,2026-04-01 08:36:30.392872,1.5569580204152997,8.8,44.7,0,12,0,normal
i-synthetic-02,2026-04-01 08:37:41.234970,1.6042084045059468,5.0,44.8,0,12,0,normal
i-synthetic-02,2026-04-01 08:38:52.015944,1.5916944918928533,5.0,48.1,0,12,0,normal
i-synthetic-02,2026-04-01 08:40:06.735267,1.5980787080578462,5.0,45.5,0,12,0,normal
i-synthetic-02,2026-04-01 08:41:21.231654,1.6764529258690863,5.0,44.1,0,12,0,normal
i-synthetic-02,2026-04-01 08:42:34.933920,1.5965597962678766,5.0,43.0,0,12,0,normal
i-synthetic-02,2026-04-01 08:43:47.246429,1.6060398641785845,6.9,39.3,0,12,0,normal
i-synthetic-02,2026-04-01 08:45:09.607830,1.6050199353589316,5.0,43.4,0,12,0,normal
i-synthetic-02,2026-04-01 08:46:32.172875,1.568051779071513,5.0,46.9,0,12,0,normal
i-synthetic-02,2026-04-01 08:47:44.494868,1.6173592228690898,5.0,47.3,0,12,0,normal
i-synthetic-02,2026-04-01 08:48:56.610412,1.5916748362386277,5.0,42.7,0,12,0,normal
i-synthetic-02,2026-04-01 08:50:07.411952,1.591963326129162,5.0,44.3,0,12,0,normal
i-synthetic-02,2026-04-01 08:51:18.232921,1.6583333333333332,5.0,41.4,0,12,0,normal
i-synthetic-02,2026-04-01 08:52:29.278919,1.6,5.0,42.6,0,12,0,normal
i-synthetic-02,2026-04-01 08:55:56.379373,1.5399999999999998,5.0,43.7,0,12,0,normal
i-synthetic-02,2026-04-01 09:49:51.479309,1.6020563549934168,5.0,40.8,0,12,0,normal
i-synthetic-02,2026-04-01 09:51:00.047013,1.5883117506614002,5.0,44.0,0,12,0,normal
i-synthetic-02,2026-04-01 09:52:07.606292,1.6159679782858474,5.0,48.1,0,12,0,normal
i-synthetic-02,2026-04-01 09:53:16.579745,1.6305784820402653,11.1,40.4,0,12,0,normal
i-synthetic-02,2026-04-01 09:54:24.559285,19.842213818900476,23.7,47.8,0,12,0,normal
i-synthetic-02,2026-03-30 18:39:43.796287,1.7726875384267815,5.0,40.9,0,10,0,normal
i-synthetic-02,2026-04-01 08:57:07.999851,1.1744336946808098,5.0,47.4,0,12,0,normal
i-synthetic-02,2026-04-01 09:55:32.193407,35.87377105512038,21.5,41.3,0,12,0,normal
i-synthetic-02,2026-04-01 09:56:40.784653,99.99500441276871,87.0,43.6,0,12,1,critical
i-synthetic-02,2026-04-01 09:57:50.234175,99.99750220638435,78.9,39.6,1,12,1,critical
i-synthetic-02,2026-04-01 09:58:59.633952,99.99555702647847,75.6,48.2,1,12,1,critical
i-synthetic-02,2026-04-01 10:00:08.201422,65.77585321854583,48.4,45.6,0,12,0,normal
i-synthetic-02,2026-04-01 10:01:17.596865,1.6666666666666665,5.0,48.8,0,12,0,normal
i-synthetic-02,2026-04-01 10:02:25.369336,1.4333333333333331,5.5,47.7,0,12,0,normal
i-synthetic-02,2026-04-01 10:03:33.645173,1.361111111111111,6.0,43.2,0,12,0,normal
i-synthetic-02,2026-04-01 10:04:41.782059,1.308587516194861,5.0,42.4,0,12,0,normal
i-synthetic-02,2026-04-01 10:05:49.649700,1.3715831829890262,5.0,42.7,0,12,0,normal
i-synthetic-02,2026-04-01 10:06:56.937759,1.559711078119005,5.0,45.6,0,12,0,normal
i-synthetic-02,2026-04-01 10:08:05.324571,1.5893481371507792,5.0,48.0,0,12,0,normal
i-synthetic-02,2026-04-01 10:09:13.151195,1.6020655547639053,5.0,46.7,0,12,0,normal
i-synthetic-02,2026-04-01 10:10:21.062619,1.5899857771444577,5.0,44.5,0,12,0,normal
i-synthetic-02,2026-04-01 10:19:14.696381,1.6024259276249575,5.0,42.1,0,12,0,normal
i-synthetic-02,2026-04-01 10:35:09.460356,1.614980405835637,5.0,43.6,0,12,0,normal
i-synthetic-02,2026-04-01 10:36:17.364511,1.5583333333333331,10.0,47.3,0,12,0,normal
i-synthetic-02,2026-04-01 10:37:25.260370,1.6034385598277079,5.0,48.7,0,12,0,normal
i-synthetic-02,2026-04-01 10:38:33.447677,1.5888627325914735,10.2,40.9,0,12,0,normal
i-synthetic-02,2026-04-01 10:39:41.228755,1.6037829960241257,5.0,46.6,0,12,0,normal
i-synthetic-02,2026-04-01 10:40:49.303254,1.5980263968193005,5.0,47.3,0,12,0,normal
i-synthetic-02,2026-04-01 10:41:56.847457,1.6597994895491015,5.0,40.8,0,12,0,normal
i-synthetic-02,2026-04-01 10:43:05.010103,1.6249984111029268,6.7,46.8,0,12,0,normal
i-synthetic-02,2026-04-01 10:44:12.633688,1.6086765778569463,5.0,43.2,0,12,0,normal
i-synthetic-02,2026-04-01 10:45:20.318472,1.61527459561889,5.0,43.6,0,12,0,normal
i-synthetic-02,2026-04-01 10:46:28.795889,1.5569580204152997,5.0,43.9,0,12,0,normal
i-synthetic-02,2026-03-30 18:40:51.693192,1.866887227551888,5.0,40.4,0,10,0,normal
i-synthetic-02,2026-03-30 18:41:26.213773,2.2916666666666665,6.4,44.6,0,10,0,normal
i-synthetic-02,2026-03-30 18:42:35.938983,2.2198667033003625,7.8,39.6,0,10,0,normal
i-synthetic-02,2026-03-30 18:43:47.125740,2.238927583670231,5.0,39.5,0,10,0,normal
i-synthetic-02,2026-03-30 18:44:58.674617,2.278646191457611,5.0,37.3,0,10,0,normal
i-synthetic-02,2026-03-30 18:47:15.931388,57.13333333333333,39.0,39.8,0,10,0,normal
i-synthetic-02,2026-03-30 18:48:29.744667,54.61845672228328,39.6,36.7,0,10,0,normal
i-synthetic-02,2026-03-30 18:49:39.751806,65.963425499708,45.3,43.5,0,10,0,normal
i-synthetic-02,2026-03-30 18:50:58.598691,63.40117301041681,59.4,41.4,0,10,0,normal
i-synthetic-02,2026-03-30 18:52:08.109810,2.191666666666667,5.0,39.4,0,10,0,normal
i-synthetic-02,2026-03-30 18:53:22.518604,45.96666666666667,32.8,35.3,0,10,0,normal
i-synthetic-02,2026-03-30 18:54:37.547328,51.06284572782171,39.7,36.3,0,10,0,normal
i-synthetic-02,2026-03-30 18:55:48.023164,41.264903418105106,42.0,37.4,0,10,0,normal
i-synthetic-02,2026-03-30 18:56:56.077651,2.1936409435158306,7.2,38.7,0,10,0,normal
i-synthetic-02,2026-03-30 18:58:10.535514,2.3051538050912486,5.0,36.3,0,10,0,normal
i-synthetic-02,2026-03-30 18:59:24.332685,45.69632690254562,40.3,44.6,0,10,0,normal
i-synthetic-02,2026-03-30 19:00:33.742311,41.36606675066407,42.7,35.4,0,10,0,normal
i-synthetic-02,2026-03-30 19:01:41.997241,2.166666666666667,8.2,40.6,0,10,0,normal
i-synthetic-02,2026-03-30 19:02:50.531846,2.0833000011110743,5.0,44.1,0,10,0,normal
i-synthetic-02,2026-03-30 19:04:03.964432,2.0978617294653037,5.0,39.4,0,10,0,normal
i-synthetic-02,2026-03-30 19:05:12.204942,2.0588129637656443,5.0,35.8,0,10,0,normal
i-synthetic-02,2026-03-30 19:06:25.669451,1.9166666666666663,5.0,38.5,0,10,0,normal
i-synthetic-02,2026-03-30 19:06:50.873600,1.9166666666666663,5.0,42.2,0,10,0,normal
i-synthetic-02,2026-03-30 19:08:03.851365,1.9666666666666663,5.0,39.2,0,10,0,normal
i-synthetic-02,2026-03-30 19:09:11.786129,1.9638888888888886,9.1,41.2,0,10,0,normal
i-synthetic-02,2026-03-30 19:10:25.296841,16.107951177273783,21.4,39.3,0,10,0,normal
i-synthetic-02,2026-03-30 19:11:36.273984,99.99833183198211,78.7,39.4,0,10,1,critical
i-synthetic-02,2026-03-30 19:12:48.738947,99.99583557996016,83.7,44.6,1,10,1,critical
i-synthetic-02,2026-03-30 19:13:57.188264,99.99388738393766,86.3,36.7,1,10,1,critical
i-synthetic-02,2026-03-30 19:18:42.342547,2.661111111111111,5.0,41.8,0,10,0,normal
i-synthetic-02,2026-04-01 08:57:29.376816,1.1744336946808098,5.0,44.4,0,12,0,normal
i-synthetic-02,2026-04-01 08:58:38.862543,1.2945187882077003,5.0,46.9,0,12,0,normal
i-synthetic-02,2026-04-01 08:59:48.187170,1.3788620483768965,5.0,45.0,0,12,0,normal
i-synthetic-02,2026-04-01 09:00:56.369995,1.4116955739443149,6.9,41.9,0,12,0,normal
i-synthetic-02,2026-04-01 10:11:10.264201,1.6681401905016098,5.0,41.5,0,12,0,normal
i-synthetic-02,2026-04-01 10:20:22.699315,1.6002740754332994,11.2,47.6,0,12,0,normal
i-synthetic-02,2026-04-01 10:21:30.741772,1.7333333333333332,5.8,47.4,0,12,0,normal
i-synthetic-02,2026-04-01 10:22:38.676894,1.6583333333333332,7.2,48.6,0,12,0,normal
i-synthetic-02,2026-04-01 10:23:46.280270,1.6661714559546474,5.0,42.3,0,12,0,normal
i-synthetic-02,2026-04-01 10:24:53.854699,1.645811887210118,5.0,44.0,0,12,0,normal
i-synthetic-02,2026-04-01 10:26:01.282665,1.6499828431014276,5.0,48.7,0,12,0,normal
i-synthetic-02,2026-04-01 10:47:36.526494,1.5958677035534385,5.0,44.3,0,12,0,normal
i-synthetic-02,2026-04-01 10:48:43.624891,1.5861340245911812,5.0,46.2,0,12,0,normal
i-synthetic-02,2026-04-01 10:49:51.106574,1.599654970344207,5.0,40.1,0,12,0,normal
i-synthetic-02,2026-04-01 10:50:59.227474,1.593334332089668,8.9,45.2,0,12,0,normal
i-synthetic-02,2026-04-01 10:52:07.086549,1.5957867312680358,5.0,41.3,0,12,0,normal
i-synthetic-02,2026-04-01 10:53:14.477087,1.6161477425256507,10.0,43.9,0,12,0,normal
i-synthetic-02,2026-04-01 10:54:22.365319,1.605867369503615,6.8,40.2,0,12,0,normal
i-synthetic-02,2026-04-01 10:55:30.014576,1.6180272289362254,5.0,46.9,0,12,0,normal
i-synthetic-02,2026-04-01 10:56:38.152948,1.809901914992994,5.0,46.0,0,12,0,normal
i-synthetic-02,2026-04-01 10:57:45.823190,48.404950957496496,38.0,41.5,0,12,0,normal
i-synthetic-02,2026-04-01 11:00:03.685156,79.3569803829986,65.2,45.7,0,12,0,normal
i-synthetic-02,2026-04-01 11:02:22.501911,53.31916519314283,51.8,39.1,0,12,0,normal
i-synthetic-02,2026-04-01 11:04:39.456851,27.472082596571415,19.4,47.6,0,12,0,normal
i-synthetic-02,2026-04-01 11:06:56.055151,1.5333333333333332,5.0,41.9,0,12,0,normal
i-synthetic-02,2026-04-01 11:09:13.221947,69.91108234817972,52.6,43.0,0,12,0,normal
i-synthetic-02,2026-04-01 11:11:31.036720,100.0,71.2,43.2,0,12,1,critical
i-synthetic-02,2026-03-30 19:15:06.497178,91.91144111493396,78.6,38.3,1,10,1,warning
i-synthetic-02,2026-03-30 19:17:30.059911,2.4458333333333333,9.5,41.3,0,10,0,normal
i-synthetic-02,2026-04-01 09:02:17.113406,1.5916666666666666,5.0,43.6,0,12,0,normal
i-synthetic-02,2026-04-01 10:11:33.980075,1.6681401905016098,5.0,46.7,0,12,0,normal
i-synthetic-02,2026-04-01 10:12:41.943664,1.6083861160990556,5.3,48.6,0,12,0,normal
i-synthetic-02,2026-04-01 10:13:49.609127,1.631084374550743,5.0,42.2,0,12,0,normal
i-synthetic-02,2026-04-01 10:14:57.277267,1.6108132809130573,5.0,39.0,0,12,0,normal
i-synthetic-02,2026-04-01 10:26:54.828708,1.5583333333333331,8.9,44.2,0,12,0,normal
i-synthetic-02,2026-04-01 10:58:54.707952,65.59496730499767,57.0,42.2,0,12,0,normal
i-synthetic-02,2026-04-01 11:01:12.612001,99.996663719619,78.2,43.2,0,12,1,critical
i-synthetic-02,2026-04-01 11:03:31.422653,36.10444346209522,22.8,40.0,0,12,0,normal
i-synthetic-02,2026-04-01 11:05:47.780210,22.309332743923797,16.4,42.6,0,12,0,normal
i-synthetic-02,2026-04-01 11:08:04.498655,59.88144313090629,50.1,48.1,0,12,0,normal
i-synthetic-02,2026-04-01 11:10:21.928460,75.92553254521044,69.6,46.6,0,12,0,normal
i-synthetic-02,2026-04-01 11:12:40.014238,99.99583333333334,71.1,46.4,0,12,1,critical
i-synthetic-02,2026-03-30 19:16:21.170001,2.108333333333333,5.0,42.0,0,10,0,normal
i-synthetic-02,2026-03-30 19:22:13.644771,2.216666666666667,5.0,35.9,0,10,0,normal
i-synthetic-02,2026-04-01 09:02:41.659200,1.5916666666666666,5.0,44.6,0,12,0,normal
i-synthetic-02,2026-04-01 10:15:18.143946,1.6183593819948623,5.5,45.9,0,12,0,normal
i-synthetic-02,2026-04-01 10:16:25.504663,1.551370377166497,5.0,39.5,0,12,0,normal
i-synthetic-02,2026-04-01 10:17:32.866138,1.5965185219165818,5.0,48.1,0,12,0,normal
i-synthetic-02,2026-04-01 10:27:14.950309,1.6076015491871067,5.0,41.5,0,12,0,normal
i-synthetic-02,2026-04-01 10:28:22.589048,1.597198526132745,11.3,46.1,0,12,0,normal
i-synthetic-02,2026-04-01 10:29:30.628420,1.6103988945995589,5.0,40.4,0,12,0,normal
i-synthetic-02,2026-04-01 10:30:38.811868,1.5966524490129805,7.4,44.2,0,12,0,normal
i-synthetic-02,2026-04-01 11:13:48.094760,99.99722222222222,73.6,42.4,0,12,1,critical
i-synthetic-02,2026-03-30 19:19:56.087716,2.5495016984713756,5.0,41.1,0,10,0,normal
i-synthetic-02,2026-03-31 16:57:40.431559,2.3147734226104397,5.0,44.9,0,11,0,normal
i-synthetic-02,2026-03-31 16:58:48.546123,1.8487378372958487,5.0,42.6,0,11,0,normal
i-synthetic-02,2026-03-31 17:02:34.813150,0.0010467955688276,5.0,44.3,0,11,0,normal
i-synthetic-02,2026-03-31 17:07:09.352783,0.4289565078972376,5.0,46.2,0,11,0,normal
i-synthetic-02,2026-03-31 17:08:02.597770,0.4289565078972376,5.0,46.1,0,11,0,normal
i-synthetic-02,2026-03-31 17:09:10.854856,34.186837632076326,35.2,45.3,0,11,0,normal
i-synthetic-02,2026-03-31 17:10:18.347769,47.34947010566106,30.8,42.3,0,11,0,normal
i-synthetic-02,2026-03-31 17:11:27.573710,99.99500441276871,82.5,45.1,0,11,1,critical
i-synthetic-02,2026-03-31 17:12:36.620783,99.99333553971769,79.8,38.6,1,11,1,critical
i-synthetic-02,2026-03-31 17:13:44.812801,88.3650014709229,69.0,40.6,0,11,1,warning
i-synthetic-02,2026-03-31 17:14:55.560212,66.36966916414603,58.1,43.0,0,11,0,normal
i-synthetic-02,2026-03-31 17:16:04.616508,0.3996469785023229,5.0,46.2,0,11,0,normal
i-synthetic-02,2026-03-31 17:17:12.235602,0.46672591973141897,5.0,38.3,0,11,0,normal
i-synthetic-02,2026-03-31 17:18:19.924456,23.461150613154278,26.5,38.4,0,11,0,normal
i-synthetic-02,2026-03-31 17:19:27.295266,42.59586295986571,31.2,40.4,0,11,0,normal
i-synthetic-02,2026-03-31 17:20:34.746864,54.07569125044631,51.5,38.4,0,11,0,normal
i-synthetic-02,2026-03-31 17:21:44.961292,99.996663719619,73.0,44.5,0,11,1,critical
i-synthetic-02,2026-03-31 17:22:56.564894,99.9983318598095,88.6,38.3,1,11,1,critical
i-synthetic-02,2026-03-31 17:24:10.316203,87.51093539465532,78.0,41.3,0,11,1,warning
i-synthetic-02,2026-03-31 17:25:20.407441,89.99874831572426,67.8,42.0,0,11,1,warning
i-synthetic-02,2026-03-31 17:26:29.648224,99.95,80.3,44.2,1,11,1,critical
i-synthetic-02,2026-03-31 17:27:39.540127,90.01870527299114,67.9,42.4,1,11,1,warning
i-synthetic-02,2026-03-31 17:28:48.867720,63.798015172807766,57.9,43.9,0,11,0,normal
i-synthetic-02,2026-03-31 17:29:57.805917,50.38809471293916,34.6,40.0,0,11,0,normal
i-synthetic-02,2026-03-31 17:31:06.413421,99.975,88.7,38.6,0,11,1,critical
i-synthetic-02,2026-03-31 17:32:15.168630,99.98500220638435,84.2,46.3,1,11,1,critical
i-synthetic-02,2026-03-31 17:33:23.832102,99.9900014709229,71.6,43.2,1,11,1,critical
i-synthetic-02,2026-03-31 17:34:32.587282,99.99166703309693,86.0,46.0,1,11,1,critical
i-synthetic-02,2026-03-31 17:35:41.166113,95.54166695981088,78.8,40.9,1,11,1,critical
i-synthetic-02,2026-03-31 17:36:50.048322,0.507884701846702,5.0,37.3,0,11,0,normal
i-synthetic-02,2026-03-31 17:37:58.963674,0.5039423509233509,5.0,42.1,0,11,0,normal
i-synthetic-02,2026-03-31 17:39:06.204166,9.456665279568119,13.4,43.0,0,11,0,normal
i-synthetic-02,2026-03-31 17:40:14.010819,27.564331356236067,14.9,40.2,0,11,0,normal
i-synthetic-02,2026-03-31 17:41:22.022649,99.98667843404992,77.7,41.7,0,11,1,critical
i-synthetic-02,2026-03-31 17:42:31.083238,99.99333921702495,76.9,42.5,1,11,1,critical
i-synthetic-02,2026-03-31 17:43:39.973215,99.99278170023887,89.9,40.1,1,11,1,critical
i-synthetic-02,2026-03-31 17:44:48.934589,91.0487529418458,79.2,44.3,1,11,1,warning
i-synthetic-02,2026-03-31 17:45:57.759690,72.91733568680998,52.6,41.0,0,11,0,normal
i-synthetic-02,2026-03-31 17:47:07.069712,0.44605067809898735,5.0,44.2,0,11,0,normal
i-synthetic-02,2026-03-31 17:48:14.825153,0.45847822984376935,5.0,38.8,0,11,0,normal
i-synthetic-02,2026-03-31 17:49:22.907336,5.247860137755082,9.9,45.8,0,11,0,normal
i-synthetic-02,2026-03-31 17:50:31.194132,24.198288110204068,26.2,45.4,0,11,0,normal
i-synthetic-02,2026-03-31 17:51:39.298823,99.98499974999582,81.8,43.3,0,11,1,critical
i-synthetic-02,2026-03-31 17:52:47.860540,99.99249987499792,80.5,43.6,1,11,1,critical
i-synthetic-02,2026-03-31 17:53:56.391811,99.9922221388875,89.0,45.8,1,11,1,critical
i-synthetic-02,2026-03-31 17:55:05.504487,99.9946671939433,86.2,45.6,1,11,1,critical
i-synthetic-02,2026-03-31 17:56:14.387902,99.99500441276871,88.5,37.5,1,11,1,critical
i-synthetic-02,2026-03-31 17:57:22.858684,99.99583406619385,83.7,46.2,1,11,1,critical
i-synthetic-02,2026-03-31 17:58:31.694819,99.9972227107959,77.7,40.7,1,11,1,critical
i-synthetic-02,2026-03-31 17:59:40.659150,95.22411684292894,85.7,39.7,1,11,1,critical
i-synthetic-02,2026-03-31 18:00:49.143366,76.26262680767648,55.0,39.2,0,11,0,normal
i-synthetic-02,2026-03-31 18:01:57.799808,0.5166666666666667,5.0,37.1,0,11,0,normal
i-synthetic-02,2026-03-31 18:03:05.434575,0.46930253039957964,5.0,40.6,0,11,0,normal
i-synthetic-02,2026-03-31 18:04:13.675272,0.45206363964261526,6.9,37.8,0,11,0,normal
i-synthetic-02,2026-03-31 18:05:20.897404,0.4615626563396729,5.0,41.6,0,11,0,normal
i-synthetic-02,2026-03-31 18:06:28.639021,0.3916666666666666,5.0,44.4,0,11,0,normal
i-synthetic-02,2026-03-31 18:07:36.603612,0.4460543619085747,5.0,37.1,0,11,0,normal
i-synthetic-02,2026-03-31 18:08:44.382608,0.4307029079390498,5.0,43.1,0,11,0,normal
i-synthetic-02,2026-03-31 18:09:52.783624,1.0827600880046087,8.9,44.8,0,11,0,normal
i-synthetic-02,2026-03-31 18:11:01.617806,20.86420626878223,26.5,42.5,0,11,0,normal
i-synthetic-02,2026-03-31 18:12:10.506696,99.99750220638435,73.5,39.4,0,11,1,critical
i-synthetic-02,2026-03-31 18:13:19.421411,99.99833480425623,78.0,45.2,1,11,1,critical
i-synthetic-02,2026-03-31 18:14:27.887783,99.99708593517673,79.3,45.1,1,11,1,critical
i-synthetic-02,2026-03-31 18:15:36.976927,92.40717063317125,71.3,46.5,1,11,1,warning
i-synthetic-02,2026-03-31 18:16:46.295519,0.4246249146587181,5.5,41.6,0,11,0,normal
i-synthetic-02,2026-03-31 18:17:54.786767,0.45836313542834645,5.0,39.0,0,11,0,normal
i-synthetic-02,2026-03-31 18:19:03.311336,0.43324043064047296,8.1,41.1,0,11,0,normal
i-synthetic-02,2026-03-31 18:20:11.384823,4.71379162911732,9.6,43.2,0,11,0,normal
i-synthetic-02,2026-03-31 18:21:26.248518,99.99166666666666,89.5,43.5,0,11,1,critical
i-synthetic-02,2026-03-31 18:22:35.405114,99.99583333333334,75.3,42.5,1,11,1,critical
i-synthetic-02,2026-03-31 18:23:44.781635,99.99722222222222,76.5,37.2,1,11,1,critical
i-synthetic-02,2026-03-31 18:24:54.235162,99.99791666666667,72.2,39.5,1,11,1,critical
i-synthetic-02,2026-03-31 18:27:07.273280,99.9983318598095,75.3,43.4,1,11,1,critical
i-synthetic-02,2026-03-31 18:28:15.777536,99.9972227107959,84.7,38.8,1,11,1,critical
i-synthetic-02,2026-03-31 18:29:24.277753,99.99791703309693,85.4,37.1,1,11,1,critical
i-synthetic-02,2026-03-31 18:30:33.477904,95.73556818366973,73.5,45.5,1,11,1,critical
i-synthetic-02,2026-03-31 18:31:42.460246,0.525,10.2,45.7,0,11,0,normal
i-synthetic-02,2026-03-31 18:32:50.695708,0.45416666666666666,9.1,40.0,0,11,0,normal
i-synthetic-02,2026-03-31 18:33:58.523858,0.4694444444444444,5.0,42.4,0,11,0,normal
i-synthetic-02,2026-03-31 18:35:06.192164,0.44999999999999996,5.0,38.3,0,11,0,normal
i-synthetic-02,2026-03-31 18:36:14.012478,0.3833333333333333,5.0,37.9,0,11,0,normal
i-synthetic-02,2026-03-31 18:37:22.258443,0.47916666666666663,5.0,40.2,0,11,0,normal
i-synthetic-02,2026-03-31 18:38:29.494011,0.48055555555555557,5.0,37.1,0,11,0,normal
i-synthetic-02,2026-03-31 18:39:37.568637,0.45824854570483353,5.0,45.4,0,11,0,normal
i-synthetic-02,2026-03-31 18:40:46.046297,0.4650174660427485,7.9,46.4,0,11,0,normal
i-synthetic-02,2026-03-31 18:41:53.603397,0.5166666666666667,7.0,46.2,0,11,0,normal
i-synthetic-02,2026-03-31 18:43:01.351806,0.45416666666666666,5.0,42.6,0,11,0,normal
i-synthetic-02,2026-03-31 18:44:09.389766,0.4457503496969293,5.0,37.9,0,11,0,normal
i-synthetic-02,2026-03-31 18:45:17.308266,0.456598613118654,8.1,43.5,0,11,0,normal
i-synthetic-02,2026-03-31 18:46:26.449699,0.3920129447678782,5.0,41.0,0,11,0,normal
i-synthetic-02,2026-03-31 18:47:34.627824,0.4374638759675,5.0,38.2,0,11,0,normal
i-synthetic-02,2026-03-31 18:48:42.191052,0.42231138582882594,5.0,37.2,0,11,0,normal
i-synthetic-02,2026-03-31 18:49:49.655638,0.4396502060382861,5.0,45.1,0,11,0,normal
i-synthetic-02,2026-03-31 18:50:57.351136,0.43172016483062886,6.3,38.7,0,11,0,normal
i-synthetic-02,2026-03-31 18:52:04.784707,0.507884701846702,5.0,44.3,0,11,0,normal
i-synthetic-02,2026-03-31 18:53:12.652785,0.46107699331597124,6.9,41.0,0,11,0,normal
i-synthetic-02,2026-03-31 18:54:20.167150,0.44372441165364507,5.0,46.6,0,11,0,normal
i-synthetic-02,2026-03-31 18:55:28.034621,0.4583128626562494,7.3,43.0,0,11,0,normal
i-synthetic-02,2026-03-31 18:56:35.596826,0.39999999999999997,5.0,43.1,0,11,0,normal
i-synthetic-02,2026-03-31 18:57:43.337619,0.44166666666666665,5.0,41.6,0,11,0,normal
i-synthetic-02,2026-03-31 18:58:51.200589,0.4248847777056193,10.0,43.7,0,11,0,normal
i-synthetic-02,2026-03-31 18:59:58.801406,0.44377409756683517,6.3,41.5,0,11,0,normal
i-synthetic-02,2026-03-31 19:02:10.307787,0.45393867361608353,5.0,39.6,0,11,0,normal
i-synthetic-02,2026-03-31 19:03:17.993307,0.4638793341592113,5.0,39.5,0,11,0,normal
i-synthetic-02,2026-03-31 19:04:25.941964,0.44790950061940843,5.0,41.7,0,11,0,normal
i-synthetic-02,2026-03-31 19:05:33.792315,0.4549942671621935,7.4,45.1,0,11,0,normal
i-synthetic-02,2026-03-31 19:06:41.314447,0.39999999999999997,5.1,37.3,0,11,0,normal
i-synthetic-02,2026-03-31 19:07:49.327325,0.4541666666666666,8.9,41.6,0,11,0,normal
i-synthetic-02,2026-03-31 19:08:56.592056,0.4332181110389526,5.0,45.0,0,11,0,normal
i-synthetic-02,2026-03-31 19:10:04.712378,0.4458537470905811,8.1,37.6,0,11,0,normal
i-synthetic-02,2026-03-31 19:11:12.701222,0.517114832855141,7.4,42.5,0,11,0,normal
i-synthetic-02,2026-03-31 19:12:20.383916,0.45838090567873196,9.3,37.2,0,11,0,normal
i-synthetic-02,2026-03-31 19:13:28.277334,0.46962105585181285,5.0,41.9,0,11,0,normal
i-synthetic-02,2026-03-31 19:14:36.223068,0.4500460418347408,5.0,40.7,0,11,0,normal
i-synthetic-02,2026-03-31 19:15:44.020940,0.4584571047073876,5.0,46.1,0,11,0,normal
i-synthetic-02,2026-03-31 19:16:51.580955,0.40833333333333327,5.0,45.6,0,11,0,normal
i-synthetic-02,2026-03-31 19:17:59.207432,0.4539501876151779,5.0,40.1,0,11,0,normal
i-synthetic-02,2026-03-31 19:19:06.679499,0.44583216899481365,7.8,39.0,0,11,0,normal
i-synthetic-02,2026-03-31 19:20:14.196681,0.43659513089631546,5.0,39.9,0,11,0,normal
i-synthetic-02,2026-03-31 19:21:22.279548,0.508782758102991,5.0,41.1,0,11,0,normal
i-synthetic-02,2026-03-31 19:22:30.134057,0.4500518789432578,5.0,40.6,0,11,0,normal
i-synthetic-02,2026-03-31 19:23:37.848669,0.46684860501233283,5.0,41.3,0,11,0,normal
i-synthetic-02,2026-03-31 19:24:45.791585,0.45212969306452994,5.0,47.0,0,11,0,normal
i-synthetic-02,2026-03-31 19:25:53.555968,0.461703754451624,7.0,41.2,0,11,0,normal
i-synthetic-02,2026-03-31 19:27:01.460210,0.42916666666666664,5.7,38.9,0,11,0,normal
i-synthetic-02,2026-03-31 19:28:09.309021,0.4167820927004038,5.3,39.6,0,11,0,normal
i-synthetic-02,2026-03-31 19:29:17.095706,0.4355032361919695,5.0,38.0,0,11,0,normal
i-synthetic-02,2026-03-31 19:30:24.468858,0.42666678891028054,6.7,38.5,0,11,0,normal
i-synthetic-02,2026-03-31 19:31:32.419430,0.5171234590554991,5.0,38.5,0,11,0,normal
i-synthetic-02,2026-03-31 19:32:39.978842,0.45439506286108283,5.0,42.0,0,11,0,normal
i-synthetic-02,2026-03-31 19:33:47.613437,0.466674290043757,5.0,44.7,0,11,0,normal
i-synthetic-02,2026-03-31 19:34:55.295538,0.4479223841994844,5.0,41.2,0,11,0,normal
i-synthetic-02,2026-03-31 19:36:02.464795,0.3916666666666666,5.0,40.2,0,11,0,normal
i-synthetic-02,2026-03-31 19:37:10.535922,0.4458333333333333,5.0,45.9,0,11,0,normal
i-synthetic-02,2026-03-31 19:38:17.852097,0.42766472760644475,5.0,38.1,0,11,0,normal
i-synthetic-02,2026-03-31 19:39:25.722268,0.4437718325534357,5.0,43.7,0,11,0,normal
i-synthetic-02,2026-03-31 19:40:33.835122,0.43335079937608184,5.0,45.7,0,11,0,normal
i-synthetic-02,2026-03-31 19:41:41.703012,0.5,5.0,43.8,0,11,0,normal
i-synthetic-02,2026-03-31 19:42:49.526679,0.44999999999999996,6.2,40.6,0,11,0,normal
i-synthetic-02,2026-03-31 19:43:57.718735,0.4666666666666666,8.6,38.7,0,11,0,normal
i-synthetic-02,2026-03-31 19:45:05.637498,0.44366726058648187,5.0,40.0,0,11,0,normal
i-synthetic-02,2026-03-31 19:46:13.752416,0.3833333333333333,9.2,43.1,0,11,0,normal
i-synthetic-02,2026-03-31 19:47:21.723562,0.4458333333333333,5.0,37.1,0,11,0,normal
i-synthetic-02,2026-03-31 19:48:29.909785,0.42777777777777776,5.0,37.3,0,11,0,normal
i-synthetic-02,2026-03-31 19:49:37.521977,0.44156203512511377,6.3,37.8,0,11,0,normal
i-synthetic-02,2026-03-31 19:50:44.868746,0.428249628100091,5.0,44.3,0,11,0,normal
i-synthetic-02,2026-03-31 19:51:52.480118,0.4754120237539201,5.0,38.8,0,11,0,normal
i-synthetic-02,2026-03-31 19:52:59.812693,0.44585894600071946,9.8,37.3,0,11,0,normal
i-synthetic-02,2026-03-31 19:54:07.835056,0.44377936401948154,5.0,41.2,0,11,0,normal
i-synthetic-02,2026-03-31 19:55:15.841441,0.4534437624551802,5.0,40.9,0,11,0,normal
i-synthetic-02,2026-03-31 19:56:23.847779,0.3830013987877173,5.0,38.6,0,11,0,normal
i-synthetic-02,2026-03-31 19:57:31.476122,0.4415006993938586,5.0,44.3,0,11,0,normal
i-synthetic-02,2026-03-31 19:58:38.758412,0.4277827887198131,9.4,43.6,0,11,0,normal
i-synthetic-02,2026-03-31 19:59:46.340060,0.4437537582065265,5.0,43.9,0,11,0,normal
i-synthetic-02,2026-03-31 20:00:53.489238,0.43326850979575476,5.0,45.3,0,11,0,normal
i-synthetic-02,2026-03-31 20:02:01.349372,0.5087742710348969,6.1,44.6,0,11,0,normal
i-synthetic-02,2026-03-31 20:03:10.036466,0.4584803125671879,5.0,45.2,0,11,0,normal
i-synthetic-02,2026-03-31 20:04:18.049009,0.4417769010920576,5.0,44.5,0,11,0,normal
i-synthetic-02,2026-03-31 20:05:25.365914,0.4517548542069794,5.0,41.4,0,11,0,normal
i-synthetic-02,2026-03-31 20:06:33.549104,0.3829950210647261,5.0,37.6,0,11,0,normal
i-synthetic-02,2026-03-31 20:07:40.634485,0.4498308438656964,5.0,37.7,0,11,0,normal
i-synthetic-02,2026-03-31 20:08:48.856472,0.4305582108330903,9.1,39.6,0,11,0,normal
i-synthetic-02,2026-03-31 20:09:56.768525,0.4437519914581511,8.4,44.1,0,11,0,normal
i-synthetic-02,2026-03-31 20:12:08.136907,0.4499488233072901,5.0,41.0,0,11,0,normal
i-synthetic-02,2026-03-31 20:13:24.165915,0.46371285704888415,5.0,40.3,0,11,0,normal
i-synthetic-02,2026-03-31 20:14:31.465371,0.44787138462959364,5.0,39.6,0,11,0,normal
i-synthetic-02,2026-03-31 20:15:39.495104,0.4549637743703416,5.0,44.3,0,11,0,normal
i-synthetic-02,2026-03-31 20:16:47.465467,0.39999999999999997,5.0,45.7,0,11,0,normal
i-synthetic-02,2026-03-31 20:17:55.943686,0.44999999999999996,5.0,38.0,0,11,0,normal
i-synthetic-02,2026-03-31 20:19:03.726751,0.4333333333333333,10.3,40.8,0,11,0,normal
i-synthetic-02,2026-03-31 20:20:11.665328,0.43999999999999995,5.3,43.8,0,11,0,normal
i-synthetic-02,2026-03-31 20:21:19.898676,0.5,5.0,44.2,0,11,0,normal
i-synthetic-02,2026-03-31 20:22:27.595878,0.44999999999999996,5.0,42.4,0,11,0,normal
i-synthetic-02,2026-03-31 20:23:35.595570,0.4666666666666666,5.0,42.8,0,11,0,normal
i-synthetic-02,2026-03-31 20:24:43.197495,0.44999999999999996,5.0,41.4,0,11,0,normal
i-synthetic-02,2026-03-31 20:25:50.663938,0.45999999999999996,9.1,39.4,0,11,0,normal
i-synthetic-02,2026-03-31 20:26:59.129993,0.3913209997835246,5.0,40.2,0,11,0,normal
i-synthetic-02,2026-03-31 20:28:07.316111,0.43046510440087354,5.0,44.1,0,11,0,normal
i-synthetic-02,2026-03-31 20:29:15.245443,0.4436821616339885,5.0,42.5,0,11,0,normal
i-synthetic-02,2026-03-31 20:30:22.928120,0.435016458451268,7.9,38.1,0,11,0,normal
i-synthetic-02,2026-03-31 20:31:30.822786,0.507884701846702,5.0,42.2,0,11,0,normal
i-synthetic-02,2026-03-31 20:32:38.818658,0.45411917378354416,5.0,44.9,0,11,0,normal
i-synthetic-02,2026-03-31 20:33:46.677604,0.48885722696680717,5.0,46.3,0,11,0,normal
i-synthetic-02,2026-03-31 20:34:55.134684,0.46655632860450985,5.0,42.6,0,11,0,normal
i-synthetic-02,2026-03-31 20:36:02.893197,0.39200640555147787,7.0,38.2,0,11,0,normal
i-synthetic-02,2026-03-31 20:37:10.412405,0.44183653610907225,5.6,38.2,0,11,0,normal
i-synthetic-02,2026-03-31 20:38:18.040124,0.43066880185049256,5.0,37.2,0,11,0,normal
i-synthetic-02,2026-03-31 20:39:26.349197,0.4437282928104461,5.0,44.1,0,11,0,normal
i-synthetic-02,2026-03-31 20:40:34.075876,0.43505336339243417,7.0,43.5,0,11,0,normal
i-synthetic-02,2026-03-31 20:41:41.662870,0.5,5.2,42.1,0,11,0,normal
i-synthetic-02,2026-03-31 20:42:49.620116,0.4458333333333333,5.0,46.7,0,11,0,normal
i-synthetic-02,2026-03-31 20:43:57.861963,0.4637417965981901,5.0,38.0,0,11,0,normal
i-synthetic-02,2026-03-31 20:45:05.589703,0.45998247376965795,5.5,46.2,0,11,0,normal
i-synthetic-02,2026-03-31 20:46:13.650345,0.3913144836313983,5.0,41.7,0,11,0,normal
i-synthetic-02,2026-03-31 20:47:21.458455,0.43732793632727435,5.0,40.0,0,11,0,normal
i-synthetic-02,2026-03-31 20:48:29.232668,0.4276630686626273,5.2,43.8,0,11,0,normal
i-synthetic-02,2026-03-31 20:49:36.870156,0.4458578157845912,5.0,45.1,0,11,0,normal
i-synthetic-02,2026-03-31 20:50:44.305431,0.4316862526276729,7.6,44.0,0,11,0,normal
i-synthetic-02,2026-03-31 20:51:52.049122,0.5083333333333333,5.0,46.9,0,11,0,normal
i-synthetic-02,2026-03-31 20:52:59.886035,0.44999999999999996,5.0,42.3,0,11,0,normal
i-synthetic-02,2026-03-31 20:54:07.813554,0.44999999999999996,5.0,45.2,0,11,0,normal
i-synthetic-02,2026-03-31 20:55:15.142643,0.458246548881821,5.8,43.6,0,11,0,normal
i-synthetic-02,2026-03-31 20:56:22.909014,0.4003536457203863,5.0,39.3,0,11,0,normal
i-synthetic-02,2026-03-31 20:57:30.858212,0.44601015619352646,5.0,37.9,0,11,0,normal
i-synthetic-02,2026-03-31 20:58:38.394406,0.4305557636297919,10.3,37.9,0,11,0,normal
i-synthetic-02,2026-03-31 20:59:46.513677,0.44594216177183765,5.0,38.6,0,11,0,normal
i-synthetic-02,2026-03-31 21:00:53.579207,0.4350192326480037,7.4,39.7,0,11,0,normal
i-synthetic-02,2026-03-31 21:02:01.673328,0.45438713551744847,9.3,45.8,0,11,0,normal
i-synthetic-02,2026-03-31 21:03:09.132439,0.46403586812274344,9.6,38.6,0,11,0,normal
i-synthetic-02,2026-03-31 21:04:16.657699,0.4501102344253909,5.0,43.0,0,11,0,normal
i-synthetic-02,2026-03-31 21:05:25.752831,0.45675485420697937,9.9,45.4,0,11,0,normal
i-synthetic-02,2026-03-31 21:06:33.333692,0.3916666666666666,5.0,44.0,0,11,0,normal
i-synthetic-02,2026-03-31 21:07:40.634906,0.4416666666666666,5.0,45.0,0,11,0,normal
i-synthetic-02,2026-03-31 21:08:48.112855,0.425,5.0,45.9,0,11,0,normal
i-synthetic-02,2026-03-31 21:09:56.381802,0.44375,5.0,40.8,0,11,0,normal
i-synthetic-02,2026-03-31 21:11:04.293817,0.5,5.0,45.2,0,11,0,normal
i-synthetic-02,2026-03-31 21:12:11.619464,0.4458333333333333,5.0,43.5,0,11,0,normal
i-synthetic-02,2026-03-31 21:13:18.977110,0.4637417965981901,5.0,46.0,0,11,0,normal
i-synthetic-02,2026-03-31 21:14:27.142405,0.4498896807819759,5.0,44.1,0,11,0,normal
i-synthetic-02,2026-03-31 21:15:35.211294,0.4566638756746741,5.0,42.7,0,11,0,normal
i-synthetic-02,2026-03-31 21:16:43.069894,0.39999999999999997,5.0,39.1,0,11,0,normal
i-synthetic-02,2026-03-31 21:17:51.005266,0.44166666666666665,5.0,39.1,0,11,0,normal
i-synthetic-02,2026-03-31 21:18:59.237841,0.425,5.0,44.7,0,11,0,normal
i-synthetic-02,2026-03-31 21:20:06.912465,0.4458333333333333,8.6,43.2,0,11,0,normal
i-synthetic-02,2026-03-31 21:21:15.223078,0.5,5.0,41.2,0,11,0,normal
i-synthetic-02,2026-03-31 21:22:23.342716,0.4456637580763338,5.0,44.3,0,11,0,normal
i-synthetic-02,2026-03-31 21:23:31.559142,0.4611402211823587,5.0,41.0,0,11,0,normal
i-synthetic-02,2026-03-31 21:24:38.572517,0.4479384992201023,8.2,43.3,0,11,0,normal
i-synthetic-02,2026-03-31 21:25:46.470632,0.4566841327094152,5.0,39.1,0,11,0,normal
i-synthetic-02,2026-03-31 21:26:53.921313,0.3833333333333333,7.1,41.6,0,11,0,normal
i-synthetic-02,2026-03-31 21:28:01.727203,0.43749999999999994,5.0,42.0,0,11,0,normal
i-synthetic-02,2026-03-31 21:29:09.819591,0.44169076423350184,5.0,37.6,0,11,0,normal
i-synthetic-02,2026-03-31 21:30:17.788102,0.43328200708726605,8.0,38.4,0,11,0,normal
i-synthetic-02,2026-03-31 21:31:26.094907,0.508782758102991,5.0,41.7,0,11,0,normal
i-synthetic-02,2026-03-31 21:32:34.257790,0.44589207844535417,5.4,39.6,0,11,0,normal
i-synthetic-02,2026-03-31 21:33:42.038724,0.4612924347617056,5.2,38.1,0,11,0,normal
i-synthetic-02,2026-03-31 21:34:50.117238,0.45004406005625913,5.0,41.7,0,11,0,normal
i-synthetic-02,2026-03-31 21:35:57.370487,0.45845551928460226,5.0,41.5,0,11,0,normal
i-synthetic-02,2026-03-31 21:37:04.724926,0.4416666666666666,9.1,38.5,0,11,0,normal
i-synthetic-02,2026-03-31 21:38:12.945145,0.42777777777777776,5.0,41.3,0,11,0,normal
i-synthetic-02,2026-03-31 21:39:20.467128,0.4458333333333333,5.0,42.8,0,11,0,normal
i-synthetic-02,2026-03-31 21:40:28.082254,0.4383333333333333,9.1,43.3,0,11,0,normal
i-synthetic-02,2026-03-31 21:41:35.307193,0.5,5.0,43.9,0,11,0,normal
i-synthetic-02,2026-03-31 21:42:43.682626,0.44566049989176226,5.0,43.2,0,11,0,normal
i-synthetic-02,2026-03-31 21:43:51.947085,0.4639210189780025,5.0,46.2,0,11,0,normal
i-synthetic-02,2026-03-31 21:44:59.723345,0.45002409756683515,8.9,44.6,0,11,0,normal
i-synthetic-02,2026-03-31 21:46:07.228250,0.3916666666666666,6.8,46.5,0,11,0,normal
i-synthetic-02,2026-03-31 21:47:15.227279,0.44583750006944556,5.0,39.6,0,11,0,normal
i-synthetic-02,2026-03-31 21:48:23.511271,0.4250027778240748,5.0,43.7,0,11,0,normal
i-synthetic-02,2026-03-31 21:49:31.520291,0.4438605106717193,6.2,46.4,0,11,0,normal
i-synthetic-02,2026-03-31 21:50:39.036868,0.4350884085373754,5.0,44.4,0,11,0,normal
i-synthetic-02,2026-03-31 21:51:47.677127,0.507884701846702,5.0,40.6,0,11,0,normal
i-synthetic-02,2026-03-31 21:52:55.321760,0.45411917378354416,5.0,42.4,0,11,0,normal
i-synthetic-02,2026-03-31 21:54:02.706796,0.46649036399206456,5.0,39.6,0,11,0,normal
i-synthetic-02,2026-03-31 21:55:09.988691,0.4616507700158369,5.0,46.6,0,11,0,normal
i-synthetic-02,2026-03-31 21:56:18.451449,0.3913275161526676,5.0,42.7,0,11,0,normal
i-synthetic-02,2026-03-31 21:57:25.944397,0.4414970914096671,9.2,45.7,0,11,0,normal
i-synthetic-02,2026-03-31 21:58:33.301928,0.425000196123604,9.3,38.6,0,11,0,normal
i-synthetic-02,2026-03-31 21:59:41.327627,0.44166681375936967,6.6,44.6,0,11,0,normal
i-synthetic-02,2026-03-31 22:00:49.220749,0.43326284670796034,5.0,46.2,0,11,0,normal
i-synthetic-02,2026-03-31 22:01:56.978568,0.5171234590554991,5.0,44.7,0,11,0,normal
i-synthetic-02,2026-03-31 22:03:04.687937,0.46670370850189674,5.0,39.5,0,11,0,normal
i-synthetic-02,2026-03-31 22:04:12.284100,0.45211111470975585,5.0,46.1,0,11,0,normal
i-synthetic-02,2026-03-31 22:05:20.073342,0.4617773031979013,5.0,39.2,0,11,0,normal
i-synthetic-02,2026-03-31 22:06:28.035245,0.40795937057697107,5.0,45.0,0,11,0,normal
i-synthetic-02,2026-03-31 22:07:36.308190,0.454209062217337,5.0,45.1,0,11,0,normal
i-synthetic-02,2026-03-31 22:08:44.360539,0.43324637473939953,5.0,46.0,0,11,0,normal
i-synthetic-02,2026-03-31 22:09:56.778391,0.44796012010404335,5.0,42.1,0,11,0,normal
i-synthetic-02,2026-03-31 22:11:04.632148,0.5087742710348969,5.0,39.2,0,11,0,normal
i-synthetic-02,2026-03-31 22:12:12.357733,0.4625366034874083,5.0,45.9,0,11,0,normal
i-synthetic-02,2026-03-31 22:13:19.972872,0.47239152105759713,5.0,45.6,0,11,0,normal
i-synthetic-02,2026-03-31 22:14:27.988078,0.4522103074598645,5.0,43.9,0,11,0,normal
i-synthetic-02,2026-03-31 22:15:35.443142,0.4616816543472961,5.0,37.1,0,11,0,normal
i-synthetic-02,2026-03-31 22:16:43.298166,0.4003469673717221,5.0,40.2,0,11,0,normal
i-synthetic-02,2026-03-31 22:17:50.752076,0.4460068170191943,5.0,39.3,0,11,0,normal
i-synthetic-02,2026-03-31 22:18:58.372041,0.42789343356835174,5.0,44.9,0,11,0,normal
i-synthetic-02,2026-03-31 22:20:06.305553,0.4458118356505194,5.0,46.9,0,11,0,normal
i-synthetic-02,2026-03-31 22:21:14.330296,0.5083333333333333,5.0,38.5,0,11,0,normal
i-synthetic-02,2026-03-31 22:22:22.885305,0.45851043126264984,5.0,43.5,0,11,0,normal
i-synthetic-02,2026-03-31 22:23:30.955668,0.4667847319528777,5.0,44.8,0,11,0,normal
i-synthetic-02,2026-03-31 22:24:38.911720,0.44583889866158755,5.0,37.0,0,11,0,normal
i-synthetic-02,2026-03-31 22:25:46.563916,0.45842597313624944,5.0,40.8,0,11,0,normal
i-synthetic-02,2026-03-31 22:26:54.554912,0.40833333333333327,5.0,42.3,0,11,0,normal
i-synthetic-02,2026-03-31 22:28:02.162699,0.4414570601524209,5.0,45.2,0,11,0,normal
i-synthetic-02,2026-03-31 22:29:10.088223,0.44373176626818,5.0,41.5,0,11,0,normal
i-synthetic-02,2026-03-31 22:30:18.277439,0.43165207968121067,5.0,40.3,0,11,0,normal
i-synthetic-02,2026-03-31 22:31:26.277813,0.525,5.0,45.6,0,11,0,normal
i-synthetic-02,2026-03-31 22:32:33.925667,0.4625,5.0,37.9,0,11,0,normal
i-synthetic-02,2026-03-31 22:33:41.526271,0.46930225523010227,9.2,46.2,0,11,0,normal
i-synthetic-02,2026-03-31 22:34:49.686326,0.44789475237641924,5.1,37.9,0,11,0,normal
i-synthetic-02,2026-03-31 22:35:56.878644,0.4599824685678021,5.0,37.8,0,11,0,normal
i-synthetic-02,2026-03-31 22:37:04.314381,0.4456204622660361,5.8,43.5,0,11,0,normal
i-synthetic-02,2026-03-31 22:38:11.756320,0.42218873548102054,5.0,41.7,0,11,0,normal
i-synthetic-02,2026-03-31 22:39:19.655184,0.4332071947200707,5.0,38.0,0,11,0,normal
i-synthetic-02,2026-03-31 22:40:27.183649,0.4249670368863521,5.0,40.8,0,11,0,normal
i-synthetic-02,2026-03-31 22:41:35.617030,0.5166666666666667,5.0,38.6,0,11,0,normal
i-synthetic-02,2026-03-31 22:42:45.768120,0.45399709140966715,6.5,43.7,0,11,0,normal
i-synthetic-02,2026-03-31 22:43:59.233494,0.469475964011329,5.0,45.7,0,11,0,normal
i-synthetic-02,2026-03-31 22:45:07.595651,0.44670159124104697,9.9,43.0,0,11,0,normal
i-synthetic-02,2026-03-31 22:46:20.497510,0.40833333333333327,7.2,43.8,0,11,0,normal
i-synthetic-02,2026-03-31 22:47:28.517327,0.44978712893270273,5.0,46.3,0,11,0,normal
i-synthetic-02,2026-03-31 22:48:37.149478,0.42485808595513513,5.0,46.7,0,11,0,normal
i-synthetic-02,2026-03-31 22:49:44.662228,0.44364356446635134,5.0,41.3,0,11,0,normal
i-synthetic-02,2026-03-31 22:50:52.356408,0.42997990795527896,5.0,45.4,0,11,0,normal
i-synthetic-02,2026-03-31 22:52:00.239510,0.4912409245320722,5.0,40.8,0,11,0,normal
i-synthetic-02,2026-03-31 22:53:08.055158,0.45816275153854075,5.0,44.6,0,11,0,normal
i-synthetic-02,2026-03-31 22:54:15.774269,0.439538524586714,6.5,45.6,0,11,0,normal
i-synthetic-02,2026-03-31 22:55:23.445002,0.45163081966937124,10.2,46.9,0,11,0,normal
i-synthetic-02,2026-03-31 22:56:31.973319,0.399653633517618,5.0,41.2,0,11,0,normal
i-synthetic-02,2026-03-31 22:57:39.631542,0.4456601500921423,5.0,44.1,0,11,0,normal
i-synthetic-02,2026-03-31 22:58:47.109791,0.4276601463939893,5.0,42.5,0,11,0,normal
i-synthetic-02,2026-03-31 22:59:55.743411,0.4437704488449857,5.0,42.8,0,11,0,normal
i-synthetic-02,2026-03-31 23:01:04.180217,0.5333333333333333,7.4,38.0,0,11,0,normal
i-synthetic-02,2026-03-31 23:02:15.821331,0.46249999999999997,8.5,46.5,0,11,0,normal
i-synthetic-02,2026-04-01 04:02:09.759577,0.4498271665584289,5.0,41.2,0,12,0,normal
i-synthetic-02,2026-04-01 04:30:56.033882,0.44007530056940347,10.2,39.8,0,12,0,normal
i-synthetic-02,2026-04-01 04:32:04.901351,0.5333333333333333,5.0,41.9,0,12,0,normal
i-synthetic-02,2026-04-01 04:33:12.441230,34.70118798897529,25.4,40.9,0,12,0,normal
i-synthetic-02,2026-04-01 04:34:19.627547,51.02589099173147,45.8,42.7,0,12,0,normal
i-synthetic-02,2026-04-01 04:35:28.531400,60.82071279338518,56.0,47.4,0,12,0,normal
i-synthetic-02,2026-04-01 04:36:37.540759,9.633157377649741,8.8,43.2,0,12,0,normal
i-synthetic-02,2026-04-01 04:37:45.385921,54.09157868882487,51.9,39.2,0,12,0,normal
i-synthetic-02,2026-04-01 04:38:53.672169,69.39438579254991,45.5,46.4,0,12,0,normal
i-synthetic-02,2026-04-01 04:40:02.111026,77.0432893860784,54.3,45.3,0,12,0,normal
i-synthetic-02,2026-04-01 04:41:10.893515,99.99166666666666,81.9,40.1,0,12,1,critical
i-synthetic-02,2026-04-01 04:42:19.790197,76.18979856346722,61.3,43.3,0,12,0,normal
i-synthetic-02,2026-04-01 04:43:29.061630,83.83572478684563,59.9,40.1,0,12,1,warning
i-synthetic-02,2026-04-01 04:44:38.443509,87.86637692346756,77.9,45.2,0,12,1,warning
i-synthetic-02,2026-04-01 04:45:47.173542,90.28476820544071,70.8,43.1,1,12,1,warning
i-synthetic-02,2026-04-01 04:46:55.540167,14.433333333333334,16.6,39.5,0,12,0,normal
i-synthetic-02,2026-04-01 04:48:03.389441,13.495833333333334,16.2,48.7,0,12,0,normal
i-synthetic-02,2026-04-01 04:49:10.723762,34.32674002031621,26.2,48.8,0,12,0,normal
i-synthetic-02,2026-04-01 04:50:18.509741,47.46039289880671,46.5,40.2,0,12,0,normal
i-synthetic-02,2026-04-01 04:51:28.189386,100.0,72.0,49.0,0,12,1,critical
i-synthetic-02,2026-04-01 04:52:36.789833,99.99583333333334,86.6,44.3,1,12,1,critical
i-synthetic-02,2026-04-01 04:53:45.148374,99.99722222222222,86.1,41.1,1,12,1,critical
i-synthetic-02,2026-04-01 04:54:53.576042,76.30321459153488,66.1,48.4,0,12,0,normal
i-synthetic-02,2026-04-01 04:57:05.692421,99.998334776527,76.9,44.5,0,12,1,critical
i-synthetic-02,2026-04-01 04:58:14.415472,99.99722173865395,72.8,46.7,1,12,1,critical
i-synthetic-02,2026-04-01 04:59:23.296415,99.99791630399046,90.0,44.2,1,12,1,critical
i-synthetic-02,2026-04-01 05:00:31.479641,94.92818774818178,68.6,48.8,1,12,1,warning
i-synthetic-02,2026-04-01 05:01:40.449297,2.1314505520123888,5.0,45.5,0,12,0,normal
i-synthetic-02,2026-04-01 05:02:48.424830,2.178225276006194,5.0,43.3,0,12,0,normal
i-synthetic-02,2026-04-01 05:03:55.949045,2.182705739559685,5.0,41.5,0,12,0,normal
i-synthetic-02,2026-04-01 05:05:04.424453,3.9899048867882847,5.0,46.4,0,12,0,normal
i-synthetic-02,2026-04-01 05:06:13.155065,100.0,77.2,46.7,0,12,1,critical
i-synthetic-02,2026-04-01 05:07:21.611405,99.99583333333334,72.8,47.7,1,12,1,critical
i-synthetic-02,2026-04-01 05:08:30.179514,99.99722222222222,72.4,42.2,1,12,1,critical
i-synthetic-02,2026-04-01 05:09:39.192143,99.99666776985885,86.7,48.6,1,12,1,critical
i-synthetic-02,2026-04-01 05:10:47.816859,99.99666695981088,70.8,41.9,1,12,1,critical
i-synthetic-02,2026-04-01 05:11:56.681759,100.0,72.7,40.3,1,12,1,critical
i-synthetic-02,2026-04-01 05:13:06.314907,99.99388338393443,82.4,40.8,1,12,1,critical
i-synthetic-02,2026-04-01 05:14:15.417906,99.99541253795083,84.6,41.4,1,12,1,critical
i-synthetic-02,2026-04-01 05:15:23.980162,97.894663363694,80.0,47.5,1,12,1,critical
i-synthetic-02,2026-04-01 05:16:33.522405,2.12312457329359,5.0,42.0,0,12,0,normal
i-synthetic-02,2026-04-01 05:17:41.903769,2.1541941114253493,11.3,43.2,0,12,0,normal
i-synthetic-02,2026-04-01 05:18:49.649634,2.1416849631724553,5.0,40.4,0,12,0,normal
i-synthetic-02,2026-04-01 05:19:58.088598,2.157868997807304,5.0,41.1,0,12,0,normal
i-synthetic-02,2026-04-01 05:21:06.316114,2.233333333333333,5.0,44.7,0,12,0,normal
i-synthetic-02,2026-04-01 05:22:13.578556,2.1657050481503064,5.0,46.0,0,12,0,normal
i-synthetic-02,2026-04-01 05:23:22.110902,2.172236733242343,5.7,44.0,0,12,0,normal
i-synthetic-02,2026-04-01 05:24:29.797545,2.1537142092160564,5.0,41.9,0,12,0,normal
i-synthetic-02,2026-04-01 05:25:37.511826,2.17131217305294,5.0,47.3,0,12,0,normal
i-synthetic-02,2026-04-01 05:26:48.995528,93.94131482809814,68.8,46.1,0,12,1,warning
i-synthetic-02,2026-04-01 05:27:57.864291,96.97065741404907,82.4,43.2,1,12,1,critical
i-synthetic-02,2026-04-01 05:29:06.608408,98.4828264549977,68.9,39.8,1,12,1,critical
i-synthetic-02,2026-04-01 05:30:15.357144,98.78626116399816,73.0,45.0,1,12,1,critical
i-synthetic-02,2026-04-01 05:31:24.116765,8.408473474557908,5.0,44.4,0,12,0,normal
i-synthetic-02,2026-04-01 05:32:32.399629,5.333403403945621,5.0,43.4,0,12,0,normal
i-synthetic-02,2026-04-01 05:33:40.352410,4.300704887721133,5.0,47.2,0,12,0,normal
i-synthetic-02,2026-04-01 05:34:48.112198,3.7567786657908497,10.0,44.4,0,12,0,normal
i-synthetic-02,2026-04-01 05:35:55.299788,3.4466998047289947,5.0,40.0,0,12,0,normal
i-synthetic-02,2026-04-01 05:37:03.482471,2.1509320038256017,5.5,47.9,0,12,0,normal
i-synthetic-02,2026-04-01 05:38:11.272916,2.133954669217068,6.5,41.1,0,12,0,normal
i-synthetic-02,2026-04-01 05:39:20.002734,2.158297287089475,8.4,41.3,0,12,0,normal
i-synthetic-02,2026-04-01 05:40:27.994826,2.152020674231684,5.0,43.4,0,12,0,normal
i-synthetic-02,2026-04-01 05:41:36.015799,2.1980583817627766,5.0,43.9,0,12,0,normal
i-synthetic-02,2026-04-01 05:42:44.291770,2.1615291908813883,9.3,42.7,0,12,0,normal
i-synthetic-02,2026-04-01 05:43:53.445031,2.1916825463133165,5.0,44.4,0,12,0,normal
i-synthetic-02,2026-04-01 05:45:01.553513,2.1996123786031037,5.0,48.1,0,12,0,normal
i-synthetic-02,2026-04-01 05:46:10.393531,1.0092248152534737,5.0,45.4,0,12,0,normal
i-synthetic-02,2026-04-01 05:47:18.687409,1.3462790742934034,5.0,47.9,0,12,0,normal
i-synthetic-02,2026-04-01 05:48:26.303192,1.6225193828622688,6.6,40.9,0,12,0,normal
i-synthetic-02,2026-04-01 05:49:35.448736,1.793972870480035,5.0,44.9,0,12,0,normal
i-synthetic-02,2026-04-01 05:50:44.515276,1.866844963050695,5.0,45.1,0,12,0,normal
i-synthetic-02,2026-04-01 05:51:53.190226,2.283333333333333,5.0,46.6,0,12,0,normal
i-synthetic-02,2026-04-01 05:53:01.883776,2.2521109593932764,5.0,39.6,0,12,0,normal
i-synthetic-02,2026-04-01 05:54:15.037394,2.1078332195449576,10.0,41.0,0,12,0,normal
i-synthetic-02,2026-04-01 05:55:24.365334,2.1379332423026325,5.0,41.4,0,12,0,normal
i-synthetic-02,2026-04-01 05:56:34.271144,2.13521944384206,10.1,40.5,0,12,0,normal
i-synthetic-02,2026-04-01 05:57:43.610588,2.2082878009192317,5.0,48.0,0,12,0,normal
i-synthetic-02,2026-04-01 05:58:52.119763,2.0332842753103315,5.0,40.3,0,12,0,normal
i-synthetic-02,2026-04-01 06:00:00.798551,2.1025663826746546,5.0,44.3,0,12,0,normal
i-synthetic-02,2026-04-01 06:01:08.879474,2.3062577014020715,8.3,47.2,0,12,0,normal
i-synthetic-02,2026-04-01 06:02:16.989237,2.254119742503658,5.0,43.9,0,12,0,normal
i-synthetic-02,2026-04-01 06:03:25.473978,2.2659612108922915,7.9,48.0,0,12,0,normal
i-synthetic-02,2026-04-01 06:04:33.379854,2.2499571710347497,5.8,44.7,0,12,0,normal
i-synthetic-02,2026-04-01 06:05:41.929290,9.108299070161134,15.0,47.5,0,12,0,normal
i-synthetic-02,2026-04-01 06:06:49.960357,100.0,72.6,41.5,0,12,1,critical
i-synthetic-02,2026-04-01 06:07:58.556657,99.99249987499792,74.7,48.7,1,12,1,critical
i-synthetic-02,2026-04-01 06:09:07.521914,99.99416660416563,77.5,40.4,1,12,1,critical
i-synthetic-02,2026-04-01 06:10:16.732511,93.1903332833325,83.9,46.3,1,12,1,warning
i-synthetic-02,2026-04-01 06:11:25.664407,2.283333333333333,5.0,39.7,0,12,0,normal
i-synthetic-02,2026-04-01 06:12:33.311253,2.225,5.0,39.3,0,12,0,normal
i-synthetic-02,2026-04-01 06:13:40.900785,2.221570113066791,5.0,48.8,0,12,0,normal
i-synthetic-02,2026-04-01 06:14:48.113756,2.2062379714749896,9.5,47.9,0,12,0,normal
i-synthetic-02,2026-04-01 06:15:55.887088,5.691657043846658,7.1,46.9,0,12,0,normal
i-synthetic-02,2026-04-01 06:17:03.246426,99.99333553971769,75.4,47.9,0,12,1,critical
i-synthetic-02,2026-04-01 06:18:12.524116,99.99555702647847,76.8,46.7,1,12,1,critical
i-synthetic-02,2026-04-01 06:19:21.238244,99.99666776985885,77.9,43.5,1,12,1,critical
i-synthetic-02,2026-04-01 06:20:30.013655,99.99666695981088,79.1,45.1,1,12,1,critical
i-synthetic-02,2026-04-01 06:21:39.153710,99.99500441276871,71.2,46.5,1,12,1,critical
i-synthetic-02,2026-04-01 06:22:47.913149,99.99750220638435,84.2,42.5,1,12,1,critical
i-synthetic-02,2026-04-01 06:23:57.334520,99.99833480425623,78.1,48.7,1,12,1,critical
i-synthetic-02,2026-04-01 06:25:06.847450,96.83679004292867,79.5,40.0,1,12,1,critical
i-synthetic-02,2026-04-01 06:26:15.921875,1.9934275276494235,5.0,48.6,0,12,0,normal
i-synthetic-02,2026-04-01 06:27:23.223928,2.046713763824712,5.0,47.1,0,12,0,normal
i-synthetic-02,2026-04-01 06:28:30.854393,2.0305541400536797,5.0,45.4,0,12,0,normal
i-synthetic-02,2026-04-01 06:29:38.919824,2.0395822717069265,5.0,41.5,0,12,0,normal
i-synthetic-02,2026-04-01 06:30:47.235463,2.0019929396568985,5.0,41.8,0,12,0,normal
i-synthetic-02,2026-04-01 06:31:55.459997,0.6916666666666665,5.0,48.6,0,12,0,normal
i-synthetic-02,2026-04-01 06:33:03.365229,1.5160758459656931,5.0,43.0,0,12,0,normal
i-synthetic-02,2026-04-01 06:34:11.482416,1.6120568844742698,5.0,47.3,0,12,0,normal
i-synthetic-02,2026-04-01 06:35:19.031583,1.8613121742460823,6.7,39.1,0,12,0,normal
i-synthetic-02,2026-04-01 06:36:27.075925,100.0,87.8,47.3,0,12,1,critical
i-synthetic-02,2026-04-01 06:37:35.670352,100.0,70.2,43.8,1,12,1,critical
i-synthetic-02,2026-04-01 06:38:44.725225,99.99833480425623,72.0,43.6,1,12,1,critical
i-synthetic-02,2026-04-01 06:39:53.627292,99.99791703309693,88.7,43.9,1,12,1,critical
i-synthetic-02,2026-04-01 06:42:06.612022,2.15,6.0,43.8,0,12,0,normal
i-synthetic-02,2026-04-01 06:43:14.589074,2.157693481868794,9.9,43.6,0,12,0,normal
i-synthetic-02,2026-04-01 06:44:22.180278,2.1245201114015955,10.8,44.4,0,12,0,normal
i-synthetic-02,2026-04-01 06:45:29.965170,2.124616089121276,5.8,45.8,0,12,0,normal
i-synthetic-02,2026-04-01 06:46:38.487813,2.05181243431698,5.0,48.2,0,12,0,normal
i-synthetic-02,2026-04-01 06:47:46.230502,2.096739550491823,7.4,44.0,0,12,0,normal
i-synthetic-02,2026-04-01 06:48:19.367643,2.058354012019221,9.2,42.8,0,12,0,normal
i-synthetic-02,2026-04-01 06:48:37.168899,2.058354012019221,5.0,39.1,0,12,0,normal
i-synthetic-02,2026-04-01 06:49:38.995486,2.0650593185461688,5.0,39.1,0,12,0,normal
i-synthetic-02,2026-04-01 06:50:46.606689,2.042047454836935,7.5,43.3,0,12,0,normal
i-synthetic-02,2026-04-01 06:51:04.985107,2.058333333333333,5.0,40.5,0,12,0,normal
i-synthetic-02,2026-04-01 06:51:51.467626,2.058333333333333,5.0,48.4,0,12,0,normal
i-synthetic-02,2026-04-01 06:52:59.991488,2.01606603981298,5.0,46.4,0,12,0,normal
i-synthetic-02,2026-04-01 06:54:07.496019,1.9916398346289477,5.0,47.7,0,12,0,normal
i-synthetic-02,2026-04-01 06:58:15.087941,1.8755191949074312,5.1,47.6,0,12,0,normal
i-synthetic-02,2026-04-01 06:59:24.499074,14.198306062847239,8.7,44.3,0,12,0,normal
i-synthetic-02,2026-04-01 07:00:33.556056,31.357645732831532,20.1,46.0,0,12,0,normal
i-synthetic-02,2026-04-01 07:01:42.652668,100.0,85.3,42.1,0,12,1,critical
i-synthetic-02,2026-04-01 07:02:52.201123,100.0,75.4,44.0,1,12,1,critical
i-synthetic-02,2026-04-01 07:04:02.212521,94.10708443652551,68.5,47.6,1,12,1,warning
i-synthetic-02,2026-04-01 07:05:13.195240,90.35064160964045,73.2,42.0,1,12,1,warning
i-synthetic-02,2026-04-01 07:06:23.955787,99.96666666666667,83.3,39.7,1,12,1,critical
i-synthetic-02,2026-04-01 07:07:34.019482,99.95416666666667,81.6,46.1,1,12,1,critical
i-synthetic-02,2026-04-01 07:08:43.959588,86.16111111111111,71.5,39.6,0,12,1,warning
i-synthetic-02,2026-04-01 07:09:54.998038,67.94711722063101,60.5,40.0,0,12,0,normal
i-synthetic-02,2026-04-01 07:11:08.077883,7.776464123357701,5.0,41.4,0,12,0,normal
i-synthetic-02,2026-04-01 07:12:20.356403,5.06844124645874,5.0,41.4,0,12,0,normal
i-synthetic-02,2026-04-01 07:13:31.956924,4.109516386528049,8.8,43.6,0,12,0,normal
i-synthetic-02,2026-04-01 07:14:43.965665,3.6571372898960366,5.0,44.4,0,12,0,normal
i-synthetic-02,2026-04-01 07:15:56.149175,3.3590431652501627,9.6,47.5,0,12,0,normal
i-synthetic-02,2026-04-01 07:17:15.669556,2.182395619980128,6.1,41.1,0,12,0,normal
i-synthetic-02,2026-04-01 07:18:31.293240,2.202152635542308,9.3,45.2,0,12,0,normal
i-synthetic-02,2026-04-01 07:19:43.925771,2.208356265236643,5.0,42.0,0,12,0,normal
i-synthetic-02,2026-04-01 07:20:53.589828,2.208351678855981,5.0,43.5,0,12,0,normal
i-synthetic-02,2026-04-01 07:22:04.759009,2.1624999999999996,9.4,40.5,0,12,0,normal
i-synthetic-02,2026-04-01 07:23:15.170560,2.172222222222222,9.2,40.1,0,12,0,normal
i-synthetic-02,2026-04-01 07:24:24.122293,2.1499999999999995,5.0,48.8,0,12,0,normal
i-synthetic-02,2026-04-01 07:25:33.664463,2.1599999999999993,5.0,44.6,0,12,0,normal
i-synthetic-02,2026-04-01 07:26:43.802126,2.0731687009808004,5.0,43.3,0,12,0,normal
i-synthetic-02,2026-04-01 07:27:53.256047,2.1208754743164464,5.0,48.1,0,12,0,normal
i-synthetic-02,2026-04-01 09:03:58.530606,1.6055555555555554,5.0,41.3,0,12,0,normal
i-synthetic-02,2026-04-01 09:05:06.711205,1.6030420905977496,5.0,40.4,0,12,0,normal
i-synthetic-02,2026-04-01 10:18:28.703994,1.5837901257221656,5.0,44.8,0,12,0,normal
i-synthetic-02,2026-04-01 10:31:59.433448,1.6568697650408806,5.0,43.8,0,12,0,normal
i-synthetic-02,2026-04-01 10:33:07.334880,1.621703302416086,9.7,44.2,0,12,0,normal
i-synthetic-02,2026-04-01 10:34:15.257468,1.6058608101453977,5.6,48.7,0,12,0,normal
i-synthetic-03,2026-03-30 03:16:40.162942,2.1666666666666665,10.6,37.1,0,10,0,normal
i-synthetic-03,2026-03-30 03:16:42.439242,2.1666666666666665,5.0,38.0,0,10,0,normal
i-synthetic-03,2026-03-30 03:17:51.597278,2.147222222222222,5.0,41.6,0,10,0,normal
i-synthetic-03,2026-03-30 03:17:53.680359,2.147222222222222,5.0,44.9,0,10,0,normal
i-synthetic-03,2026-03-30 03:19:02.380328,2.15,5.0,42.0,0,10,0,normal
i-synthetic-03,2026-03-30 03:19:04.739826,2.15,5.0,37.5,0,10,0,normal
i-synthetic-03,2026-03-30 03:20:13.298905,2.1446390568017186,5.0,36.9,0,10,0,normal
i-synthetic-03,2026-03-30 03:20:16.093017,2.1446390568017186,5.4,41.2,0,10,0,normal
i-synthetic-03,2026-03-30 03:21:24.103564,2.251914127007957,5.0,39.4,0,10,0,normal
i-synthetic-03,2026-03-30 03:21:26.950833,2.1917178335161345,5.0,37.5,0,10,0,normal
i-synthetic-03,2026-03-30 03:22:35.506124,2.2006627010899122,5.0,36.1,0,10,0,normal
i-synthetic-03,2026-03-30 03:22:37.512053,2.2006627010899122,10.3,38.7,0,10,0,normal
i-synthetic-03,2026-03-30 03:23:46.680296,2.1771327188117224,6.7,36.9,0,10,0,normal
i-synthetic-03,2026-03-30 03:23:48.100327,2.1771327188117224,8.4,44.9,0,10,0,normal
i-synthetic-03,2026-03-30 03:24:57.625391,2.185039508382711,5.0,36.7,0,10,0,normal
i-synthetic-03,2026-03-30 03:26:09.683774,2.293616240471067,5.3,37.2,0,10,0,normal
i-synthetic-03,2026-03-30 03:27:21.258903,2.255141453568867,5.0,38.8,0,10,0,normal
i-synthetic-03,2026-03-30 03:28:32.349312,2.2171540601177666,6.4,44.2,0,10,0,normal
i-synthetic-03,2026-03-30 03:29:43.843039,2.2087232480942136,5.8,43.7,0,10,0,normal
i-synthetic-03,2026-04-01 07:29:03.103717,2.1266226765728513,8.4,42.8,0,12,0,normal
i-synthetic-03,2026-03-30 03:46:34.726358,2.229166666666667,5.0,37.3,0,10,0,normal
i-synthetic-03,2026-03-30 03:47:44.619750,2.2604658155241,5.0,37.0,0,10,0,normal
i-synthetic-03,2026-03-30 03:48:19.852766,2.2604658155241,5.0,44.0,0,10,0,normal
i-synthetic-03,2026-03-30 03:49:30.712919,2.2679384894422356,5.1,41.2,0,10,0,normal
i-synthetic-03,2026-03-30 03:50:40.704390,2.2679384894422356,7.9,35.3,0,10,0,normal
i-synthetic-03,2026-03-30 03:51:44.821104,2.196793941516956,5.0,40.1,0,10,0,normal
i-synthetic-03,2026-03-30 03:52:55.218943,2.075121402164102,9.6,38.1,0,10,0,normal
i-synthetic-03,2026-03-30 03:54:05.636469,2.1000910516230764,6.9,44.0,0,10,0,normal
i-synthetic-03,2026-03-30 03:55:16.444062,2.0399348941781907,5.5,42.9,0,10,0,normal
i-synthetic-03,2026-03-30 03:56:27.197807,2.230504427683031,5.0,36.9,0,10,0,normal
i-synthetic-03,2026-03-30 03:57:37.024931,2.2092251740109097,11.1,40.8,0,10,0,normal
i-synthetic-03,2026-03-30 03:58:47.043569,2.2215022138415157,5.0,36.5,0,10,0,normal
i-synthetic-03,2026-03-30 03:59:58.045253,2.210167083890651,6.7,44.5,0,10,0,normal
i-synthetic-03,2026-03-30 04:01:08.477440,2.313004409684666,10.9,44.2,0,10,0,normal
i-synthetic-03,2026-03-30 04:02:18.569320,2.3468988366463894,5.0,39.1,0,10,0,normal
i-synthetic-03,2026-03-30 04:03:30.371308,1.8715808602231614,5.0,42.0,0,10,0,normal
i-synthetic-03,2026-03-30 04:04:41.232016,1.9252342473865354,5.0,36.2,0,10,0,normal
i-synthetic-03,2026-03-30 04:05:52.159479,1.9252342473865354,5.0,38.3,0,10,0,normal
i-synthetic-03,2026-03-30 04:07:02.875809,2.179203905334522,5.3,42.6,0,10,0,normal
i-synthetic-03,2026-03-30 04:08:13.370057,2.1777905204244,5.0,35.4,0,10,0,normal
i-synthetic-03,2026-03-30 04:09:23.992828,2.1546193086071788,5.0,35.2,0,10,0,normal
i-synthetic-03,2026-03-30 04:10:33.838717,2.1653621135524097,5.0,35.2,0,10,0,normal
i-synthetic-03,2026-03-30 04:11:44.281156,2.1949309753376296,5.2,41.6,0,10,0,normal
i-synthetic-03,2026-03-30 04:12:53.935222,2.2055849365351166,5.0,43.4,0,10,0,normal
i-synthetic-03,2026-03-30 04:14:04.124077,2.1916887024013376,5.0,36.9,0,10,0,normal
i-synthetic-03,2026-03-30 04:15:15.161562,2.2000176285877364,5.0,37.2,0,10,0,normal
i-synthetic-03,2026-03-30 04:16:25.673419,2.1481740520557526,5.0,42.6,0,10,0,normal
i-synthetic-03,2026-03-30 04:17:36.313191,2.157724684018584,5.0,35.2,0,10,0,normal
i-synthetic-03,2026-03-30 04:18:47.492577,2.1703768463472715,7.4,43.3,0,10,0,normal
i-synthetic-03,2026-03-30 04:19:58.066268,2.1549906962474443,5.0,44.4,0,10,0,normal
i-synthetic-03,2026-03-30 04:21:08.287358,2.2416666666666667,5.0,37.9,0,10,0,normal
i-synthetic-03,2026-03-30 04:22:19.202755,2.1791666666666667,5.0,35.4,0,10,0,normal
i-synthetic-03,2026-03-30 04:23:29.514296,2.1687499999999997,5.0,42.5,0,10,0,normal
i-synthetic-03,2026-03-30 04:24:39.882718,2.1783333333333332,5.0,44.8,0,10,0,normal
i-synthetic-03,2026-03-30 04:25:50.985189,2.1783333333333332,5.0,36.9,0,10,0,normal
i-synthetic-03,2026-03-30 04:27:02.010644,2.186548100781003,5.0,36.7,0,10,0,normal
i-synthetic-03,2026-03-30 04:28:12.489017,2.166634662726877,5.7,36.2,0,10,0,normal
i-synthetic-03,2026-03-30 04:29:23.118663,2.176590458086606,5.0,37.6,0,10,0,normal
i-synthetic-03,2026-03-30 04:30:33.335977,2.16663392379301,9.8,38.7,0,10,0,normal
i-synthetic-03,2026-03-30 04:31:44.066925,2.1708333333333334,5.0,37.9,0,10,0,normal
i-synthetic-03,2026-03-30 04:32:55.477910,2.25,5.0,38.1,0,10,0,normal
i-synthetic-03,2026-03-30 04:34:06.410760,2.220833333333333,7.5,41.3,0,10,0,normal
i-synthetic-03,2026-03-30 04:35:29.570334,2.1729964530149375,5.0,38.4,0,10,0,normal
i-synthetic-03,2026-03-30 04:36:28.705788,2.049999028347222,5.0,41.4,0,10,0,normal
i-synthetic-03,2026-03-30 04:37:39.822871,2.0694437966759254,5.0,42.4,0,10,0,normal
i-synthetic-03,2026-03-30 04:38:46.017989,2.043733125831,5.0,37.5,0,10,0,normal
i-synthetic-03,2026-03-30 04:39:56.754398,2.0370082865756878,5.0,42.2,0,10,0,normal
i-synthetic-03,2026-03-30 04:41:07.711386,1.883333333333333,10.0,43.1,0,10,0,normal
i-synthetic-03,2026-03-30 04:42:18.178771,1.932491132537343,7.8,41.6,0,10,0,normal
i-synthetic-03,2026-03-30 04:43:29.096828,1.9037527544093114,5.0,40.1,0,10,0,normal
i-synthetic-03,2026-03-30 04:44:41.299720,1.9083233044448804,5.8,41.8,0,10,0,normal
i-synthetic-03,2026-03-30 04:45:51.924380,1.9083233044448804,5.0,40.9,0,10,0,normal
i-synthetic-03,2026-03-30 04:47:02.103934,1.8250429340575929,5.0,42.1,0,10,0,normal
i-synthetic-03,2026-03-30 04:48:12.536257,1.7944730671495064,5.0,40.7,0,10,0,normal
i-synthetic-03,2026-03-30 04:49:23.330138,1.8021048003621298,5.8,36.5,0,10,0,normal
i-synthetic-03,2026-03-30 04:50:28.321459,1.776683840289704,6.8,43.4,0,10,0,normal
i-synthetic-03,2026-03-30 04:51:39.000674,1.715973089540557,7.2,37.4,0,10,0,normal
i-synthetic-03,2026-03-30 04:52:48.723271,1.719471225484627,8.6,39.4,0,10,0,normal
i-synthetic-03,2026-03-30 04:53:03.420707,1.719471225484627,9.0,37.8,0,10,0,normal
i-synthetic-03,2026-03-30 04:54:13.608084,1.6979367524468034,6.4,40.6,0,10,0,normal
i-synthetic-03,2026-03-30 04:55:24.388285,1.696682735290776,5.0,35.7,0,10,0,normal
i-synthetic-03,2026-03-30 04:56:34.552589,1.65,5.0,38.5,0,10,0,normal
i-synthetic-03,2026-03-30 04:57:44.950680,1.6356558036779847,5.0,35.4,0,10,0,normal
i-synthetic-03,2026-03-30 04:58:06.958552,1.6356558036779847,5.0,39.9,0,10,0,normal
i-synthetic-03,2026-03-30 04:59:17.705982,1.6541885157553693,5.0,37.7,0,10,0,normal
i-synthetic-03,2026-03-30 05:00:28.354874,1.6416841459376286,5.0,36.9,0,10,0,normal
i-synthetic-03,2026-03-30 05:29:59.560013,0.0001577347978801,5.0,38.6,0,10,0,normal
i-synthetic-03,2026-03-30 05:31:12.050313,7.59987333544441,5.0,44.8,0,10,0,normal
i-synthetic-03,2026-04-01 07:30:14.081399,2.1133287683121784,5.0,41.7,0,12,0,normal
i-synthetic-03,2026-04-01 07:31:24.295427,2.1980583817627766,5.0,39.1,0,12,0,normal
i-synthetic-03,2026-04-01 07:32:32.841628,2.1365291908813884,8.3,43.8,0,12,0,normal
i-synthetic-03,2026-04-01 07:33:41.652799,2.158334477741634,5.0,40.9,0,12,0,normal
i-synthetic-03,2026-04-01 07:34:50.707375,2.139124528231125,6.7,41.9,0,12,0,normal
i-synthetic-03,2026-04-01 07:37:06.865762,2.083333333333333,5.0,39.5,0,12,0,normal
i-synthetic-03,2026-04-01 07:38:15.984118,2.0688438175907575,5.0,43.6,0,12,0,normal
i-synthetic-03,2026-04-01 07:39:24.692562,2.076632863193068,5.0,43.4,0,12,0,normal
i-synthetic-03,2026-04-01 07:41:34.794834,2.12312457329359,10.6,46.0,0,12,0,normal
i-synthetic-03,2026-04-01 07:42:44.771523,2.065728953313462,6.1,42.2,0,12,0,normal
i-synthetic-03,2026-04-01 07:43:55.332149,2.077152635542308,5.0,47.2,0,12,0,normal
i-synthetic-03,2026-04-01 07:45:04.556194,2.0583065338072135,5.0,48.3,0,12,0,normal
i-synthetic-03,2026-04-01 07:46:16.689549,100.0,83.2,46.7,0,12,1,critical
i-synthetic-03,2026-04-01 09:06:15.028080,1.559711078119005,5.0,44.0,0,12,0,normal
i-synthetic-03,2026-04-01 09:07:24.017411,1.6048555390595025,5.1,40.2,0,12,0,normal
i-synthetic-03,2026-04-01 09:08:32.831247,1.5833390470322362,5.0,39.0,0,12,0,normal
i-synthetic-03,2026-04-01 09:09:42.428249,1.6003689824233254,5.0,39.3,0,12,0,normal
i-synthetic-03,2026-04-01 09:10:51.240812,1.5866912027904412,5.0,45.0,0,12,0,normal
i-synthetic-03,2026-04-01 09:12:01.936978,1.6583333333333332,5.0,49.0,0,12,0,normal
i-synthetic-03,2026-04-01 09:13:12.286236,1.6227109409608114,5.0,44.3,0,12,0,normal
i-synthetic-03,2026-04-01 09:14:21.273482,1.6086998723872752,5.0,41.0,0,12,0,normal
i-synthetic-03,2026-04-01 09:15:31.014942,1.6416465913306317,5.0,43.7,0,12,0,normal
i-synthetic-03,2026-04-01 09:16:40.776026,1.6347773866915773,11.3,41.5,0,12,0,normal
i-synthetic-03,2026-04-01 09:17:50.201674,1.6840553600124553,5.0,39.0,0,12,0,normal
i-synthetic-03,2026-04-01 09:19:00.195098,1.6583415375843336,5.0,41.9,0,12,0,normal
i-synthetic-03,2026-04-01 09:20:10.822621,1.6566715892172668,5.0,40.4,0,12,0,normal
i-synthetic-03,2026-04-01 09:21:19.783865,1.7083333333333333,9.6,46.0,0,12,0,normal
i-synthetic-03,2026-04-01 09:22:28.161315,1.6465332571549314,5.0,42.0,0,12,0,normal
i-synthetic-03,2026-03-30 05:32:24.149203,4.1919561519246535,5.0,43.7,0,10,0,normal
i-synthetic-03,2026-03-30 05:33:36.014987,2.9694829877112023,6.9,43.9,0,10,0,normal
i-synthetic-03,2026-03-30 05:34:48.578780,2.4062789074500683,5.0,42.1,0,10,0,normal
i-synthetic-03,2026-03-30 05:35:59.617641,5.376632265807724,14.1,36.5,0,10,0,normal
i-synthetic-03,2026-03-30 05:47:37.904106,1.9367682917286577,5.0,35.8,0,10,0,normal
i-synthetic-03,2026-03-30 05:48:49.787600,2.0362441933737343,5.0,35.0,0,10,0,normal
i-synthetic-03,2026-03-30 05:54:43.142581,0.0011623278607227,5.0,39.9,0,10,0,normal
i-synthetic-03,2026-03-30 06:07:15.589093,0.0011917222913862,5.0,39.9,0,10,0,normal
i-synthetic-03,2026-03-30 17:38:25.932061,0.45525957294579183,5.0,43.4,0,10,0,normal
i-synthetic-03,2026-03-30 17:39:39.214001,0.45337399890223234,5.0,39.5,0,10,0,normal
i-synthetic-03,2026-03-30 17:40:53.124015,0.45337399890223234,5.0,40.9,0,10,0,normal
i-synthetic-03,2026-03-30 17:42:05.929552,0.500033383081266,5.0,36.8,0,10,0,normal
i-synthetic-03,2026-03-30 17:43:18.894088,0.5029526705389248,5.0,42.8,0,10,0,normal
i-synthetic-03,2026-03-30 17:44:26.921884,0.4984564283047305,5.0,38.6,0,10,0,normal
i-synthetic-03,2026-03-30 17:52:18.415335,0.8751839155239717,5.0,37.8,0,10,0,normal
i-synthetic-03,2026-03-30 17:54:14.165759,0.6625919577619858,5.0,39.8,0,10,0,normal
i-synthetic-03,2026-03-30 17:55:27.015022,0.7000735662095886,5.0,35.6,0,10,0,normal
i-synthetic-03,2026-03-30 17:56:42.126850,0.449595364172245,9.6,35.0,0,10,0,normal
i-synthetic-03,2026-03-30 17:57:49.497310,0.42479768208612245,5.0,39.1,0,10,0,normal
i-synthetic-03,2026-03-30 17:58:56.881767,0.4472349764825531,5.0,38.4,0,10,0,normal
i-synthetic-03,2026-03-30 18:00:09.059706,0.43325485326976443,5.6,39.6,0,10,0,normal
i-synthetic-03,2026-03-30 18:08:53.865649,0.6277831692821448,5.0,41.7,0,10,0,normal
i-synthetic-03,2026-03-30 18:10:01.697469,0.5937540436282753,5.0,44.7,0,10,0,normal
i-synthetic-03,2026-03-30 18:12:13.795516,0.5,5.0,42.7,0,10,0,normal
i-synthetic-03,2026-03-30 18:13:26.193208,1.7831846427128941,10.6,38.6,0,10,0,normal
i-synthetic-03,2026-03-30 18:14:33.413307,1.8978051487013374,5.0,41.0,0,10,0,normal
i-synthetic-03,2026-03-30 18:15:43.026586,1.9457722742685744,5.0,35.0,0,10,0,normal
i-synthetic-03,2026-03-30 18:16:56.780215,2.396179471337686,5.0,35.2,0,10,0,normal
i-synthetic-03,2026-03-30 18:18:10.305780,2.748089735668843,5.5,44.1,0,10,0,normal
i-synthetic-03,2026-03-30 18:18:44.158658,2.661868551479854,5.0,36.2,0,10,0,normal
i-synthetic-03,2026-03-30 18:19:52.551519,2.561493329667676,10.5,44.7,0,10,0,normal
i-synthetic-03,2026-03-30 18:22:26.331345,2.295814166986106,10.4,44.3,0,10,0,normal
i-synthetic-03,2026-03-30 18:24:12.971970,2.2339653598018416,5.0,35.6,0,10,0,normal
i-synthetic-03,2026-03-30 18:25:37.416223,2.2316547345809417,5.0,37.3,0,10,0,normal
i-synthetic-03,2026-03-30 18:26:48.860962,1.88502986020752,5.0,43.9,0,10,0,normal
i-synthetic-03,2026-03-30 18:27:57.317022,2.4245144638567155,5.8,41.2,0,10,0,normal
i-synthetic-03,2026-03-30 18:29:10.667226,2.341342975904477,5.0,42.0,0,10,0,normal
i-synthetic-03,2026-03-30 18:30:19.793836,2.2868793183889147,5.0,41.4,0,10,0,normal
i-synthetic-03,2026-03-30 18:31:28.959691,2.2666666666666666,5.0,44.1,0,10,0,normal
i-synthetic-03,2026-03-30 18:32:42.975406,1.9451162584161765,5.0,42.4,0,10,0,normal
i-synthetic-03,2026-03-30 18:33:50.454601,2.0390665570506674,5.2,39.9,0,10,0,normal
i-synthetic-03,2026-03-30 18:35:04.496535,2.0642351427521994,11.2,35.1,0,10,0,normal
i-synthetic-03,2026-03-30 18:36:15.663899,2.2563402327943654,5.0,39.0,0,10,0,normal
i-synthetic-03,2026-04-01 07:47:26.631936,100.0,75.6,39.2,0,12,1,critical
i-synthetic-03,2026-04-01 07:48:57.112739,99.99722222222222,75.7,42.3,1,12,1,critical
i-synthetic-03,2026-04-01 07:50:11.435206,99.99666666666667,72.4,47.0,1,12,1,critical
i-synthetic-03,2026-04-01 07:51:23.982724,100.0,88.5,44.0,1,12,1,critical
i-synthetic-03,2026-04-01 07:52:38.132116,100.0,85.0,39.0,1,12,1,critical
i-synthetic-03,2026-04-01 09:23:36.471261,4.31991106032551,5.0,42.1,0,12,0,normal
i-synthetic-03,2026-04-01 09:24:44.285210,28.237849961910797,24.1,42.6,0,12,0,normal
i-synthetic-03,2026-04-01 09:25:52.272483,42.59027996952864,40.8,40.9,0,12,0,normal
i-synthetic-03,2026-04-01 09:27:00.962116,100.0,88.9,48.3,0,12,1,critical
i-synthetic-03,2026-04-01 09:28:09.773134,97.43333333333334,79.0,45.6,1,12,1,critical
i-synthetic-03,2026-04-01 09:29:18.551179,73.48333333333333,62.6,47.1,0,12,0,normal
i-synthetic-03,2026-04-01 09:30:26.868062,59.125,51.0,39.7,0,12,0,normal
i-synthetic-03,2026-04-01 09:31:35.865549,1.7318035735100659,5.0,45.1,0,12,0,normal
i-synthetic-03,2026-04-01 09:32:43.785419,1.6791201296245677,5.0,44.1,0,12,0,normal
i-synthetic-03,2026-04-01 09:33:51.914535,1.6860800864163785,6.6,44.2,0,12,0,normal
i-synthetic-03,2026-04-01 09:34:59.671963,39.241543798454586,30.9,42.8,0,12,0,normal
i-synthetic-03,2026-04-01 09:36:07.410240,100.0,79.9,44.8,0,12,1,critical
i-synthetic-03,2026-04-01 09:37:16.071752,99.9933275505438,86.9,47.3,1,12,1,critical
i-synthetic-03,2026-04-01 09:38:24.792300,99.99555170036253,81.9,47.8,1,12,1,critical
i-synthetic-03,2026-04-01 09:39:33.655014,99.9966637752719,79.0,47.4,1,12,1,critical
i-synthetic-03,2026-04-01 09:40:42.719636,99.99666493082832,78.0,43.7,1,12,1,critical
i-synthetic-03,2026-04-01 09:41:51.575089,99.99000016666388,74.2,39.8,1,12,1,critical
i-synthetic-03,2026-04-01 09:42:59.871407,99.99500008333195,73.4,39.6,1,12,1,critical
i-synthetic-03,2026-04-01 09:44:09.031529,77.5933333749993,53.9,45.0,0,12,0,normal
i-synthetic-03,2026-04-01 09:45:18.456534,62.40829473809977,47.9,48.8,0,12,0,normal
i-synthetic-03,2026-04-01 09:46:27.653806,1.5583333333333331,5.0,42.5,0,12,0,normal
i-synthetic-03,2026-04-01 09:47:35.782114,1.611764538546506,8.5,42.1,0,12,0,normal
i-synthetic-03,2026-04-01 09:48:43.574755,1.5888529177690003,10.5,49.0,0,12,0,normal
i-synthetic-03,2026-03-30 18:37:28.813605,2.204120539270721,5.0,42.5,0,10,0,normal
i-synthetic-03,2026-04-01 07:53:50.659735,99.99722222222222,87.9,47.2,0,12,1,critical
i-synthetic-03,2026-04-01 07:55:05.291322,90.52733421588707,79.1,41.5,1,12,1,warning
i-synthetic-03,2026-04-01 07:56:18.661224,0.4670792533404507,9.4,41.4,0,12,0,normal
i-synthetic-03,2026-04-01 07:57:29.973903,1.262706293336892,9.7,40.7,0,12,0,normal
i-synthetic-03,2026-04-01 07:58:42.963836,1.5029153066690393,5.0,39.1,0,12,0,normal
i-synthetic-03,2026-04-01 07:59:54.540044,1.6480198133351127,5.0,42.6,0,12,0,normal
i-synthetic-03,2026-04-01 08:01:04.779204,100.0,86.6,47.7,0,12,1,critical
i-synthetic-03,2026-04-01 08:02:15.980905,99.99583333333334,89.5,44.1,1,12,1,critical
i-synthetic-03,2026-04-01 08:03:26.377117,99.99722222222222,73.0,39.4,1,12,1,critical
i-synthetic-03,2026-04-01 08:04:37.581959,99.99791666666667,88.2,39.4,1,12,1,critical
i-synthetic-03,2026-04-01 08:05:48.780892,99.995,88.4,48.0,1,12,1,critical
i-synthetic-03,2026-04-01 08:07:00.781138,100.0,71.4,43.5,1,12,1,critical
i-synthetic-03,2026-04-01 08:08:12.138375,100.0,84.2,46.6,1,12,1,critical
i-synthetic-03,2026-04-01 08:09:23.177068,99.99791666666667,75.2,47.9,1,12,1,critical
i-synthetic-03,2026-04-01 08:10:33.983323,93.57333333333334,76.2,45.3,1,12,1,warning
i-synthetic-03,2026-04-01 08:11:45.737334,1.9482790201988243,5.0,44.9,0,12,0,normal
i-synthetic-03,2026-04-01 08:12:56.138854,1.8866395100994122,8.7,41.5,0,12,0,normal
i-synthetic-03,2026-04-01 08:14:06.538984,1.8791379569613946,5.0,44.1,0,12,0,normal
i-synthetic-03,2026-04-01 08:15:15.593829,1.8866436989024489,5.0,40.6,0,12,0,normal
i-synthetic-03,2026-04-01 08:16:25.638953,1.7916666666666667,5.9,40.8,0,12,0,normal
i-synthetic-03,2026-04-01 08:17:34.959794,1.8375,6.8,43.4,0,12,0,normal
i-synthetic-03,2026-04-01 08:18:45.258331,1.8083333333333333,5.0,41.6,0,12,0,normal
i-synthetic-03,2026-04-01 08:19:54.279048,1.825,6.7,48.7,0,12,0,normal
i-synthetic-03,2026-04-01 08:21:05.438509,99.98832301866649,76.1,40.5,0,12,1,critical
i-synthetic-03,2026-04-01 08:22:17.367749,99.99416150933325,74.9,41.6,1,12,1,critical
i-synthetic-03,2026-04-01 08:23:28.364807,99.99332989511106,88.9,46.4,1,12,1,critical
i-synthetic-03,2026-04-01 08:24:40.483538,99.9949974213333,81.0,42.7,1,12,1,critical
i-synthetic-03,2026-04-01 08:25:52.302670,96.93933127039996,69.0,47.3,1,12,1,critical
i-synthetic-03,2026-03-30 18:38:36.267420,2.058302581736036,5.0,35.9,0,10,0,normal
i-synthetic-03,2026-04-01 08:27:04.622410,1.5958333333333332,5.0,48.9,0,12,0,normal
i-synthetic-03,2026-04-01 08:28:13.608741,1.585658910425779,5.5,39.8,0,12,0,normal
i-synthetic-03,2026-04-01 08:29:23.370426,1.606272273831545,6.3,42.8,0,12,0,normal
i-synthetic-03,2026-04-01 08:30:39.440684,1.5980798319873701,5.0,44.0,0,12,0,normal
i-synthetic-03,2026-04-01 08:31:50.370613,1.6764529258690863,5.0,39.4,0,12,0,normal
i-synthetic-03,2026-04-01 08:33:03.043248,1.6310398641785842,5.9,43.9,0,12,0,normal
i-synthetic-03,2026-04-01 08:34:13.255515,1.6146008979174626,5.0,45.7,0,12,0,normal
i-synthetic-03,2026-04-01 08:35:21.599263,1.6286450368152952,5.0,44.2,0,12,0,normal
i-synthetic-03,2026-04-01 08:36:30.392872,1.5569580204152997,5.0,47.2,0,12,0,normal
i-synthetic-03,2026-04-01 08:37:41.234970,1.6042084045059468,5.0,43.6,0,12,0,normal
i-synthetic-03,2026-04-01 08:38:52.015944,1.5916944918928533,5.4,42.8,0,12,0,normal
i-synthetic-03,2026-04-01 08:40:06.735267,1.5980787080578462,5.0,40.9,0,12,0,normal
i-synthetic-03,2026-04-01 08:41:21.231654,1.6764529258690863,5.0,42.8,0,12,0,normal
i-synthetic-03,2026-04-01 08:42:34.933920,1.5965597962678766,6.3,42.0,0,12,0,normal
i-synthetic-03,2026-04-01 08:43:47.246429,1.6060398641785845,10.9,48.1,0,12,0,normal
i-synthetic-03,2026-04-01 08:45:09.607830,1.6050199353589316,5.0,45.1,0,12,0,normal
i-synthetic-03,2026-04-01 08:46:32.172875,1.568051779071513,11.0,39.6,0,12,0,normal
i-synthetic-03,2026-04-01 08:47:44.494868,1.6173592228690898,5.0,41.4,0,12,0,normal
i-synthetic-03,2026-04-01 08:48:56.610412,1.5916748362386277,5.0,42.5,0,12,0,normal
i-synthetic-03,2026-04-01 08:50:07.411952,1.591963326129162,5.8,47.7,0,12,0,normal
i-synthetic-03,2026-04-01 08:51:18.232921,1.6583333333333332,5.0,48.0,0,12,0,normal
i-synthetic-03,2026-04-01 08:52:29.278919,1.6,5.0,44.9,0,12,0,normal
i-synthetic-03,2026-04-01 08:55:56.379373,1.5399999999999998,5.0,40.7,0,12,0,normal
i-synthetic-03,2026-04-01 09:49:51.479309,1.6020563549934168,7.8,46.7,0,12,0,normal
i-synthetic-03,2026-04-01 09:51:00.047013,1.5883117506614002,5.0,42.6,0,12,0,normal
i-synthetic-03,2026-04-01 09:52:07.606292,1.6159679782858474,5.0,48.9,0,12,0,normal
i-synthetic-03,2026-04-01 09:53:16.579745,1.6305784820402653,5.0,47.6,0,12,0,normal
i-synthetic-03,2026-04-01 09:54:24.559285,19.842213818900476,8.2,39.5,0,12,0,normal
i-synthetic-03,2026-03-30 18:39:43.796287,1.7726875384267815,5.0,36.2,0,10,0,normal
i-synthetic-03,2026-04-01 08:57:07.999851,1.1744336946808098,5.0,41.3,0,12,0,normal
i-synthetic-03,2026-04-01 09:55:32.193407,35.87377105512038,26.2,41.8,0,12,0,normal
i-synthetic-03,2026-04-01 09:56:40.784653,99.99500441276871,73.6,39.1,0,12,1,critical
i-synthetic-03,2026-04-01 09:57:50.234175,99.99750220638435,83.1,42.7,1,12,1,critical
i-synthetic-03,2026-04-01 09:58:59.633952,99.99555702647847,80.9,41.3,1,12,1,critical
i-synthetic-03,2026-04-01 10:00:08.201422,65.77585321854583,51.1,47.7,0,12,0,normal
i-synthetic-03,2026-04-01 10:01:17.596865,1.6666666666666665,8.0,47.0,0,12,0,normal
i-synthetic-03,2026-04-01 10:02:25.369336,1.4333333333333331,5.0,47.4,0,12,0,normal
i-synthetic-03,2026-04-01 10:03:33.645173,1.361111111111111,5.0,42.1,0,12,0,normal
i-synthetic-03,2026-04-01 10:04:41.782059,1.308587516194861,5.0,47.2,0,12,0,normal
i-synthetic-03,2026-04-01 10:05:49.649700,1.3715831829890262,5.0,41.5,0,12,0,normal
i-synthetic-03,2026-04-01 10:06:56.937759,1.559711078119005,5.0,48.7,0,12,0,normal
i-synthetic-03,2026-04-01 10:08:05.324571,1.5893481371507792,5.0,44.1,0,12,0,normal
i-synthetic-03,2026-04-01 10:09:13.151195,1.6020655547639053,8.9,43.2,0,12,0,normal
i-synthetic-03,2026-04-01 10:10:21.062619,1.5899857771444577,5.4,45.1,0,12,0,normal
i-synthetic-03,2026-04-01 10:19:14.696381,1.6024259276249575,5.0,46.0,0,12,0,normal
i-synthetic-03,2026-04-01 10:35:09.460356,1.614980405835637,5.0,39.8,0,12,0,normal
i-synthetic-03,2026-04-01 10:36:17.364511,1.5583333333333331,5.0,42.2,0,12,0,normal
i-synthetic-03,2026-04-01 10:37:25.260370,1.6034385598277079,5.0,44.5,0,12,0,normal
i-synthetic-03,2026-04-01 10:38:33.447677,1.5888627325914735,9.3,44.0,0,12,0,normal
i-synthetic-03,2026-04-01 10:39:41.228755,1.6037829960241257,5.0,41.2,0,12,0,normal
i-synthetic-03,2026-04-01 10:40:49.303254,1.5980263968193005,5.0,47.5,0,12,0,normal
i-synthetic-03,2026-04-01 10:41:56.847457,1.6597994895491015,7.3,47.4,0,12,0,normal
i-synthetic-03,2026-04-01 10:43:05.010103,1.6249984111029268,5.0,48.8,0,12,0,normal
i-synthetic-03,2026-04-01 10:44:12.633688,1.6086765778569463,5.0,49.0,0,12,0,normal
i-synthetic-03,2026-04-01 10:45:20.318472,1.61527459561889,9.3,40.1,0,12,0,normal
i-synthetic-03,2026-04-01 10:46:28.795889,1.5569580204152997,5.0,44.9,0,12,0,normal
i-synthetic-03,2026-03-30 18:40:51.693192,1.866887227551888,5.0,42.6,0,10,0,normal
i-synthetic-03,2026-03-30 18:41:26.213773,2.2916666666666665,5.0,45.0,0,10,0,normal
i-synthetic-03,2026-03-30 18:42:35.938983,2.2198667033003625,5.0,37.5,0,10,0,normal
i-synthetic-03,2026-03-30 18:43:47.125740,2.238927583670231,6.8,44.9,0,10,0,normal
i-synthetic-03,2026-03-30 18:44:58.674617,2.278646191457611,5.0,42.7,0,10,0,normal
i-synthetic-03,2026-03-30 18:47:15.931388,57.13333333333333,48.3,39.9,0,10,0,normal
i-synthetic-03,2026-03-30 18:48:29.744667,54.61845672228328,49.5,35.8,0,10,0,normal
i-synthetic-03,2026-03-30 18:49:39.751806,65.963425499708,46.8,38.4,0,10,0,normal
i-synthetic-03,2026-03-30 18:50:58.598691,63.40117301041681,53.2,37.3,0,10,0,normal
i-synthetic-03,2026-03-30 18:52:08.109810,2.191666666666667,5.0,42.2,0,10,0,normal
i-synthetic-03,2026-03-30 18:53:22.518604,45.96666666666667,36.6,38.5,0,10,0,normal
i-synthetic-03,2026-03-30 18:54:37.547328,51.06284572782171,38.2,38.4,0,10,0,normal
i-synthetic-03,2026-03-30 18:55:48.023164,41.264903418105106,31.4,37.2,0,10,0,normal
i-synthetic-03,2026-03-30 18:56:56.077651,2.1936409435158306,5.0,35.4,0,10,0,normal
i-synthetic-03,2026-03-30 18:58:10.535514,2.3051538050912486,9.8,43.1,0,10,0,normal
i-synthetic-03,2026-03-30 18:59:24.332685,45.69632690254562,45.4,39.7,0,10,0,normal
i-synthetic-03,2026-03-30 19:00:33.742311,41.36606675066407,37.7,44.5,0,10,0,normal
i-synthetic-03,2026-03-30 19:01:41.997241,2.166666666666667,5.0,41.2,0,10,0,normal
i-synthetic-03,2026-03-30 19:02:50.531846,2.0833000011110743,5.0,44.4,0,10,0,normal
i-synthetic-03,2026-03-30 19:04:03.964432,2.0978617294653037,5.0,39.3,0,10,0,normal
i-synthetic-03,2026-03-30 19:05:12.204942,2.0588129637656443,8.0,36.0,0,10,0,normal
i-synthetic-03,2026-03-30 19:06:25.669451,1.9166666666666663,5.0,42.8,0,10,0,normal
i-synthetic-03,2026-03-30 19:06:50.873600,1.9166666666666663,8.1,40.6,0,10,0,normal
i-synthetic-03,2026-03-30 19:08:03.851365,1.9666666666666663,5.0,43.8,0,10,0,normal
i-synthetic-03,2026-03-30 19:09:11.786129,1.9638888888888886,5.0,39.8,0,10,0,normal
i-synthetic-03,2026-03-30 19:10:25.296841,16.107951177273783,18.7,44.1,0,10,0,normal
i-synthetic-03,2026-03-30 19:11:36.273984,99.99833183198211,71.2,44.0,0,10,1,critical
i-synthetic-03,2026-03-30 19:12:48.738947,99.99583557996016,77.5,36.4,1,10,1,critical
i-synthetic-03,2026-03-30 19:13:57.188264,99.99388738393766,76.5,42.6,1,10,1,critical
i-synthetic-03,2026-03-30 19:18:42.342547,2.661111111111111,5.0,44.6,0,10,0,normal
i-synthetic-03,2026-04-01 08:57:29.376816,1.1744336946808098,5.0,47.9,0,12,0,normal
i-synthetic-03,2026-04-01 08:58:38.862543,1.2945187882077003,5.0,42.0,0,12,0,normal
i-synthetic-03,2026-04-01 08:59:48.187170,1.3788620483768965,5.0,42.1,0,12,0,normal
i-synthetic-03,2026-04-01 09:00:56.369995,1.4116955739443149,5.0,48.0,0,12,0,normal
i-synthetic-03,2026-04-01 10:11:10.264201,1.6681401905016098,5.0,42.3,0,12,0,normal
i-synthetic-03,2026-04-01 10:20:22.699315,1.6002740754332994,5.0,41.9,0,12,0,normal
i-synthetic-03,2026-04-01 10:21:30.741772,1.7333333333333332,5.0,39.1,0,12,0,normal
i-synthetic-03,2026-04-01 10:22:38.676894,1.6583333333333332,5.0,47.2,0,12,0,normal
i-synthetic-03,2026-04-01 10:23:46.280270,1.6661714559546474,5.0,40.9,0,12,0,normal
i-synthetic-03,2026-04-01 10:24:53.854699,1.645811887210118,6.1,46.7,0,12,0,normal
i-synthetic-03,2026-04-01 10:26:01.282665,1.6499828431014276,5.0,45.3,0,12,0,normal
i-synthetic-03,2026-04-01 10:47:36.526494,1.5958677035534385,5.0,48.7,0,12,0,normal
i-synthetic-03,2026-04-01 10:48:43.624891,1.5861340245911812,5.2,42.1,0,12,0,normal
i-synthetic-03,2026-04-01 10:49:51.106574,1.599654970344207,5.0,43.2,0,12,0,normal
i-synthetic-03,2026-04-01 10:50:59.227474,1.593334332089668,5.6,42.1,0,12,0,normal
i-synthetic-03,2026-04-01 10:52:07.086549,1.5957867312680358,6.4,43.6,0,12,0,normal
i-synthetic-03,2026-04-01 10:53:14.477087,1.6161477425256507,5.4,40.7,0,12,0,normal
i-synthetic-03,2026-04-01 10:54:22.365319,1.605867369503615,5.0,47.9,0,12,0,normal
i-synthetic-03,2026-04-01 10:55:30.014576,1.6180272289362254,5.0,48.8,0,12,0,normal
i-synthetic-03,2026-04-01 10:56:38.152948,1.809901914992994,5.0,46.6,0,12,0,normal
i-synthetic-03,2026-04-01 10:57:45.823190,48.404950957496496,47.3,48.3,0,12,0,normal
i-synthetic-03,2026-04-01 11:00:03.685156,79.3569803829986,54.9,42.2,0,12,0,normal
i-synthetic-03,2026-04-01 11:02:22.501911,53.31916519314283,50.3,39.4,0,12,0,normal
i-synthetic-03,2026-04-01 11:04:39.456851,27.472082596571415,29.8,40.9,0,12,0,normal
i-synthetic-03,2026-04-01 11:06:56.055151,1.5333333333333332,5.0,46.7,0,12,0,normal
i-synthetic-03,2026-04-01 11:09:13.221947,69.91108234817972,50.3,43.4,0,12,0,normal
i-synthetic-03,2026-04-01 11:11:31.036720,100.0,76.8,45.7,0,12,1,critical
i-synthetic-03,2026-03-30 19:15:06.497178,91.91144111493396,64.6,40.4,1,10,1,warning
i-synthetic-03,2026-03-30 19:17:30.059911,2.4458333333333333,5.0,35.8,0,10,0,normal
i-synthetic-03,2026-04-01 09:02:17.113406,1.5916666666666666,5.0,46.1,0,12,0,normal
i-synthetic-03,2026-04-01 10:11:33.980075,1.6681401905016098,5.0,40.8,0,12,0,normal
i-synthetic-03,2026-04-01 10:12:41.943664,1.6083861160990556,9.8,44.2,0,12,0,normal
i-synthetic-03,2026-04-01 10:13:49.609127,1.631084374550743,5.0,47.2,0,12,0,normal
i-synthetic-03,2026-04-01 10:14:57.277267,1.6108132809130573,9.8,45.9,0,12,0,normal
i-synthetic-03,2026-04-01 10:26:54.828708,1.5583333333333331,6.4,41.7,0,12,0,normal
i-synthetic-03,2026-04-01 10:58:54.707952,65.59496730499767,62.0,45.2,0,12,0,normal
i-synthetic-03,2026-04-01 11:01:12.612001,99.996663719619,76.6,46.2,0,12,1,critical
i-synthetic-03,2026-04-01 11:03:31.422653,36.10444346209522,22.9,40.3,0,12,0,normal
i-synthetic-03,2026-04-01 11:05:47.780210,22.309332743923797,20.2,46.1,0,12,0,normal
i-synthetic-03,2026-04-01 11:08:04.498655,59.88144313090629,41.6,46.5,0,12,0,normal
i-synthetic-03,2026-04-01 11:10:21.928460,75.92553254521044,58.7,39.6,0,12,0,normal
i-synthetic-03,2026-04-01 11:12:40.014238,99.99583333333334,70.6,42.4,0,12,1,critical
i-synthetic-03,2026-03-30 19:16:21.170001,2.108333333333333,5.0,35.4,0,10,0,normal
i-synthetic-03,2026-03-30 19:22:13.644771,2.216666666666667,5.0,41.2,0,10,0,normal
i-synthetic-03,2026-04-01 09:02:41.659200,1.5916666666666666,5.0,45.1,0,12,0,normal
i-synthetic-03,2026-04-01 10:15:18.143946,1.6183593819948623,8.3,46.4,0,12,0,normal
i-synthetic-03,2026-04-01 10:16:25.504663,1.551370377166497,7.7,46.2,0,12,0,normal
i-synthetic-03,2026-04-01 10:17:32.866138,1.5965185219165818,5.0,40.6,0,12,0,normal
i-synthetic-03,2026-04-01 10:27:14.950309,1.6076015491871067,5.0,43.5,0,12,0,normal
i-synthetic-03,2026-04-01 10:28:22.589048,1.597198526132745,5.0,48.1,0,12,0,normal
i-synthetic-03,2026-04-01 10:29:30.628420,1.6103988945995589,5.0,47.9,0,12,0,normal
i-synthetic-03,2026-04-01 10:30:38.811868,1.5966524490129805,5.0,45.1,0,12,0,normal
i-synthetic-03,2026-04-01 11:13:48.094760,99.99722222222222,75.3,48.8,0,12,1,critical
i-synthetic-03,2026-03-30 19:19:56.087716,2.5495016984713756,5.0,44.3,0,10,0,normal
i-synthetic-03,2026-03-31 16:57:40.431559,2.3147734226104397,9.9,37.6,0,11,0,normal
i-synthetic-03,2026-03-31 16:58:48.546123,1.8487378372958487,5.0,46.7,0,11,0,normal
i-synthetic-03,2026-03-31 17:02:34.813150,0.0010467955688276,7.6,38.8,0,11,0,normal
i-synthetic-03,2026-03-31 17:07:09.352783,0.4289565078972376,5.6,37.8,0,11,0,normal
i-synthetic-03,2026-03-31 17:08:02.597770,0.4289565078972376,5.0,43.5,0,11,0,normal
i-synthetic-03,2026-03-31 17:09:10.854856,34.186837632076326,26.6,37.7,0,11,0,normal
i-synthetic-03,2026-03-31 17:10:18.347769,47.34947010566106,47.6,45.2,0,11,0,normal
i-synthetic-03,2026-03-31 17:11:27.573710,99.99500441276871,75.1,41.3,0,11,1,critical
i-synthetic-03,2026-03-31 17:12:36.620783,99.99333553971769,73.1,46.4,1,11,1,critical
i-synthetic-03,2026-03-31 17:13:44.812801,88.3650014709229,74.4,45.4,0,11,1,warning
i-synthetic-03,2026-03-31 17:14:55.560212,66.36966916414603,44.7,45.7,0,11,0,normal
i-synthetic-03,2026-03-31 17:16:04.616508,0.3996469785023229,5.0,43.6,0,11,0,normal
i-synthetic-03,2026-03-31 17:17:12.235602,0.46672591973141897,5.0,46.1,0,11,0,normal
i-synthetic-03,2026-03-31 17:18:19.924456,23.461150613154278,27.5,40.1,0,11,0,normal
i-synthetic-03,2026-03-31 17:19:27.295266,42.59586295986571,35.3,43.4,0,11,0,normal
i-synthetic-03,2026-03-31 17:20:34.746864,54.07569125044631,52.0,37.6,0,11,0,normal
i-synthetic-03,2026-03-31 17:21:44.961292,99.996663719619,86.3,44.1,0,11,1,critical
i-synthetic-03,2026-03-31 17:22:56.564894,99.9983318598095,89.8,37.8,1,11,1,critical
i-synthetic-03,2026-03-31 17:24:10.316203,87.51093539465532,67.2,41.1,0,11,1,warning
i-synthetic-03,2026-03-31 17:25:20.407441,89.99874831572426,77.4,44.6,0,11,1,warning
i-synthetic-03,2026-03-31 17:26:29.648224,99.95,70.9,45.0,1,11,1,critical
i-synthetic-03,2026-03-31 17:27:39.540127,90.01870527299114,64.2,42.1,1,11,1,warning
i-synthetic-03,2026-03-31 17:28:48.867720,63.798015172807766,48.9,43.0,0,11,0,normal
i-synthetic-03,2026-03-31 17:29:57.805917,50.38809471293916,33.8,43.3,0,11,0,normal
i-synthetic-03,2026-03-31 17:31:06.413421,99.975,86.9,45.8,0,11,1,critical
i-synthetic-03,2026-03-31 17:32:15.168630,99.98500220638435,73.1,43.7,1,11,1,critical
i-synthetic-03,2026-03-31 17:33:23.832102,99.9900014709229,83.1,44.1,1,11,1,critical
i-synthetic-03,2026-03-31 17:34:32.587282,99.99166703309693,85.0,38.2,1,11,1,critical
i-synthetic-03,2026-03-31 17:35:41.166113,95.54166695981088,82.6,46.8,1,11,1,critical
i-synthetic-03,2026-03-31 17:36:50.048322,0.507884701846702,10.2,46.2,0,11,0,normal
i-synthetic-03,2026-03-31 17:37:58.963674,0.5039423509233509,5.0,46.2,0,11,0,normal
i-synthetic-03,2026-03-31 17:39:06.204166,9.456665279568119,5.0,44.9,0,11,0,normal
i-synthetic-03,2026-03-31 17:40:14.010819,27.564331356236067,20.7,37.0,0,11,0,normal
i-synthetic-03,2026-03-31 17:41:22.022649,99.98667843404992,76.2,41.3,0,11,1,critical
i-synthetic-03,2026-03-31 17:42:31.083238,99.99333921702495,80.8,40.6,1,11,1,critical
i-synthetic-03,2026-03-31 17:43:39.973215,99.99278170023887,71.9,38.2,1,11,1,critical
i-synthetic-03,2026-03-31 17:44:48.934589,91.0487529418458,77.2,43.2,1,11,1,warning
i-synthetic-03,2026-03-31 17:45:57.759690,72.91733568680998,49.7,40.2,0,11,0,normal
i-synthetic-03,2026-03-31 17:47:07.069712,0.44605067809898735,5.0,46.9,0,11,0,normal
i-synthetic-03,2026-03-31 17:48:14.825153,0.45847822984376935,5.0,37.8,0,11,0,normal
i-synthetic-03,2026-03-31 17:49:22.907336,5.247860137755082,5.0,43.4,0,11,0,normal
i-synthetic-03,2026-03-31 17:50:31.194132,24.198288110204068,29.3,39.1,0,11,0,normal
i-synthetic-03,2026-03-31 17:51:39.298823,99.98499974999582,73.1,41.8,0,11,1,critical
i-synthetic-03,2026-03-31 17:52:47.860540,99.99249987499792,73.1,39.3,1,11,1,critical
i-synthetic-03,2026-03-31 17:53:56.391811,99.9922221388875,88.1,46.4,1,11,1,critical
i-synthetic-03,2026-03-31 17:55:05.504487,99.9946671939433,74.0,40.9,1,11,1,critical
i-synthetic-03,2026-03-31 17:56:14.387902,99.99500441276871,82.2,44.8,1,11,1,critical
i-synthetic-03,2026-03-31 17:57:22.858684,99.99583406619385,86.8,42.4,1,11,1,critical
i-synthetic-03,2026-03-31 17:58:31.694819,99.9972227107959,89.2,39.0,1,11,1,critical
i-synthetic-03,2026-03-31 17:59:40.659150,95.22411684292894,81.0,41.8,1,11,1,critical
i-synthetic-03,2026-03-31 18:00:49.143366,76.26262680767648,61.8,42.3,0,11,0,normal
i-synthetic-03,2026-03-31 18:01:57.799808,0.5166666666666667,5.0,45.5,0,11,0,normal
i-synthetic-03,2026-03-31 18:03:05.434575,0.46930253039957964,5.0,37.4,0,11,0,normal
i-synthetic-03,2026-03-31 18:04:13.675272,0.45206363964261526,5.0,40.0,0,11,0,normal
i-synthetic-03,2026-03-31 18:05:20.897404,0.4615626563396729,5.0,46.6,0,11,0,normal
i-synthetic-03,2026-03-31 18:06:28.639021,0.3916666666666666,5.0,41.8,0,11,0,normal
i-synthetic-03,2026-03-31 18:07:36.603612,0.4460543619085747,8.8,40.7,0,11,0,normal
i-synthetic-03,2026-03-31 18:08:44.382608,0.4307029079390498,5.0,46.2,0,11,0,normal
i-synthetic-03,2026-03-31 18:09:52.783624,1.0827600880046087,5.0,43.1,0,11,0,normal
i-synthetic-03,2026-03-31 18:11:01.617806,20.86420626878223,6.9,43.5,0,11,0,normal
i-synthetic-03,2026-03-31 18:12:10.506696,99.99750220638435,73.3,45.5,0,11,1,critical
i-synthetic-03,2026-03-31 18:13:19.421411,99.99833480425623,79.6,38.6,1,11,1,critical
i-synthetic-03,2026-03-31 18:14:27.887783,99.99708593517673,74.9,37.2,1,11,1,critical
i-synthetic-03,2026-03-31 18:15:36.976927,92.40717063317125,83.8,39.9,1,11,1,warning
i-synthetic-03,2026-03-31 18:16:46.295519,0.4246249146587181,5.0,45.6,0,11,0,normal
i-synthetic-03,2026-03-31 18:17:54.786767,0.45836313542834645,5.0,43.2,0,11,0,normal
i-synthetic-03,2026-03-31 18:19:03.311336,0.43324043064047296,5.7,46.6,0,11,0,normal
i-synthetic-03,2026-03-31 18:20:11.384823,4.71379162911732,9.2,39.5,0,11,0,normal
i-synthetic-03,2026-03-31 18:21:26.248518,99.99166666666666,80.3,43.3,0,11,1,critical
i-synthetic-03,2026-03-31 18:22:35.405114,99.99583333333334,77.6,46.9,1,11,1,critical
i-synthetic-03,2026-03-31 18:23:44.781635,99.99722222222222,80.6,40.7,1,11,1,critical
i-synthetic-03,2026-03-31 18:24:54.235162,99.99791666666667,72.8,37.2,1,11,1,critical
i-synthetic-03,2026-03-31 18:27:07.273280,99.9983318598095,71.6,40.7,1,11,1,critical
i-synthetic-03,2026-03-31 18:28:15.777536,99.9972227107959,76.9,38.8,1,11,1,critical
i-synthetic-03,2026-03-31 18:29:24.277753,99.99791703309693,76.9,43.0,1,11,1,critical
i-synthetic-03,2026-03-31 18:30:33.477904,95.73556818366973,73.0,39.1,1,11,1,critical
i-synthetic-03,2026-03-31 18:31:42.460246,0.525,9.4,42.0,0,11,0,normal
i-synthetic-03,2026-03-31 18:32:50.695708,0.45416666666666666,8.9,40.9,0,11,0,normal
i-synthetic-03,2026-03-31 18:33:58.523858,0.4694444444444444,5.0,39.7,0,11,0,normal
i-synthetic-03,2026-03-31 18:35:06.192164,0.44999999999999996,5.0,42.7,0,11,0,normal
i-synthetic-03,2026-03-31 18:36:14.012478,0.3833333333333333,5.0,39.1,0,11,0,normal
i-synthetic-03,2026-03-31 18:37:22.258443,0.47916666666666663,5.0,45.0,0,11,0,normal
i-synthetic-03,2026-03-31 18:38:29.494011,0.48055555555555557,5.0,39.8,0,11,0,normal
i-synthetic-03,2026-03-31 18:39:37.568637,0.45824854570483353,5.0,41.1,0,11,0,normal
i-synthetic-03,2026-03-31 18:40:46.046297,0.4650174660427485,5.0,43.8,0,11,0,normal
i-synthetic-03,2026-03-31 18:41:53.603397,0.5166666666666667,5.0,46.6,0,11,0,normal
i-synthetic-03,2026-03-31 18:43:01.351806,0.45416666666666666,5.0,40.9,0,11,0,normal
i-synthetic-03,2026-03-31 18:44:09.389766,0.4457503496969293,5.0,40.5,0,11,0,normal
i-synthetic-03,2026-03-31 18:45:17.308266,0.456598613118654,5.0,43.0,0,11,0,normal
i-synthetic-03,2026-03-31 18:46:26.449699,0.3920129447678782,5.0,40.8,0,11,0,normal
i-synthetic-03,2026-03-31 18:47:34.627824,0.4374638759675,5.0,45.9,0,11,0,normal
i-synthetic-03,2026-03-31 18:48:42.191052,0.42231138582882594,9.6,39.4,0,11,0,normal
i-synthetic-03,2026-03-31 18:49:49.655638,0.4396502060382861,5.0,40.3,0,11,0,normal
i-synthetic-03,2026-03-31 18:50:57.351136,0.43172016483062886,5.0,40.1,0,11,0,normal
i-synthetic-03,2026-03-31 18:52:04.784707,0.507884701846702,5.0,45.4,0,11,0,normal
i-synthetic-03,2026-03-31 18:53:12.652785,0.46107699331597124,5.0,38.6,0,11,0,normal
i-synthetic-03,2026-03-31 18:54:20.167150,0.44372441165364507,10.3,40.2,0,11,0,normal
i-synthetic-03,2026-03-31 18:55:28.034621,0.4583128626562494,8.2,43.6,0,11,0,normal
i-synthetic-03,2026-03-31 18:56:35.596826,0.39999999999999997,9.3,45.9,0,11,0,normal
i-synthetic-03,2026-03-31 18:57:43.337619,0.44166666666666665,5.0,46.2,0,11,0,normal
i-synthetic-03,2026-03-31 18:58:51.200589,0.4248847777056193,5.0,47.0,0,11,0,normal
i-synthetic-03,2026-03-31 18:59:58.801406,0.44377409756683517,5.0,38.5,0,11,0,normal
i-synthetic-03,2026-03-31 19:02:10.307787,0.45393867361608353,5.0,37.5,0,11,0,normal
i-synthetic-03,2026-03-31 19:03:17.993307,0.4638793341592113,5.0,39.7,0,11,0,normal
i-synthetic-03,2026-03-31 19:04:25.941964,0.44790950061940843,5.0,43.2,0,11,0,normal
i-synthetic-03,2026-03-31 19:05:33.792315,0.4549942671621935,5.0,38.5,0,11,0,normal
i-synthetic-03,2026-03-31 19:06:41.314447,0.39999999999999997,5.0,41.1,0,11,0,normal
i-synthetic-03,2026-03-31 19:07:49.327325,0.4541666666666666,8.8,39.7,0,11,0,normal
i-synthetic-03,2026-03-31 19:08:56.592056,0.4332181110389526,10.2,40.8,0,11,0,normal
i-synthetic-03,2026-03-31 19:10:04.712378,0.4458537470905811,5.0,46.9,0,11,0,normal
i-synthetic-03,2026-03-31 19:11:12.701222,0.517114832855141,9.4,37.9,0,11,0,normal
i-synthetic-03,2026-03-31 19:12:20.383916,0.45838090567873196,5.0,38.0,0,11,0,normal
i-synthetic-03,2026-03-31 19:13:28.277334,0.46962105585181285,5.0,44.2,0,11,0,normal
i-synthetic-03,2026-03-31 19:14:36.223068,0.4500460418347408,5.0,45.0,0,11,0,normal
i-synthetic-03,2026-03-31 19:15:44.020940,0.4584571047073876,5.4,46.1,0,11,0,normal
i-synthetic-03,2026-03-31 19:16:51.580955,0.40833333333333327,5.0,44.0,0,11,0,normal
i-synthetic-03,2026-03-31 19:17:59.207432,0.4539501876151779,5.0,42.0,0,11,0,normal
i-synthetic-03,2026-03-31 19:19:06.679499,0.44583216899481365,5.0,42.6,0,11,0,normal
i-synthetic-03,2026-03-31 19:20:14.196681,0.43659513089631546,9.4,37.6,0,11,0,normal
i-synthetic-03,2026-03-31 19:21:22.279548,0.508782758102991,5.0,46.9,0,11,0,normal
i-synthetic-03,2026-03-31 19:22:30.134057,0.4500518789432578,5.2,41.2,0,11,0,normal
i-synthetic-03,2026-03-31 19:23:37.848669,0.46684860501233283,5.0,45.7,0,11,0,normal
i-synthetic-03,2026-03-31 19:24:45.791585,0.45212969306452994,5.0,44.8,0,11,0,normal
i-synthetic-03,2026-03-31 19:25:53.555968,0.461703754451624,5.0,43.1,0,11,0,normal
i-synthetic-03,2026-03-31 19:27:01.460210,0.42916666666666664,5.0,38.1,0,11,0,normal
i-synthetic-03,2026-03-31 19:28:09.309021,0.4167820927004038,5.0,44.3,0,11,0,normal
i-synthetic-03,2026-03-31 19:29:17.095706,0.4355032361919695,5.0,38.6,0,11,0,normal
i-synthetic-03,2026-03-31 19:30:24.468858,0.42666678891028054,9.7,43.5,0,11,0,normal
i-synthetic-03,2026-03-31 19:31:32.419430,0.5171234590554991,7.1,45.4,0,11,0,normal
i-synthetic-03,2026-03-31 19:32:39.978842,0.45439506286108283,5.0,41.9,0,11,0,normal
i-synthetic-03,2026-03-31 19:33:47.613437,0.466674290043757,5.0,46.3,0,11,0,normal
i-synthetic-03,2026-03-31 19:34:55.295538,0.4479223841994844,5.0,45.3,0,11,0,normal
i-synthetic-03,2026-03-31 19:36:02.464795,0.3916666666666666,5.0,46.1,0,11,0,normal
i-synthetic-03,2026-03-31 19:37:10.535922,0.4458333333333333,5.0,39.2,0,11,0,normal
i-synthetic-03,2026-03-31 19:38:17.852097,0.42766472760644475,5.0,45.6,0,11,0,normal
i-synthetic-03,2026-03-31 19:39:25.722268,0.4437718325534357,5.0,41.3,0,11,0,normal
i-synthetic-03,2026-03-31 19:40:33.835122,0.43335079937608184,5.0,39.4,0,11,0,normal
i-synthetic-03,2026-03-31 19:41:41.703012,0.5,5.0,39.9,0,11,0,normal
i-synthetic-03,2026-03-31 19:42:49.526679,0.44999999999999996,5.0,44.3,0,11,0,normal
i-synthetic-03,2026-03-31 19:43:57.718735,0.4666666666666666,5.0,44.1,0,11,0,normal
i-synthetic-03,2026-03-31 19:45:05.637498,0.44366726058648187,5.0,46.5,0,11,0,normal
i-synthetic-03,2026-03-31 19:46:13.752416,0.3833333333333333,5.0,43.4,0,11,0,normal
i-synthetic-03,2026-03-31 19:47:21.723562,0.4458333333333333,5.0,38.9,0,11,0,normal
i-synthetic-03,2026-03-31 19:48:29.909785,0.42777777777777776,5.0,44.6,0,11,0,normal
i-synthetic-03,2026-03-31 19:49:37.521977,0.44156203512511377,8.1,44.2,0,11,0,normal
i-synthetic-03,2026-03-31 19:50:44.868746,0.428249628100091,5.0,43.9,0,11,0,normal
i-synthetic-03,2026-03-31 19:51:52.480118,0.4754120237539201,5.0,45.3,0,11,0,normal
i-synthetic-03,2026-03-31 19:52:59.812693,0.44585894600071946,5.6,42.7,0,11,0,normal
i-synthetic-03,2026-03-31 19:54:07.835056,0.44377936401948154,5.0,44.6,0,11,0,normal
i-synthetic-03,2026-03-31 19:55:15.841441,0.4534437624551802,5.0,44.8,0,11,0,normal
i-synthetic-03,2026-03-31 19:56:23.847779,0.3830013987877173,6.8,45.3,0,11,0,normal
i-synthetic-03,2026-03-31 19:57:31.476122,0.4415006993938586,5.0,40.7,0,11,0,normal
i-synthetic-03,2026-03-31 19:58:38.758412,0.4277827887198131,5.0,39.3,0,11,0,normal
i-synthetic-03,2026-03-31 19:59:46.340060,0.4437537582065265,5.0,39.9,0,11,0,normal
i-synthetic-03,2026-03-31 20:00:53.489238,0.43326850979575476,9.0,38.4,0,11,0,normal
i-synthetic-03,2026-03-31 20:02:01.349372,0.5087742710348969,7.6,37.4,0,11,0,normal
i-synthetic-03,2026-03-31 20:03:10.036466,0.4584803125671879,5.0,45.1,0,11,0,normal
i-synthetic-03,2026-03-31 20:04:18.049009,0.4417769010920576,5.2,46.9,0,11,0,normal
i-synthetic-03,2026-03-31 20:05:25.365914,0.4517548542069794,5.0,46.8,0,11,0,normal
i-synthetic-03,2026-03-31 20:06:33.549104,0.3829950210647261,8.9,41.7,0,11,0,normal
i-synthetic-03,2026-03-31 20:07:40.634485,0.4498308438656964,5.0,44.9,0,11,0,normal
i-synthetic-03,2026-03-31 20:08:48.856472,0.4305582108330903,10.3,40.5,0,11,0,normal
i-synthetic-03,2026-03-31 20:09:56.768525,0.4437519914581511,6.4,40.8,0,11,0,normal
i-synthetic-03,2026-03-31 20:12:08.136907,0.4499488233072901,9.0,42.9,0,11,0,normal
i-synthetic-03,2026-03-31 20:13:24.165915,0.46371285704888415,6.3,44.2,0,11,0,normal
i-synthetic-03,2026-03-31 20:14:31.465371,0.44787138462959364,5.0,41.9,0,11,0,normal
i-synthetic-03,2026-03-31 20:15:39.495104,0.4549637743703416,5.0,41.2,0,11,0,normal
i-synthetic-03,2026-03-31 20:16:47.465467,0.39999999999999997,5.0,37.5,0,11,0,normal
i-synthetic-03,2026-03-31 20:17:55.943686,0.44999999999999996,5.0,41.7,0,11,0,normal
i-synthetic-03,2026-03-31 20:19:03.726751,0.4333333333333333,9.0,38.5,0,11,0,normal
i-synthetic-03,2026-03-31 20:20:11.665328,0.43999999999999995,5.0,46.0,0,11,0,normal
i-synthetic-03,2026-03-31 20:21:19.898676,0.5,5.0,41.1,0,11,0,normal
i-synthetic-03,2026-03-31 20:22:27.595878,0.44999999999999996,6.6,44.1,0,11,0,normal
i-synthetic-03,2026-03-31 20:23:35.595570,0.4666666666666666,5.0,44.8,0,11,0,normal
i-synthetic-03,2026-03-31 20:24:43.197495,0.44999999999999996,5.0,46.5,0,11,0,normal
i-synthetic-03,2026-03-31 20:25:50.663938,0.45999999999999996,5.0,39.9,0,11,0,normal
i-synthetic-03,2026-03-31 20:26:59.129993,0.3913209997835246,5.0,43.1,0,11,0,normal
i-synthetic-03,2026-03-31 20:28:07.316111,0.43046510440087354,5.0,40.9,0,11,0,normal
i-synthetic-03,2026-03-31 20:29:15.245443,0.4436821616339885,8.6,45.0,0,11,0,normal
i-synthetic-03,2026-03-31 20:30:22.928120,0.435016458451268,5.0,42.6,0,11,0,normal
i-synthetic-03,2026-03-31 20:31:30.822786,0.507884701846702,5.0,37.9,0,11,0,normal
i-synthetic-03,2026-03-31 20:32:38.818658,0.45411917378354416,5.0,40.3,0,11,0,normal
i-synthetic-03,2026-03-31 20:33:46.677604,0.48885722696680717,5.0,38.2,0,11,0,normal
i-synthetic-03,2026-03-31 20:34:55.134684,0.46655632860450985,5.0,43.7,0,11,0,normal
i-synthetic-03,2026-03-31 20:36:02.893197,0.39200640555147787,8.3,41.3,0,11,0,normal
i-synthetic-03,2026-03-31 20:37:10.412405,0.44183653610907225,6.4,43.6,0,11,0,normal
i-synthetic-03,2026-03-31 20:38:18.040124,0.43066880185049256,5.0,38.3,0,11,0,normal
i-synthetic-03,2026-03-31 20:39:26.349197,0.4437282928104461,5.0,43.2,0,11,0,normal
i-synthetic-03,2026-03-31 20:40:34.075876,0.43505336339243417,5.0,40.1,0,11,0,normal
i-synthetic-03,2026-03-31 20:41:41.662870,0.5,5.0,42.8,0,11,0,normal
i-synthetic-03,2026-03-31 20:42:49.620116,0.4458333333333333,5.0,46.1,0,11,0,normal
i-synthetic-03,2026-03-31 20:43:57.861963,0.4637417965981901,5.0,39.6,0,11,0,normal
i-synthetic-03,2026-03-31 20:45:05.589703,0.45998247376965795,10.4,43.7,0,11,0,normal
i-synthetic-03,2026-03-31 20:46:13.650345,0.3913144836313983,5.0,40.9,0,11,0,normal
i-synthetic-03,2026-03-31 20:47:21.458455,0.43732793632727435,5.0,39.0,0,11,0,normal
i-synthetic-03,2026-03-31 20:48:29.232668,0.4276630686626273,5.0,41.6,0,11,0,normal
i-synthetic-03,2026-03-31 20:49:36.870156,0.4458578157845912,5.0,43.0,0,11,0,normal
i-synthetic-03,2026-03-31 20:50:44.305431,0.4316862526276729,8.3,43.8,0,11,0,normal
i-synthetic-03,2026-03-31 20:51:52.049122,0.5083333333333333,6.4,39.1,0,11,0,normal
i-synthetic-03,2026-03-31 20:52:59.886035,0.44999999999999996,5.0,37.6,0,11,0,normal
i-synthetic-03,2026-03-31 20:54:07.813554,0.44999999999999996,5.0,46.2,0,11,0,normal
i-synthetic-03,2026-03-31 20:55:15.142643,0.458246548881821,9.3,38.4,0,11,0,normal
i-synthetic-03,2026-03-31 20:56:22.909014,0.4003536457203863,5.0,39.4,0,11,0,normal
i-synthetic-03,2026-03-31 20:57:30.858212,0.44601015619352646,5.0,38.4,0,11,0,normal
i-synthetic-03,2026-03-31 20:58:38.394406,0.4305557636297919,5.0,45.4,0,11,0,normal
i-synthetic-03,2026-03-31 20:59:46.513677,0.44594216177183765,5.0,46.4,0,11,0,normal
i-synthetic-03,2026-03-31 21:00:53.579207,0.4350192326480037,7.5,43.4,0,11,0,normal
i-synthetic-03,2026-03-31 21:02:01.673328,0.45438713551744847,5.0,45.3,0,11,0,normal
i-synthetic-03,2026-03-31 21:03:09.132439,0.46403586812274344,5.0,41.9,0,11,0,normal
i-synthetic-03,2026-03-31 21:04:16.657699,0.4501102344253909,5.0,38.2,0,11,0,normal
i-synthetic-03,2026-03-31 21:05:25.752831,0.45675485420697937,5.0,41.7,0,11,0,normal
i-synthetic-03,2026-03-31 21:06:33.333692,0.3916666666666666,5.0,38.7,0,11,0,normal
i-synthetic-03,2026-03-31 21:07:40.634906,0.4416666666666666,5.0,42.7,0,11,0,normal
i-synthetic-03,2026-03-31 21:08:48.112855,0.425,5.0,38.7,0,11,0,normal
i-synthetic-03,2026-03-31 21:09:56.381802,0.44375,5.0,42.7,0,11,0,normal
i-synthetic-03,2026-03-31 21:11:04.293817,0.5,5.0,46.9,0,11,0,normal
i-synthetic-03,2026-03-31 21:12:11.619464,0.4458333333333333,5.0,42.2,0,11,0,normal
i-synthetic-03,2026-03-31 21:13:18.977110,0.4637417965981901,5.0,38.5,0,11,0,normal
i-synthetic-03,2026-03-31 21:14:27.142405,0.4498896807819759,5.0,41.3,0,11,0,normal
i-synthetic-03,2026-03-31 21:15:35.211294,0.4566638756746741,5.0,38.1,0,11,0,normal
i-synthetic-03,2026-03-31 21:16:43.069894,0.39999999999999997,5.0,41.0,0,11,0,normal
i-synthetic-03,2026-03-31 21:17:51.005266,0.44166666666666665,5.0,37.7,0,11,0,normal
i-synthetic-03,2026-03-31 21:18:59.237841,0.425,5.0,40.6,0,11,0,normal
i-synthetic-03,2026-03-31 21:20:06.912465,0.4458333333333333,5.0,42.2,0,11,0,normal
i-synthetic-03,2026-03-31 21:21:15.223078,0.5,5.0,46.0,0,11,0,normal
i-synthetic-03,2026-03-31 21:22:23.342716,0.4456637580763338,5.0,40.3,0,11,0,normal
i-synthetic-03,2026-03-31 21:23:31.559142,0.4611402211823587,5.0,43.9,0,11,0,normal
i-synthetic-03,2026-03-31 21:24:38.572517,0.4479384992201023,5.0,37.1,0,11,0,normal
i-synthetic-03,2026-03-31 21:25:46.470632,0.4566841327094152,5.0,46.7,0,11,0,normal
i-synthetic-03,2026-03-31 21:26:53.921313,0.3833333333333333,5.0,44.9,0,11,0,normal
i-synthetic-03,2026-03-31 21:28:01.727203,0.43749999999999994,5.0,39.9,0,11,0,normal
i-synthetic-03,2026-03-31 21:29:09.819591,0.44169076423350184,5.0,45.3,0,11,0,normal
i-synthetic-03,2026-03-31 21:30:17.788102,0.43328200708726605,6.2,40.5,0,11,0,normal
i-synthetic-03,2026-03-31 21:31:26.094907,0.508782758102991,8.9,38.4,0,11,0,normal
i-synthetic-03,2026-03-31 21:32:34.257790,0.44589207844535417,9.6,46.7,0,11,0,normal
i-synthetic-03,2026-03-31 21:33:42.038724,0.4612924347617056,5.0,40.5,0,11,0,normal
i-synthetic-03,2026-03-31 21:34:50.117238,0.45004406005625913,5.0,45.7,0,11,0,normal
i-synthetic-03,2026-03-31 21:35:57.370487,0.45845551928460226,9.4,45.1,0,11,0,normal
i-synthetic-03,2026-03-31 21:37:04.724926,0.4416666666666666,5.0,42.9,0,11,0,normal
i-synthetic-03,2026-03-31 21:38:12.945145,0.42777777777777776,5.0,41.9,0,11,0,normal
i-synthetic-03,2026-03-31 21:39:20.467128,0.4458333333333333,5.0,42.8,0,11,0,normal
i-synthetic-03,2026-03-31 21:40:28.082254,0.4383333333333333,5.0,45.8,0,11,0,normal
i-synthetic-03,2026-03-31 21:41:35.307193,0.5,5.0,40.8,0,11,0,normal
i-synthetic-03,2026-03-31 21:42:43.682626,0.44566049989176226,5.0,40.4,0,11,0,normal
i-synthetic-03,2026-03-31 21:43:51.947085,0.4639210189780025,5.0,42.8,0,11,0,normal
i-synthetic-03,2026-03-31 21:44:59.723345,0.45002409756683515,7.0,46.8,0,11,0,normal
i-synthetic-03,2026-03-31 21:46:07.228250,0.3916666666666666,5.0,39.2,0,11,0,normal
i-synthetic-03,2026-03-31 21:47:15.227279,0.44583750006944556,9.2,43.0,0,11,0,normal
i-synthetic-03,2026-03-31 21:48:23.511271,0.4250027778240748,5.0,46.1,0,11,0,normal
i-synthetic-03,2026-03-31 21:49:31.520291,0.4438605106717193,5.0,45.2,0,11,0,normal
i-synthetic-03,2026-03-31 21:50:39.036868,0.4350884085373754,5.0,45.4,0,11,0,normal
i-synthetic-03,2026-03-31 21:51:47.677127,0.507884701846702,5.0,38.4,0,11,0,normal
i-synthetic-03,2026-03-31 21:52:55.321760,0.45411917378354416,5.0,37.1,0,11,0,normal
i-synthetic-03,2026-03-31 21:54:02.706796,0.46649036399206456,8.3,44.8,0,11,0,normal
i-synthetic-03,2026-03-31 21:55:09.988691,0.4616507700158369,5.6,44.4,0,11,0,normal
i-synthetic-03,2026-03-31 21:56:18.451449,0.3913275161526676,5.0,43.1,0,11,0,normal
i-synthetic-03,2026-03-31 21:57:25.944397,0.4414970914096671,5.0,43.8,0,11,0,normal
i-synthetic-03,2026-03-31 21:58:33.301928,0.425000196123604,5.0,41.7,0,11,0,normal
i-synthetic-03,2026-03-31 21:59:41.327627,0.44166681375936967,9.0,37.4,0,11,0,normal
i-synthetic-03,2026-03-31 22:00:49.220749,0.43326284670796034,7.0,40.0,0,11,0,normal
i-synthetic-03,2026-03-31 22:01:56.978568,0.5171234590554991,5.0,39.8,0,11,0,normal
i-synthetic-03,2026-03-31 22:03:04.687937,0.46670370850189674,5.0,46.6,0,11,0,normal
i-synthetic-03,2026-03-31 22:04:12.284100,0.45211111470975585,5.0,41.1,0,11,0,normal
i-synthetic-03,2026-03-31 22:05:20.073342,0.4617773031979013,5.0,43.9,0,11,0,normal
i-synthetic-03,2026-03-31 22:06:28.035245,0.40795937057697107,5.0,37.5,0,11,0,normal
i-synthetic-03,2026-03-31 22:07:36.308190,0.454209062217337,8.9,44.2,0,11,0,normal
i-synthetic-03,2026-03-31 22:08:44.360539,0.43324637473939953,5.0,42.1,0,11,0,normal
i-synthetic-03,2026-03-31 22:09:56.778391,0.44796012010404335,5.0,43.4,0,11,0,normal
i-synthetic-03,2026-03-31 22:11:04.632148,0.5087742710348969,5.0,37.6,0,11,0,normal
i-synthetic-03,2026-03-31 22:12:12.357733,0.4625366034874083,5.0,46.3,0,11,0,normal
i-synthetic-03,2026-03-31 22:13:19.972872,0.47239152105759713,5.0,37.3,0,11,0,normal
i-synthetic-03,2026-03-31 22:14:27.988078,0.4522103074598645,8.3,39.2,0,11,0,normal
i-synthetic-03,2026-03-31 22:15:35.443142,0.4616816543472961,8.9,37.3,0,11,0,normal
i-synthetic-03,2026-03-31 22:16:43.298166,0.4003469673717221,5.0,45.2,0,11,0,normal
i-synthetic-03,2026-03-31 22:17:50.752076,0.4460068170191943,6.2,39.4,0,11,0,normal
i-synthetic-03,2026-03-31 22:18:58.372041,0.42789343356835174,5.0,37.9,0,11,0,normal
i-synthetic-03,2026-03-31 22:20:06.305553,0.4458118356505194,6.6,39.9,0,11,0,normal
i-synthetic-03,2026-03-31 22:21:14.330296,0.5083333333333333,5.0,46.0,0,11,0,normal
i-synthetic-03,2026-03-31 22:22:22.885305,0.45851043126264984,5.0,43.0,0,11,0,normal
i-synthetic-03,2026-03-31 22:23:30.955668,0.4667847319528777,6.3,40.1,0,11,0,normal
i-synthetic-03,2026-03-31 22:24:38.911720,0.44583889866158755,5.0,41.3,0,11,0,normal
i-synthetic-03,2026-03-31 22:25:46.563916,0.45842597313624944,9.4,42.2,0,11,0,normal
i-synthetic-03,2026-03-31 22:26:54.554912,0.40833333333333327,5.0,44.1,0,11,0,normal
i-synthetic-03,2026-03-31 22:28:02.162699,0.4414570601524209,5.0,43.0,0,11,0,normal
i-synthetic-03,2026-03-31 22:29:10.088223,0.44373176626818,5.0,43.7,0,11,0,normal
i-synthetic-03,2026-03-31 22:30:18.277439,0.43165207968121067,5.0,42.9,0,11,0,normal
i-synthetic-03,2026-03-31 22:31:26.277813,0.525,5.0,44.0,0,11,0,normal
i-synthetic-03,2026-03-31 22:32:33.925667,0.4625,5.0,44.0,0,11,0,normal
i-synthetic-03,2026-03-31 22:33:41.526271,0.46930225523010227,5.0,42.8,0,11,0,normal
i-synthetic-03,2026-03-31 22:34:49.686326,0.44789475237641924,5.0,37.8,0,11,0,normal
i-synthetic-03,2026-03-31 22:35:56.878644,0.4599824685678021,5.0,46.4,0,11,0,normal
i-synthetic-03,2026-03-31 22:37:04.314381,0.4456204622660361,5.0,39.0,0,11,0,normal
i-synthetic-03,2026-03-31 22:38:11.756320,0.42218873548102054,6.7,41.9,0,11,0,normal
i-synthetic-03,2026-03-31 22:39:19.655184,0.4332071947200707,8.0,43.4,0,11,0,normal
i-synthetic-03,2026-03-31 22:40:27.183649,0.4249670368863521,5.0,41.9,0,11,0,normal
i-synthetic-03,2026-03-31 22:41:35.617030,0.5166666666666667,5.0,37.3,0,11,0,normal
i-synthetic-03,2026-03-31 22:42:45.768120,0.45399709140966715,5.0,43.2,0,11,0,normal
i-synthetic-03,2026-03-31 22:43:59.233494,0.469475964011329,5.0,43.3,0,11,0,normal
i-synthetic-03,2026-03-31 22:45:07.595651,0.44670159124104697,5.0,37.1,0,11,0,normal
i-synthetic-03,2026-03-31 22:46:20.497510,0.40833333333333327,6.0,42.3,0,11,0,normal
i-synthetic-03,2026-03-31 22:47:28.517327,0.44978712893270273,8.2,42.0,0,11,0,normal
i-synthetic-03,2026-03-31 22:48:37.149478,0.42485808595513513,9.0,37.5,0,11,0,normal
i-synthetic-03,2026-03-31 22:49:44.662228,0.44364356446635134,5.0,37.3,0,11,0,normal
i-synthetic-03,2026-03-31 22:50:52.356408,0.42997990795527896,5.5,37.9,0,11,0,normal
i-synthetic-03,2026-03-31 22:52:00.239510,0.4912409245320722,5.0,46.9,0,11,0,normal
i-synthetic-03,2026-03-31 22:53:08.055158,0.45816275153854075,9.7,40.9,0,11,0,normal
i-synthetic-03,2026-03-31 22:54:15.774269,0.439538524586714,6.6,40.8,0,11,0,normal
i-synthetic-03,2026-03-31 22:55:23.445002,0.45163081966937124,5.0,44.2,0,11,0,normal
i-synthetic-03,2026-03-31 22:56:31.973319,0.399653633517618,5.0,38.6,0,11,0,normal
i-synthetic-03,2026-03-31 22:57:39.631542,0.4456601500921423,5.0,38.8,0,11,0,normal
i-synthetic-03,2026-03-31 22:58:47.109791,0.4276601463939893,5.0,41.3,0,11,0,normal
i-synthetic-03,2026-03-31 22:59:55.743411,0.4437704488449857,5.0,46.4,0,11,0,normal
i-synthetic-03,2026-03-31 23:01:04.180217,0.5333333333333333,5.0,38.0,0,11,0,normal
i-synthetic-03,2026-03-31 23:02:15.821331,0.46249999999999997,5.0,46.7,0,11,0,normal
i-synthetic-03,2026-04-01 04:02:09.759577,0.4498271665584289,9.7,48.2,0,12,0,normal
i-synthetic-03,2026-04-01 04:30:56.033882,0.44007530056940347,6.9,42.9,0,12,0,normal
i-synthetic-03,2026-04-01 04:32:04.901351,0.5333333333333333,5.0,40.9,0,12,0,normal
i-synthetic-03,2026-04-01 04:33:12.441230,34.70118798897529,27.7,48.0,0,12,0,normal
i-synthetic-03,2026-04-01 04:34:19.627547,51.02589099173147,48.7,44.6,0,12,0,normal
i-synthetic-03,2026-04-01 04:35:28.531400,60.82071279338518,49.0,42.4,0,12,0,normal
i-synthetic-03,2026-04-01 04:36:37.540759,9.633157377649741,7.3,40.5,0,12,0,normal
i-synthetic-03,2026-04-01 04:37:45.385921,54.09157868882487,38.5,39.7,0,12,0,normal
i-synthetic-03,2026-04-01 04:38:53.672169,69.39438579254991,59.0,40.0,0,12,0,normal
i-synthetic-03,2026-04-01 04:40:02.111026,77.0432893860784,55.3,46.3,0,12,0,normal
i-synthetic-03,2026-04-01 04:41:10.893515,99.99166666666666,79.2,39.5,0,12,1,critical
i-synthetic-03,2026-04-01 04:42:19.790197,76.18979856346722,58.7,47.0,0,12,0,normal
i-synthetic-03,2026-04-01 04:43:29.061630,83.83572478684563,72.3,46.5,0,12,1,warning
i-synthetic-03,2026-04-01 04:44:38.443509,87.86637692346756,79.6,46.6,0,12,1,warning
i-synthetic-03,2026-04-01 04:45:47.173542,90.28476820544071,70.6,44.4,1,12,1,warning
i-synthetic-03,2026-04-01 04:46:55.540167,14.433333333333334,10.8,44.9,0,12,0,normal
i-synthetic-03,2026-04-01 04:48:03.389441,13.495833333333334,5.2,43.8,0,12,0,normal
i-synthetic-03,2026-04-01 04:49:10.723762,34.32674002031621,23.9,48.6,0,12,0,normal
i-synthetic-03,2026-04-01 04:50:18.509741,47.46039289880671,39.2,46.6,0,12,0,normal
i-synthetic-03,2026-04-01 04:51:28.189386,100.0,89.4,40.6,0,12,1,critical
i-synthetic-03,2026-04-01 04:52:36.789833,99.99583333333334,79.6,46.6,1,12,1,critical
i-synthetic-03,2026-04-01 04:53:45.148374,99.99722222222222,85.0,41.3,1,12,1,critical
i-synthetic-03,2026-04-01 04:54:53.576042,76.30321459153488,69.6,44.2,0,12,0,normal
i-synthetic-03,2026-04-01 04:57:05.692421,99.998334776527,83.1,39.5,0,12,1,critical
i-synthetic-03,2026-04-01 04:58:14.415472,99.99722173865395,85.6,47.2,1,12,1,critical
i-synthetic-03,2026-04-01 04:59:23.296415,99.99791630399046,83.3,43.1,1,12,1,critical
i-synthetic-03,2026-04-01 05:00:31.479641,94.92818774818178,73.5,48.3,1,12,1,warning
i-synthetic-03,2026-04-01 05:01:40.449297,2.1314505520123888,5.0,43.7,0,12,0,normal
i-synthetic-03,2026-04-01 05:02:48.424830,2.178225276006194,5.0,46.7,0,12,0,normal
i-synthetic-03,2026-04-01 05:03:55.949045,2.182705739559685,5.0,40.3,0,12,0,normal
i-synthetic-03,2026-04-01 05:05:04.424453,3.9899048867882847,5.0,42.2,0,12,0,normal
i-synthetic-03,2026-04-01 05:06:13.155065,100.0,70.7,44.2,0,12,1,critical
i-synthetic-03,2026-04-01 05:07:21.611405,99.99583333333334,78.5,42.2,1,12,1,critical
i-synthetic-03,2026-04-01 05:08:30.179514,99.99722222222222,75.2,41.3,1,12,1,critical
i-synthetic-03,2026-04-01 05:09:39.192143,99.99666776985885,82.7,46.5,1,12,1,critical
i-synthetic-03,2026-04-01 05:10:47.816859,99.99666695981088,79.7,47.2,1,12,1,critical
i-synthetic-03,2026-04-01 05:11:56.681759,100.0,79.0,46.3,1,12,1,critical
i-synthetic-03,2026-04-01 05:13:06.314907,99.99388338393443,79.3,42.9,1,12,1,critical
i-synthetic-03,2026-04-01 05:14:15.417906,99.99541253795083,75.1,45.8,1,12,1,critical
i-synthetic-03,2026-04-01 05:15:23.980162,97.894663363694,75.0,42.0,1,12,1,critical
i-synthetic-03,2026-04-01 05:16:33.522405,2.12312457329359,5.0,48.3,0,12,0,normal
i-synthetic-03,2026-04-01 05:17:41.903769,2.1541941114253493,5.0,44.7,0,12,0,normal
i-synthetic-03,2026-04-01 05:18:49.649634,2.1416849631724553,5.0,39.1,0,12,0,normal
i-synthetic-03,2026-04-01 05:19:58.088598,2.157868997807304,5.0,46.2,0,12,0,normal
i-synthetic-03,2026-04-01 05:21:06.316114,2.233333333333333,5.0,40.8,0,12,0,normal
i-synthetic-03,2026-04-01 05:22:13.578556,2.1657050481503064,7.9,41.7,0,12,0,normal
i-synthetic-03,2026-04-01 05:23:22.110902,2.172236733242343,9.0,47.9,0,12,0,normal
i-synthetic-03,2026-04-01 05:24:29.797545,2.1537142092160564,5.0,41.0,0,12,0,normal
i-synthetic-03,2026-04-01 05:25:37.511826,2.17131217305294,5.0,46.9,0,12,0,normal
i-synthetic-03,2026-04-01 05:26:48.995528,93.94131482809814,83.8,45.2,0,12,1,warning
i-synthetic-03,2026-04-01 05:27:57.864291,96.97065741404907,77.8,46.3,1,12,1,critical
i-synthetic-03,2026-04-01 05:29:06.608408,98.4828264549977,87.0,47.0,1,12,1,critical
i-synthetic-03,2026-04-01 05:30:15.357144,98.78626116399816,84.3,39.3,1,12,1,critical
i-synthetic-03,2026-04-01 05:31:24.116765,8.408473474557908,5.6,41.6,0,12,0,normal
i-synthetic-03,2026-04-01 05:32:32.399629,5.333403403945621,9.4,46.4,0,12,0,normal
i-synthetic-03,2026-04-01 05:33:40.352410,4.300704887721133,6.0,40.8,0,12,0,normal
i-synthetic-03,2026-04-01 05:34:48.112198,3.7567786657908497,5.0,43.4,0,12,0,normal
i-synthetic-03,2026-04-01 05:35:55.299788,3.4466998047289947,5.0,43.5,0,12,0,normal
i-synthetic-03,2026-04-01 05:37:03.482471,2.1509320038256017,9.8,45.9,0,12,0,normal
i-synthetic-03,2026-04-01 05:38:11.272916,2.133954669217068,5.0,48.0,0,12,0,normal
i-synthetic-03,2026-04-01 05:39:20.002734,2.158297287089475,5.0,46.6,0,12,0,normal
i-synthetic-03,2026-04-01 05:40:27.994826,2.152020674231684,7.6,47.5,0,12,0,normal
i-synthetic-03,2026-04-01 05:41:36.015799,2.1980583817627766,8.8,47.0,0,12,0,normal
i-synthetic-03,2026-04-01 05:42:44.291770,2.1615291908813883,7.6,39.9,0,12,0,normal
i-synthetic-03,2026-04-01 05:43:53.445031,2.1916825463133165,8.0,45.3,0,12,0,normal
i-synthetic-03,2026-04-01 05:45:01.553513,2.1996123786031037,5.0,45.9,0,12,0,normal
i-synthetic-03,2026-04-01 05:46:10.393531,1.0092248152534737,5.0,45.5,0,12,0,normal
i-synthetic-03,2026-04-01 05:47:18.687409,1.3462790742934034,5.0,43.9,0,12,0,normal
i-synthetic-03,2026-04-01 05:48:26.303192,1.6225193828622688,5.0,41.8,0,12,0,normal
i-synthetic-03,2026-04-01 05:49:35.448736,1.793972870480035,11.0,45.1,0,12,0,normal
i-synthetic-03,2026-04-01 05:50:44.515276,1.866844963050695,8.3,43.3,0,12,0,normal
i-synthetic-03,2026-04-01 05:51:53.190226,2.283333333333333,5.0,43.4,0,12,0,normal
i-synthetic-03,2026-04-01 05:53:01.883776,2.2521109593932764,5.0,43.0,0,12,0,normal
i-synthetic-03,2026-04-01 05:54:15.037394,2.1078332195449576,5.3,45.5,0,12,0,normal
i-synthetic-03,2026-04-01 05:55:24.365334,2.1379332423026325,8.2,44.7,0,12,0,normal
i-synthetic-03,2026-04-01 05:56:34.271144,2.13521944384206,5.6,39.3,0,12,0,normal
i-synthetic-03,2026-04-01 05:57:43.610588,2.2082878009192317,11.7,48.5,0,12,0,normal
i-synthetic-03,2026-04-01 05:58:52.119763,2.0332842753103315,5.0,43.5,0,12,0,normal
i-synthetic-03,2026-04-01 06:00:00.798551,2.1025663826746546,5.0,39.3,0,12,0,normal
i-synthetic-03,2026-04-01 06:01:08.879474,2.3062577014020715,6.0,42.0,0,12,0,normal
i-synthetic-03,2026-04-01 06:02:16.989237,2.254119742503658,5.3,48.3,0,12,0,normal
i-synthetic-03,2026-04-01 06:03:25.473978,2.2659612108922915,5.0,44.0,0,12,0,normal
i-synthetic-03,2026-04-01 06:04:33.379854,2.2499571710347497,5.0,41.6,0,12,0,normal
i-synthetic-03,2026-04-01 06:05:41.929290,9.108299070161134,5.0,42.5,0,12,0,normal
i-synthetic-03,2026-04-01 06:06:49.960357,100.0,76.2,41.2,0,12,1,critical
i-synthetic-03,2026-04-01 06:07:58.556657,99.99249987499792,70.1,43.8,1,12,1,critical
i-synthetic-03,2026-04-01 06:09:07.521914,99.99416660416563,78.0,42.8,1,12,1,critical
i-synthetic-03,2026-04-01 06:10:16.732511,93.1903332833325,68.0,44.9,1,12,1,warning
i-synthetic-03,2026-04-01 06:11:25.664407,2.283333333333333,6.8,46.2,0,12,0,normal
i-synthetic-03,2026-04-01 06:12:33.311253,2.225,7.3,40.8,0,12,0,normal
i-synthetic-03,2026-04-01 06:13:40.900785,2.221570113066791,5.0,44.2,0,12,0,normal
i-synthetic-03,2026-04-01 06:14:48.113756,2.2062379714749896,9.7,47.7,0,12,0,normal
i-synthetic-03,2026-04-01 06:15:55.887088,5.691657043846658,5.0,45.7,0,12,0,normal
i-synthetic-03,2026-04-01 06:17:03.246426,99.99333553971769,74.2,48.5,0,12,1,critical
i-synthetic-03,2026-04-01 06:18:12.524116,99.99555702647847,79.6,46.8,1,12,1,critical
i-synthetic-03,2026-04-01 06:19:21.238244,99.99666776985885,81.8,48.4,1,12,1,critical
i-synthetic-03,2026-04-01 06:20:30.013655,99.99666695981088,84.8,46.6,1,12,1,critical
i-synthetic-03,2026-04-01 06:21:39.153710,99.99500441276871,89.3,47.3,1,12,1,critical
i-synthetic-03,2026-04-01 06:22:47.913149,99.99750220638435,71.0,41.8,1,12,1,critical
i-synthetic-03,2026-04-01 06:23:57.334520,99.99833480425623,88.0,39.2,1,12,1,critical
i-synthetic-03,2026-04-01 06:25:06.847450,96.83679004292867,82.4,41.1,1,12,1,critical
i-synthetic-03,2026-04-01 06:26:15.921875,1.9934275276494235,5.0,47.9,0,12,0,normal
i-synthetic-03,2026-04-01 06:27:23.223928,2.046713763824712,5.0,43.9,0,12,0,normal
i-synthetic-03,2026-04-01 06:28:30.854393,2.0305541400536797,5.0,47.3,0,12,0,normal
i-synthetic-03,2026-04-01 06:29:38.919824,2.0395822717069265,5.0,40.5,0,12,0,normal
i-synthetic-03,2026-04-01 06:30:47.235463,2.0019929396568985,5.0,41.2,0,12,0,normal
i-synthetic-03,2026-04-01 06:31:55.459997,0.6916666666666665,5.0,41.3,0,12,0,normal
i-synthetic-03,2026-04-01 06:33:03.365229,1.5160758459656931,5.0,45.5,0,12,0,normal
i-synthetic-03,2026-04-01 06:34:11.482416,1.6120568844742698,5.0,44.1,0,12,0,normal
i-synthetic-03,2026-04-01 06:35:19.031583,1.8613121742460823,5.6,46.3,0,12,0,normal
i-synthetic-03,2026-04-01 06:36:27.075925,100.0,80.4,45.0,0,12,1,critical
i-synthetic-03,2026-04-01 06:37:35.670352,100.0,83.4,43.3,1,12,1,critical
i-synthetic-03,2026-04-01 06:38:44.725225,99.99833480425623,76.0,48.8,1,12,1,critical
i-synthetic-03,2026-04-01 06:39:53.627292,99.99791703309693,73.4,39.9,1,12,1,critical
i-synthetic-03,2026-04-01 06:42:06.612022,2.15,10.8,44.0,0,12,0,normal
i-synthetic-03,2026-04-01 06:43:14.589074,2.157693481868794,5.0,43.1,0,12,0,normal
i-synthetic-03,2026-04-01 06:44:22.180278,2.1245201114015955,5.0,40.8,0,12,0,normal
i-synthetic-03,2026-04-01 06:45:29.965170,2.124616089121276,5.0,47.6,0,12,0,normal
i-synthetic-03,2026-04-01 06:46:38.487813,2.05181243431698,5.0,43.1,0,12,0,normal
i-synthetic-03,2026-04-01 06:47:46.230502,2.096739550491823,5.0,44.2,0,12,0,normal
i-synthetic-03,2026-04-01 06:48:19.367643,2.058354012019221,5.0,44.4,0,12,0,normal
i-synthetic-03,2026-04-01 06:48:37.168899,2.058354012019221,5.0,42.0,0,12,0,normal
i-synthetic-03,2026-04-01 06:49:38.995486,2.0650593185461688,6.2,44.4,0,12,0,normal
i-synthetic-03,2026-04-01 06:50:46.606689,2.042047454836935,5.1,41.0,0,12,0,normal
i-synthetic-03,2026-04-01 06:51:04.985107,2.058333333333333,5.0,40.0,0,12,0,normal
i-synthetic-03,2026-04-01 06:51:51.467626,2.058333333333333,5.0,39.3,0,12,0,normal
i-synthetic-03,2026-04-01 06:52:59.991488,2.01606603981298,5.0,46.7,0,12,0,normal
i-synthetic-03,2026-04-01 06:54:07.496019,1.9916398346289477,5.0,42.9,0,12,0,normal
i-synthetic-03,2026-04-01 06:58:15.087941,1.8755191949074312,5.0,39.4,0,12,0,normal
i-synthetic-03,2026-04-01 06:59:24.499074,14.198306062847239,14.9,40.2,0,12,0,normal
i-synthetic-03,2026-04-01 07:00:33.556056,31.357645732831532,26.6,43.6,0,12,0,normal
i-synthetic-03,2026-04-01 07:01:42.652668,100.0,71.7,47.1,0,12,1,critical
i-synthetic-03,2026-04-01 07:02:52.201123,100.0,85.0,44.7,1,12,1,critical
i-synthetic-03,2026-04-01 07:04:02.212521,94.10708443652551,69.2,40.9,1,12,1,warning
i-synthetic-03,2026-04-01 07:05:13.195240,90.35064160964045,78.1,41.7,1,12,1,warning
i-synthetic-03,2026-04-01 07:06:23.955787,99.96666666666667,79.8,40.7,1,12,1,critical
i-synthetic-03,2026-04-01 07:07:34.019482,99.95416666666667,79.0,44.7,1,12,1,critical
i-synthetic-03,2026-04-01 07:08:43.959588,86.16111111111111,59.7,44.6,0,12,1,warning
i-synthetic-03,2026-04-01 07:09:54.998038,67.94711722063101,57.7,46.6,0,12,0,normal
i-synthetic-03,2026-04-01 07:11:08.077883,7.776464123357701,5.0,47.1,0,12,0,normal
i-synthetic-03,2026-04-01 07:12:20.356403,5.06844124645874,8.4,40.4,0,12,0,normal
i-synthetic-03,2026-04-01 07:13:31.956924,4.109516386528049,5.0,46.4,0,12,0,normal
i-synthetic-03,2026-04-01 07:14:43.965665,3.6571372898960366,5.0,40.0,0,12,0,normal
i-synthetic-03,2026-04-01 07:15:56.149175,3.3590431652501627,6.2,48.8,0,12,0,normal
i-synthetic-03,2026-04-01 07:17:15.669556,2.182395619980128,5.0,43.1,0,12,0,normal
i-synthetic-03,2026-04-01 07:18:31.293240,2.202152635542308,6.5,41.9,0,12,0,normal
i-synthetic-03,2026-04-01 07:19:43.925771,2.208356265236643,5.0,45.6,0,12,0,normal
i-synthetic-03,2026-04-01 07:20:53.589828,2.208351678855981,5.0,48.9,0,12,0,normal
i-synthetic-03,2026-04-01 07:22:04.759009,2.1624999999999996,9.4,48.3,0,12,0,normal
i-synthetic-03,2026-04-01 07:23:15.170560,2.172222222222222,9.3,48.6,0,12,0,normal
i-synthetic-03,2026-04-01 07:24:24.122293,2.1499999999999995,5.0,45.7,0,12,0,normal
i-synthetic-03,2026-04-01 07:25:33.664463,2.1599999999999993,5.0,41.8,0,12,0,normal
i-synthetic-03,2026-04-01 07:26:43.802126,2.0731687009808004,5.0,43.8,0,12,0,normal
i-synthetic-03,2026-04-01 07:27:53.256047,2.1208754743164464,6.9,46.6,0,12,0,normal
i-synthetic-03,2026-04-01 09:03:58.530606,1.6055555555555554,5.0,41.4,0,12,0,normal
i-synthetic-03,2026-04-01 09:05:06.711205,1.6030420905977496,5.0,46.4,0,12,0,normal
i-synthetic-03,2026-04-01 10:18:28.703994,1.5837901257221656,10.7,40.9,0,12,0,normal
i-synthetic-03,2026-04-01 10:31:59.433448,1.6568697650408806,5.0,42.6,0,12,0,normal
i-synthetic-03,2026-04-01 10:33:07.334880,1.621703302416086,5.0,45.6,0,12,0,normal
i-synthetic-03,2026-04-01 10:34:15.257468,1.6058608101453977,8.2,43.4,0,12,0,normal
i-synthetic-04,2026-03-30 03:16:40.162942,2.1666666666666665,11.0,37.3,0,10,0,normal
i-synthetic-04,2026-03-30 03:16:42.439242,2.1666666666666665,7.4,44.1,0,10,0,normal
i-synthetic-04,2026-03-30 03:17:51.597278,2.147222222222222,5.0,39.8,0,10,0,normal
i-synthetic-04,2026-03-30 03:17:53.680359,2.147222222222222,5.0,41.2,0,10,0,normal
i-synthetic-04,2026-03-30 03:19:02.380328,2.15,5.0,43.1,0,10,0,normal
i-synthetic-04,2026-03-30 03:19:04.739826,2.15,6.9,41.0,0,10,0,normal
i-synthetic-04,2026-03-30 03:20:13.298905,2.1446390568017186,5.0,44.2,0,10,0,normal
i-synthetic-04,2026-03-30 03:20:16.093017,2.1446390568017186,5.0,44.7,0,10,0,normal
i-synthetic-04,2026-03-30 03:21:24.103564,2.251914127007957,5.0,39.8,0,10,0,normal
i-synthetic-04,2026-03-30 03:21:26.950833,2.1917178335161345,5.0,42.5,0,10,0,normal
i-synthetic-04,2026-03-30 03:22:35.506124,2.2006627010899122,5.5,37.2,0,10,0,normal
i-synthetic-04,2026-03-30 03:22:37.512053,2.2006627010899122,5.0,42.2,0,10,0,normal
i-synthetic-04,2026-03-30 03:23:46.680296,2.1771327188117224,5.0,38.3,0,10,0,normal
i-synthetic-04,2026-03-30 03:23:48.100327,2.1771327188117224,5.0,35.5,0,10,0,normal
i-synthetic-04,2026-03-30 03:24:57.625391,2.185039508382711,5.0,45.0,0,10,0,normal
i-synthetic-04,2026-03-30 03:26:09.683774,2.293616240471067,5.0,40.8,0,10,0,normal
i-synthetic-04,2026-03-30 03:27:21.258903,2.255141453568867,5.0,41.3,0,10,0,normal
i-synthetic-04,2026-03-30 03:28:32.349312,2.2171540601177666,6.3,40.2,0,10,0,normal
i-synthetic-04,2026-03-30 03:29:43.843039,2.2087232480942136,11.2,37.3,0,10,0,normal
i-synthetic-04,2026-04-01 07:29:03.103717,2.1266226765728513,5.0,48.8,0,12,0,normal
i-synthetic-04,2026-03-30 03:46:34.726358,2.229166666666667,9.3,35.0,0,10,0,normal
i-synthetic-04,2026-03-30 03:47:44.619750,2.2604658155241,10.5,41.8,0,10,0,normal
i-synthetic-04,2026-03-30 03:48:19.852766,2.2604658155241,5.0,43.0,0,10,0,normal
i-synthetic-04,2026-03-30 03:49:30.712919,2.2679384894422356,5.0,42.3,0,10,0,normal
i-synthetic-04,2026-03-30 03:50:40.704390,2.2679384894422356,6.4,36.2,0,10,0,normal
i-synthetic-04,2026-03-30 03:51:44.821104,2.196793941516956,9.9,44.3,0,10,0,normal
i-synthetic-04,2026-03-30 03:52:55.218943,2.075121402164102,5.0,43.8,0,10,0,normal
i-synthetic-04,2026-03-30 03:54:05.636469,2.1000910516230764,8.1,43.4,0,10,0,normal
i-synthetic-04,2026-03-30 03:55:16.444062,2.0399348941781907,11.3,38.6,0,10,0,normal
i-synthetic-04,2026-03-30 03:56:27.197807,2.230504427683031,5.0,43.9,0,10,0,normal
i-synthetic-04,2026-03-30 03:57:37.024931,2.2092251740109097,6.4,43.6,0,10,0,normal
i-synthetic-04,2026-03-30 03:58:47.043569,2.2215022138415157,5.0,35.3,0,10,0,normal
i-synthetic-04,2026-03-30 03:59:58.045253,2.210167083890651,5.0,41.0,0,10,0,normal
i-synthetic-04,2026-03-30 04:01:08.477440,2.313004409684666,9.8,36.7,0,10,0,normal
i-synthetic-04,2026-03-30 04:02:18.569320,2.3468988366463894,5.0,44.0,0,10,0,normal
i-synthetic-04,2026-03-30 04:03:30.371308,1.8715808602231614,5.0,37.7,0,10,0,normal
i-synthetic-04,2026-03-30 04:04:41.232016,1.9252342473865354,10.5,38.9,0,10,0,normal
i-synthetic-04,2026-03-30 04:05:52.159479,1.9252342473865354,6.5,37.2,0,10,0,normal
i-synthetic-04,2026-03-30 04:07:02.875809,2.179203905334522,10.1,42.1,0,10,0,normal
i-synthetic-04,2026-03-30 04:08:13.370057,2.1777905204244,5.0,43.8,0,10,0,normal
i-synthetic-04,2026-03-30 04:09:23.992828,2.1546193086071788,5.6,44.5,0,10,0,normal
i-synthetic-04,2026-03-30 04:10:33.838717,2.1653621135524097,6.1,37.0,0,10,0,normal
i-synthetic-04,2026-03-30 04:11:44.281156,2.1949309753376296,9.9,44.7,0,10,0,normal
i-synthetic-04,2026-03-30 04:12:53.935222,2.2055849365351166,7.5,39.9,0,10,0,normal
i-synthetic-04,2026-03-30 04:14:04.124077,2.1916887024013376,5.0,37.0,0,10,0,normal
i-synthetic-04,2026-03-30 04:15:15.161562,2.2000176285877364,6.6,35.8,0,10,0,normal
i-synthetic-04,2026-03-30 04:16:25.673419,2.1481740520557526,5.2,35.4,0,10,0,normal
i-synthetic-04,2026-03-30 04:17:36.313191,2.157724684018584,5.0,38.9,0,10,0,normal
i-synthetic-04,2026-03-30 04:18:47.492577,2.1703768463472715,5.0,37.6,0,10,0,normal
i-synthetic-04,2026-03-30 04:19:58.066268,2.1549906962474443,5.0,40.6,0,10,0,normal
i-synthetic-04,2026-03-30 04:21:08.287358,2.2416666666666667,8.9,41.6,0,10,0,normal
i-synthetic-04,2026-03-30 04:22:19.202755,2.1791666666666667,5.0,43.8,0,10,0,normal
i-synthetic-04,2026-03-30 04:23:29.514296,2.1687499999999997,5.0,43.5,0,10,0,normal
i-synthetic-04,2026-03-30 04:24:39.882718,2.1783333333333332,5.0,37.7,0,10,0,normal
i-synthetic-04,2026-03-30 04:25:50.985189,2.1783333333333332,10.0,43.4,0,10,0,normal
i-synthetic-04,2026-03-30 04:27:02.010644,2.186548100781003,10.6,41.1,0,10,0,normal
i-synthetic-04,2026-03-30 04:28:12.489017,2.166634662726877,5.0,42.8,0,10,0,normal
i-synthetic-04,2026-03-30 04:29:23.118663,2.176590458086606,5.0,36.8,0,10,0,normal
i-synthetic-04,2026-03-30 04:30:33.335977,2.16663392379301,5.0,36.0,0,10,0,normal
i-synthetic-04,2026-03-30 04:31:44.066925,2.1708333333333334,5.0,35.4,0,10,0,normal
i-synthetic-04,2026-03-30 04:32:55.477910,2.25,9.5,35.0,0,10,0,normal
i-synthetic-04,2026-03-30 04:34:06.410760,2.220833333333333,5.0,38.7,0,10,0,normal
i-synthetic-04,2026-03-30 04:35:29.570334,2.1729964530149375,5.9,41.7,0,10,0,normal
i-synthetic-04,2026-03-30 04:36:28.705788,2.049999028347222,5.1,44.8,0,10,0,normal
i-synthetic-04,2026-03-30 04:37:39.822871,2.0694437966759254,5.0,35.6,0,10,0,normal
i-synthetic-04,2026-03-30 04:38:46.017989,2.043733125831,5.0,37.3,0,10,0,normal
i-synthetic-04,2026-03-30 04:39:56.754398,2.0370082865756878,5.0,42.0,0,10,0,normal
i-synthetic-04,2026-03-30 04:41:07.711386,1.883333333333333,5.0,43.4,0,10,0,normal
i-synthetic-04,2026-03-30 04:42:18.178771,1.932491132537343,8.9,42.4,0,10,0,normal
i-synthetic-04,2026-03-30 04:43:29.096828,1.9037527544093114,9.1,44.0,0,10,0,normal
i-synthetic-04,2026-03-30 04:44:41.299720,1.9083233044448804,5.0,38.4,0,10,0,normal
i-synthetic-04,2026-03-30 04:45:51.924380,1.9083233044448804,5.0,36.5,0,10,0,normal
i-synthetic-04,2026-03-30 04:47:02.103934,1.8250429340575929,10.6,42.3,0,10,0,normal
i-synthetic-04,2026-03-30 04:48:12.536257,1.7944730671495064,5.0,43.7,0,10,0,normal
i-synthetic-04,2026-03-30 04:49:23.330138,1.8021048003621298,5.0,43.2,0,10,0,normal
i-synthetic-04,2026-03-30 04:50:28.321459,1.776683840289704,5.0,39.9,0,10,0,normal
i-synthetic-04,2026-03-30 04:51:39.000674,1.715973089540557,7.5,43.8,0,10,0,normal
i-synthetic-04,2026-03-30 04:52:48.723271,1.719471225484627,5.0,44.8,0,10,0,normal
i-synthetic-04,2026-03-30 04:53:03.420707,1.719471225484627,5.0,41.3,0,10,0,normal
i-synthetic-04,2026-03-30 04:54:13.608084,1.6979367524468034,5.0,35.9,0,10,0,normal
i-synthetic-04,2026-03-30 04:55:24.388285,1.696682735290776,5.0,38.4,0,10,0,normal
i-synthetic-04,2026-03-30 04:56:34.552589,1.65,5.4,40.3,0,10,0,normal
i-synthetic-04,2026-03-30 04:57:44.950680,1.6356558036779847,5.0,35.5,0,10,0,normal
i-synthetic-04,2026-03-30 04:58:06.958552,1.6356558036779847,7.9,41.1,0,10,0,normal
i-synthetic-04,2026-03-30 04:59:17.705982,1.6541885157553693,5.0,44.5,0,10,0,normal
i-synthetic-04,2026-03-30 05:00:28.354874,1.6416841459376286,5.0,43.7,0,10,0,normal
i-synthetic-04,2026-03-30 05:29:59.560013,0.0001577347978801,5.0,44.3,0,10,0,normal
i-synthetic-04,2026-03-30 05:31:12.050313,7.59987333544441,11.3,38.4,0,10,0,normal
i-synthetic-04,2026-04-01 07:30:14.081399,2.1133287683121784,5.0,45.9,0,12,0,normal
i-synthetic-04,2026-04-01 07:31:24.295427,2.1980583817627766,5.0,44.8,0,12,0,normal
i-synthetic-04,2026-04-01 07:32:32.841628,2.1365291908813884,5.0,39.7,0,12,0,normal
i-synthetic-04,2026-04-01 07:33:41.652799,2.158334477741634,8.4,44.7,0,12,0,normal
i-synthetic-04,2026-04-01 07:34:50.707375,2.139124528231125,5.0,39.2,0,12,0,normal
i-synthetic-04,2026-04-01 07:37:06.865762,2.083333333333333,5.0,47.1,0,12,0,normal
i-synthetic-04,2026-04-01 07:38:15.984118,2.0688438175907575,5.0,42.4,0,12,0,normal
i-synthetic-04,2026-04-01 07:39:24.692562,2.076632863193068,5.0,44.2,0,12,0,normal
i-synthetic-04,2026-04-01 07:41:34.794834,2.12312457329359,11.3,44.8,0,12,0,normal
i-synthetic-04,2026-04-01 07:42:44.771523,2.065728953313462,5.0,48.5,0,12,0,normal
i-synthetic-04,2026-04-01 07:43:55.332149,2.077152635542308,5.0,41.9,0,12,0,normal
i-synthetic-04,2026-04-01 07:45:04.556194,2.0583065338072135,6.2,44.5,0,12,0,normal
i-synthetic-04,2026-04-01 07:46:16.689549,100.0,78.6,45.1,0,12,1,critical
i-synthetic-04,2026-04-01 09:06:15.028080,1.559711078119005,5.0,48.4,0,12,0,normal
i-synthetic-04,2026-04-01 09:07:24.017411,1.6048555390595025,5.0,40.0,0,12,0,normal
i-synthetic-04,2026-04-01 09:08:32.831247,1.5833390470322362,7.0,48.0,0,12,0,normal
i-synthetic-04,2026-04-01 09:09:42.428249,1.6003689824233254,9.6,44.5,0,12,0,normal
i-synthetic-04,2026-04-01 09:10:51.240812,1.5866912027904412,7.1,47.7,0,12,0,normal
i-synthetic-04,2026-04-01 09:12:01.936978,1.6583333333333332,5.0,40.5,0,12,0,normal
i-synthetic-04,2026-04-01 09:13:12.286236,1.6227109409608114,8.5,47.6,0,12,0,normal
i-synthetic-04,2026-04-01 09:14:21.273482,1.6086998723872752,5.0,48.4,0,12,0,normal
i-synthetic-04,2026-04-01 09:15:31.014942,1.6416465913306317,5.0,47.6,0,12,0,normal
i-synthetic-04,2026-04-01 09:16:40.776026,1.6347773866915773,5.0,39.1,0,12,0,normal
i-synthetic-04,2026-04-01 09:17:50.201674,1.6840553600124553,5.0,40.4,0,12,0,normal
i-synthetic-04,2026-04-01 09:19:00.195098,1.6583415375843336,5.0,46.9,0,12,0,normal
i-synthetic-04,2026-04-01 09:20:10.822621,1.6566715892172668,5.0,41.8,0,12,0,normal
i-synthetic-04,2026-04-01 09:21:19.783865,1.7083333333333333,5.0,44.5,0,12,0,normal
i-synthetic-04,2026-04-01 09:22:28.161315,1.6465332571549314,5.0,41.1,0,12,0,normal
i-synthetic-04,2026-03-30 05:32:24.149203,4.1919561519246535,5.0,42.4,0,10,0,normal
i-synthetic-04,2026-03-30 05:33:36.014987,2.9694829877112023,5.0,40.7,0,10,0,normal
i-synthetic-04,2026-03-30 05:34:48.578780,2.4062789074500683,5.0,39.7,0,10,0,normal
i-synthetic-04,2026-03-30 05:35:59.617641,5.376632265807724,5.0,44.1,0,10,0,normal
i-synthetic-04,2026-03-30 05:47:37.904106,1.9367682917286577,5.0,39.9,0,10,0,normal
i-synthetic-04,2026-03-30 05:48:49.787600,2.0362441933737343,5.0,43.5,0,10,0,normal
i-synthetic-04,2026-03-30 05:54:43.142581,0.0011623278607227,5.0,35.1,0,10,0,normal
i-synthetic-04,2026-03-30 06:07:15.589093,0.0011917222913862,5.9,38.2,0,10,0,normal
i-synthetic-04,2026-03-30 17:38:25.932061,0.45525957294579183,5.0,38.8,0,10,0,normal
i-synthetic-04,2026-03-30 17:39:39.214001,0.45337399890223234,9.3,40.1,0,10,0,normal
i-synthetic-04,2026-03-30 17:40:53.124015,0.45337399890223234,5.0,37.6,0,10,0,normal
i-synthetic-04,2026-03-30 17:42:05.929552,0.500033383081266,5.0,39.9,0,10,0,normal
i-synthetic-04,2026-03-30 17:43:18.894088,0.5029526705389248,5.0,35.9,0,10,0,normal
i-synthetic-04,2026-03-30 17:44:26.921884,0.4984564283047305,5.0,39.1,0,10,0,normal
i-synthetic-04,2026-03-30 17:52:18.415335,0.8751839155239717,5.0,42.1,0,10,0,normal
i-synthetic-04,2026-03-30 17:54:14.165759,0.6625919577619858,5.0,40.4,0,10,0,normal
i-synthetic-04,2026-03-30 17:55:27.015022,0.7000735662095886,5.0,39.6,0,10,0,normal
i-synthetic-04,2026-03-30 17:56:42.126850,0.449595364172245,5.0,38.6,0,10,0,normal
i-synthetic-04,2026-03-30 17:57:49.497310,0.42479768208612245,5.0,41.5,0,10,0,normal
i-synthetic-04,2026-03-30 17:58:56.881767,0.4472349764825531,8.0,44.5,0,10,0,normal
i-synthetic-04,2026-03-30 18:00:09.059706,0.43325485326976443,5.0,37.5,0,10,0,normal
i-synthetic-04,2026-03-30 18:08:53.865649,0.6277831692821448,5.0,39.6,0,10,0,normal
i-synthetic-04,2026-03-30 18:10:01.697469,0.5937540436282753,5.0,36.9,0,10,0,normal
i-synthetic-04,2026-03-30 18:12:13.795516,0.5,5.0,41.5,0,10,0,normal
i-synthetic-04,2026-03-30 18:13:26.193208,1.7831846427128941,5.0,40.3,0,10,0,normal
i-synthetic-04,2026-03-30 18:14:33.413307,1.8978051487013374,8.4,41.4,0,10,0,normal
i-synthetic-04,2026-03-30 18:15:43.026586,1.9457722742685744,5.0,41.0,0,10,0,normal
i-synthetic-04,2026-03-30 18:16:56.780215,2.396179471337686,5.0,35.1,0,10,0,normal
i-synthetic-04,2026-03-30 18:18:10.305780,2.748089735668843,5.0,35.1,0,10,0,normal
i-synthetic-04,2026-03-30 18:18:44.158658,2.661868551479854,7.2,43.0,0,10,0,normal
i-synthetic-04,2026-03-30 18:19:52.551519,2.561493329667676,5.0,38.4,0,10,0,normal
i-synthetic-04,2026-03-30 18:22:26.331345,2.295814166986106,5.0,42.3,0,10,0,normal
i-synthetic-04,2026-03-30 18:24:12.971970,2.2339653598018416,6.4,41.1,0,10,0,normal
i-synthetic-04,2026-03-30 18:25:37.416223,2.2316547345809417,5.0,39.5,0,10,0,normal
i-synthetic-04,2026-03-30 18:26:48.860962,1.88502986020752,5.0,37.5,0,10,0,normal
i-synthetic-04,2026-03-30 18:27:57.317022,2.4245144638567155,6.3,39.6,0,10,0,normal
i-synthetic-04,2026-03-30 18:29:10.667226,2.341342975904477,5.0,40.6,0,10,0,normal
i-synthetic-04,2026-03-30 18:30:19.793836,2.2868793183889147,5.0,43.5,0,10,0,normal
i-synthetic-04,2026-03-30 18:31:28.959691,2.2666666666666666,5.0,40.0,0,10,0,normal
i-synthetic-04,2026-03-30 18:32:42.975406,1.9451162584161765,5.0,40.5,0,10,0,normal
i-synthetic-04,2026-03-30 18:33:50.454601,2.0390665570506674,5.9,43.1,0,10,0,normal
i-synthetic-04,2026-03-30 18:35:04.496535,2.0642351427521994,7.7,41.0,0,10,0,normal
i-synthetic-04,2026-03-30 18:36:15.663899,2.2563402327943654,5.0,42.7,0,10,0,normal
i-synthetic-04,2026-04-01 07:47:26.631936,100.0,70.3,47.9,0,12,1,critical
i-synthetic-04,2026-04-01 07:48:57.112739,99.99722222222222,72.7,40.4,1,12,1,critical
i-synthetic-04,2026-04-01 07:50:11.435206,99.99666666666667,77.8,44.4,1,12,1,critical
i-synthetic-04,2026-04-01 07:51:23.982724,100.0,82.9,45.3,1,12,1,critical
i-synthetic-04,2026-04-01 07:52:38.132116,100.0,77.6,40.6,1,12,1,critical
i-synthetic-04,2026-04-01 09:23:36.471261,4.31991106032551,5.0,48.7,0,12,0,normal
i-synthetic-04,2026-04-01 09:24:44.285210,28.237849961910797,15.6,43.1,0,12,0,normal
i-synthetic-04,2026-04-01 09:25:52.272483,42.59027996952864,39.1,45.7,0,12,0,normal
i-synthetic-04,2026-04-01 09:27:00.962116,100.0,85.3,48.7,0,12,1,critical
i-synthetic-04,2026-04-01 09:28:09.773134,97.43333333333334,71.3,43.9,1,12,1,critical
i-synthetic-04,2026-04-01 09:29:18.551179,73.48333333333333,56.9,44.1,0,12,0,normal
i-synthetic-04,2026-04-01 09:30:26.868062,59.125,49.0,44.0,0,12,0,normal
i-synthetic-04,2026-04-01 09:31:35.865549,1.7318035735100659,5.0,40.7,0,12,0,normal
i-synthetic-04,2026-04-01 09:32:43.785419,1.6791201296245677,6.8,45.0,0,12,0,normal
i-synthetic-04,2026-04-01 09:33:51.914535,1.6860800864163785,5.0,44.9,0,12,0,normal
i-synthetic-04,2026-04-01 09:34:59.671963,39.241543798454586,38.6,46.8,0,12,0,normal
i-synthetic-04,2026-04-01 09:36:07.410240,100.0,88.6,46.9,0,12,1,critical
i-synthetic-04,2026-04-01 09:37:16.071752,99.9933275505438,72.9,42.8,1,12,1,critical
i-synthetic-04,2026-04-01 09:38:24.792300,99.99555170036253,74.3,45.8,1,12,1,critical
i-synthetic-04,2026-04-01 09:39:33.655014,99.9966637752719,73.2,45.9,1,12,1,critical
i-synthetic-04,2026-04-01 09:40:42.719636,99.99666493082832,74.6,45.7,1,12,1,critical
i-synthetic-04,2026-04-01 09:41:51.575089,99.99000016666388,85.0,47.2,1,12,1,critical
i-synthetic-04,2026-04-01 09:42:59.871407,99.99500008333195,77.2,42.0,1,12,1,critical
i-synthetic-04,2026-04-01 09:44:09.031529,77.5933333749993,53.6,45.3,0,12,0,normal
i-synthetic-04,2026-04-01 09:45:18.456534,62.40829473809977,44.1,42.6,0,12,0,normal
i-synthetic-04,2026-04-01 09:46:27.653806,1.5583333333333331,6.9,41.7,0,12,0,normal
i-synthetic-04,2026-04-01 09:47:35.782114,1.611764538546506,10.7,42.8,0,12,0,normal
i-synthetic-04,2026-04-01 09:48:43.574755,1.5888529177690003,5.5,46.2,0,12,0,normal
i-synthetic-04,2026-03-30 18:37:28.813605,2.204120539270721,5.4,41.8,0,10,0,normal
i-synthetic-04,2026-04-01 07:53:50.659735,99.99722222222222,81.5,43.8,0,12,1,critical
i-synthetic-04,2026-04-01 07:55:05.291322,90.52733421588707,73.8,44.6,1,12,1,warning
i-synthetic-04,2026-04-01 07:56:18.661224,0.4670792533404507,5.0,40.3,0,12,0,normal
i-synthetic-04,2026-04-01 07:57:29.973903,1.262706293336892,10.6,41.6,0,12,0,normal
i-synthetic-04,2026-04-01 07:58:42.963836,1.5029153066690393,5.0,44.3,0,12,0,normal
i-synthetic-04,2026-04-01 07:59:54.540044,1.6480198133351127,10.6,45.7,0,12,0,normal
i-synthetic-04,2026-04-01 08:01:04.779204,100.0,82.0,44.8,0,12,1,critical
i-synthetic-04,2026-04-01 08:02:15.980905,99.99583333333334,87.9,41.1,1,12,1,critical
i-synthetic-04,2026-04-01 08:03:26.377117,99.99722222222222,85.9,46.8,1,12,1,critical
i-synthetic-04,2026-04-01 08:04:37.581959,99.99791666666667,87.4,45.2,1,12,1,critical
i-synthetic-04,2026-04-01 08:05:48.780892,99.995,85.0,42.0,1,12,1,critical
i-synthetic-04,2026-04-01 08:07:00.781138,100.0,86.7,41.4,1,12,1,critical
i-synthetic-04,2026-04-01 08:08:12.138375,100.0,74.8,48.5,1,12,1,critical
i-synthetic-04,2026-04-01 08:09:23.177068,99.99791666666667,77.1,45.4,1,12,1,critical
i-synthetic-04,2026-04-01 08:10:33.983323,93.57333333333334,74.9,39.4,1,12,1,warning
i-synthetic-04,2026-04-01 08:11:45.737334,1.9482790201988243,5.0,42.3,0,12,0,normal
i-synthetic-04,2026-04-01 08:12:56.138854,1.8866395100994122,10.5,47.5,0,12,0,normal
i-synthetic-04,2026-04-01 08:14:06.538984,1.8791379569613946,5.0,39.6,0,12,0,normal
i-synthetic-04,2026-04-01 08:15:15.593829,1.8866436989024489,5.0,43.1,0,12,0,normal
i-synthetic-04,2026-04-01 08:16:25.638953,1.7916666666666667,5.0,46.6,0,12,0,normal
i-synthetic-04,2026-04-01 08:17:34.959794,1.8375,10.7,45.9,0,12,0,normal
i-synthetic-04,2026-04-01 08:18:45.258331,1.8083333333333333,5.0,41.5,0,12,0,normal
i-synthetic-04,2026-04-01 08:19:54.279048,1.825,5.0,40.5,0,12,0,normal
i-synthetic-04,2026-04-01 08:21:05.438509,99.98832301866649,81.5,45.9,0,12,1,critical
i-synthetic-04,2026-04-01 08:22:17.367749,99.99416150933325,84.9,47.0,1,12,1,critical
i-synthetic-04,2026-04-01 08:23:28.364807,99.99332989511106,84.2,43.5,1,12,1,critical
i-synthetic-04,2026-04-01 08:24:40.483538,99.9949974213333,82.8,43.2,1,12,1,critical
i-synthetic-04,2026-04-01 08:25:52.302670,96.93933127039996,67.8,49.0,1,12,1,critical
i-synthetic-04,2026-03-30 18:38:36.267420,2.058302581736036,11.6,41.3,0,10,0,normal
i-synthetic-04,2026-04-01 08:27:04.622410,1.5958333333333332,5.0,45.5,0,12,0,normal
i-synthetic-04,2026-04-01 08:28:13.608741,1.585658910425779,5.0,46.3,0,12,0,normal
i-synthetic-04,2026-04-01 08:29:23.370426,1.606272273831545,8.4,44.7,0,12,0,normal
i-synthetic-04,2026-04-01 08:30:39.440684,1.5980798319873701,7.0,41.2,0,12,0,normal
i-synthetic-04,2026-04-01 08:31:50.370613,1.6764529258690863,5.0,46.7,0,12,0,normal
i-synthetic-04,2026-04-01 08:33:03.043248,1.6310398641785842,5.0,47.9,0,12,0,normal
i-synthetic-04,2026-04-01 08:34:13.255515,1.6146008979174626,6.0,48.5,0,12,0,normal
i-synthetic-04,2026-04-01 08:35:21.599263,1.6286450368152952,8.8,46.6,0,12,0,normal
i-synthetic-04,2026-04-01 08:36:30.392872,1.5569580204152997,5.0,41.6,0,12,0,normal
i-synthetic-04,2026-04-01 08:37:41.234970,1.6042084045059468,9.8,46.8,0,12,0,normal
i-synthetic-04,2026-04-01 08:38:52.015944,1.5916944918928533,5.0,42.4,0,12,0,normal
i-synthetic-04,2026-04-01 08:40:06.735267,1.5980787080578462,5.0,45.7,0,12,0,normal
i-synthetic-04,2026-04-01 08:41:21.231654,1.6764529258690863,9.6,41.7,0,12,0,normal
i-synthetic-04,2026-04-01 08:42:34.933920,1.5965597962678766,7.3,44.8,0,12,0,normal
i-synthetic-04,2026-04-01 08:43:47.246429,1.6060398641785845,10.4,48.0,0,12,0,normal
i-synthetic-04,2026-04-01 08:45:09.607830,1.6050199353589316,5.0,39.6,0,12,0,normal
i-synthetic-04,2026-04-01 08:46:32.172875,1.568051779071513,5.0,39.4,0,12,0,normal
i-synthetic-04,2026-04-01 08:47:44.494868,1.6173592228690898,5.0,48.5,0,12,0,normal
i-synthetic-04,2026-04-01 08:48:56.610412,1.5916748362386277,5.0,47.2,0,12,0,normal
i-synthetic-04,2026-04-01 08:50:07.411952,1.591963326129162,5.0,44.6,0,12,0,normal
i-synthetic-04,2026-04-01 08:51:18.232921,1.6583333333333332,5.0,42.9,0,12,0,normal
i-synthetic-04,2026-04-01 08:52:29.278919,1.6,5.0,46.0,0,12,0,normal
i-synthetic-04,2026-04-01 08:55:56.379373,1.5399999999999998,5.0,45.9,0,12,0,normal
i-synthetic-04,2026-04-01 09:49:51.479309,1.6020563549934168,5.0,40.5,0,12,0,normal
i-synthetic-04,2026-04-01 09:51:00.047013,1.5883117506614002,5.0,45.1,0,12,0,normal
i-synthetic-04,2026-04-01 09:52:07.606292,1.6159679782858474,5.0,42.9,0,12,0,normal
i-synthetic-04,2026-04-01 09:53:16.579745,1.6305784820402653,5.0,47.2,0,12,0,normal
i-synthetic-04,2026-04-01 09:54:24.559285,19.842213818900476,15.7,41.2,0,12,0,normal
i-synthetic-04,2026-03-30 18:39:43.796287,1.7726875384267815,5.0,44.7,0,10,0,normal
i-synthetic-04,2026-04-01 08:57:07.999851,1.1744336946808098,5.0,47.1,0,12,0,normal
i-synthetic-04,2026-04-01 09:55:32.193407,35.87377105512038,26.3,46.5,0,12,0,normal
i-synthetic-04,2026-04-01 09:56:40.784653,99.99500441276871,79.1,42.3,0,12,1,critical
i-synthetic-04,2026-04-01 09:57:50.234175,99.99750220638435,76.5,48.6,1,12,1,critical
i-synthetic-04,2026-04-01 09:58:59.633952,99.99555702647847,71.2,44.4,1,12,1,critical
i-synthetic-04,2026-04-01 10:00:08.201422,65.77585321854583,60.8,48.4,0,12,0,normal
i-synthetic-04,2026-04-01 10:01:17.596865,1.6666666666666665,5.0,43.0,0,12,0,normal
i-synthetic-04,2026-04-01 10:02:25.369336,1.4333333333333331,5.1,40.2,0,12,0,normal
i-synthetic-04,2026-04-01 10:03:33.645173,1.361111111111111,9.6,40.4,0,12,0,normal
i-synthetic-04,2026-04-01 10:04:41.782059,1.308587516194861,5.0,41.0,0,12,0,normal
i-synthetic-04,2026-04-01 10:05:49.649700,1.3715831829890262,5.0,43.2,0,12,0,normal
i-synthetic-04,2026-04-01 10:06:56.937759,1.559711078119005,6.4,39.9,0,12,0,normal
i-synthetic-04,2026-04-01 10:08:05.324571,1.5893481371507792,5.7,43.6,0,12,0,normal
i-synthetic-04,2026-04-01 10:09:13.151195,1.6020655547639053,11.1,48.8,0,12,0,normal
i-synthetic-04,2026-04-01 10:10:21.062619,1.5899857771444577,5.0,44.9,0,12,0,normal
i-synthetic-04,2026-04-01 10:19:14.696381,1.6024259276249575,7.0,39.4,0,12,0,normal
i-synthetic-04,2026-04-01 10:35:09.460356,1.614980405835637,8.9,48.4,0,12,0,normal
i-synthetic-04,2026-04-01 10:36:17.364511,1.5583333333333331,5.0,41.2,0,12,0,normal
i-synthetic-04,2026-04-01 10:37:25.260370,1.6034385598277079,5.0,45.9,0,12,0,normal
i-synthetic-04,2026-04-01 10:38:33.447677,1.5888627325914735,5.0,41.2,0,12,0,normal
i-synthetic-04,2026-04-01 10:39:41.228755,1.6037829960241257,5.0,41.0,0,12,0,normal
i-synthetic-04,2026-04-01 10:40:49.303254,1.5980263968193005,5.0,47.4,0,12,0,normal
i-synthetic-04,2026-04-01 10:41:56.847457,1.6597994895491015,7.5,40.6,0,12,0,normal
i-synthetic-04,2026-04-01 10:43:05.010103,1.6249984111029268,6.5,44.0,0,12,0,normal
i-synthetic-04,2026-04-01 10:44:12.633688,1.6086765778569463,5.0,45.3,0,12,0,normal
i-synthetic-04,2026-04-01 10:45:20.318472,1.61527459561889,5.0,39.8,0,12,0,normal
i-synthetic-04,2026-04-01 10:46:28.795889,1.5569580204152997,5.0,46.9,0,12,0,normal
i-synthetic-04,2026-03-30 18:40:51.693192,1.866887227551888,5.0,42.3,0,10,0,normal
i-synthetic-04,2026-03-30 18:41:26.213773,2.2916666666666665,5.6,37.6,0,10,0,normal
i-synthetic-04,2026-03-30 18:42:35.938983,2.2198667033003625,5.0,35.1,0,10,0,normal
i-synthetic-04,2026-03-30 18:43:47.125740,2.238927583670231,5.0,42.8,0,10,0,normal
i-synthetic-04,2026-03-30 18:44:58.674617,2.278646191457611,5.0,38.9,0,10,0,normal
i-synthetic-04,2026-03-30 18:47:15.931388,57.13333333333333,46.7,43.3,0,10,0,normal
i-synthetic-04,2026-03-30 18:48:29.744667,54.61845672228328,38.4,36.6,0,10,0,normal
i-synthetic-04,2026-03-30 18:49:39.751806,65.963425499708,59.8,42.2,0,10,0,normal
i-synthetic-04,2026-03-30 18:50:58.598691,63.40117301041681,58.7,44.2,0,10,0,normal
i-synthetic-04,2026-03-30 18:52:08.109810,2.191666666666667,10.2,39.5,0,10,0,normal
i-synthetic-04,2026-03-30 18:53:22.518604,45.96666666666667,29.6,43.0,0,10,0,normal
i-synthetic-04,2026-03-30 18:54:37.547328,51.06284572782171,50.6,39.0,0,10,0,normal
i-synthetic-04,2026-03-30 18:55:48.023164,41.264903418105106,29.6,38.9,0,10,0,normal
i-synthetic-04,2026-03-30 18:56:56.077651,2.1936409435158306,5.0,41.9,0,10,0,normal
i-synthetic-04,2026-03-30 18:58:10.535514,2.3051538050912486,5.0,39.4,0,10,0,normal
i-synthetic-04,2026-03-30 18:59:24.332685,45.69632690254562,46.5,36.8,0,10,0,normal
i-synthetic-04,2026-03-30 19:00:33.742311,41.36606675066407,35.7,37.4,0,10,0,normal
i-synthetic-04,2026-03-30 19:01:41.997241,2.166666666666667,5.0,44.7,0,10,0,normal
i-synthetic-04,2026-03-30 19:02:50.531846,2.0833000011110743,5.0,37.5,0,10,0,normal
i-synthetic-04,2026-03-30 19:04:03.964432,2.0978617294653037,9.6,43.0,0,10,0,normal
i-synthetic-04,2026-03-30 19:05:12.204942,2.0588129637656443,5.0,35.7,0,10,0,normal
i-synthetic-04,2026-03-30 19:06:25.669451,1.9166666666666663,11.0,44.2,0,10,0,normal
i-synthetic-04,2026-03-30 19:06:50.873600,1.9166666666666663,5.0,41.4,0,10,0,normal
i-synthetic-04,2026-03-30 19:08:03.851365,1.9666666666666663,5.0,44.6,0,10,0,normal
i-synthetic-04,2026-03-30 19:09:11.786129,1.9638888888888886,5.4,42.0,0,10,0,normal
i-synthetic-04,2026-03-30 19:10:25.296841,16.107951177273783,19.5,38.5,0,10,0,normal
i-synthetic-04,2026-03-30 19:11:36.273984,99.99833183198211,89.8,42.0,0,10,1,critical
i-synthetic-04,2026-03-30 19:12:48.738947,99.99583557996016,78.2,38.9,1,10,1,critical
i-synthetic-04,2026-03-30 19:13:57.188264,99.99388738393766,79.0,41.3,1,10,1,critical
i-synthetic-04,2026-03-30 19:18:42.342547,2.661111111111111,7.3,45.0,0,10,0,normal
i-synthetic-04,2026-04-01 08:57:29.376816,1.1744336946808098,5.0,48.6,0,12,0,normal
i-synthetic-04,2026-04-01 08:58:38.862543,1.2945187882077003,5.0,40.9,0,12,0,normal
i-synthetic-04,2026-04-01 08:59:48.187170,1.3788620483768965,5.0,47.9,0,12,0,normal
i-synthetic-04,2026-04-01 09:00:56.369995,1.4116955739443149,5.0,41.9,0,12,0,normal
i-synthetic-04,2026-04-01 10:11:10.264201,1.6681401905016098,5.0,43.1,0,12,0,normal
i-synthetic-04,2026-04-01 10:20:22.699315,1.6002740754332994,5.0,47.6,0,12,0,normal
i-synthetic-04,2026-04-01 10:21:30.741772,1.7333333333333332,10.2,48.0,0,12,0,normal
i-synthetic-04,2026-04-01 10:22:38.676894,1.6583333333333332,5.0,43.1,0,12,0,normal
i-synthetic-04,2026-04-01 10:23:46.280270,1.6661714559546474,9.3,42.9,0,12,0,normal
i-synthetic-04,2026-04-01 10:24:53.854699,1.645811887210118,5.0,39.2,0,12,0,normal
i-synthetic-04,2026-04-01 10:26:01.282665,1.6499828431014276,5.0,46.0,0,12,0,normal
i-synthetic-04,2026-04-01 10:47:36.526494,1.5958677035534385,5.0,44.1,0,12,0,normal
i-synthetic-04,2026-04-01 10:48:43.624891,1.5861340245911812,5.0,48.9,0,12,0,normal
i-synthetic-04,2026-04-01 10:49:51.106574,1.599654970344207,5.0,42.9,0,12,0,normal
i-synthetic-04,2026-04-01 10:50:59.227474,1.593334332089668,5.0,44.0,0,12,0,normal
i-synthetic-04,2026-04-01 10:52:07.086549,1.5957867312680358,5.0,45.6,0,12,0,normal
i-synthetic-04,2026-04-01 10:53:14.477087,1.6161477425256507,5.0,47.8,0,12,0,normal
i-synthetic-04,2026-04-01 10:54:22.365319,1.605867369503615,5.5,47.0,0,12,0,normal
i-synthetic-04,2026-04-01 10:55:30.014576,1.6180272289362254,5.0,40.3,0,12,0,normal
i-synthetic-04,2026-04-01 10:56:38.152948,1.809901914992994,5.0,44.7,0,12,0,normal
i-synthetic-04,2026-04-01 10:57:45.823190,48.404950957496496,48.6,45.1,0,12,0,normal
i-synthetic-04,2026-04-01 11:00:03.685156,79.3569803829986,59.4,44.3,0,12,0,normal
i-synthetic-04,2026-04-01 11:02:22.501911,53.31916519314283,48.5,43.8,0,12,0,normal
i-synthetic-04,2026-04-01 11:04:39.456851,27.472082596571415,28.4,39.3,0,12,0,normal
i-synthetic-04,2026-04-01 11:06:56.055151,1.5333333333333332,5.0,40.2,0,12,0,normal
i-synthetic-04,2026-04-01 11:09:13.221947,69.91108234817972,48.5,47.8,0,12,0,normal
i-synthetic-04,2026-04-01 11:11:31.036720,100.0,73.4,42.7,0,12,1,critical
i-synthetic-04,2026-03-30 19:15:06.497178,91.91144111493396,83.3,39.5,1,10,1,warning
i-synthetic-04,2026-03-30 19:17:30.059911,2.4458333333333333,11.4,35.1,0,10,0,normal
i-synthetic-04,2026-04-01 09:02:17.113406,1.5916666666666666,7.5,42.5,0,12,0,normal
i-synthetic-04,2026-04-01 10:11:33.980075,1.6681401905016098,7.2,43.7,0,12,0,normal
i-synthetic-04,2026-04-01 10:12:41.943664,1.6083861160990556,5.0,41.9,0,12,0,normal
i-synthetic-04,2026-04-01 10:13:49.609127,1.631084374550743,5.0,45.2,0,12,0,normal
i-synthetic-04,2026-04-01 10:14:57.277267,1.6108132809130573,5.0,46.5,0,12,0,normal
i-synthetic-04,2026-04-01 10:26:54.828708,1.5583333333333331,5.0,40.5,0,12,0,normal
i-synthetic-04,2026-04-01 10:58:54.707952,65.59496730499767,60.0,47.0,0,12,0,normal
i-synthetic-04,2026-04-01 11:01:12.612001,99.996663719619,89.5,46.5,0,12,1,critical
i-synthetic-04,2026-04-01 11:03:31.422653,36.10444346209522,20.3,42.2,0,12,0,normal
i-synthetic-04,2026-04-01 11:05:47.780210,22.309332743923797,18.7,42.4,0,12,0,normal
i-synthetic-04,2026-04-01 11:08:04.498655,59.88144313090629,50.9,46.9,0,12,0,normal
i-synthetic-04,2026-04-01 11:10:21.928460,75.92553254521044,61.6,43.1,0,12,0,normal
i-synthetic-04,2026-04-01 11:12:40.014238,99.99583333333334,84.9,46.1,0,12,1,critical
i-synthetic-04,2026-03-30 19:16:21.170001,2.108333333333333,6.9,40.3,0,10,0,normal
i-synthetic-04,2026-03-30 19:22:13.644771,2.216666666666667,5.0,41.8,0,10,0,normal
i-synthetic-04,2026-04-01 09:02:41.659200,1.5916666666666666,7.3,43.3,0,12,0,normal
i-synthetic-04,2026-04-01 10:15:18.143946,1.6183593819948623,5.0,44.4,0,12,0,normal
i-synthetic-04,2026-04-01 10:16:25.504663,1.551370377166497,5.0,45.4,0,12,0,normal
i-synthetic-04,2026-04-01 10:17:32.866138,1.5965185219165818,5.0,45.7,0,12,0,normal
i-synthetic-04,2026-04-01 10:27:14.950309,1.6076015491871067,5.0,46.9,0,12,0,normal
i-synthetic-04,2026-04-01 10:28:22.589048,1.597198526132745,5.0,41.4,0,12,0,normal
i-synthetic-04,2026-04-01 10:29:30.628420,1.6103988945995589,7.3,39.6,0,12,0,normal
i-synthetic-04,2026-04-01 10:30:38.811868,1.5966524490129805,9.8,41.9,0,12,0,normal
i-synthetic-04,2026-04-01 11:13:48.094760,99.99722222222222,79.2,48.9,0,12,1,critical
i-synthetic-04,2026-03-30 19:19:56.087716,2.5495016984713756,9.8,44.6,0,10,0,normal
i-synthetic-04,2026-03-31 16:57:40.431559,2.3147734226104397,5.0,44.4,0,11,0,normal
i-synthetic-04,2026-03-31 16:58:48.546123,1.8487378372958487,9.2,42.9,0,11,0,normal
i-synthetic-04,2026-03-31 17:02:34.813150,0.0010467955688276,5.0,42.3,0,11,0,normal
i-synthetic-04,2026-03-31 17:07:09.352783,0.4289565078972376,5.0,45.9,0,11,0,normal
i-synthetic-04,2026-03-31 17:08:02.597770,0.4289565078972376,9.1,39.3,0,11,0,normal
i-synthetic-04,2026-03-31 17:09:10.854856,34.186837632076326,18.8,42.8,0,11,0,normal
i-synthetic-04,2026-03-31 17:10:18.347769,47.34947010566106,33.5,43.0,0,11,0,normal
i-synthetic-04,2026-03-31 17:11:27.573710,99.99500441276871,79.9,37.3,0,11,1,critical
i-synthetic-04,2026-03-31 17:12:36.620783,99.99333553971769,71.9,38.6,1,11,1,critical
i-synthetic-04,2026-03-31 17:13:44.812801,88.3650014709229,80.6,41.0,0,11,1,warning
i-synthetic-04,2026-03-31 17:14:55.560212,66.36966916414603,55.6,41.8,0,11,0,normal
i-synthetic-04,2026-03-31 17:16:04.616508,0.3996469785023229,5.0,40.8,0,11,0,normal
i-synthetic-04,2026-03-31 17:17:12.235602,0.46672591973141897,5.0,39.4,0,11,0,normal
i-synthetic-04,2026-03-31 17:18:19.924456,23.461150613154278,16.5,41.7,0,11,0,normal
i-synthetic-04,2026-03-31 17:19:27.295266,42.59586295986571,29.2,43.4,0,11,0,normal
i-synthetic-04,2026-03-31 17:20:34.746864,54.07569125044631,42.3,46.4,0,11,0,normal
i-synthetic-04,2026-03-31 17:21:44.961292,99.996663719619,71.2,46.3,0,11,1,critical
i-synthetic-04,2026-03-31 17:22:56.564894,99.9983318598095,81.4,37.6,1,11,1,critical
i-synthetic-04,2026-03-31 17:24:10.316203,87.51093539465532,70.6,38.7,0,11,1,warning
i-synthetic-04,2026-03-31 17:25:20.407441,89.99874831572426,78.2,42.8,0,11,1,warning
i-synthetic-04,2026-03-31 17:26:29.648224,99.95,81.2,37.0,1,11,1,critical
i-synthetic-04,2026-03-31 17:27:39.540127,90.01870527299114,75.2,38.3,1,11,1,warning
i-synthetic-04,2026-03-31 17:28:48.867720,63.798015172807766,59.0,38.3,0,11,0,normal
i-synthetic-04,2026-03-31 17:29:57.805917,50.38809471293916,30.9,43.1,0,11,0,normal
i-synthetic-04,2026-03-31 17:31:06.413421,99.975,74.3,46.2,0,11,1,critical
i-synthetic-04,2026-03-31 17:32:15.168630,99.98500220638435,89.1,44.0,1,11,1,critical
i-synthetic-04,2026-03-31 17:33:23.832102,99.9900014709229,75.3,38.9,1,11,1,critical
i-synthetic-04,2026-03-31 17:34:32.587282,99.99166703309693,79.3,38.9,1,11,1,critical
i-synthetic-04,2026-03-31 17:35:41.166113,95.54166695981088,71.7,37.2,1,11,1,critical
i-synthetic-04,2026-03-31 17:36:50.048322,0.507884701846702,5.0,45.3,0,11,0,normal
i-synthetic-04,2026-03-31 17:37:58.963674,0.5039423509233509,5.0,40.8,0,11,0,normal
i-synthetic-04,2026-03-31 17:39:06.204166,9.456665279568119,13.1,38.3,0,11,0,normal
i-synthetic-04,2026-03-31 17:40:14.010819,27.564331356236067,17.2,39.1,0,11,0,normal
i-synthetic-04,2026-03-31 17:41:22.022649,99.98667843404992,76.7,43.3,0,11,1,critical
i-synthetic-04,2026-03-31 17:42:31.083238,99.99333921702495,85.3,37.2,1,11,1,critical
i-synthetic-04,2026-03-31 17:43:39.973215,99.99278170023887,78.0,44.0,1,11,1,critical
i-synthetic-04,2026-03-31 17:44:48.934589,91.0487529418458,73.3,38.8,1,11,1,warning
i-synthetic-04,2026-03-31 17:45:57.759690,72.91733568680998,50.5,39.5,0,11,0,normal
i-synthetic-04,2026-03-31 17:47:07.069712,0.44605067809898735,5.0,37.1,0,11,0,normal
i-synthetic-04,2026-03-31 17:48:14.825153,0.45847822984376935,5.0,42.9,0,11,0,normal
i-synthetic-04,2026-03-31 17:49:22.907336,5.247860137755082,5.0,38.3,0,11,0,normal
i-synthetic-04,2026-03-31 17:50:31.194132,24.198288110204068,20.1,43.2,0,11,0,normal
i-synthetic-04,2026-03-31 17:51:39.298823,99.98499974999582,84.6,43.5,0,11,1,critical
i-synthetic-04,2026-03-31 17:52:47.860540,99.99249987499792,72.3,46.6,1,11,1,critical
i-synthetic-04,2026-03-31 17:53:56.391811,99.9922221388875,86.5,39.0,1,11,1,critical
i-synthetic-04,2026-03-31 17:55:05.504487,99.9946671939433,72.3,41.2,1,11,1,critical
i-synthetic-04,2026-03-31 17:56:14.387902,99.99500441276871,80.4,46.2,1,11,1,critical
i-synthetic-04,2026-03-31 17:57:22.858684,99.99583406619385,80.0,38.7,1,11,1,critical
i-synthetic-04,2026-03-31 17:58:31.694819,99.9972227107959,72.4,37.3,1,11,1,critical
i-synthetic-04,2026-03-31 17:59:40.659150,95.22411684292894,81.8,39.0,1,11,1,critical
i-synthetic-04,2026-03-31 18:00:49.143366,76.26262680767648,55.5,41.0,0,11,0,normal
i-synthetic-04,2026-03-31 18:01:57.799808,0.5166666666666667,10.1,42.1,0,11,0,normal
i-synthetic-04,2026-03-31 18:03:05.434575,0.46930253039957964,5.0,37.1,0,11,0,normal
i-synthetic-04,2026-03-31 18:04:13.675272,0.45206363964261526,5.0,43.2,0,11,0,normal
i-synthetic-04,2026-03-31 18:05:20.897404,0.4615626563396729,5.0,40.2,0,11,0,normal
i-synthetic-04,2026-03-31 18:06:28.639021,0.3916666666666666,5.0,46.7,0,11,0,normal
i-synthetic-04,2026-03-31 18:07:36.603612,0.4460543619085747,7.4,38.2,0,11,0,normal
i-synthetic-04,2026-03-31 18:08:44.382608,0.4307029079390498,5.0,39.4,0,11,0,normal
i-synthetic-04,2026-03-31 18:09:52.783624,1.0827600880046087,5.0,43.9,0,11,0,normal
i-synthetic-04,2026-03-31 18:11:01.617806,20.86420626878223,20.7,43.6,0,11,0,normal
i-synthetic-04,2026-03-31 18:12:10.506696,99.99750220638435,71.4,40.1,0,11,1,critical
i-synthetic-04,2026-03-31 18:13:19.421411,99.99833480425623,82.7,45.0,1,11,1,critical
i-synthetic-04,2026-03-31 18:14:27.887783,99.99708593517673,78.5,46.3,1,11,1,critical
i-synthetic-04,2026-03-31 18:15:36.976927,92.40717063317125,64.3,40.0,1,11,1,warning
i-synthetic-04,2026-03-31 18:16:46.295519,0.4246249146587181,5.0,42.5,0,11,0,normal
i-synthetic-04,2026-03-31 18:17:54.786767,0.45836313542834645,5.0,41.3,0,11,0,normal
i-synthetic-04,2026-03-31 18:19:03.311336,0.43324043064047296,6.7,39.5,0,11,0,normal
i-synthetic-04,2026-03-31 18:20:11.384823,4.71379162911732,5.0,41.1,0,11,0,normal
i-synthetic-04,2026-03-31 18:21:26.248518,99.99166666666666,70.2,47.0,0,11,1,critical
i-synthetic-04,2026-03-31 18:22:35.405114,99.99583333333334,84.9,42.3,1,11,1,critical
i-synthetic-04,2026-03-31 18:23:44.781635,99.99722222222222,78.0,40.9,1,11,1,critical
i-synthetic-04,2026-03-31 18:24:54.235162,99.99791666666667,87.0,44.9,1,11,1,critical
i-synthetic-04,2026-03-31 18:27:07.273280,99.9983318598095,77.4,44.8,1,11,1,critical
i-synthetic-04,2026-03-31 18:28:15.777536,99.9972227107959,71.8,46.3,1,11,1,critical
i-synthetic-04,2026-03-31 18:29:24.277753,99.99791703309693,85.8,40.0,1,11,1,critical
i-synthetic-04,2026-03-31 18:30:33.477904,95.73556818366973,72.9,44.2,1,11,1,critical
i-synthetic-04,2026-03-31 18:31:42.460246,0.525,5.0,45.4,0,11,0,normal
i-synthetic-04,2026-03-31 18:32:50.695708,0.45416666666666666,5.0,41.9,0,11,0,normal
i-synthetic-04,2026-03-31 18:33:58.523858,0.4694444444444444,5.0,46.3,0,11,0,normal
i-synthetic-04,2026-03-31 18:35:06.192164,0.44999999999999996,7.4,38.2,0,11,0,normal
i-synthetic-04,2026-03-31 18:36:14.012478,0.3833333333333333,5.0,38.5,0,11,0,normal
i-synthetic-04,2026-03-31 18:37:22.258443,0.47916666666666663,9.3,37.9,0,11,0,normal
i-synthetic-04,2026-03-31 18:38:29.494011,0.48055555555555557,5.0,41.9,0,11,0,normal
i-synthetic-04,2026-03-31 18:39:37.568637,0.45824854570483353,5.0,40.6,0,11,0,normal
i-synthetic-04,2026-03-31 18:40:46.046297,0.4650174660427485,5.0,37.8,0,11,0,normal
i-synthetic-04,2026-03-31 18:41:53.603397,0.5166666666666667,5.3,38.4,0,11,0,normal
i-synthetic-04,2026-03-31 18:43:01.351806,0.45416666666666666,7.5,38.2,0,11,0,normal
i-synthetic-04,2026-03-31 18:44:09.389766,0.4457503496969293,5.0,45.7,0,11,0,normal
i-synthetic-04,2026-03-31 18:45:17.308266,0.456598613118654,5.0,44.8,0,11,0,normal
i-synthetic-04,2026-03-31 18:46:26.449699,0.3920129447678782,5.9,46.7,0,11,0,normal
i-synthetic-04,2026-03-31 18:47:34.627824,0.4374638759675,5.0,38.7,0,11,0,normal
i-synthetic-04,2026-03-31 18:48:42.191052,0.42231138582882594,5.0,38.8,0,11,0,normal
i-synthetic-04,2026-03-31 18:49:49.655638,0.4396502060382861,5.0,42.0,0,11,0,normal
i-synthetic-04,2026-03-31 18:50:57.351136,0.43172016483062886,5.0,45.7,0,11,0,normal
i-synthetic-04,2026-03-31 18:52:04.784707,0.507884701846702,5.0,37.9,0,11,0,normal
i-synthetic-04,2026-03-31 18:53:12.652785,0.46107699331597124,5.0,42.1,0,11,0,normal
i-synthetic-04,2026-03-31 18:54:20.167150,0.44372441165364507,7.7,40.2,0,11,0,normal
i-synthetic-04,2026-03-31 18:55:28.034621,0.4583128626562494,5.0,37.7,0,11,0,normal
i-synthetic-04,2026-03-31 18:56:35.596826,0.39999999999999997,5.0,42.6,0,11,0,normal
i-synthetic-04,2026-03-31 18:57:43.337619,0.44166666666666665,5.0,40.6,0,11,0,normal
i-synthetic-04,2026-03-31 18:58:51.200589,0.4248847777056193,6.4,39.3,0,11,0,normal
i-synthetic-04,2026-03-31 18:59:58.801406,0.44377409756683517,5.0,37.1,0,11,0,normal
i-synthetic-04,2026-03-31 19:02:10.307787,0.45393867361608353,9.5,42.2,0,11,0,normal
i-synthetic-04,2026-03-31 19:03:17.993307,0.4638793341592113,5.0,44.5,0,11,0,normal
i-synthetic-04,2026-03-31 19:04:25.941964,0.44790950061940843,5.0,38.2,0,11,0,normal
i-synthetic-04,2026-03-31 19:05:33.792315,0.4549942671621935,5.0,44.8,0,11,0,normal
i-synthetic-04,2026-03-31 19:06:41.314447,0.39999999999999997,9.4,37.2,0,11,0,normal
i-synthetic-04,2026-03-31 19:07:49.327325,0.4541666666666666,5.0,46.0,0,11,0,normal
i-synthetic-04,2026-03-31 19:08:56.592056,0.4332181110389526,5.0,45.3,0,11,0,normal
i-synthetic-04,2026-03-31 19:10:04.712378,0.4458537470905811,6.3,42.2,0,11,0,normal
i-synthetic-04,2026-03-31 19:11:12.701222,0.517114832855141,5.0,44.2,0,11,0,normal
i-synthetic-04,2026-03-31 19:12:20.383916,0.45838090567873196,9.0,42.4,0,11,0,normal
i-synthetic-04,2026-03-31 19:13:28.277334,0.46962105585181285,8.7,39.6,0,11,0,normal
i-synthetic-04,2026-03-31 19:14:36.223068,0.4500460418347408,5.0,42.0,0,11,0,normal
i-synthetic-04,2026-03-31 19:15:44.020940,0.4584571047073876,5.0,45.4,0,11,0,normal
i-synthetic-04,2026-03-31 19:16:51.580955,0.40833333333333327,7.4,38.8,0,11,0,normal
i-synthetic-04,2026-03-31 19:17:59.207432,0.4539501876151779,7.5,45.6,0,11,0,normal
i-synthetic-04,2026-03-31 19:19:06.679499,0.44583216899481365,5.0,39.4,0,11,0,normal
i-synthetic-04,2026-03-31 19:20:14.196681,0.43659513089631546,5.0,46.0,0,11,0,normal
i-synthetic-04,2026-03-31 19:21:22.279548,0.508782758102991,5.0,44.4,0,11,0,normal
i-synthetic-04,2026-03-31 19:22:30.134057,0.4500518789432578,7.4,39.9,0,11,0,normal
i-synthetic-04,2026-03-31 19:23:37.848669,0.46684860501233283,10.1,37.1,0,11,0,normal
i-synthetic-04,2026-03-31 19:24:45.791585,0.45212969306452994,5.0,42.5,0,11,0,normal
i-synthetic-04,2026-03-31 19:25:53.555968,0.461703754451624,5.0,41.9,0,11,0,normal
i-synthetic-04,2026-03-31 19:27:01.460210,0.42916666666666664,5.0,45.0,0,11,0,normal
i-synthetic-04,2026-03-31 19:28:09.309021,0.4167820927004038,5.0,40.7,0,11,0,normal
i-synthetic-04,2026-03-31 19:29:17.095706,0.4355032361919695,5.0,44.5,0,11,0,normal
i-synthetic-04,2026-03-31 19:30:24.468858,0.42666678891028054,5.0,46.9,0,11,0,normal
i-synthetic-04,2026-03-31 19:31:32.419430,0.5171234590554991,5.0,41.6,0,11,0,normal
i-synthetic-04,2026-03-31 19:32:39.978842,0.45439506286108283,5.3,43.6,0,11,0,normal
i-synthetic-04,2026-03-31 19:33:47.613437,0.466674290043757,5.0,42.5,0,11,0,normal
i-synthetic-04,2026-03-31 19:34:55.295538,0.4479223841994844,5.0,41.2,0,11,0,normal
i-synthetic-04,2026-03-31 19:36:02.464795,0.3916666666666666,5.0,38.9,0,11,0,normal
i-synthetic-04,2026-03-31 19:37:10.535922,0.4458333333333333,8.6,41.0,0,11,0,normal
i-synthetic-04,2026-03-31 19:38:17.852097,0.42766472760644475,8.0,39.0,0,11,0,normal
i-synthetic-04,2026-03-31 19:39:25.722268,0.4437718325534357,5.0,39.5,0,11,0,normal
i-synthetic-04,2026-03-31 19:40:33.835122,0.43335079937608184,5.4,39.6,0,11,0,normal
i-synthetic-04,2026-03-31 19:41:41.703012,0.5,5.0,44.3,0,11,0,normal
i-synthetic-04,2026-03-31 19:42:49.526679,0.44999999999999996,5.0,44.9,0,11,0,normal
i-synthetic-04,2026-03-31 19:43:57.718735,0.4666666666666666,5.0,41.4,0,11,0,normal
i-synthetic-04,2026-03-31 19:45:05.637498,0.44366726058648187,5.0,44.8,0,11,0,normal
i-synthetic-04,2026-03-31 19:46:13.752416,0.3833333333333333,6.8,42.9,0,11,0,normal
i-synthetic-04,2026-03-31 19:47:21.723562,0.4458333333333333,5.0,46.3,0,11,0,normal
i-synthetic-04,2026-03-31 19:48:29.909785,0.42777777777777776,5.0,39.2,0,11,0,normal
i-synthetic-04,2026-03-31 19:49:37.521977,0.44156203512511377,5.0,42.0,0,11,0,normal
i-synthetic-04,2026-03-31 19:50:44.868746,0.428249628100091,5.0,37.5,0,11,0,normal
i-synthetic-04,2026-03-31 19:51:52.480118,0.4754120237539201,5.0,46.2,0,11,0,normal
i-synthetic-04,2026-03-31 19:52:59.812693,0.44585894600071946,5.0,39.2,0,11,0,normal
i-synthetic-04,2026-03-31 19:54:07.835056,0.44377936401948154,5.0,40.1,0,11,0,normal
i-synthetic-04,2026-03-31 19:55:15.841441,0.4534437624551802,5.0,38.4,0,11,0,normal
i-synthetic-04,2026-03-31 19:56:23.847779,0.3830013987877173,7.3,37.7,0,11,0,normal
i-synthetic-04,2026-03-31 19:57:31.476122,0.4415006993938586,9.1,44.7,0,11,0,normal
i-synthetic-04,2026-03-31 19:58:38.758412,0.4277827887198131,7.3,38.2,0,11,0,normal
i-synthetic-04,2026-03-31 19:59:46.340060,0.4437537582065265,7.5,39.5,0,11,0,normal
i-synthetic-04,2026-03-31 20:00:53.489238,0.43326850979575476,6.6,40.0,0,11,0,normal
i-synthetic-04,2026-03-31 20:02:01.349372,0.5087742710348969,5.0,38.7,0,11,0,normal
i-synthetic-04,2026-03-31 20:03:10.036466,0.4584803125671879,5.0,45.5,0,11,0,normal
i-synthetic-04,2026-03-31 20:04:18.049009,0.4417769010920576,5.0,40.0,0,11,0,normal
i-synthetic-04,2026-03-31 20:05:25.365914,0.4517548542069794,5.0,44.0,0,11,0,normal
i-synthetic-04,2026-03-31 20:06:33.549104,0.3829950210647261,6.2,44.2,0,11,0,normal
i-synthetic-04,2026-03-31 20:07:40.634485,0.4498308438656964,5.0,42.1,0,11,0,normal
i-synthetic-04,2026-03-31 20:08:48.856472,0.4305582108330903,6.3,39.0,0,11,0,normal
i-synthetic-04,2026-03-31 20:09:56.768525,0.4437519914581511,9.6,46.7,0,11,0,normal
i-synthetic-04,2026-03-31 20:12:08.136907,0.4499488233072901,5.0,47.0,0,11,0,normal
i-synthetic-04,2026-03-31 20:13:24.165915,0.46371285704888415,5.0,41.9,0,11,0,normal
i-synthetic-04,2026-03-31 20:14:31.465371,0.44787138462959364,5.0,38.4,0,11,0,normal
i-synthetic-04,2026-03-31 20:15:39.495104,0.4549637743703416,5.0,43.6,0,11,0,normal
i-synthetic-04,2026-03-31 20:16:47.465467,0.39999999999999997,5.0,41.2,0,11,0,normal
i-synthetic-04,2026-03-31 20:17:55.943686,0.44999999999999996,5.0,45.4,0,11,0,normal
i-synthetic-04,2026-03-31 20:19:03.726751,0.4333333333333333,6.2,45.9,0,11,0,normal
i-synthetic-04,2026-03-31 20:20:11.665328,0.43999999999999995,5.0,39.4,0,11,0,normal
i-synthetic-04,2026-03-31 20:21:19.898676,0.5,5.0,43.4,0,11,0,normal
i-synthetic-04,2026-03-31 20:22:27.595878,0.44999999999999996,5.0,45.3,0,11,0,normal
i-synthetic-04,2026-03-31 20:23:35.595570,0.4666666666666666,8.2,46.4,0,11,0,normal
i-synthetic-04,2026-03-31 20:24:43.197495,0.44999999999999996,5.0,41.7,0,11,0,normal
i-synthetic-04,2026-03-31 20:25:50.663938,0.45999999999999996,5.0,41.5,0,11,0,normal
i-synthetic-04,2026-03-31 20:26:59.129993,0.3913209997835246,8.5,44.4,0,11,0,normal
i-synthetic-04,2026-03-31 20:28:07.316111,0.43046510440087354,5.0,39.1,0,11,0,normal
i-synthetic-04,2026-03-31 20:29:15.245443,0.4436821616339885,5.0,45.2,0,11,0,normal
i-synthetic-04,2026-03-31 20:30:22.928120,0.435016458451268,5.0,41.7,0,11,0,normal
i-synthetic-04,2026-03-31 20:31:30.822786,0.507884701846702,5.1,44.5,0,11,0,normal
i-synthetic-04,2026-03-31 20:32:38.818658,0.45411917378354416,5.0,45.8,0,11,0,normal
i-synthetic-04,2026-03-31 20:33:46.677604,0.48885722696680717,5.0,40.7,0,11,0,normal
i-synthetic-04,2026-03-31 20:34:55.134684,0.46655632860450985,5.0,40.0,0,11,0,normal
i-synthetic-04,2026-03-31 20:36:02.893197,0.39200640555147787,5.0,45.8,0,11,0,normal
i-synthetic-04,2026-03-31 20:37:10.412405,0.44183653610907225,6.1,40.4,0,11,0,normal
i-synthetic-04,2026-03-31 20:38:18.040124,0.43066880185049256,5.0,40.0,0,11,0,normal
i-synthetic-04,2026-03-31 20:39:26.349197,0.4437282928104461,5.0,42.6,0,11,0,normal
i-synthetic-04,2026-03-31 20:40:34.075876,0.43505336339243417,5.0,44.9,0,11,0,normal
i-synthetic-04,2026-03-31 20:41:41.662870,0.5,5.0,37.6,0,11,0,normal
i-synthetic-04,2026-03-31 20:42:49.620116,0.4458333333333333,8.3,39.3,0,11,0,normal
i-synthetic-04,2026-03-31 20:43:57.861963,0.4637417965981901,5.0,38.6,0,11,0,normal
i-synthetic-04,2026-03-31 20:45:05.589703,0.45998247376965795,5.0,38.7,0,11,0,normal
i-synthetic-04,2026-03-31 20:46:13.650345,0.3913144836313983,9.7,45.8,0,11,0,normal
i-synthetic-04,2026-03-31 20:47:21.458455,0.43732793632727435,5.0,41.8,0,11,0,normal
i-synthetic-04,2026-03-31 20:48:29.232668,0.4276630686626273,5.0,44.8,0,11,0,normal
i-synthetic-04,2026-03-31 20:49:36.870156,0.4458578157845912,5.0,45.7,0,11,0,normal
i-synthetic-04,2026-03-31 20:50:44.305431,0.4316862526276729,5.0,43.0,0,11,0,normal
i-synthetic-04,2026-03-31 20:51:52.049122,0.5083333333333333,7.3,46.7,0,11,0,normal
i-synthetic-04,2026-03-31 20:52:59.886035,0.44999999999999996,8.0,40.3,0,11,0,normal
i-synthetic-04,2026-03-31 20:54:07.813554,0.44999999999999996,5.0,44.5,0,11,0,normal
i-synthetic-04,2026-03-31 20:55:15.142643,0.458246548881821,5.0,45.2,0,11,0,normal
i-synthetic-04,2026-03-31 20:56:22.909014,0.4003536457203863,5.0,41.9,0,11,0,normal
i-synthetic-04,2026-03-31 20:57:30.858212,0.44601015619352646,5.0,45.1,0,11,0,normal
i-synthetic-04,2026-03-31 20:58:38.394406,0.4305557636297919,5.0,38.9,0,11,0,normal
i-synthetic-04,2026-03-31 20:59:46.513677,0.44594216177183765,7.0,41.0,0,11,0,normal
i-synthetic-04,2026-03-31 21:00:53.579207,0.4350192326480037,9.4,38.1,0,11,0,normal
i-synthetic-04,2026-03-31 21:02:01.673328,0.45438713551744847,5.0,40.1,0,11,0,normal
i-synthetic-04,2026-03-31 21:03:09.132439,0.46403586812274344,6.1,37.4,0,11,0,normal
i-synthetic-04,2026-03-31 21:04:16.657699,0.4501102344253909,5.0,46.7,0,11,0,normal
i-synthetic-04,2026-03-31 21:05:25.752831,0.45675485420697937,5.0,38.9,0,11,0,normal
i-synthetic-04,2026-03-31 21:06:33.333692,0.3916666666666666,5.0,46.1,0,11,0,normal
i-synthetic-04,2026-03-31 21:07:40.634906,0.4416666666666666,10.0,38.4,0,11,0,normal
i-synthetic-04,2026-03-31 21:08:48.112855,0.425,6.5,43.4,0,11,0,normal
i-synthetic-04,2026-03-31 21:09:56.381802,0.44375,5.0,38.4,0,11,0,normal
i-synthetic-04,2026-03-31 21:11:04.293817,0.5,5.8,39.5,0,11,0,normal
i-synthetic-04,2026-03-31 21:12:11.619464,0.4458333333333333,5.0,38.7,0,11,0,normal
i-synthetic-04,2026-03-31 21:13:18.977110,0.4637417965981901,5.0,38.4,0,11,0,normal
i-synthetic-04,2026-03-31 21:14:27.142405,0.4498896807819759,5.0,46.7,0,11,0,normal
i-synthetic-04,2026-03-31 21:15:35.211294,0.4566638756746741,7.8,44.1,0,11,0,normal
i-synthetic-04,2026-03-31 21:16:43.069894,0.39999999999999997,6.5,40.4,0,11,0,normal
i-synthetic-04,2026-03-31 21:17:51.005266,0.44166666666666665,5.0,40.9,0,11,0,normal
i-synthetic-04,2026-03-31 21:18:59.237841,0.425,5.0,39.6,0,11,0,normal
i-synthetic-04,2026-03-31 21:20:06.912465,0.4458333333333333,5.0,43.6,0,11,0,normal
i-synthetic-04,2026-03-31 21:21:15.223078,0.5,5.0,42.0,0,11,0,normal
i-synthetic-04,2026-03-31 21:22:23.342716,0.4456637580763338,6.2,40.2,0,11,0,normal
i-synthetic-04,2026-03-31 21:23:31.559142,0.4611402211823587,5.0,37.5,0,11,0,normal
i-synthetic-04,2026-03-31 21:24:38.572517,0.4479384992201023,5.4,38.1,0,11,0,normal
i-synthetic-04,2026-03-31 21:25:46.470632,0.4566841327094152,9.8,44.0,0,11,0,normal
i-synthetic-04,2026-03-31 21:26:53.921313,0.3833333333333333,10.2,45.6,0,11,0,normal
i-synthetic-04,2026-03-31 21:28:01.727203,0.43749999999999994,5.0,45.2,0,11,0,normal
i-synthetic-04,2026-03-31 21:29:09.819591,0.44169076423350184,5.0,40.7,0,11,0,normal
i-synthetic-04,2026-03-31 21:30:17.788102,0.43328200708726605,5.0,44.2,0,11,0,normal
i-synthetic-04,2026-03-31 21:31:26.094907,0.508782758102991,5.0,40.2,0,11,0,normal
i-synthetic-04,2026-03-31 21:32:34.257790,0.44589207844535417,8.6,41.3,0,11,0,normal
i-synthetic-04,2026-03-31 21:33:42.038724,0.4612924347617056,9.1,46.5,0,11,0,normal
i-synthetic-04,2026-03-31 21:34:50.117238,0.45004406005625913,5.0,37.4,0,11,0,normal
i-synthetic-04,2026-03-31 21:35:57.370487,0.45845551928460226,6.7,45.9,0,11,0,normal
i-synthetic-04,2026-03-31 21:37:04.724926,0.4416666666666666,5.0,37.8,0,11,0,normal
i-synthetic-04,2026-03-31 21:38:12.945145,0.42777777777777776,8.3,43.5,0,11,0,normal
i-synthetic-04,2026-03-31 21:39:20.467128,0.4458333333333333,5.0,39.6,0,11,0,normal
i-synthetic-04,2026-03-31 21:40:28.082254,0.4383333333333333,5.0,41.0,0,11,0,normal
i-synthetic-04,2026-03-31 21:41:35.307193,0.5,5.0,43.3,0,11,0,normal
i-synthetic-04,2026-03-31 21:42:43.682626,0.44566049989176226,5.0,44.9,0,11,0,normal
i-synthetic-04,2026-03-31 21:43:51.947085,0.4639210189780025,5.0,44.3,0,11,0,normal
i-synthetic-04,2026-03-31 21:44:59.723345,0.45002409756683515,5.0,41.9,0,11,0,normal
i-synthetic-04,2026-03-31 21:46:07.228250,0.3916666666666666,5.0,38.9,0,11,0,normal
i-synthetic-04,2026-03-31 21:47:15.227279,0.44583750006944556,5.0,45.2,0,11,0,normal
i-synthetic-04,2026-03-31 21:48:23.511271,0.4250027778240748,5.0,40.6,0,11,0,normal
i-synthetic-04,2026-03-31 21:49:31.520291,0.4438605106717193,5.0,41.4,0,11,0,normal
i-synthetic-04,2026-03-31 21:50:39.036868,0.4350884085373754,5.0,46.2,0,11,0,normal
i-synthetic-04,2026-03-31 21:51:47.677127,0.507884701846702,5.0,43.7,0,11,0,normal
i-synthetic-04,2026-03-31 21:52:55.321760,0.45411917378354416,8.5,43.1,0,11,0,normal
i-synthetic-04,2026-03-31 21:54:02.706796,0.46649036399206456,5.0,40.0,0,11,0,normal
i-synthetic-04,2026-03-31 21:55:09.988691,0.4616507700158369,6.3,40.8,0,11,0,normal
i-synthetic-04,2026-03-31 21:56:18.451449,0.3913275161526676,5.0,42.1,0,11,0,normal
i-synthetic-04,2026-03-31 21:57:25.944397,0.4414970914096671,5.0,40.1,0,11,0,normal
i-synthetic-04,2026-03-31 21:58:33.301928,0.425000196123604,5.0,40.4,0,11,0,normal
i-synthetic-04,2026-03-31 21:59:41.327627,0.44166681375936967,6.8,45.1,0,11,0,normal
i-synthetic-04,2026-03-31 22:00:49.220749,0.43326284670796034,10.1,45.0,0,11,0,normal
i-synthetic-04,2026-03-31 22:01:56.978568,0.5171234590554991,5.0,38.0,0,11,0,normal
i-synthetic-04,2026-03-31 22:03:04.687937,0.46670370850189674,8.7,42.2,0,11,0,normal
i-synthetic-04,2026-03-31 22:04:12.284100,0.45211111470975585,5.0,39.2,0,11,0,normal
i-synthetic-04,2026-03-31 22:05:20.073342,0.4617773031979013,5.0,38.0,0,11,0,normal
i-synthetic-04,2026-03-31 22:06:28.035245,0.40795937057697107,9.9,37.9,0,11,0,normal
i-synthetic-04,2026-03-31 22:07:36.308190,0.454209062217337,6.7,44.7,0,11,0,normal
i-synthetic-04,2026-03-31 22:08:44.360539,0.43324637473939953,5.0,44.9,0,11,0,normal
i-synthetic-04,2026-03-31 22:09:56.778391,0.44796012010404335,5.0,38.6,0,11,0,normal
i-synthetic-04,2026-03-31 22:11:04.632148,0.5087742710348969,9.6,39.4,0,11,0,normal
i-synthetic-04,2026-03-31 22:12:12.357733,0.4625366034874083,8.8,43.0,0,11,0,normal
i-synthetic-04,2026-03-31 22:13:19.972872,0.47239152105759713,5.0,44.7,0,11,0,normal
i-synthetic-04,2026-03-31 22:14:27.988078,0.4522103074598645,5.0,40.4,0,11,0,normal
i-synthetic-04,2026-03-31 22:15:35.443142,0.4616816543472961,5.0,38.1,0,11,0,normal
i-synthetic-04,2026-03-31 22:16:43.298166,0.4003469673717221,5.0,43.3,0,11,0,normal
i-synthetic-04,2026-03-31 22:17:50.752076,0.4460068170191943,5.0,38.3,0,11,0,normal
i-synthetic-04,2026-03-31 22:18:58.372041,0.42789343356835174,5.0,39.3,0,11,0,normal
i-synthetic-04,2026-03-31 22:20:06.305553,0.4458118356505194,7.9,37.1,0,11,0,normal
i-synthetic-04,2026-03-31 22:21:14.330296,0.5083333333333333,5.0,43.4,0,11,0,normal
i-synthetic-04,2026-03-31 22:22:22.885305,0.45851043126264984,5.9,37.1,0,11,0,normal
i-synthetic-04,2026-03-31 22:23:30.955668,0.4667847319528777,8.0,38.6,0,11,0,normal
i-synthetic-04,2026-03-31 22:24:38.911720,0.44583889866158755,5.0,37.1,0,11,0,normal
i-synthetic-04,2026-03-31 22:25:46.563916,0.45842597313624944,5.0,40.2,0,11,0,normal
i-synthetic-04,2026-03-31 22:26:54.554912,0.40833333333333327,10.3,40.0,0,11,0,normal
i-synthetic-04,2026-03-31 22:28:02.162699,0.4414570601524209,7.2,43.8,0,11,0,normal
i-synthetic-04,2026-03-31 22:29:10.088223,0.44373176626818,5.0,43.3,0,11,0,normal
i-synthetic-04,2026-03-31 22:30:18.277439,0.43165207968121067,5.0,38.8,0,11,0,normal
i-synthetic-04,2026-03-31 22:31:26.277813,0.525,5.0,37.5,0,11,0,normal
i-synthetic-04,2026-03-31 22:32:33.925667,0.4625,5.0,44.8,0,11,0,normal
i-synthetic-04,2026-03-31 22:33:41.526271,0.46930225523010227,5.0,45.5,0,11,0,normal
i-synthetic-04,2026-03-31 22:34:49.686326,0.44789475237641924,5.0,42.4,0,11,0,normal
i-synthetic-04,2026-03-31 22:35:56.878644,0.4599824685678021,5.0,46.6,0,11,0,normal
i-synthetic-04,2026-03-31 22:37:04.314381,0.4456204622660361,5.0,37.2,0,11,0,normal
i-synthetic-04,2026-03-31 22:38:11.756320,0.42218873548102054,5.0,39.5,0,11,0,normal
i-synthetic-04,2026-03-31 22:39:19.655184,0.4332071947200707,5.0,39.7,0,11,0,normal
i-synthetic-04,2026-03-31 22:40:27.183649,0.4249670368863521,8.9,41.5,0,11,0,normal
i-synthetic-04,2026-03-31 22:41:35.617030,0.5166666666666667,5.0,38.9,0,11,0,normal
i-synthetic-04,2026-03-31 22:42:45.768120,0.45399709140966715,7.4,43.5,0,11,0,normal
i-synthetic-04,2026-03-31 22:43:59.233494,0.469475964011329,5.0,44.8,0,11,0,normal
i-synthetic-04,2026-03-31 22:45:07.595651,0.44670159124104697,5.0,46.1,0,11,0,normal
i-synthetic-04,2026-03-31 22:46:20.497510,0.40833333333333327,5.0,44.4,0,11,0,normal
i-synthetic-04,2026-03-31 22:47:28.517327,0.44978712893270273,5.0,39.3,0,11,0,normal
i-synthetic-04,2026-03-31 22:48:37.149478,0.42485808595513513,5.0,43.1,0,11,0,normal
i-synthetic-04,2026-03-31 22:49:44.662228,0.44364356446635134,5.0,37.7,0,11,0,normal
i-synthetic-04,2026-03-31 22:50:52.356408,0.42997990795527896,10.3,38.6,0,11,0,normal
i-synthetic-04,2026-03-31 22:52:00.239510,0.4912409245320722,5.0,39.9,0,11,0,normal
i-synthetic-04,2026-03-31 22:53:08.055158,0.45816275153854075,7.2,45.3,0,11,0,normal
i-synthetic-04,2026-03-31 22:54:15.774269,0.439538524586714,10.2,44.0,0,11,0,normal
i-synthetic-04,2026-03-31 22:55:23.445002,0.45163081966937124,9.2,41.1,0,11,0,normal
i-synthetic-04,2026-03-31 22:56:31.973319,0.399653633517618,8.0,43.3,0,11,0,normal
i-synthetic-04,2026-03-31 22:57:39.631542,0.4456601500921423,5.0,43.5,0,11,0,normal
i-synthetic-04,2026-03-31 22:58:47.109791,0.4276601463939893,5.0,44.1,0,11,0,normal
i-synthetic-04,2026-03-31 22:59:55.743411,0.4437704488449857,5.0,46.9,0,11,0,normal
i-synthetic-04,2026-03-31 23:01:04.180217,0.5333333333333333,5.0,41.5,0,11,0,normal
i-synthetic-04,2026-03-31 23:02:15.821331,0.46249999999999997,5.0,40.5,0,11,0,normal
i-synthetic-04,2026-04-01 04:02:09.759577,0.4498271665584289,8.3,39.9,0,12,0,normal
i-synthetic-04,2026-04-01 04:30:56.033882,0.44007530056940347,5.0,48.7,0,12,0,normal
i-synthetic-04,2026-04-01 04:32:04.901351,0.5333333333333333,5.0,41.8,0,12,0,normal
i-synthetic-04,2026-04-01 04:33:12.441230,34.70118798897529,35.9,48.4,0,12,0,normal
i-synthetic-04,2026-04-01 04:34:19.627547,51.02589099173147,47.7,40.6,0,12,0,normal
i-synthetic-04,2026-04-01 04:35:28.531400,60.82071279338518,54.9,48.6,0,12,0,normal
i-synthetic-04,2026-04-01 04:36:37.540759,9.633157377649741,13.5,39.3,0,12,0,normal
i-synthetic-04,2026-04-01 04:37:45.385921,54.09157868882487,52.6,39.7,0,12,0,normal
i-synthetic-04,2026-04-01 04:38:53.672169,69.39438579254991,60.2,40.5,0,12,0,normal
i-synthetic-04,2026-04-01 04:40:02.111026,77.0432893860784,60.8,40.0,0,12,0,normal
i-synthetic-04,2026-04-01 04:41:10.893515,99.99166666666666,78.3,42.2,0,12,1,critical
i-synthetic-04,2026-04-01 04:42:19.790197,76.18979856346722,57.3,47.8,0,12,0,normal
i-synthetic-04,2026-04-01 04:43:29.061630,83.83572478684563,63.3,48.2,0,12,1,warning
i-synthetic-04,2026-04-01 04:44:38.443509,87.86637692346756,66.4,41.2,0,12,1,warning
i-synthetic-04,2026-04-01 04:45:47.173542,90.28476820544071,69.7,45.8,1,12,1,warning
i-synthetic-04,2026-04-01 04:46:55.540167,14.433333333333334,11.5,43.3,0,12,0,normal
i-synthetic-04,2026-04-01 04:48:03.389441,13.495833333333334,9.5,43.3,0,12,0,normal
i-synthetic-04,2026-04-01 04:49:10.723762,34.32674002031621,19.4,42.3,0,12,0,normal
i-synthetic-04,2026-04-01 04:50:18.509741,47.46039289880671,46.1,40.4,0,12,0,normal
i-synthetic-04,2026-04-01 04:51:28.189386,100.0,85.9,43.5,0,12,1,critical
i-synthetic-04,2026-04-01 04:52:36.789833,99.99583333333334,77.1,43.5,1,12,1,critical
i-synthetic-04,2026-04-01 04:53:45.148374,99.99722222222222,76.6,42.0,1,12,1,critical
i-synthetic-04,2026-04-01 04:54:53.576042,76.30321459153488,55.7,44.1,0,12,0,normal
i-synthetic-04,2026-04-01 04:57:05.692421,99.998334776527,88.0,42.6,0,12,1,critical
i-synthetic-04,2026-04-01 04:58:14.415472,99.99722173865395,75.2,44.9,1,12,1,critical
i-synthetic-04,2026-04-01 04:59:23.296415,99.99791630399046,89.8,39.6,1,12,1,critical
i-synthetic-04,2026-04-01 05:00:31.479641,94.92818774818178,67.9,39.9,1,12,1,warning
i-synthetic-04,2026-04-01 05:01:40.449297,2.1314505520123888,11.6,40.9,0,12,0,normal
i-synthetic-04,2026-04-01 05:02:48.424830,2.178225276006194,6.8,44.7,0,12,0,normal
i-synthetic-04,2026-04-01 05:03:55.949045,2.182705739559685,5.0,45.0,0,12,0,normal
i-synthetic-04,2026-04-01 05:05:04.424453,3.9899048867882847,5.0,43.0,0,12,0,normal
i-synthetic-04,2026-04-01 05:06:13.155065,100.0,72.6,47.4,0,12,1,critical
i-synthetic-04,2026-04-01 05:07:21.611405,99.99583333333334,84.5,40.3,1,12,1,critical
i-synthetic-04,2026-04-01 05:08:30.179514,99.99722222222222,87.6,47.4,1,12,1,critical
i-synthetic-04,2026-04-01 05:09:39.192143,99.99666776985885,74.1,43.3,1,12,1,critical
i-synthetic-04,2026-04-01 05:10:47.816859,99.99666695981088,83.8,48.1,1,12,1,critical
i-synthetic-04,2026-04-01 05:11:56.681759,100.0,79.6,45.7,1,12,1,critical
i-synthetic-04,2026-04-01 05:13:06.314907,99.99388338393443,70.0,39.8,1,12,1,critical
i-synthetic-04,2026-04-01 05:14:15.417906,99.99541253795083,70.6,39.1,1,12,1,critical
i-synthetic-04,2026-04-01 05:15:23.980162,97.894663363694,72.2,42.0,1,12,1,critical
i-synthetic-04,2026-04-01 05:16:33.522405,2.12312457329359,5.0,39.4,0,12,0,normal
i-synthetic-04,2026-04-01 05:17:41.903769,2.1541941114253493,10.3,47.4,0,12,0,normal
i-synthetic-04,2026-04-01 05:18:49.649634,2.1416849631724553,8.3,41.3,0,12,0,normal
i-synthetic-04,2026-04-01 05:19:58.088598,2.157868997807304,5.0,45.5,0,12,0,normal
i-synthetic-04,2026-04-01 05:21:06.316114,2.233333333333333,5.0,44.3,0,12,0,normal
i-synthetic-04,2026-04-01 05:22:13.578556,2.1657050481503064,5.0,48.0,0,12,0,normal
i-synthetic-04,2026-04-01 05:23:22.110902,2.172236733242343,5.0,45.0,0,12,0,normal
i-synthetic-04,2026-04-01 05:24:29.797545,2.1537142092160564,9.4,44.0,0,12,0,normal
i-synthetic-04,2026-04-01 05:25:37.511826,2.17131217305294,5.0,47.0,0,12,0,normal
i-synthetic-04,2026-04-01 05:26:48.995528,93.94131482809814,82.3,39.1,0,12,1,warning
i-synthetic-04,2026-04-01 05:27:57.864291,96.97065741404907,86.0,48.5,1,12,1,critical
i-synthetic-04,2026-04-01 05:29:06.608408,98.4828264549977,86.7,39.8,1,12,1,critical
i-synthetic-04,2026-04-01 05:30:15.357144,98.78626116399816,87.9,41.7,1,12,1,critical
i-synthetic-04,2026-04-01 05:31:24.116765,8.408473474557908,5.0,48.3,0,12,0,normal
i-synthetic-04,2026-04-01 05:32:32.399629,5.333403403945621,5.8,44.1,0,12,0,normal
i-synthetic-04,2026-04-01 05:33:40.352410,4.300704887721133,11.2,43.7,0,12,0,normal
i-synthetic-04,2026-04-01 05:34:48.112198,3.7567786657908497,10.4,48.1,0,12,0,normal
i-synthetic-04,2026-04-01 05:35:55.299788,3.4466998047289947,5.0,43.7,0,12,0,normal
i-synthetic-04,2026-04-01 05:37:03.482471,2.1509320038256017,5.0,43.1,0,12,0,normal
i-synthetic-04,2026-04-01 05:38:11.272916,2.133954669217068,11.7,46.6,0,12,0,normal
i-synthetic-04,2026-04-01 05:39:20.002734,2.158297287089475,5.0,44.8,0,12,0,normal
i-synthetic-04,2026-04-01 05:40:27.994826,2.152020674231684,6.8,45.5,0,12,0,normal
i-synthetic-04,2026-04-01 05:41:36.015799,2.1980583817627766,5.0,47.9,0,12,0,normal
i-synthetic-04,2026-04-01 05:42:44.291770,2.1615291908813883,6.4,45.8,0,12,0,normal
i-synthetic-04,2026-04-01 05:43:53.445031,2.1916825463133165,10.8,47.5,0,12,0,normal
i-synthetic-04,2026-04-01 05:45:01.553513,2.1996123786031037,5.0,45.6,0,12,0,normal
i-synthetic-04,2026-04-01 05:46:10.393531,1.0092248152534737,5.2,45.8,0,12,0,normal
i-synthetic-04,2026-04-01 05:47:18.687409,1.3462790742934034,5.0,41.7,0,12,0,normal
i-synthetic-04,2026-04-01 05:48:26.303192,1.6225193828622688,5.0,44.0,0,12,0,normal
i-synthetic-04,2026-04-01 05:49:35.448736,1.793972870480035,11.3,40.5,0,12,0,normal
i-synthetic-04,2026-04-01 05:50:44.515276,1.866844963050695,11.0,48.4,0,12,0,normal
i-synthetic-04,2026-04-01 05:51:53.190226,2.283333333333333,5.0,42.6,0,12,0,normal
i-synthetic-04,2026-04-01 05:53:01.883776,2.2521109593932764,5.0,48.1,0,12,0,normal
i-synthetic-04,2026-04-01 05:54:15.037394,2.1078332195449576,5.0,48.9,0,12,0,normal
i-synthetic-04,2026-04-01 05:55:24.365334,2.1379332423026325,5.0,47.4,0,12,0,normal
i-synthetic-04,2026-04-01 05:56:34.271144,2.13521944384206,5.0,47.5,0,12,0,normal
i-synthetic-04,2026-04-01 05:57:43.610588,2.2082878009192317,10.2,45.1,0,12,0,normal
i-synthetic-04,2026-04-01 05:58:52.119763,2.0332842753103315,5.0,39.1,0,12,0,normal
i-synthetic-04,2026-04-01 06:00:00.798551,2.1025663826746546,9.1,44.7,0,12,0,normal
i-synthetic-04,2026-04-01 06:01:08.879474,2.3062577014020715,5.0,41.4,0,12,0,normal
i-synthetic-04,2026-04-01 06:02:16.989237,2.254119742503658,8.6,41.7,0,12,0,normal
i-synthetic-04,2026-04-01 06:03:25.473978,2.2659612108922915,8.4,45.6,0,12,0,normal
i-synthetic-04,2026-04-01 06:04:33.379854,2.2499571710347497,6.6,46.8,0,12,0,normal
i-synthetic-04,2026-04-01 06:05:41.929290,9.108299070161134,5.0,48.8,0,12,0,normal
i-synthetic-04,2026-04-01 06:06:49.960357,100.0,79.6,47.0,0,12,1,critical
i-synthetic-04,2026-04-01 06:07:58.556657,99.99249987499792,82.1,42.4,1,12,1,critical
i-synthetic-04,2026-04-01 06:09:07.521914,99.99416660416563,79.7,40.6,1,12,1,critical
i-synthetic-04,2026-04-01 06:10:16.732511,93.1903332833325,76.4,40.0,1,12,1,warning
i-synthetic-04,2026-04-01 06:11:25.664407,2.283333333333333,5.0,44.6,0,12,0,normal
i-synthetic-04,2026-04-01 06:12:33.311253,2.225,8.4,42.1,0,12,0,normal
i-synthetic-04,2026-04-01 06:13:40.900785,2.221570113066791,5.0,44.9,0,12,0,normal
i-synthetic-04,2026-04-01 06:14:48.113756,2.2062379714749896,5.0,42.2,0,12,0,normal
i-synthetic-04,2026-04-01 06:15:55.887088,5.691657043846658,11.9,46.7,0,12,0,normal
i-synthetic-04,2026-04-01 06:17:03.246426,99.99333553971769,81.5,47.5,0,12,1,critical
i-synthetic-04,2026-04-01 06:18:12.524116,99.99555702647847,85.0,46.7,1,12,1,critical
i-synthetic-04,2026-04-01 06:19:21.238244,99.99666776985885,76.1,43.1,1,12,1,critical
i-synthetic-04,2026-04-01 06:20:30.013655,99.99666695981088,84.2,47.3,1,12,1,critical
i-synthetic-04,2026-04-01 06:21:39.153710,99.99500441276871,81.2,40.0,1,12,1,critical
i-synthetic-04,2026-04-01 06:22:47.913149,99.99750220638435,87.6,42.1,1,12,1,critical
i-synthetic-04,2026-04-01 06:23:57.334520,99.99833480425623,86.6,46.9,1,12,1,critical
i-synthetic-04,2026-04-01 06:25:06.847450,96.83679004292867,76.8,48.5,1,12,1,critical
i-synthetic-04,2026-04-01 06:26:15.921875,1.9934275276494235,5.0,40.5,0,12,0,normal
i-synthetic-04,2026-04-01 06:27:23.223928,2.046713763824712,10.1,44.9,0,12,0,normal
i-synthetic-04,2026-04-01 06:28:30.854393,2.0305541400536797,5.0,48.8,0,12,0,normal
i-synthetic-04,2026-04-01 06:29:38.919824,2.0395822717069265,5.0,39.3,0,12,0,normal
i-synthetic-04,2026-04-01 06:30:47.235463,2.0019929396568985,7.0,39.6,0,12,0,normal
i-synthetic-04,2026-04-01 06:31:55.459997,0.6916666666666665,7.0,40.6,0,12,0,normal
i-synthetic-04,2026-04-01 06:33:03.365229,1.5160758459656931,5.8,40.1,0,12,0,normal
i-synthetic-04,2026-04-01 06:34:11.482416,1.6120568844742698,5.0,40.3,0,12,0,normal
i-synthetic-04,2026-04-01 06:35:19.031583,1.8613121742460823,5.0,45.2,0,12,0,normal
i-synthetic-04,2026-04-01 06:36:27.075925,100.0,82.8,46.2,0,12,1,critical
i-synthetic-04,2026-04-01 06:37:35.670352,100.0,70.7,45.8,1,12,1,critical
i-synthetic-04,2026-04-01 06:38:44.725225,99.99833480425623,70.3,42.9,1,12,1,critical
i-synthetic-04,2026-04-01 06:39:53.627292,99.99791703309693,88.7,46.3,1,12,1,critical
i-synthetic-04,2026-04-01 06:42:06.612022,2.15,5.0,47.2,0,12,0,normal
i-synthetic-04,2026-04-01 06:43:14.589074,2.157693481868794,7.0,46.0,0,12,0,normal
i-synthetic-04,2026-04-01 06:44:22.180278,2.1245201114015955,5.0,42.4,0,12,0,normal
i-synthetic-04,2026-04-01 06:45:29.965170,2.124616089121276,10.5,46.7,0,12,0,normal
i-synthetic-04,2026-04-01 06:46:38.487813,2.05181243431698,5.0,44.8,0,12,0,normal
i-synthetic-04,2026-04-01 06:47:46.230502,2.096739550491823,7.5,49.0,0,12,0,normal
i-synthetic-04,2026-04-01 06:48:19.367643,2.058354012019221,8.3,42.3,0,12,0,normal
i-synthetic-04,2026-04-01 06:48:37.168899,2.058354012019221,5.0,45.8,0,12,0,normal
i-synthetic-04,2026-04-01 06:49:38.995486,2.0650593185461688,5.0,41.1,0,12,0,normal
i-synthetic-04,2026-04-01 06:50:46.606689,2.042047454836935,7.3,41.1,0,12,0,normal
i-synthetic-04,2026-04-01 06:51:04.985107,2.058333333333333,5.0,43.9,0,12,0,normal
i-synthetic-04,2026-04-01 06:51:51.467626,2.058333333333333,5.0,39.3,0,12,0,normal
i-synthetic-04,2026-04-01 06:52:59.991488,2.01606603981298,7.1,45.5,0,12,0,normal
i-synthetic-04,2026-04-01 06:54:07.496019,1.9916398346289477,5.8,48.8,0,12,0,normal
i-synthetic-04,2026-04-01 06:58:15.087941,1.8755191949074312,8.7,45.4,0,12,0,normal
i-synthetic-04,2026-04-01 06:59:24.499074,14.198306062847239,17.7,45.2,0,12,0,normal
i-synthetic-04,2026-04-01 07:00:33.556056,31.357645732831532,27.1,41.0,0,12,0,normal
i-synthetic-04,2026-04-01 07:01:42.652668,100.0,79.3,42.6,0,12,1,critical
i-synthetic-04,2026-04-01 07:02:52.201123,100.0,85.0,42.0,1,12,1,critical
i-synthetic-04,2026-04-01 07:04:02.212521,94.10708443652551,83.6,40.7,1,12,1,warning
i-synthetic-04,2026-04-01 07:05:13.195240,90.35064160964045,75.0,41.8,1,12,1,warning
i-synthetic-04,2026-04-01 07:06:23.955787,99.96666666666667,78.1,48.9,1,12,1,critical
i-synthetic-04,2026-04-01 07:07:34.019482,99.95416666666667,77.6,42.8,1,12,1,critical
i-synthetic-04,2026-04-01 07:08:43.959588,86.16111111111111,77.7,46.1,0,12,1,warning
i-synthetic-04,2026-04-01 07:09:54.998038,67.94711722063101,57.8,46.8,0,12,0,normal
i-synthetic-04,2026-04-01 07:11:08.077883,7.776464123357701,15.3,45.2,0,12,0,normal
i-synthetic-04,2026-04-01 07:12:20.356403,5.06844124645874,5.0,45.9,0,12,0,normal
i-synthetic-04,2026-04-01 07:13:31.956924,4.109516386528049,5.0,39.4,0,12,0,normal
i-synthetic-04,2026-04-01 07:14:43.965665,3.6571372898960366,8.2,39.1,0,12,0,normal
i-synthetic-04,2026-04-01 07:15:56.149175,3.3590431652501627,5.0,40.4,0,12,0,normal
i-synthetic-04,2026-04-01 07:17:15.669556,2.182395619980128,5.0,39.1,0,12,0,normal
i-synthetic-04,2026-04-01 07:18:31.293240,2.202152635542308,11.4,39.7,0,12,0,normal
i-synthetic-04,2026-04-01 07:19:43.925771,2.208356265236643,10.8,45.1,0,12,0,normal
i-synthetic-04,2026-04-01 07:20:53.589828,2.208351678855981,5.0,46.0,0,12,0,normal
i-synthetic-04,2026-04-01 07:22:04.759009,2.1624999999999996,5.0,41.0,0,12,0,normal
i-synthetic-04,2026-04-01 07:23:15.170560,2.172222222222222,5.0,47.7,0,12,0,normal
i-synthetic-04,2026-04-01 07:24:24.122293,2.1499999999999995,5.0,47.0,0,12,0,normal
i-synthetic-04,2026-04-01 07:25:33.664463,2.1599999999999993,5.0,47.9,0,12,0,normal
i-synthetic-04,2026-04-01 07:26:43.802126,2.0731687009808004,5.0,47.7,0,12,0,normal
i-synthetic-04,2026-04-01 07:27:53.256047,2.1208754743164464,5.0,40.7,0,12,0,normal
i-synthetic-04,2026-04-01 09:03:58.530606,1.6055555555555554,5.0,46.4,0,12,0,normal
i-synthetic-04,2026-04-01 09:05:06.711205,1.6030420905977496,5.0,42.7,0,12,0,normal
i-synthetic-04,2026-04-01 10:18:28.703994,1.5837901257221656,8.3,44.2,0,12,0,normal
i-synthetic-04,2026-04-01 10:31:59.433448,1.6568697650408806,8.8,48.6,0,12,0,normal
i-synthetic-04,2026-04-01 10:33:07.334880,1.621703302416086,5.0,47.9,0,12,0,normal
i-synthetic-04,2026-04-01 10:34:15.257468,1.6058608101453977,5.0,39.0,0,12,0,normal
i-synthetic-05,2026-03-30 03:16:40.162942,2.1666666666666665,9.3,36.4,0,10,0,normal
i-synthetic-05,2026-03-30 03:16:42.439242,2.1666666666666665,5.0,41.4,0,10,0,normal
i-synthetic-05,2026-03-30 03:17:51.597278,2.147222222222222,5.0,37.5,0,10,0,normal
i-synthetic-05,2026-03-30 03:17:53.680359,2.147222222222222,5.0,35.7,0,10,0,normal
i-synthetic-05,2026-03-30 03:19:02.380328,2.15,7.1,41.4,0,10,0,normal
i-synthetic-05,2026-03-30 03:19:04.739826,2.15,5.0,38.5,0,10,0,normal
i-synthetic-05,2026-03-30 03:20:13.298905,2.1446390568017186,5.0,38.7,0,10,0,normal
i-synthetic-05,2026-03-30 03:20:16.093017,2.1446390568017186,7.8,35.7,0,10,0,normal
i-synthetic-05,2026-03-30 03:21:24.103564,2.251914127007957,11.1,39.2,0,10,0,normal
i-synthetic-05,2026-03-30 03:21:26.950833,2.1917178335161345,5.0,44.8,0,10,0,normal
i-synthetic-05,2026-03-30 03:22:35.506124,2.2006627010899122,7.6,40.9,0,10,0,normal
i-synthetic-05,2026-03-30 03:22:37.512053,2.2006627010899122,5.0,39.7,0,10,0,normal
i-synthetic-05,2026-03-30 03:23:46.680296,2.1771327188117224,7.3,39.6,0,10,0,normal
i-synthetic-05,2026-03-30 03:23:48.100327,2.1771327188117224,10.4,42.5,0,10,0,normal
i-synthetic-05,2026-03-30 03:24:57.625391,2.185039508382711,8.7,40.6,0,10,0,normal
i-synthetic-05,2026-03-30 03:26:09.683774,2.293616240471067,5.0,44.0,0,10,0,normal
i-synthetic-05,2026-03-30 03:27:21.258903,2.255141453568867,5.0,39.8,0,10,0,normal
i-synthetic-05,2026-03-30 03:28:32.349312,2.2171540601177666,5.0,38.1,0,10,0,normal
i-synthetic-05,2026-03-30 03:29:43.843039,2.2087232480942136,5.0,44.8,0,10,0,normal
i-synthetic-05,2026-04-01 07:29:03.103717,2.1266226765728513,5.0,43.8,0,12,0,normal
i-synthetic-05,2026-03-30 03:46:34.726358,2.229166666666667,5.0,40.9,0,10,0,normal
i-synthetic-05,2026-03-30 03:47:44.619750,2.2604658155241,5.0,43.2,0,10,0,normal
i-synthetic-05,2026-03-30 03:48:19.852766,2.2604658155241,5.0,41.7,0,10,0,normal
i-synthetic-05,2026-03-30 03:49:30.712919,2.2679384894422356,5.0,36.7,0,10,0,normal
i-synthetic-05,2026-03-30 03:50:40.704390,2.2679384894422356,5.0,43.8,0,10,0,normal
i-synthetic-05,2026-03-30 03:51:44.821104,2.196793941516956,5.0,35.7,0,10,0,normal
i-synthetic-05,2026-03-30 03:52:55.218943,2.075121402164102,5.0,42.5,0,10,0,normal
i-synthetic-05,2026-03-30 03:54:05.636469,2.1000910516230764,5.0,45.0,0,10,0,normal
i-synthetic-05,2026-03-30 03:55:16.444062,2.0399348941781907,5.0,44.6,0,10,0,normal
i-synthetic-05,2026-03-30 03:56:27.197807,2.230504427683031,5.0,40.4,0,10,0,normal
i-synthetic-05,2026-03-30 03:57:37.024931,2.2092251740109097,5.0,39.9,0,10,0,normal
i-synthetic-05,2026-03-30 03:58:47.043569,2.2215022138415157,5.0,38.3,0,10,0,normal
i-synthetic-05,2026-03-30 03:59:58.045253,2.210167083890651,5.0,36.5,0,10,0,normal
i-synthetic-05,2026-03-30 04:01:08.477440,2.313004409684666,8.5,41.6,0,10,0,normal
i-synthetic-05,2026-03-30 04:02:18.569320,2.3468988366463894,5.0,35.2,0,10,0,normal
i-synthetic-05,2026-03-30 04:03:30.371308,1.8715808602231614,5.0,36.8,0,10,0,normal
i-synthetic-05,2026-03-30 04:04:41.232016,1.9252342473865354,5.0,44.6,0,10,0,normal
i-synthetic-05,2026-03-30 04:05:52.159479,1.9252342473865354,5.0,42.3,0,10,0,normal
i-synthetic-05,2026-03-30 04:07:02.875809,2.179203905334522,5.0,35.4,0,10,0,normal
i-synthetic-05,2026-03-30 04:08:13.370057,2.1777905204244,5.0,38.0,0,10,0,normal
i-synthetic-05,2026-03-30 04:09:23.992828,2.1546193086071788,5.0,43.3,0,10,0,normal
i-synthetic-05,2026-03-30 04:10:33.838717,2.1653621135524097,5.0,38.4,0,10,0,normal
i-synthetic-05,2026-03-30 04:11:44.281156,2.1949309753376296,5.0,35.9,0,10,0,normal
i-synthetic-05,2026-03-30 04:12:53.935222,2.2055849365351166,5.0,41.5,0,10,0,normal
i-synthetic-05,2026-03-30 04:14:04.124077,2.1916887024013376,5.0,38.1,0,10,0,normal
i-synthetic-05,2026-03-30 04:15:15.161562,2.2000176285877364,5.0,41.5,0,10,0,normal
i-synthetic-05,2026-03-30 04:16:25.673419,2.1481740520557526,5.7,42.8,0,10,0,normal
i-synthetic-05,2026-03-30 04:17:36.313191,2.157724684018584,5.0,36.1,0,10,0,normal
i-synthetic-05,2026-03-30 04:18:47.492577,2.1703768463472715,7.1,41.7,0,10,0,normal
i-synthetic-05,2026-03-30 04:19:58.066268,2.1549906962474443,5.0,40.6,0,10,0,normal
i-synthetic-05,2026-03-30 04:21:08.287358,2.2416666666666667,5.0,44.2,0,10,0,normal
i-synthetic-05,2026-03-30 04:22:19.202755,2.1791666666666667,5.0,44.8,0,10,0,normal
i-synthetic-05,2026-03-30 04:23:29.514296,2.1687499999999997,5.0,35.4,0,10,0,normal
i-synthetic-05,2026-03-30 04:24:39.882718,2.1783333333333332,5.0,39.4,0,10,0,normal
i-synthetic-05,2026-03-30 04:25:50.985189,2.1783333333333332,5.0,43.0,0,10,0,normal
i-synthetic-05,2026-03-30 04:27:02.010644,2.186548100781003,8.3,43.5,0,10,0,normal
i-synthetic-05,2026-03-30 04:28:12.489017,2.166634662726877,5.0,44.7,0,10,0,normal
i-synthetic-05,2026-03-30 04:29:23.118663,2.176590458086606,5.0,35.5,0,10,0,normal
i-synthetic-05,2026-03-30 04:30:33.335977,2.16663392379301,11.4,44.6,0,10,0,normal
i-synthetic-05,2026-03-30 04:31:44.066925,2.1708333333333334,8.8,39.4,0,10,0,normal
i-synthetic-05,2026-03-30 04:32:55.477910,2.25,11.4,37.2,0,10,0,normal
i-synthetic-05,2026-03-30 04:34:06.410760,2.220833333333333,5.7,41.0,0,10,0,normal
i-synthetic-05,2026-03-30 04:35:29.570334,2.1729964530149375,5.0,45.0,0,10,0,normal
i-synthetic-05,2026-03-30 04:36:28.705788,2.049999028347222,10.0,43.2,0,10,0,normal
i-synthetic-05,2026-03-30 04:37:39.822871,2.0694437966759254,5.0,39.6,0,10,0,normal
i-synthetic-05,2026-03-30 04:38:46.017989,2.043733125831,5.0,43.7,0,10,0,normal
i-synthetic-05,2026-03-30 04:39:56.754398,2.0370082865756878,5.0,39.7,0,10,0,normal
i-synthetic-05,2026-03-30 04:41:07.711386,1.883333333333333,5.0,35.1,0,10,0,normal
i-synthetic-05,2026-03-30 04:42:18.178771,1.932491132537343,7.5,42.0,0,10,0,normal
i-synthetic-05,2026-03-30 04:43:29.096828,1.9037527544093114,5.0,39.0,0,10,0,normal
i-synthetic-05,2026-03-30 04:44:41.299720,1.9083233044448804,5.0,39.5,0,10,0,normal
i-synthetic-05,2026-03-30 04:45:51.924380,1.9083233044448804,5.6,40.7,0,10,0,normal
i-synthetic-05,2026-03-30 04:47:02.103934,1.8250429340575929,8.0,40.5,0,10,0,normal
i-synthetic-05,2026-03-30 04:48:12.536257,1.7944730671495064,5.0,38.6,0,10,0,normal
i-synthetic-05,2026-03-30 04:49:23.330138,1.8021048003621298,5.0,40.4,0,10,0,normal
i-synthetic-05,2026-03-30 04:50:28.321459,1.776683840289704,5.0,38.0,0,10,0,normal
i-synthetic-05,2026-03-30 04:51:39.000674,1.715973089540557,5.0,40.6,0,10,0,normal
i-synthetic-05,2026-03-30 04:52:48.723271,1.719471225484627,5.0,42.9,0,10,0,normal
i-synthetic-05,2026-03-30 04:53:03.420707,1.719471225484627,5.0,37.8,0,10,0,normal
i-synthetic-05,2026-03-30 04:54:13.608084,1.6979367524468034,10.0,43.6,0,10,0,normal
i-synthetic-05,2026-03-30 04:55:24.388285,1.696682735290776,5.0,39.7,0,10,0,normal
i-synthetic-05,2026-03-30 04:56:34.552589,1.65,5.0,41.7,0,10,0,normal
i-synthetic-05,2026-03-30 04:57:44.950680,1.6356558036779847,8.7,35.2,0,10,0,normal
i-synthetic-05,2026-03-30 04:58:06.958552,1.6356558036779847,6.4,43.3,0,10,0,normal
i-synthetic-05,2026-03-30 04:59:17.705982,1.6541885157553693,5.0,42.6,0,10,0,normal
i-synthetic-05,2026-03-30 05:00:28.354874,1.6416841459376286,9.7,40.5,0,10,0,normal
i-synthetic-05,2026-03-30 05:29:59.560013,0.0001577347978801,5.0,44.9,0,10,0,normal
i-synthetic-05,2026-03-30 05:31:12.050313,7.59987333544441,5.0,35.6,0,10,0,normal
i-synthetic-05,2026-04-01 07:30:14.081399,2.1133287683121784,5.0,47.9,0,12,0,normal
i-synthetic-05,2026-04-01 07:31:24.295427,2.1980583817627766,5.1,44.3,0,12,0,normal
i-synthetic-05,2026-04-01 07:32:32.841628,2.1365291908813884,9.5,45.5,0,12,0,normal
i-synthetic-05,2026-04-01 07:33:41.652799,2.158334477741634,9.6,40.9,0,12,0,normal
i-synthetic-05,2026-04-01 07:34:50.707375,2.139124528231125,5.0,48.2,0,12,0,normal
i-synthetic-05,2026-04-01 07:37:06.865762,2.083333333333333,10.5,45.7,0,12,0,normal
i-synthetic-05,2026-04-01 07:38:15.984118,2.0688438175907575,5.0,42.3,0,12,0,normal
i-synthetic-05,2026-04-01 07:39:24.692562,2.076632863193068,5.0,42.0,0,12,0,normal
i-synthetic-05,2026-04-01 07:41:34.794834,2.12312457329359,7.2,44.8,0,12,0,normal
i-synthetic-05,2026-04-01 07:42:44.771523,2.065728953313462,5.0,43.5,0,12,0,normal
i-synthetic-05,2026-04-01 07:43:55.332149,2.077152635542308,5.0,44.4,0,12,0,normal
i-synthetic-05,2026-04-01 07:45:04.556194,2.0583065338072135,11.4,46.6,0,12,0,normal
i-synthetic-05,2026-04-01 07:46:16.689549,100.0,84.0,43.8,0,12,1,critical
i-synthetic-05,2026-04-01 09:06:15.028080,1.559711078119005,6.7,46.4,0,12,0,normal
i-synthetic-05,2026-04-01 09:07:24.017411,1.6048555390595025,5.0,48.5,0,12,0,normal
i-synthetic-05,2026-04-01 09:08:32.831247,1.5833390470322362,8.4,39.5,0,12,0,normal
i-synthetic-05,2026-04-01 09:09:42.428249,1.6003689824233254,5.0,40.8,0,12,0,normal
i-synthetic-05,2026-04-01 09:10:51.240812,1.5866912027904412,5.0,46.4,0,12,0,normal
i-synthetic-05,2026-04-01 09:12:01.936978,1.6583333333333332,5.0,47.4,0,12,0,normal
i-synthetic-05,2026-04-01 09:13:12.286236,1.6227109409608114,5.0,45.3,0,12,0,normal
i-synthetic-05,2026-04-01 09:14:21.273482,1.6086998723872752,5.0,48.4,0,12,0,normal
i-synthetic-05,2026-04-01 09:15:31.014942,1.6416465913306317,5.0,39.5,0,12,0,normal
i-synthetic-05,2026-04-01 09:16:40.776026,1.6347773866915773,5.0,46.1,0,12,0,normal
i-synthetic-05,2026-04-01 09:17:50.201674,1.6840553600124553,10.9,45.1,0,12,0,normal
i-synthetic-05,2026-04-01 09:19:00.195098,1.6583415375843336,8.8,45.0,0,12,0,normal
i-synthetic-05,2026-04-01 09:20:10.822621,1.6566715892172668,5.0,40.8,0,12,0,normal
i-synthetic-05,2026-04-01 09:21:19.783865,1.7083333333333333,5.0,39.9,0,12,0,normal
i-synthetic-05,2026-04-01 09:22:28.161315,1.6465332571549314,6.1,47.0,0,12,0,normal
i-synthetic-05,2026-03-30 05:32:24.149203,4.1919561519246535,6.9,42.5,0,10,0,normal
i-synthetic-05,2026-03-30 05:33:36.014987,2.9694829877112023,5.0,39.6,0,10,0,normal
i-synthetic-05,2026-03-30 05:34:48.578780,2.4062789074500683,5.0,41.5,0,10,0,normal
i-synthetic-05,2026-03-30 05:35:59.617641,5.376632265807724,5.0,42.8,0,10,0,normal
i-synthetic-05,2026-03-30 05:47:37.904106,1.9367682917286577,7.6,40.5,0,10,0,normal
i-synthetic-05,2026-03-30 05:48:49.787600,2.0362441933737343,5.0,38.7,0,10,0,normal
i-synthetic-05,2026-03-30 05:54:43.142581,0.0011623278607227,5.0,36.6,0,10,0,normal
i-synthetic-05,2026-03-30 06:07:15.589093,0.0011917222913862,5.0,43.8,0,10,0,normal
i-synthetic-05,2026-03-30 17:38:25.932061,0.45525957294579183,7.2,44.8,0,10,0,normal
i-synthetic-05,2026-03-30 17:39:39.214001,0.45337399890223234,5.0,38.4,0,10,0,normal
i-synthetic-05,2026-03-30 17:40:53.124015,0.45337399890223234,5.0,41.2,0,10,0,normal
i-synthetic-05,2026-03-30 17:42:05.929552,0.500033383081266,9.9,36.0,0,10,0,normal
i-synthetic-05,2026-03-30 17:43:18.894088,0.5029526705389248,6.1,37.1,0,10,0,normal
i-synthetic-05,2026-03-30 17:44:26.921884,0.4984564283047305,7.5,40.8,0,10,0,normal
i-synthetic-05,2026-03-30 17:52:18.415335,0.8751839155239717,5.0,37.7,0,10,0,normal
i-synthetic-05,2026-03-30 17:54:14.165759,0.6625919577619858,5.0,36.5,0,10,0,normal
i-synthetic-05,2026-03-30 17:55:27.015022,0.7000735662095886,5.0,42.2,0,10,0,normal
i-synthetic-05,2026-03-30 17:56:42.126850,0.449595364172245,5.0,44.4,0,10,0,normal
i-synthetic-05,2026-03-30 17:57:49.497310,0.42479768208612245,5.0,39.6,0,10,0,normal
i-synthetic-05,2026-03-30 17:58:56.881767,0.4472349764825531,5.0,39.8,0,10,0,normal
i-synthetic-05,2026-03-30 18:00:09.059706,0.43325485326976443,5.0,43.3,0,10,0,normal
i-synthetic-05,2026-03-30 18:08:53.865649,0.6277831692821448,5.0,36.5,0,10,0,normal
i-synthetic-05,2026-03-30 18:10:01.697469,0.5937540436282753,5.0,44.8,0,10,0,normal
i-synthetic-05,2026-03-30 18:12:13.795516,0.5,9.0,38.2,0,10,0,normal
i-synthetic-05,2026-03-30 18:13:26.193208,1.7831846427128941,5.0,39.9,0,10,0,normal
i-synthetic-05,2026-03-30 18:14:33.413307,1.8978051487013374,8.3,43.0,0,10,0,normal
i-synthetic-05,2026-03-30 18:15:43.026586,1.9457722742685744,5.0,38.7,0,10,0,normal
i-synthetic-05,2026-03-30 18:16:56.780215,2.396179471337686,11.6,44.6,0,10,0,normal
i-synthetic-05,2026-03-30 18:18:10.305780,2.748089735668843,5.1,44.3,0,10,0,normal
i-synthetic-05,2026-03-30 18:18:44.158658,2.661868551479854,10.8,37.7,0,10,0,normal
i-synthetic-05,2026-03-30 18:19:52.551519,2.561493329667676,5.0,38.2,0,10,0,normal
i-synthetic-05,2026-03-30 18:22:26.331345,2.295814166986106,10.6,40.6,0,10,0,normal
i-synthetic-05,2026-03-30 18:24:12.971970,2.2339653598018416,5.0,35.4,0,10,0,normal
i-synthetic-05,2026-03-30 18:25:37.416223,2.2316547345809417,5.5,39.1,0,10,0,normal
i-synthetic-05,2026-03-30 18:26:48.860962,1.88502986020752,5.0,42.0,0,10,0,normal
i-synthetic-05,2026-03-30 18:27:57.317022,2.4245144638567155,5.0,42.3,0,10,0,normal
i-synthetic-05,2026-03-30 18:29:10.667226,2.341342975904477,5.0,43.0,0,10,0,normal
i-synthetic-05,2026-03-30 18:30:19.793836,2.2868793183889147,5.0,41.8,0,10,0,normal
i-synthetic-05,2026-03-30 18:31:28.959691,2.2666666666666666,5.0,35.7,0,10,0,normal
i-synthetic-05,2026-03-30 18:32:42.975406,1.9451162584161765,5.0,42.5,0,10,0,normal
i-synthetic-05,2026-03-30 18:33:50.454601,2.0390665570506674,5.0,35.8,0,10,0,normal
i-synthetic-05,2026-03-30 18:35:04.496535,2.0642351427521994,5.0,44.5,0,10,0,normal
i-synthetic-05,2026-03-30 18:36:15.663899,2.2563402327943654,5.0,39.2,0,10,0,normal
i-synthetic-05,2026-04-01 07:47:26.631936,100.0,79.7,48.0,0,12,1,critical
i-synthetic-05,2026-04-01 07:48:57.112739,99.99722222222222,71.5,42.2,1,12,1,critical
i-synthetic-05,2026-04-01 07:50:11.435206,99.99666666666667,89.9,40.7,1,12,1,critical
i-synthetic-05,2026-04-01 07:51:23.982724,100.0,72.7,47.6,1,12,1,critical
i-synthetic-05,2026-04-01 07:52:38.132116,100.0,72.2,44.7,1,12,1,critical
i-synthetic-05,2026-04-01 09:23:36.471261,4.31991106032551,5.0,42.2,0,12,0,normal
i-synthetic-05,2026-04-01 09:24:44.285210,28.237849961910797,12.9,42.4,0,12,0,normal
i-synthetic-05,2026-04-01 09:25:52.272483,42.59027996952864,32.1,39.5,0,12,0,normal
i-synthetic-05,2026-04-01 09:27:00.962116,100.0,72.8,46.3,0,12,1,critical
i-synthetic-05,2026-04-01 09:28:09.773134,97.43333333333334,69.2,43.6,1,12,1,critical
i-synthetic-05,2026-04-01 09:29:18.551179,73.48333333333333,64.1,42.6,0,12,0,normal
i-synthetic-05,2026-04-01 09:30:26.868062,59.125,52.2,44.7,0,12,0,normal
i-synthetic-05,2026-04-01 09:31:35.865549,1.7318035735100659,5.0,45.2,0,12,0,normal
i-synthetic-05,2026-04-01 09:32:43.785419,1.6791201296245677,9.7,48.3,0,12,0,normal
i-synthetic-05,2026-04-01 09:33:51.914535,1.6860800864163785,5.0,42.9,0,12,0,normal
i-synthetic-05,2026-04-01 09:34:59.671963,39.241543798454586,37.2,44.3,0,12,0,normal
i-synthetic-05,2026-04-01 09:36:07.410240,100.0,70.9,39.7,0,12,1,critical
i-synthetic-05,2026-04-01 09:37:16.071752,99.9933275505438,80.8,42.8,1,12,1,critical
i-synthetic-05,2026-04-01 09:38:24.792300,99.99555170036253,82.4,39.7,1,12,1,critical
i-synthetic-05,2026-04-01 09:39:33.655014,99.9966637752719,77.2,44.5,1,12,1,critical
i-synthetic-05,2026-04-01 09:40:42.719636,99.99666493082832,80.0,43.3,1,12,1,critical
i-synthetic-05,2026-04-01 09:41:51.575089,99.99000016666388,78.5,42.6,1,12,1,critical
i-synthetic-05,2026-04-01 09:42:59.871407,99.99500008333195,71.8,42.9,1,12,1,critical
i-synthetic-05,2026-04-01 09:44:09.031529,77.5933333749993,64.6,47.3,0,12,0,normal
i-synthetic-05,2026-04-01 09:45:18.456534,62.40829473809977,57.7,46.8,0,12,0,normal
i-synthetic-05,2026-04-01 09:46:27.653806,1.5583333333333331,5.0,43.5,0,12,0,normal
i-synthetic-05,2026-04-01 09:47:35.782114,1.611764538546506,7.5,46.6,0,12,0,normal
i-synthetic-05,2026-04-01 09:48:43.574755,1.5888529177690003,5.0,46.7,0,12,0,normal
i-synthetic-05,2026-03-30 18:37:28.813605,2.204120539270721,5.0,37.8,0,10,0,normal
i-synthetic-05,2026-04-01 07:53:50.659735,99.99722222222222,70.6,42.3,0,12,1,critical
i-synthetic-05,2026-04-01 07:55:05.291322,90.52733421588707,74.6,45.9,1,12,1,warning
i-synthetic-05,2026-04-01 07:56:18.661224,0.4670792533404507,5.0,41.4,0,12,0,normal
i-synthetic-05,2026-04-01 07:57:29.973903,1.262706293336892,5.0,47.5,0,12,0,normal
i-synthetic-05,2026-04-01 07:58:42.963836,1.5029153066690393,9.9,40.5,0,12,0,normal
i-synthetic-05,2026-04-01 07:59:54.540044,1.6480198133351127,5.0,41.6,0,12,0,normal
i-synthetic-05,2026-04-01 08:01:04.779204,100.0,77.8,40.9,0,12,1,critical
i-synthetic-05,2026-04-01 08:02:15.980905,99.99583333333334,83.3,42.0,1,12,1,critical
i-synthetic-05,2026-04-01 08:03:26.377117,99.99722222222222,74.5,46.5,1,12,1,critical
i-synthetic-05,2026-04-01 08:04:37.581959,99.99791666666667,81.0,46.6,1,12,1,critical
i-synthetic-05,2026-04-01 08:05:48.780892,99.995,79.6,43.2,1,12,1,critical
i-synthetic-05,2026-04-01 08:07:00.781138,100.0,89.2,41.0,1,12,1,critical
i-synthetic-05,2026-04-01 08:08:12.138375,100.0,89.5,47.9,1,12,1,critical
i-synthetic-05,2026-04-01 08:09:23.177068,99.99791666666667,84.4,45.9,1,12,1,critical
i-synthetic-05,2026-04-01 08:10:33.983323,93.57333333333334,77.7,41.7,1,12,1,warning
i-synthetic-05,2026-04-01 08:11:45.737334,1.9482790201988243,9.7,42.8,0,12,0,normal
i-synthetic-05,2026-04-01 08:12:56.138854,1.8866395100994122,6.1,44.7,0,12,0,normal
i-synthetic-05,2026-04-01 08:14:06.538984,1.8791379569613946,5.0,46.7,0,12,0,normal
i-synthetic-05,2026-04-01 08:15:15.593829,1.8866436989024489,9.5,47.6,0,12,0,normal
i-synthetic-05,2026-04-01 08:16:25.638953,1.7916666666666667,5.0,44.2,0,12,0,normal
i-synthetic-05,2026-04-01 08:17:34.959794,1.8375,10.8,39.3,0,12,0,normal
i-synthetic-05,2026-04-01 08:18:45.258331,1.8083333333333333,5.0,47.7,0,12,0,normal
i-synthetic-05,2026-04-01 08:19:54.279048,1.825,5.0,40.0,0,12,0,normal
i-synthetic-05,2026-04-01 08:21:05.438509,99.98832301866649,71.2,47.6,0,12,1,critical
i-synthetic-05,2026-04-01 08:22:17.367749,99.99416150933325,88.6,48.6,1,12,1,critical
i-synthetic-05,2026-04-01 08:23:28.364807,99.99332989511106,87.5,48.5,1,12,1,critical
i-synthetic-05,2026-04-01 08:24:40.483538,99.9949974213333,73.1,41.7,1,12,1,critical
i-synthetic-05,2026-04-01 08:25:52.302670,96.93933127039996,76.2,45.3,1,12,1,critical
i-synthetic-05,2026-03-30 18:38:36.267420,2.058302581736036,5.0,44.8,0,10,0,normal
i-synthetic-05,2026-04-01 08:27:04.622410,1.5958333333333332,10.0,46.1,0,12,0,normal
i-synthetic-05,2026-04-01 08:28:13.608741,1.585658910425779,5.0,39.9,0,12,0,normal
i-synthetic-05,2026-04-01 08:29:23.370426,1.606272273831545,6.0,42.2,0,12,0,normal
i-synthetic-05,2026-04-01 08:30:39.440684,1.5980798319873701,5.0,42.1,0,12,0,normal
i-synthetic-05,2026-04-01 08:31:50.370613,1.6764529258690863,7.8,45.2,0,12,0,normal
i-synthetic-05,2026-04-01 08:33:03.043248,1.6310398641785842,5.0,44.6,0,12,0,normal
i-synthetic-05,2026-04-01 08:34:13.255515,1.6146008979174626,10.6,48.6,0,12,0,normal
i-synthetic-05,2026-04-01 08:35:21.599263,1.6286450368152952,5.0,40.7,0,12,0,normal
i-synthetic-05,2026-04-01 08:36:30.392872,1.5569580204152997,5.0,45.9,0,12,0,normal
i-synthetic-05,2026-04-01 08:37:41.234970,1.6042084045059468,5.0,40.7,0,12,0,normal
i-synthetic-05,2026-04-01 08:38:52.015944,1.5916944918928533,5.0,45.4,0,12,0,normal
i-synthetic-05,2026-04-01 08:40:06.735267,1.5980787080578462,5.0,45.0,0,12,0,normal
i-synthetic-05,2026-04-01 08:41:21.231654,1.6764529258690863,7.7,48.3,0,12,0,normal
i-synthetic-05,2026-04-01 08:42:34.933920,1.5965597962678766,5.0,44.9,0,12,0,normal
i-synthetic-05,2026-04-01 08:43:47.246429,1.6060398641785845,5.0,46.1,0,12,0,normal
i-synthetic-05,2026-04-01 08:45:09.607830,1.6050199353589316,10.2,46.6,0,12,0,normal
i-synthetic-05,2026-04-01 08:46:32.172875,1.568051779071513,5.0,45.8,0,12,0,normal
i-synthetic-05,2026-04-01 08:47:44.494868,1.6173592228690898,6.1,44.4,0,12,0,normal
i-synthetic-05,2026-04-01 08:48:56.610412,1.5916748362386277,9.2,45.0,0,12,0,normal
i-synthetic-05,2026-04-01 08:50:07.411952,1.591963326129162,5.0,42.5,0,12,0,normal
i-synthetic-05,2026-04-01 08:51:18.232921,1.6583333333333332,5.0,47.5,0,12,0,normal
i-synthetic-05,2026-04-01 08:52:29.278919,1.6,5.0,43.1,0,12,0,normal
i-synthetic-05,2026-04-01 08:55:56.379373,1.5399999999999998,5.0,48.8,0,12,0,normal
i-synthetic-05,2026-04-01 09:49:51.479309,1.6020563549934168,5.0,44.8,0,12,0,normal
i-synthetic-05,2026-04-01 09:51:00.047013,1.5883117506614002,5.0,43.8,0,12,0,normal
i-synthetic-05,2026-04-01 09:52:07.606292,1.6159679782858474,9.5,39.9,0,12,0,normal
i-synthetic-05,2026-04-01 09:53:16.579745,1.6305784820402653,5.0,48.7,0,12,0,normal
i-synthetic-05,2026-04-01 09:54:24.559285,19.842213818900476,13.4,44.1,0,12,0,normal
i-synthetic-05,2026-03-30 18:39:43.796287,1.7726875384267815,5.0,38.0,0,10,0,normal
i-synthetic-05,2026-04-01 08:57:07.999851,1.1744336946808098,8.8,47.3,0,12,0,normal
i-synthetic-05,2026-04-01 09:55:32.193407,35.87377105512038,21.0,44.7,0,12,0,normal
i-synthetic-05,2026-04-01 09:56:40.784653,99.99500441276871,84.0,49.0,0,12,1,critical
i-synthetic-05,2026-04-01 09:57:50.234175,99.99750220638435,87.5,44.2,1,12,1,critical
i-synthetic-05,2026-04-01 09:58:59.633952,99.99555702647847,76.7,49.0,1,12,1,critical
i-synthetic-05,2026-04-01 10:00:08.201422,65.77585321854583,55.2,43.6,0,12,0,normal
i-synthetic-05,2026-04-01 10:01:17.596865,1.6666666666666665,7.3,41.9,0,12,0,normal
i-synthetic-05,2026-04-01 10:02:25.369336,1.4333333333333331,5.0,40.2,0,12,0,normal
i-synthetic-05,2026-04-01 10:03:33.645173,1.361111111111111,5.0,45.7,0,12,0,normal
i-synthetic-05,2026-04-01 10:04:41.782059,1.308587516194861,5.0,40.9,0,12,0,normal
i-synthetic-05,2026-04-01 10:05:49.649700,1.3715831829890262,5.6,48.8,0,12,0,normal
i-synthetic-05,2026-04-01 10:06:56.937759,1.559711078119005,5.0,48.4,0,12,0,normal
i-synthetic-05,2026-04-01 10:08:05.324571,1.5893481371507792,10.5,41.0,0,12,0,normal
i-synthetic-05,2026-04-01 10:09:13.151195,1.6020655547639053,5.0,44.8,0,12,0,normal
i-synthetic-05,2026-04-01 10:10:21.062619,1.5899857771444577,5.6,41.3,0,12,0,normal
i-synthetic-05,2026-04-01 10:19:14.696381,1.6024259276249575,5.0,45.1,0,12,0,normal
i-synthetic-05,2026-04-01 10:35:09.460356,1.614980405835637,5.0,44.5,0,12,0,normal
i-synthetic-05,2026-04-01 10:36:17.364511,1.5583333333333331,8.5,41.1,0,12,0,normal
i-synthetic-05,2026-04-01 10:37:25.260370,1.6034385598277079,5.0,40.7,0,12,0,normal
i-synthetic-05,2026-04-01 10:38:33.447677,1.5888627325914735,5.0,40.4,0,12,0,normal
i-synthetic-05,2026-04-01 10:39:41.228755,1.6037829960241257,5.0,43.9,0,12,0,normal
i-synthetic-05,2026-04-01 10:40:49.303254,1.5980263968193005,5.0,48.2,0,12,0,normal
i-synthetic-05,2026-04-01 10:41:56.847457,1.6597994895491015,5.0,44.2,0,12,0,normal
i-synthetic-05,2026-04-01 10:43:05.010103,1.6249984111029268,5.0,44.9,0,12,0,normal
i-synthetic-05,2026-04-01 10:44:12.633688,1.6086765778569463,5.0,42.0,0,12,0,normal
i-synthetic-05,2026-04-01 10:45:20.318472,1.61527459561889,5.0,45.1,0,12,0,normal
i-synthetic-05,2026-04-01 10:46:28.795889,1.5569580204152997,5.0,41.1,0,12,0,normal
i-synthetic-05,2026-03-30 18:40:51.693192,1.866887227551888,9.1,35.3,0,10,0,normal
i-synthetic-05,2026-03-30 18:41:26.213773,2.2916666666666665,8.1,36.8,0,10,0,normal
i-synthetic-05,2026-03-30 18:42:35.938983,2.2198667033003625,5.0,40.6,0,10,0,normal
i-synthetic-05,2026-03-30 18:43:47.125740,2.238927583670231,10.2,36.6,0,10,0,normal
i-synthetic-05,2026-03-30 18:44:58.674617,2.278646191457611,9.4,40.4,0,10,0,normal
i-synthetic-05,2026-03-30 18:47:15.931388,57.13333333333333,37.8,44.9,0,10,0,normal
i-synthetic-05,2026-03-30 18:48:29.744667,54.61845672228328,34.0,41.7,0,10,0,normal
i-synthetic-05,2026-03-30 18:49:39.751806,65.963425499708,61.5,39.4,0,10,0,normal
i-synthetic-05,2026-03-30 18:50:58.598691,63.40117301041681,59.3,37.8,0,10,0,normal
i-synthetic-05,2026-03-30 18:52:08.109810,2.191666666666667,8.7,36.4,0,10,0,normal
i-synthetic-05,2026-03-30 18:53:22.518604,45.96666666666667,31.7,42.2,0,10,0,normal
i-synthetic-05,2026-03-30 18:54:37.547328,51.06284572782171,38.1,37.0,0,10,0,normal
i-synthetic-05,2026-03-30 18:55:48.023164,41.264903418105106,24.3,39.0,0,10,0,normal
i-synthetic-05,2026-03-30 18:56:56.077651,2.1936409435158306,6.0,42.7,0,10,0,normal
i-synthetic-05,2026-03-30 18:58:10.535514,2.3051538050912486,5.0,40.9,0,10,0,normal
i-synthetic-05,2026-03-30 18:59:24.332685,45.69632690254562,36.4,44.4,0,10,0,normal
i-synthetic-05,2026-03-30 19:00:33.742311,41.36606675066407,32.2,37.5,0,10,0,normal
i-synthetic-05,2026-03-30 19:01:41.997241,2.166666666666667,5.0,42.6,0,10,0,normal
i-synthetic-05,2026-03-30 19:02:50.531846,2.0833000011110743,11.1,36.8,0,10,0,normal
i-synthetic-05,2026-03-30 19:04:03.964432,2.0978617294653037,5.0,36.4,0,10,0,normal
i-synthetic-05,2026-03-30 19:05:12.204942,2.0588129637656443,10.2,41.2,0,10,0,normal
i-synthetic-05,2026-03-30 19:06:25.669451,1.9166666666666663,5.0,36.2,0,10,0,normal
i-synthetic-05,2026-03-30 19:06:50.873600,1.9166666666666663,5.0,42.9,0,10,0,normal
i-synthetic-05,2026-03-30 19:08:03.851365,1.9666666666666663,5.0,42.6,0,10,0,normal
i-synthetic-05,2026-03-30 19:09:11.786129,1.9638888888888886,5.0,39.8,0,10,0,normal
i-synthetic-05,2026-03-30 19:10:25.296841,16.107951177273783,18.5,37.7,0,10,0,normal
i-synthetic-05,2026-03-30 19:11:36.273984,99.99833183198211,86.5,42.5,0,10,1,critical
i-synthetic-05,2026-03-30 19:12:48.738947,99.99583557996016,78.4,41.4,1,10,1,critical
i-synthetic-05,2026-03-30 19:13:57.188264,99.99388738393766,86.7,42.9,1,10,1,critical
i-synthetic-05,2026-03-30 19:18:42.342547,2.661111111111111,5.0,38.4,0,10,0,normal
i-synthetic-05,2026-04-01 08:57:29.376816,1.1744336946808098,5.0,45.9,0,12,0,normal
i-synthetic-05,2026-04-01 08:58:38.862543,1.2945187882077003,5.0,43.4,0,12,0,normal
i-synthetic-05,2026-04-01 08:59:48.187170,1.3788620483768965,5.4,47.3,0,12,0,normal
i-synthetic-05,2026-04-01 09:00:56.369995,1.4116955739443149,8.4,47.5,0,12,0,normal
i-synthetic-05,2026-04-01 10:11:10.264201,1.6681401905016098,10.3,42.5,0,12,0,normal
i-synthetic-05,2026-04-01 10:20:22.699315,1.6002740754332994,5.0,45.1,0,12,0,normal
i-synthetic-05,2026-04-01 10:21:30.741772,1.7333333333333332,5.0,48.9,0,12,0,normal
i-synthetic-05,2026-04-01 10:22:38.676894,1.6583333333333332,5.0,45.9,0,12,0,normal
i-synthetic-05,2026-04-01 10:23:46.280270,1.6661714559546474,5.0,40.8,0,12,0,normal
i-synthetic-05,2026-04-01 10:24:53.854699,1.645811887210118,5.0,42.1,0,12,0,normal
i-synthetic-05,2026-04-01 10:26:01.282665,1.6499828431014276,5.0,46.5,0,12,0,normal
i-synthetic-05,2026-04-01 10:47:36.526494,1.5958677035534385,7.3,42.1,0,12,0,normal
i-synthetic-05,2026-04-01 10:48:43.624891,1.5861340245911812,5.0,48.1,0,12,0,normal
i-synthetic-05,2026-04-01 10:49:51.106574,1.599654970344207,5.0,43.4,0,12,0,normal
i-synthetic-05,2026-04-01 10:50:59.227474,1.593334332089668,5.0,40.1,0,12,0,normal
i-synthetic-05,2026-04-01 10:52:07.086549,1.5957867312680358,5.0,41.3,0,12,0,normal
i-synthetic-05,2026-04-01 10:53:14.477087,1.6161477425256507,7.3,44.4,0,12,0,normal
i-synthetic-05,2026-04-01 10:54:22.365319,1.605867369503615,9.1,47.5,0,12,0,normal
i-synthetic-05,2026-04-01 10:55:30.014576,1.6180272289362254,11.1,45.7,0,12,0,normal
i-synthetic-05,2026-04-01 10:56:38.152948,1.809901914992994,5.0,44.8,0,12,0,normal
i-synthetic-05,2026-04-01 10:57:45.823190,48.404950957496496,42.0,42.0,0,12,0,normal
i-synthetic-05,2026-04-01 11:00:03.685156,79.3569803829986,72.7,48.4,0,12,0,normal
i-synthetic-05,2026-04-01 11:02:22.501911,53.31916519314283,39.4,44.7,0,12,0,normal
i-synthetic-05,2026-04-01 11:04:39.456851,27.472082596571415,30.2,47.2,0,12,0,normal
i-synthetic-05,2026-04-01 11:06:56.055151,1.5333333333333332,9.0,44.2,0,12,0,normal
i-synthetic-05,2026-04-01 11:09:13.221947,69.91108234817972,57.6,42.5,0,12,0,normal
i-synthetic-05,2026-04-01 11:11:31.036720,100.0,76.2,45.4,0,12,1,critical
i-synthetic-05,2026-03-30 19:15:06.497178,91.91144111493396,65.0,41.0,1,10,1,warning
i-synthetic-05,2026-03-30 19:17:30.059911,2.4458333333333333,9.5,44.5,0,10,0,normal
i-synthetic-05,2026-04-01 09:02:17.113406,1.5916666666666666,5.0,46.0,0,12,0,normal
i-synthetic-05,2026-04-01 10:11:33.980075,1.6681401905016098,5.0,42.5,0,12,0,normal
i-synthetic-05,2026-04-01 10:12:41.943664,1.6083861160990556,5.0,41.1,0,12,0,normal
i-synthetic-05,2026-04-01 10:13:49.609127,1.631084374550743,5.0,45.2,0,12,0,normal
i-synthetic-05,2026-04-01 10:14:57.277267,1.6108132809130573,5.0,44.3,0,12,0,normal
i-synthetic-05,2026-04-01 10:26:54.828708,1.5583333333333331,5.2,43.9,0,12,0,normal
i-synthetic-05,2026-04-01 10:58:54.707952,65.59496730499767,57.6,41.5,0,12,0,normal
i-synthetic-05,2026-04-01 11:01:12.612001,99.996663719619,87.1,47.5,0,12,1,critical
i-synthetic-05,2026-04-01 11:03:31.422653,36.10444346209522,31.8,47.4,0,12,0,normal
i-synthetic-05,2026-04-01 11:05:47.780210,22.309332743923797,26.7,45.2,0,12,0,normal
i-synthetic-05,2026-04-01 11:08:04.498655,59.88144313090629,44.7,39.5,0,12,0,normal
i-synthetic-05,2026-04-01 11:10:21.928460,75.92553254521044,58.5,48.1,0,12,0,normal
i-synthetic-05,2026-04-01 11:12:40.014238,99.99583333333334,75.8,44.3,0,12,1,critical
i-synthetic-05,2026-03-30 19:16:21.170001,2.108333333333333,5.0,42.1,0,10,0,normal
i-synthetic-05,2026-03-30 19:22:13.644771,2.216666666666667,9.2,40.0,0,10,0,normal
i-synthetic-05,2026-04-01 09:02:41.659200,1.5916666666666666,5.0,42.4,0,12,0,normal
i-synthetic-05,2026-04-01 10:15:18.143946,1.6183593819948623,5.0,40.4,0,12,0,normal
i-synthetic-05,2026-04-01 10:16:25.504663,1.551370377166497,5.0,39.0,0,12,0,normal
i-synthetic-05,2026-04-01 10:17:32.866138,1.5965185219165818,5.0,40.3,0,12,0,normal
i-synthetic-05,2026-04-01 10:27:14.950309,1.6076015491871067,9.3,48.0,0,12,0,normal
i-synthetic-05,2026-04-01 10:28:22.589048,1.597198526132745,7.6,39.9,0,12,0,normal
i-synthetic-05,2026-04-01 10:29:30.628420,1.6103988945995589,5.0,44.5,0,12,0,normal
i-synthetic-05,2026-04-01 10:30:38.811868,1.5966524490129805,5.0,41.6,0,12,0,normal
i-synthetic-05,2026-04-01 11:13:48.094760,99.99722222222222,70.5,46.9,0,12,1,critical
i-synthetic-05,2026-03-30 19:19:56.087716,2.5495016984713756,5.0,35.8,0,10,0,normal
i-synthetic-05,2026-03-31 16:57:40.431559,2.3147734226104397,5.0,37.3,0,11,0,normal
i-synthetic-05,2026-03-31 16:58:48.546123,1.8487378372958487,5.0,44.9,0,11,0,normal
i-synthetic-05,2026-03-31 17:02:34.813150,0.0010467955688276,5.0,40.2,0,11,0,normal
i-synthetic-05,2026-03-31 17:07:09.352783,0.4289565078972376,5.0,40.2,0,11,0,normal
i-synthetic-05,2026-03-31 17:08:02.597770,0.4289565078972376,5.0,44.2,0,11,0,normal
i-synthetic-05,2026-03-31 17:09:10.854856,34.186837632076326,23.5,39.6,0,11,0,normal
i-synthetic-05,2026-03-31 17:10:18.347769,47.34947010566106,28.7,37.0,0,11,0,normal
i-synthetic-05,2026-03-31 17:11:27.573710,99.99500441276871,74.3,45.4,0,11,1,critical
i-synthetic-05,2026-03-31 17:12:36.620783,99.99333553971769,80.5,38.9,1,11,1,critical
i-synthetic-05,2026-03-31 17:13:44.812801,88.3650014709229,71.6,40.5,0,11,1,warning
i-synthetic-05,2026-03-31 17:14:55.560212,66.36966916414603,56.0,38.9,0,11,0,normal
i-synthetic-05,2026-03-31 17:16:04.616508,0.3996469785023229,5.0,40.9,0,11,0,normal
i-synthetic-05,2026-03-31 17:17:12.235602,0.46672591973141897,5.0,46.7,0,11,0,normal
i-synthetic-05,2026-03-31 17:18:19.924456,23.461150613154278,24.5,40.1,0,11,0,normal
i-synthetic-05,2026-03-31 17:19:27.295266,42.59586295986571,29.5,45.9,0,11,0,normal
i-synthetic-05,2026-03-31 17:20:34.746864,54.07569125044631,48.5,40.7,0,11,0,normal
i-synthetic-05,2026-03-31 17:21:44.961292,99.996663719619,82.6,42.5,0,11,1,critical
i-synthetic-05,2026-03-31 17:22:56.564894,99.9983318598095,75.9,38.7,1,11,1,critical
i-synthetic-05,2026-03-31 17:24:10.316203,87.51093539465532,79.0,43.2,0,11,1,warning
i-synthetic-05,2026-03-31 17:25:20.407441,89.99874831572426,66.3,46.5,0,11,1,warning
i-synthetic-05,2026-03-31 17:26:29.648224,99.95,73.4,45.2,1,11,1,critical
i-synthetic-05,2026-03-31 17:27:39.540127,90.01870527299114,74.1,42.5,1,11,1,warning
i-synthetic-05,2026-03-31 17:28:48.867720,63.798015172807766,42.5,37.1,0,11,0,normal
i-synthetic-05,2026-03-31 17:29:57.805917,50.38809471293916,46.9,37.8,0,11,0,normal
i-synthetic-05,2026-03-31 17:31:06.413421,99.975,79.2,45.6,0,11,1,critical
i-synthetic-05,2026-03-31 17:32:15.168630,99.98500220638435,89.3,40.0,1,11,1,critical
i-synthetic-05,2026-03-31 17:33:23.832102,99.9900014709229,84.1,42.1,1,11,1,critical
i-synthetic-05,2026-03-31 17:34:32.587282,99.99166703309693,75.0,41.3,1,11,1,critical
i-synthetic-05,2026-03-31 17:35:41.166113,95.54166695981088,67.4,43.2,1,11,1,critical
i-synthetic-05,2026-03-31 17:36:50.048322,0.507884701846702,6.9,46.2,0,11,0,normal
i-synthetic-05,2026-03-31 17:37:58.963674,0.5039423509233509,5.0,37.8,0,11,0,normal
i-synthetic-05,2026-03-31 17:39:06.204166,9.456665279568119,15.0,40.8,0,11,0,normal
i-synthetic-05,2026-03-31 17:40:14.010819,27.564331356236067,16.7,39.6,0,11,0,normal
i-synthetic-05,2026-03-31 17:41:22.022649,99.98667843404992,82.5,46.8,0,11,1,critical
i-synthetic-05,2026-03-31 17:42:31.083238,99.99333921702495,85.4,41.4,1,11,1,critical
i-synthetic-05,2026-03-31 17:43:39.973215,99.99278170023887,82.4,44.4,1,11,1,critical
i-synthetic-05,2026-03-31 17:44:48.934589,91.0487529418458,74.9,43.9,1,11,1,warning
i-synthetic-05,2026-03-31 17:45:57.759690,72.91733568680998,63.2,39.8,0,11,0,normal
i-synthetic-05,2026-03-31 17:47:07.069712,0.44605067809898735,5.0,37.6,0,11,0,normal
i-synthetic-05,2026-03-31 17:48:14.825153,0.45847822984376935,8.0,37.1,0,11,0,normal
i-synthetic-05,2026-03-31 17:49:22.907336,5.247860137755082,5.0,44.4,0,11,0,normal
i-synthetic-05,2026-03-31 17:50:31.194132,24.198288110204068,28.8,42.5,0,11,0,normal
i-synthetic-05,2026-03-31 17:51:39.298823,99.98499974999582,79.1,37.4,0,11,1,critical
i-synthetic-05,2026-03-31 17:52:47.860540,99.99249987499792,88.0,41.7,1,11,1,critical
i-synthetic-05,2026-03-31 17:53:56.391811,99.9922221388875,71.7,40.3,1,11,1,critical
i-synthetic-05,2026-03-31 17:55:05.504487,99.9946671939433,73.1,45.2,1,11,1,critical
i-synthetic-05,2026-03-31 17:56:14.387902,99.99500441276871,78.3,46.5,1,11,1,critical
i-synthetic-05,2026-03-31 17:57:22.858684,99.99583406619385,87.5,40.0,1,11,1,critical
i-synthetic-05,2026-03-31 17:58:31.694819,99.9972227107959,81.0,42.5,1,11,1,critical
i-synthetic-05,2026-03-31 17:59:40.659150,95.22411684292894,76.4,45.4,1,11,1,critical
i-synthetic-05,2026-03-31 18:00:49.143366,76.26262680767648,54.5,44.0,0,11,0,normal
i-synthetic-05,2026-03-31 18:01:57.799808,0.5166666666666667,5.0,39.0,0,11,0,normal
i-synthetic-05,2026-03-31 18:03:05.434575,0.46930253039957964,5.0,40.4,0,11,0,normal
i-synthetic-05,2026-03-31 18:04:13.675272,0.45206363964261526,7.9,38.1,0,11,0,normal
i-synthetic-05,2026-03-31 18:05:20.897404,0.4615626563396729,5.0,46.0,0,11,0,normal
i-synthetic-05,2026-03-31 18:06:28.639021,0.3916666666666666,5.0,43.7,0,11,0,normal
i-synthetic-05,2026-03-31 18:07:36.603612,0.4460543619085747,6.4,39.5,0,11,0,normal
i-synthetic-05,2026-03-31 18:08:44.382608,0.4307029079390498,5.0,38.5,0,11,0,normal
i-synthetic-05,2026-03-31 18:09:52.783624,1.0827600880046087,5.0,43.7,0,11,0,normal
i-synthetic-05,2026-03-31 18:11:01.617806,20.86420626878223,8.7,39.5,0,11,0,normal
i-synthetic-05,2026-03-31 18:12:10.506696,99.99750220638435,71.9,38.6,0,11,1,critical
i-synthetic-05,2026-03-31 18:13:19.421411,99.99833480425623,71.5,44.3,1,11,1,critical
i-synthetic-05,2026-03-31 18:14:27.887783,99.99708593517673,78.1,37.0,1,11,1,critical
i-synthetic-05,2026-03-31 18:15:36.976927,92.40717063317125,66.6,39.6,1,11,1,warning
i-synthetic-05,2026-03-31 18:16:46.295519,0.4246249146587181,5.0,46.4,0,11,0,normal
i-synthetic-05,2026-03-31 18:17:54.786767,0.45836313542834645,5.0,40.9,0,11,0,normal
i-synthetic-05,2026-03-31 18:19:03.311336,0.43324043064047296,5.0,46.1,0,11,0,normal
i-synthetic-05,2026-03-31 18:20:11.384823,4.71379162911732,5.0,38.1,0,11,0,normal
i-synthetic-05,2026-03-31 18:21:26.248518,99.99166666666666,71.6,42.1,0,11,1,critical
i-synthetic-05,2026-03-31 18:22:35.405114,99.99583333333334,77.5,43.4,1,11,1,critical
i-synthetic-05,2026-03-31 18:23:44.781635,99.99722222222222,83.7,40.1,1,11,1,critical
i-synthetic-05,2026-03-31 18:24:54.235162,99.99791666666667,83.2,43.2,1,11,1,critical
i-synthetic-05,2026-03-31 18:27:07.273280,99.9983318598095,85.9,43.5,1,11,1,critical
i-synthetic-05,2026-03-31 18:28:15.777536,99.9972227107959,85.0,46.9,1,11,1,critical
i-synthetic-05,2026-03-31 18:29:24.277753,99.99791703309693,76.8,40.1,1,11,1,critical
i-synthetic-05,2026-03-31 18:30:33.477904,95.73556818366973,73.8,46.1,1,11,1,critical
i-synthetic-05,2026-03-31 18:31:42.460246,0.525,5.0,41.0,0,11,0,normal
i-synthetic-05,2026-03-31 18:32:50.695708,0.45416666666666666,8.9,39.4,0,11,0,normal
i-synthetic-05,2026-03-31 18:33:58.523858,0.4694444444444444,9.3,37.8,0,11,0,normal
i-synthetic-05,2026-03-31 18:35:06.192164,0.44999999999999996,9.6,43.1,0,11,0,normal
i-synthetic-05,2026-03-31 18:36:14.012478,0.3833333333333333,5.0,42.9,0,11,0,normal
i-synthetic-05,2026-03-31 18:37:22.258443,0.47916666666666663,5.0,38.2,0,11,0,normal
i-synthetic-05,2026-03-31 18:38:29.494011,0.48055555555555557,7.7,37.7,0,11,0,normal
i-synthetic-05,2026-03-31 18:39:37.568637,0.45824854570483353,5.0,46.9,0,11,0,normal
i-synthetic-05,2026-03-31 18:40:46.046297,0.4650174660427485,9.9,43.1,0,11,0,normal
i-synthetic-05,2026-03-31 18:41:53.603397,0.5166666666666667,5.0,44.1,0,11,0,normal
i-synthetic-05,2026-03-31 18:43:01.351806,0.45416666666666666,8.5,44.6,0,11,0,normal
i-synthetic-05,2026-03-31 18:44:09.389766,0.4457503496969293,5.0,43.5,0,11,0,normal
i-synthetic-05,2026-03-31 18:45:17.308266,0.456598613118654,5.0,44.4,0,11,0,normal
i-synthetic-05,2026-03-31 18:46:26.449699,0.3920129447678782,5.0,43.3,0,11,0,normal
i-synthetic-05,2026-03-31 18:47:34.627824,0.4374638759675,5.0,40.1,0,11,0,normal
i-synthetic-05,2026-03-31 18:48:42.191052,0.42231138582882594,9.0,41.3,0,11,0,normal
i-synthetic-05,2026-03-31 18:49:49.655638,0.4396502060382861,5.3,40.7,0,11,0,normal
i-synthetic-05,2026-03-31 18:50:57.351136,0.43172016483062886,5.0,46.1,0,11,0,normal
i-synthetic-05,2026-03-31 18:52:04.784707,0.507884701846702,5.0,38.6,0,11,0,normal
i-synthetic-05,2026-03-31 18:53:12.652785,0.46107699331597124,7.2,40.9,0,11,0,normal
i-synthetic-05,2026-03-31 18:54:20.167150,0.44372441165364507,5.0,39.3,0,11,0,normal
i-synthetic-05,2026-03-31 18:55:28.034621,0.4583128626562494,5.0,37.2,0,11,0,normal
i-synthetic-05,2026-03-31 18:56:35.596826,0.39999999999999997,6.7,40.3,0,11,0,normal
i-synthetic-05,2026-03-31 18:57:43.337619,0.44166666666666665,5.0,45.4,0,11,0,normal
i-synthetic-05,2026-03-31 18:58:51.200589,0.4248847777056193,5.1,38.8,0,11,0,normal
i-synthetic-05,2026-03-31 18:59:58.801406,0.44377409756683517,5.0,37.2,0,11,0,normal
i-synthetic-05,2026-03-31 19:02:10.307787,0.45393867361608353,5.0,44.3,0,11,0,normal
i-synthetic-05,2026-03-31 19:03:17.993307,0.4638793341592113,5.0,43.6,0,11,0,normal
i-synthetic-05,2026-03-31 19:04:25.941964,0.44790950061940843,5.0,44.6,0,11,0,normal
i-synthetic-05,2026-03-31 19:05:33.792315,0.4549942671621935,5.0,42.9,0,11,0,normal
i-synthetic-05,2026-03-31 19:06:41.314447,0.39999999999999997,9.6,39.3,0,11,0,normal
i-synthetic-05,2026-03-31 19:07:49.327325,0.4541666666666666,5.0,46.7,0,11,0,normal
i-synthetic-05,2026-03-31 19:08:56.592056,0.4332181110389526,5.0,43.7,0,11,0,normal
i-synthetic-05,2026-03-31 19:10:04.712378,0.4458537470905811,5.7,45.1,0,11,0,normal
i-synthetic-05,2026-03-31 19:11:12.701222,0.517114832855141,5.0,44.5,0,11,0,normal
i-synthetic-05,2026-03-31 19:12:20.383916,0.45838090567873196,7.1,43.8,0,11,0,normal
i-synthetic-05,2026-03-31 19:13:28.277334,0.46962105585181285,5.0,40.9,0,11,0,normal
i-synthetic-05,2026-03-31 19:14:36.223068,0.4500460418347408,5.0,43.4,0,11,0,normal
i-synthetic-05,2026-03-31 19:15:44.020940,0.4584571047073876,7.3,44.1,0,11,0,normal
i-synthetic-05,2026-03-31 19:16:51.580955,0.40833333333333327,5.0,43.5,0,11,0,normal
i-synthetic-05,2026-03-31 19:17:59.207432,0.4539501876151779,5.0,39.3,0,11,0,normal
i-synthetic-05,2026-03-31 19:19:06.679499,0.44583216899481365,5.0,38.6,0,11,0,normal
i-synthetic-05,2026-03-31 19:20:14.196681,0.43659513089631546,5.0,39.4,0,11,0,normal
i-synthetic-05,2026-03-31 19:21:22.279548,0.508782758102991,5.0,44.0,0,11,0,normal
i-synthetic-05,2026-03-31 19:22:30.134057,0.4500518789432578,7.3,46.1,0,11,0,normal
i-synthetic-05,2026-03-31 19:23:37.848669,0.46684860501233283,5.0,37.8,0,11,0,normal
i-synthetic-05,2026-03-31 19:24:45.791585,0.45212969306452994,5.0,46.4,0,11,0,normal
i-synthetic-05,2026-03-31 19:25:53.555968,0.461703754451624,6.9,40.0,0,11,0,normal
i-synthetic-05,2026-03-31 19:27:01.460210,0.42916666666666664,5.0,40.9,0,11,0,normal
i-synthetic-05,2026-03-31 19:28:09.309021,0.4167820927004038,9.7,38.0,0,11,0,normal
i-synthetic-05,2026-03-31 19:29:17.095706,0.4355032361919695,10.3,42.5,0,11,0,normal
i-synthetic-05,2026-03-31 19:30:24.468858,0.42666678891028054,5.0,39.1,0,11,0,normal
i-synthetic-05,2026-03-31 19:31:32.419430,0.5171234590554991,5.0,39.9,0,11,0,normal
i-synthetic-05,2026-03-31 19:32:39.978842,0.45439506286108283,9.7,37.4,0,11,0,normal
i-synthetic-05,2026-03-31 19:33:47.613437,0.466674290043757,5.0,45.4,0,11,0,normal
i-synthetic-05,2026-03-31 19:34:55.295538,0.4479223841994844,5.0,37.1,0,11,0,normal
i-synthetic-05,2026-03-31 19:36:02.464795,0.3916666666666666,5.0,45.4,0,11,0,normal
i-synthetic-05,2026-03-31 19:37:10.535922,0.4458333333333333,9.9,41.1,0,11,0,normal
i-synthetic-05,2026-03-31 19:38:17.852097,0.42766472760644475,5.0,46.2,0,11,0,normal
i-synthetic-05,2026-03-31 19:39:25.722268,0.4437718325534357,6.8,45.8,0,11,0,normal
i-synthetic-05,2026-03-31 19:40:33.835122,0.43335079937608184,5.0,40.6,0,11,0,normal
i-synthetic-05,2026-03-31 19:41:41.703012,0.5,5.0,44.5,0,11,0,normal
i-synthetic-05,2026-03-31 19:42:49.526679,0.44999999999999996,5.0,44.9,0,11,0,normal
i-synthetic-05,2026-03-31 19:43:57.718735,0.4666666666666666,5.0,37.3,0,11,0,normal
i-synthetic-05,2026-03-31 19:45:05.637498,0.44366726058648187,6.7,37.2,0,11,0,normal
i-synthetic-05,2026-03-31 19:46:13.752416,0.3833333333333333,5.0,46.4,0,11,0,normal
i-synthetic-05,2026-03-31 19:47:21.723562,0.4458333333333333,6.5,38.8,0,11,0,normal
i-synthetic-05,2026-03-31 19:48:29.909785,0.42777777777777776,5.0,47.0,0,11,0,normal
i-synthetic-05,2026-03-31 19:49:37.521977,0.44156203512511377,7.6,41.9,0,11,0,normal
i-synthetic-05,2026-03-31 19:50:44.868746,0.428249628100091,5.0,45.4,0,11,0,normal
i-synthetic-05,2026-03-31 19:51:52.480118,0.4754120237539201,5.0,45.3,0,11,0,normal
i-synthetic-05,2026-03-31 19:52:59.812693,0.44585894600071946,5.7,40.8,0,11,0,normal
i-synthetic-05,2026-03-31 19:54:07.835056,0.44377936401948154,5.0,40.8,0,11,0,normal
i-synthetic-05,2026-03-31 19:55:15.841441,0.4534437624551802,5.0,37.3,0,11,0,normal
i-synthetic-05,2026-03-31 19:56:23.847779,0.3830013987877173,5.0,38.9,0,11,0,normal
i-synthetic-05,2026-03-31 19:57:31.476122,0.4415006993938586,5.0,42.2,0,11,0,normal
i-synthetic-05,2026-03-31 19:58:38.758412,0.4277827887198131,5.0,42.8,0,11,0,normal
i-synthetic-05,2026-03-31 19:59:46.340060,0.4437537582065265,5.0,45.0,0,11,0,normal
i-synthetic-05,2026-03-31 20:00:53.489238,0.43326850979575476,7.5,41.6,0,11,0,normal
i-synthetic-05,2026-03-31 20:02:01.349372,0.5087742710348969,5.6,45.4,0,11,0,normal
i-synthetic-05,2026-03-31 20:03:10.036466,0.4584803125671879,5.0,46.2,0,11,0,normal
i-synthetic-05,2026-03-31 20:04:18.049009,0.4417769010920576,5.0,42.4,0,11,0,normal
i-synthetic-05,2026-03-31 20:05:25.365914,0.4517548542069794,5.0,37.9,0,11,0,normal
i-synthetic-05,2026-03-31 20:06:33.549104,0.3829950210647261,7.3,43.9,0,11,0,normal
i-synthetic-05,2026-03-31 20:07:40.634485,0.4498308438656964,8.3,45.6,0,11,0,normal
i-synthetic-05,2026-03-31 20:08:48.856472,0.4305582108330903,5.0,43.6,0,11,0,normal
i-synthetic-05,2026-03-31 20:09:56.768525,0.4437519914581511,5.0,40.4,0,11,0,normal
i-synthetic-05,2026-03-31 20:12:08.136907,0.4499488233072901,7.0,37.6,0,11,0,normal
i-synthetic-05,2026-03-31 20:13:24.165915,0.46371285704888415,6.2,42.7,0,11,0,normal
i-synthetic-05,2026-03-31 20:14:31.465371,0.44787138462959364,5.0,46.4,0,11,0,normal
i-synthetic-05,2026-03-31 20:15:39.495104,0.4549637743703416,5.0,43.4,0,11,0,normal
i-synthetic-05,2026-03-31 20:16:47.465467,0.39999999999999997,5.0,46.7,0,11,0,normal
i-synthetic-05,2026-03-31 20:17:55.943686,0.44999999999999996,5.0,39.7,0,11,0,normal
i-synthetic-05,2026-03-31 20:19:03.726751,0.4333333333333333,5.1,39.8,0,11,0,normal
i-synthetic-05,2026-03-31 20:20:11.665328,0.43999999999999995,5.0,38.3,0,11,0,normal
i-synthetic-05,2026-03-31 20:21:19.898676,0.5,5.0,46.1,0,11,0,normal
i-synthetic-05,2026-03-31 20:22:27.595878,0.44999999999999996,5.0,44.8,0,11,0,normal
i-synthetic-05,2026-03-31 20:23:35.595570,0.4666666666666666,5.0,37.8,0,11,0,normal
i-synthetic-05,2026-03-31 20:24:43.197495,0.44999999999999996,5.0,44.8,0,11,0,normal
i-synthetic-05,2026-03-31 20:25:50.663938,0.45999999999999996,5.0,39.0,0,11,0,normal
i-synthetic-05,2026-03-31 20:26:59.129993,0.3913209997835246,5.4,38.4,0,11,0,normal
i-synthetic-05,2026-03-31 20:28:07.316111,0.43046510440087354,5.0,44.8,0,11,0,normal
i-synthetic-05,2026-03-31 20:29:15.245443,0.4436821616339885,6.4,44.8,0,11,0,normal
i-synthetic-05,2026-03-31 20:30:22.928120,0.435016458451268,5.0,46.9,0,11,0,normal
i-synthetic-05,2026-03-31 20:31:30.822786,0.507884701846702,5.0,41.2,0,11,0,normal
i-synthetic-05,2026-03-31 20:32:38.818658,0.45411917378354416,8.1,39.2,0,11,0,normal
i-synthetic-05,2026-03-31 20:33:46.677604,0.48885722696680717,5.0,38.1,0,11,0,normal
i-synthetic-05,2026-03-31 20:34:55.134684,0.46655632860450985,5.0,46.8,0,11,0,normal
i-synthetic-05,2026-03-31 20:36:02.893197,0.39200640555147787,5.0,40.4,0,11,0,normal
i-synthetic-05,2026-03-31 20:37:10.412405,0.44183653610907225,5.0,46.3,0,11,0,normal
i-synthetic-05,2026-03-31 20:38:18.040124,0.43066880185049256,5.3,43.6,0,11,0,normal
i-synthetic-05,2026-03-31 20:39:26.349197,0.4437282928104461,5.0,46.2,0,11,0,normal
i-synthetic-05,2026-03-31 20:40:34.075876,0.43505336339243417,5.2,39.7,0,11,0,normal
i-synthetic-05,2026-03-31 20:41:41.662870,0.5,5.8,37.1,0,11,0,normal
i-synthetic-05,2026-03-31 20:42:49.620116,0.4458333333333333,5.3,46.1,0,11,0,normal
i-synthetic-05,2026-03-31 20:43:57.861963,0.4637417965981901,5.0,44.2,0,11,0,normal
i-synthetic-05,2026-03-31 20:45:05.589703,0.45998247376965795,5.0,42.7,0,11,0,normal
i-synthetic-05,2026-03-31 20:46:13.650345,0.3913144836313983,5.0,44.8,0,11,0,normal
i-synthetic-05,2026-03-31 20:47:21.458455,0.43732793632727435,5.0,43.0,0,11,0,normal
i-synthetic-05,2026-03-31 20:48:29.232668,0.4276630686626273,5.0,40.8,0,11,0,normal
i-synthetic-05,2026-03-31 20:49:36.870156,0.4458578157845912,5.0,38.2,0,11,0,normal
i-synthetic-05,2026-03-31 20:50:44.305431,0.4316862526276729,5.0,43.7,0,11,0,normal
i-synthetic-05,2026-03-31 20:51:52.049122,0.5083333333333333,7.3,42.5,0,11,0,normal
i-synthetic-05,2026-03-31 20:52:59.886035,0.44999999999999996,5.0,41.5,0,11,0,normal
i-synthetic-05,2026-03-31 20:54:07.813554,0.44999999999999996,10.2,37.1,0,11,0,normal
i-synthetic-05,2026-03-31 20:55:15.142643,0.458246548881821,5.0,38.7,0,11,0,normal
i-synthetic-05,2026-03-31 20:56:22.909014,0.4003536457203863,5.3,45.5,0,11,0,normal
i-synthetic-05,2026-03-31 20:57:30.858212,0.44601015619352646,5.0,43.3,0,11,0,normal
i-synthetic-05,2026-03-31 20:58:38.394406,0.4305557636297919,5.0,38.5,0,11,0,normal
i-synthetic-05,2026-03-31 20:59:46.513677,0.44594216177183765,5.0,37.1,0,11,0,normal
i-synthetic-05,2026-03-31 21:00:53.579207,0.4350192326480037,8.0,40.3,0,11,0,normal
i-synthetic-05,2026-03-31 21:02:01.673328,0.45438713551744847,6.2,39.8,0,11,0,normal
i-synthetic-05,2026-03-31 21:03:09.132439,0.46403586812274344,5.0,46.6,0,11,0,normal
i-synthetic-05,2026-03-31 21:04:16.657699,0.4501102344253909,5.0,39.3,0,11,0,normal
i-synthetic-05,2026-03-31 21:05:25.752831,0.45675485420697937,5.0,37.5,0,11,0,normal
i-synthetic-05,2026-03-31 21:06:33.333692,0.3916666666666666,5.0,39.4,0,11,0,normal
i-synthetic-05,2026-03-31 21:07:40.634906,0.4416666666666666,5.0,41.2,0,11,0,normal
i-synthetic-05,2026-03-31 21:08:48.112855,0.425,9.4,45.9,0,11,0,normal
i-synthetic-05,2026-03-31 21:09:56.381802,0.44375,5.0,42.5,0,11,0,normal
i-synthetic-05,2026-03-31 21:11:04.293817,0.5,5.0,44.3,0,11,0,normal
i-synthetic-05,2026-03-31 21:12:11.619464,0.4458333333333333,5.0,44.1,0,11,0,normal
i-synthetic-05,2026-03-31 21:13:18.977110,0.4637417965981901,5.0,41.2,0,11,0,normal
i-synthetic-05,2026-03-31 21:14:27.142405,0.4498896807819759,5.0,43.2,0,11,0,normal
i-synthetic-05,2026-03-31 21:15:35.211294,0.4566638756746741,5.0,37.6,0,11,0,normal
i-synthetic-05,2026-03-31 21:16:43.069894,0.39999999999999997,5.0,46.3,0,11,0,normal
i-synthetic-05,2026-03-31 21:17:51.005266,0.44166666666666665,5.0,46.7,0,11,0,normal
i-synthetic-05,2026-03-31 21:18:59.237841,0.425,5.0,39.5,0,11,0,normal
i-synthetic-05,2026-03-31 21:20:06.912465,0.4458333333333333,5.0,39.5,0,11,0,normal
i-synthetic-05,2026-03-31 21:21:15.223078,0.5,5.0,37.3,0,11,0,normal
i-synthetic-05,2026-03-31 21:22:23.342716,0.4456637580763338,7.5,38.2,0,11,0,normal
i-synthetic-05,2026-03-31 21:23:31.559142,0.4611402211823587,5.0,46.6,0,11,0,normal
i-synthetic-05,2026-03-31 21:24:38.572517,0.4479384992201023,9.5,42.2,0,11,0,normal
i-synthetic-05,2026-03-31 21:25:46.470632,0.4566841327094152,6.2,46.6,0,11,0,normal
i-synthetic-05,2026-03-31 21:26:53.921313,0.3833333333333333,5.0,46.8,0,11,0,normal
i-synthetic-05,2026-03-31 21:28:01.727203,0.43749999999999994,5.0,39.1,0,11,0,normal
i-synthetic-05,2026-03-31 21:29:09.819591,0.44169076423350184,6.0,39.5,0,11,0,normal
i-synthetic-05,2026-03-31 21:30:17.788102,0.43328200708726605,5.0,44.3,0,11,0,normal
i-synthetic-05,2026-03-31 21:31:26.094907,0.508782758102991,5.2,37.2,0,11,0,normal
i-synthetic-05,2026-03-31 21:32:34.257790,0.44589207844535417,5.0,44.3,0,11,0,normal
i-synthetic-05,2026-03-31 21:33:42.038724,0.4612924347617056,5.0,44.2,0,11,0,normal
i-synthetic-05,2026-03-31 21:34:50.117238,0.45004406005625913,5.0,45.3,0,11,0,normal
i-synthetic-05,2026-03-31 21:35:57.370487,0.45845551928460226,10.0,43.9,0,11,0,normal
i-synthetic-05,2026-03-31 21:37:04.724926,0.4416666666666666,5.0,46.7,0,11,0,normal
i-synthetic-05,2026-03-31 21:38:12.945145,0.42777777777777776,5.0,43.3,0,11,0,normal
i-synthetic-05,2026-03-31 21:39:20.467128,0.4458333333333333,5.0,38.1,0,11,0,normal
i-synthetic-05,2026-03-31 21:40:28.082254,0.4383333333333333,5.0,45.8,0,11,0,normal
i-synthetic-05,2026-03-31 21:41:35.307193,0.5,9.4,41.8,0,11,0,normal
i-synthetic-05,2026-03-31 21:42:43.682626,0.44566049989176226,5.5,39.1,0,11,0,normal
i-synthetic-05,2026-03-31 21:43:51.947085,0.4639210189780025,5.0,37.9,0,11,0,normal
i-synthetic-05,2026-03-31 21:44:59.723345,0.45002409756683515,5.0,45.3,0,11,0,normal
i-synthetic-05,2026-03-31 21:46:07.228250,0.3916666666666666,5.0,44.1,0,11,0,normal
i-synthetic-05,2026-03-31 21:47:15.227279,0.44583750006944556,5.0,38.9,0,11,0,normal
i-synthetic-05,2026-03-31 21:48:23.511271,0.4250027778240748,5.0,45.0,0,11,0,normal
i-synthetic-05,2026-03-31 21:49:31.520291,0.4438605106717193,5.0,43.5,0,11,0,normal
i-synthetic-05,2026-03-31 21:50:39.036868,0.4350884085373754,5.0,43.2,0,11,0,normal
i-synthetic-05,2026-03-31 21:51:47.677127,0.507884701846702,5.0,46.6,0,11,0,normal
i-synthetic-05,2026-03-31 21:52:55.321760,0.45411917378354416,5.0,42.0,0,11,0,normal
i-synthetic-05,2026-03-31 21:54:02.706796,0.46649036399206456,5.0,40.3,0,11,0,normal
i-synthetic-05,2026-03-31 21:55:09.988691,0.4616507700158369,7.9,39.1,0,11,0,normal
i-synthetic-05,2026-03-31 21:56:18.451449,0.3913275161526676,5.0,40.3,0,11,0,normal
i-synthetic-05,2026-03-31 21:57:25.944397,0.4414970914096671,5.0,40.5,0,11,0,normal
i-synthetic-05,2026-03-31 21:58:33.301928,0.425000196123604,5.0,38.8,0,11,0,normal
i-synthetic-05,2026-03-31 21:59:41.327627,0.44166681375936967,5.0,38.1,0,11,0,normal
i-synthetic-05,2026-03-31 22:00:49.220749,0.43326284670796034,5.0,37.5,0,11,0,normal
i-synthetic-05,2026-03-31 22:01:56.978568,0.5171234590554991,5.0,42.1,0,11,0,normal
i-synthetic-05,2026-03-31 22:03:04.687937,0.46670370850189674,5.0,37.8,0,11,0,normal
i-synthetic-05,2026-03-31 22:04:12.284100,0.45211111470975585,5.0,40.2,0,11,0,normal
i-synthetic-05,2026-03-31 22:05:20.073342,0.4617773031979013,5.0,43.3,0,11,0,normal
i-synthetic-05,2026-03-31 22:06:28.035245,0.40795937057697107,5.0,40.6,0,11,0,normal
i-synthetic-05,2026-03-31 22:07:36.308190,0.454209062217337,5.0,46.4,0,11,0,normal
i-synthetic-05,2026-03-31 22:08:44.360539,0.43324637473939953,5.0,38.3,0,11,0,normal
i-synthetic-05,2026-03-31 22:09:56.778391,0.44796012010404335,5.0,38.6,0,11,0,normal
i-synthetic-05,2026-03-31 22:11:04.632148,0.5087742710348969,5.0,39.9,0,11,0,normal
i-synthetic-05,2026-03-31 22:12:12.357733,0.4625366034874083,5.0,45.3,0,11,0,normal
i-synthetic-05,2026-03-31 22:13:19.972872,0.47239152105759713,5.0,39.7,0,11,0,normal
i-synthetic-05,2026-03-31 22:14:27.988078,0.4522103074598645,5.0,41.2,0,11,0,normal
i-synthetic-05,2026-03-31 22:15:35.443142,0.4616816543472961,5.0,37.6,0,11,0,normal
i-synthetic-05,2026-03-31 22:16:43.298166,0.4003469673717221,5.0,39.5,0,11,0,normal
i-synthetic-05,2026-03-31 22:17:50.752076,0.4460068170191943,5.0,41.8,0,11,0,normal
i-synthetic-05,2026-03-31 22:18:58.372041,0.42789343356835174,5.0,38.1,0,11,0,normal
i-synthetic-05,2026-03-31 22:20:06.305553,0.4458118356505194,5.0,44.0,0,11,0,normal
i-synthetic-05,2026-03-31 22:21:14.330296,0.5083333333333333,5.0,42.0,0,11,0,normal
i-synthetic-05,2026-03-31 22:22:22.885305,0.45851043126264984,5.0,38.7,0,11,0,normal
i-synthetic-05,2026-03-31 22:23:30.955668,0.4667847319528777,5.0,45.8,0,11,0,normal
i-synthetic-05,2026-03-31 22:24:38.911720,0.44583889866158755,5.0,39.9,0,11,0,normal
i-synthetic-05,2026-03-31 22:25:46.563916,0.45842597313624944,5.0,40.3,0,11,0,normal
i-synthetic-05,2026-03-31 22:26:54.554912,0.40833333333333327,5.0,41.9,0,11,0,normal
i-synthetic-05,2026-03-31 22:28:02.162699,0.4414570601524209,5.0,45.9,0,11,0,normal
i-synthetic-05,2026-03-31 22:29:10.088223,0.44373176626818,5.0,40.8,0,11,0,normal
i-synthetic-05,2026-03-31 22:30:18.277439,0.43165207968121067,5.0,39.0,0,11,0,normal
i-synthetic-05,2026-03-31 22:31:26.277813,0.525,5.0,45.5,0,11,0,normal
i-synthetic-05,2026-03-31 22:32:33.925667,0.4625,5.0,42.0,0,11,0,normal
i-synthetic-05,2026-03-31 22:33:41.526271,0.46930225523010227,10.3,43.4,0,11,0,normal
i-synthetic-05,2026-03-31 22:34:49.686326,0.44789475237641924,5.0,38.8,0,11,0,normal
i-synthetic-05,2026-03-31 22:35:56.878644,0.4599824685678021,5.0,41.0,0,11,0,normal
i-synthetic-05,2026-03-31 22:37:04.314381,0.4456204622660361,5.0,39.5,0,11,0,normal
i-synthetic-05,2026-03-31 22:38:11.756320,0.42218873548102054,5.0,41.8,0,11,0,normal
i-synthetic-05,2026-03-31 22:39:19.655184,0.4332071947200707,5.0,42.0,0,11,0,normal
i-synthetic-05,2026-03-31 22:40:27.183649,0.4249670368863521,5.0,39.6,0,11,0,normal
i-synthetic-05,2026-03-31 22:41:35.617030,0.5166666666666667,6.7,37.6,0,11,0,normal
i-synthetic-05,2026-03-31 22:42:45.768120,0.45399709140966715,5.0,39.4,0,11,0,normal
i-synthetic-05,2026-03-31 22:43:59.233494,0.469475964011329,5.0,40.0,0,11,0,normal
i-synthetic-05,2026-03-31 22:45:07.595651,0.44670159124104697,5.0,42.7,0,11,0,normal
i-synthetic-05,2026-03-31 22:46:20.497510,0.40833333333333327,5.0,42.0,0,11,0,normal
i-synthetic-05,2026-03-31 22:47:28.517327,0.44978712893270273,5.0,46.1,0,11,0,normal
i-synthetic-05,2026-03-31 22:48:37.149478,0.42485808595513513,7.1,42.4,0,11,0,normal
i-synthetic-05,2026-03-31 22:49:44.662228,0.44364356446635134,7.2,41.7,0,11,0,normal
i-synthetic-05,2026-03-31 22:50:52.356408,0.42997990795527896,5.0,37.3,0,11,0,normal
i-synthetic-05,2026-03-31 22:52:00.239510,0.4912409245320722,5.0,44.0,0,11,0,normal
i-synthetic-05,2026-03-31 22:53:08.055158,0.45816275153854075,5.0,42.7,0,11,0,normal
i-synthetic-05,2026-03-31 22:54:15.774269,0.439538524586714,5.0,42.3,0,11,0,normal
i-synthetic-05,2026-03-31 22:55:23.445002,0.45163081966937124,5.0,43.4,0,11,0,normal
i-synthetic-05,2026-03-31 22:56:31.973319,0.399653633517618,7.3,41.9,0,11,0,normal
i-synthetic-05,2026-03-31 22:57:39.631542,0.4456601500921423,5.0,46.2,0,11,0,normal
i-synthetic-05,2026-03-31 22:58:47.109791,0.4276601463939893,5.0,44.7,0,11,0,normal
i-synthetic-05,2026-03-31 22:59:55.743411,0.4437704488449857,5.0,37.7,0,11,0,normal
i-synthetic-05,2026-03-31 23:01:04.180217,0.5333333333333333,5.0,44.6,0,11,0,normal
i-synthetic-05,2026-03-31 23:02:15.821331,0.46249999999999997,9.6,39.5,0,11,0,normal
i-synthetic-05,2026-04-01 04:02:09.759577,0.4498271665584289,5.0,42.7,0,12,0,normal
i-synthetic-05,2026-04-01 04:30:56.033882,0.44007530056940347,9.0,48.5,0,12,0,normal
i-synthetic-05,2026-04-01 04:32:04.901351,0.5333333333333333,5.0,41.2,0,12,0,normal
i-synthetic-05,2026-04-01 04:33:12.441230,34.70118798897529,36.4,40.7,0,12,0,normal
i-synthetic-05,2026-04-01 04:34:19.627547,51.02589099173147,48.1,45.0,0,12,0,normal
i-synthetic-05,2026-04-01 04:35:28.531400,60.82071279338518,39.0,48.9,0,12,0,normal
i-synthetic-05,2026-04-01 04:36:37.540759,9.633157377649741,5.0,41.9,0,12,0,normal
i-synthetic-05,2026-04-01 04:37:45.385921,54.09157868882487,33.7,44.6,0,12,0,normal
i-synthetic-05,2026-04-01 04:38:53.672169,69.39438579254991,48.0,47.9,0,12,0,normal
i-synthetic-05,2026-04-01 04:40:02.111026,77.0432893860784,59.1,46.7,0,12,0,normal
i-synthetic-05,2026-04-01 04:41:10.893515,99.99166666666666,71.2,42.8,0,12,1,critical
i-synthetic-05,2026-04-01 04:42:19.790197,76.18979856346722,57.1,42.5,0,12,0,normal
i-synthetic-05,2026-04-01 04:43:29.061630,83.83572478684563,63.5,43.8,0,12,1,warning
i-synthetic-05,2026-04-01 04:44:38.443509,87.86637692346756,70.3,48.5,0,12,1,warning
i-synthetic-05,2026-04-01 04:45:47.173542,90.28476820544071,72.5,46.4,1,12,1,warning
i-synthetic-05,2026-04-01 04:46:55.540167,14.433333333333334,6.1,43.6,0,12,0,normal
i-synthetic-05,2026-04-01 04:48:03.389441,13.495833333333334,7.7,43.0,0,12,0,normal
i-synthetic-05,2026-04-01 04:49:10.723762,34.32674002031621,30.0,47.1,0,12,0,normal
i-synthetic-05,2026-04-01 04:50:18.509741,47.46039289880671,31.5,39.6,0,12,0,normal
i-synthetic-05,2026-04-01 04:51:28.189386,100.0,88.6,47.8,0,12,1,critical
i-synthetic-05,2026-04-01 04:52:36.789833,99.99583333333334,88.9,47.7,1,12,1,critical
i-synthetic-05,2026-04-01 04:53:45.148374,99.99722222222222,80.7,45.1,1,12,1,critical
i-synthetic-05,2026-04-01 04:54:53.576042,76.30321459153488,70.3,44.7,0,12,0,normal
i-synthetic-05,2026-04-01 04:57:05.692421,99.998334776527,73.0,45.1,0,12,1,critical
i-synthetic-05,2026-04-01 04:58:14.415472,99.99722173865395,71.8,40.1,1,12,1,critical
i-synthetic-05,2026-04-01 04:59:23.296415,99.99791630399046,78.4,42.6,1,12,1,critical
i-synthetic-05,2026-04-01 05:00:31.479641,94.92818774818178,78.0,47.7,1,12,1,warning
i-synthetic-05,2026-04-01 05:01:40.449297,2.1314505520123888,5.0,41.9,0,12,0,normal
i-synthetic-05,2026-04-01 05:02:48.424830,2.178225276006194,5.0,45.6,0,12,0,normal
i-synthetic-05,2026-04-01 05:03:55.949045,2.182705739559685,10.8,47.1,0,12,0,normal
i-synthetic-05,2026-04-01 05:05:04.424453,3.9899048867882847,5.0,41.0,0,12,0,normal
i-synthetic-05,2026-04-01 05:06:13.155065,100.0,85.2,46.0,0,12,1,critical
i-synthetic-05,2026-04-01 05:07:21.611405,99.99583333333334,84.4,47.5,1,12,1,critical
i-synthetic-05,2026-04-01 05:08:30.179514,99.99722222222222,72.3,47.7,1,12,1,critical
i-synthetic-05,2026-04-01 05:09:39.192143,99.99666776985885,75.4,47.6,1,12,1,critical
i-synthetic-05,2026-04-01 05:10:47.816859,99.99666695981088,76.1,44.3,1,12,1,critical
i-synthetic-05,2026-04-01 05:11:56.681759,100.0,80.1,44.7,1,12,1,critical
i-synthetic-05,2026-04-01 05:13:06.314907,99.99388338393443,76.0,44.6,1,12,1,critical
i-synthetic-05,2026-04-01 05:14:15.417906,99.99541253795083,77.8,42.9,1,12,1,critical
i-synthetic-05,2026-04-01 05:15:23.980162,97.894663363694,87.6,42.2,1,12,1,critical
i-synthetic-05,2026-04-01 05:16:33.522405,2.12312457329359,5.4,47.4,0,12,0,normal
i-synthetic-05,2026-04-01 05:17:41.903769,2.1541941114253493,5.0,39.8,0,12,0,normal
i-synthetic-05,2026-04-01 05:18:49.649634,2.1416849631724553,5.0,48.4,0,12,0,normal
i-synthetic-05,2026-04-01 05:19:58.088598,2.157868997807304,5.0,44.3,0,12,0,normal
i-synthetic-05,2026-04-01 05:21:06.316114,2.233333333333333,5.0,48.7,0,12,0,normal
i-synthetic-05,2026-04-01 05:22:13.578556,2.1657050481503064,5.0,47.4,0,12,0,normal
i-synthetic-05,2026-04-01 05:23:22.110902,2.172236733242343,5.0,44.3,0,12,0,normal
i-synthetic-05,2026-04-01 05:24:29.797545,2.1537142092160564,8.4,45.2,0,12,0,normal
i-synthetic-05,2026-04-01 05:25:37.511826,2.17131217305294,10.9,42.3,0,12,0,normal
i-synthetic-05,2026-04-01 05:26:48.995528,93.94131482809814,84.0,42.4,0,12,1,warning
i-synthetic-05,2026-04-01 05:27:57.864291,96.97065741404907,74.6,40.7,1,12,1,critical
i-synthetic-05,2026-04-01 05:29:06.608408,98.4828264549977,74.1,45.0,1,12,1,critical
i-synthetic-05,2026-04-01 05:30:15.357144,98.78626116399816,85.0,47.9,1,12,1,critical
i-synthetic-05,2026-04-01 05:31:24.116765,8.408473474557908,5.0,42.3,0,12,0,normal
i-synthetic-05,2026-04-01 05:32:32.399629,5.333403403945621,11.5,45.4,0,12,0,normal
i-synthetic-05,2026-04-01 05:33:40.352410,4.300704887721133,8.4,48.7,0,12,0,normal
i-synthetic-05,2026-04-01 05:34:48.112198,3.7567786657908497,9.7,39.4,0,12,0,normal
i-synthetic-05,2026-04-01 05:35:55.299788,3.4466998047289947,5.0,39.7,0,12,0,normal
i-synthetic-05,2026-04-01 05:37:03.482471,2.1509320038256017,6.3,45.0,0,12,0,normal
i-synthetic-05,2026-04-01 05:38:11.272916,2.133954669217068,5.0,41.7,0,12,0,normal
i-synthetic-05,2026-04-01 05:39:20.002734,2.158297287089475,5.0,41.1,0,12,0,normal
i-synthetic-05,2026-04-01 05:40:27.994826,2.152020674231684,5.0,48.2,0,12,0,normal
i-synthetic-05,2026-04-01 05:41:36.015799,2.1980583817627766,5.0,48.3,0,12,0,normal
i-synthetic-05,2026-04-01 05:42:44.291770,2.1615291908813883,5.0,42.9,0,12,0,normal
i-synthetic-05,2026-04-01 05:43:53.445031,2.1916825463133165,6.6,42.8,0,12,0,normal
i-synthetic-05,2026-04-01 05:45:01.553513,2.1996123786031037,5.0,46.3,0,12,0,normal
i-synthetic-05,2026-04-01 05:46:10.393531,1.0092248152534737,10.2,48.9,0,12,0,normal
i-synthetic-05,2026-04-01 05:47:18.687409,1.3462790742934034,5.0,48.1,0,12,0,normal
i-synthetic-05,2026-04-01 05:48:26.303192,1.6225193828622688,5.0,48.5,0,12,0,normal
i-synthetic-05,2026-04-01 05:49:35.448736,1.793972870480035,5.0,43.1,0,12,0,normal
i-synthetic-05,2026-04-01 05:50:44.515276,1.866844963050695,5.4,45.8,0,12,0,normal
i-synthetic-05,2026-04-01 05:51:53.190226,2.283333333333333,5.0,42.4,0,12,0,normal
i-synthetic-05,2026-04-01 05:53:01.883776,2.2521109593932764,8.1,44.4,0,12,0,normal
i-synthetic-05,2026-04-01 05:54:15.037394,2.1078332195449576,5.0,41.6,0,12,0,normal
i-synthetic-05,2026-04-01 05:55:24.365334,2.1379332423026325,5.0,41.5,0,12,0,normal
i-synthetic-05,2026-04-01 05:56:34.271144,2.13521944384206,11.5,44.3,0,12,0,normal
i-synthetic-05,2026-04-01 05:57:43.610588,2.2082878009192317,5.0,44.7,0,12,0,normal
i-synthetic-05,2026-04-01 05:58:52.119763,2.0332842753103315,11.6,44.5,0,12,0,normal
i-synthetic-05,2026-04-01 06:00:00.798551,2.1025663826746546,5.0,40.7,0,12,0,normal
i-synthetic-05,2026-04-01 06:01:08.879474,2.3062577014020715,5.0,44.5,0,12,0,normal
i-synthetic-05,2026-04-01 06:02:16.989237,2.254119742503658,5.0,41.5,0,12,0,normal
i-synthetic-05,2026-04-01 06:03:25.473978,2.2659612108922915,7.7,42.1,0,12,0,normal
i-synthetic-05,2026-04-01 06:04:33.379854,2.2499571710347497,5.0,46.0,0,12,0,normal
i-synthetic-05,2026-04-01 06:05:41.929290,9.108299070161134,5.0,44.3,0,12,0,normal
i-synthetic-05,2026-04-01 06:06:49.960357,100.0,74.4,39.3,0,12,1,critical
i-synthetic-05,2026-04-01 06:07:58.556657,99.99249987499792,84.3,39.2,1,12,1,critical
i-synthetic-05,2026-04-01 06:09:07.521914,99.99416660416563,79.4,41.0,1,12,1,critical
i-synthetic-05,2026-04-01 06:10:16.732511,93.1903332833325,66.4,47.5,1,12,1,warning
i-synthetic-05,2026-04-01 06:11:25.664407,2.283333333333333,5.0,39.3,0,12,0,normal
i-synthetic-05,2026-04-01 06:12:33.311253,2.225,5.0,46.0,0,12,0,normal
i-synthetic-05,2026-04-01 06:13:40.900785,2.221570113066791,11.4,46.4,0,12,0,normal
i-synthetic-05,2026-04-01 06:14:48.113756,2.2062379714749896,7.1,46.4,0,12,0,normal
i-synthetic-05,2026-04-01 06:15:55.887088,5.691657043846658,5.0,44.3,0,12,0,normal
i-synthetic-05,2026-04-01 06:17:03.246426,99.99333553971769,75.8,45.5,0,12,1,critical
i-synthetic-05,2026-04-01 06:18:12.524116,99.99555702647847,76.3,41.5,1,12,1,critical
i-synthetic-05,2026-04-01 06:19:21.238244,99.99666776985885,78.6,41.6,1,12,1,critical
i-synthetic-05,2026-04-01 06:20:30.013655,99.99666695981088,71.4,39.9,1,12,1,critical
i-synthetic-05,2026-04-01 06:21:39.153710,99.99500441276871,89.5,39.1,1,12,1,critical
i-synthetic-05,2026-04-01 06:22:47.913149,99.99750220638435,89.2,45.2,1,12,1,critical
i-synthetic-05,2026-04-01 06:23:57.334520,99.99833480425623,82.7,40.8,1,12,1,critical
i-synthetic-05,2026-04-01 06:25:06.847450,96.83679004292867,74.7,43.8,1,12,1,critical
i-synthetic-05,2026-04-01 06:26:15.921875,1.9934275276494235,5.0,47.3,0,12,0,normal
i-synthetic-05,2026-04-01 06:27:23.223928,2.046713763824712,5.0,45.2,0,12,0,normal
i-synthetic-05,2026-04-01 06:28:30.854393,2.0305541400536797,5.0,40.9,0,12,0,normal
i-synthetic-05,2026-04-01 06:29:38.919824,2.0395822717069265,8.0,39.7,0,12,0,normal
i-synthetic-05,2026-04-01 06:30:47.235463,2.0019929396568985,8.7,47.8,0,12,0,normal
i-synthetic-05,2026-04-01 06:31:55.459997,0.6916666666666665,5.5,39.9,0,12,0,normal
i-synthetic-05,2026-04-01 06:33:03.365229,1.5160758459656931,5.0,40.5,0,12,0,normal
i-synthetic-05,2026-04-01 06:34:11.482416,1.6120568844742698,5.0,46.2,0,12,0,normal
i-synthetic-05,2026-04-01 06:35:19.031583,1.8613121742460823,6.0,41.1,0,12,0,normal
i-synthetic-05,2026-04-01 06:36:27.075925,100.0,88.1,42.4,0,12,1,critical
i-synthetic-05,2026-04-01 06:37:35.670352,100.0,73.7,47.7,1,12,1,critical
i-synthetic-05,2026-04-01 06:38:44.725225,99.99833480425623,83.3,47.5,1,12,1,critical
i-synthetic-05,2026-04-01 06:39:53.627292,99.99791703309693,70.4,46.0,1,12,1,critical
i-synthetic-05,2026-04-01 06:42:06.612022,2.15,7.0,47.9,0,12,0,normal
i-synthetic-05,2026-04-01 06:43:14.589074,2.157693481868794,5.0,45.9,0,12,0,normal
i-synthetic-05,2026-04-01 06:44:22.180278,2.1245201114015955,9.1,40.7,0,12,0,normal
i-synthetic-05,2026-04-01 06:45:29.965170,2.124616089121276,10.4,46.0,0,12,0,normal
i-synthetic-05,2026-04-01 06:46:38.487813,2.05181243431698,5.0,40.1,0,12,0,normal
i-synthetic-05,2026-04-01 06:47:46.230502,2.096739550491823,5.0,44.6,0,12,0,normal
i-synthetic-05,2026-04-01 06:48:19.367643,2.058354012019221,5.0,40.1,0,12,0,normal
i-synthetic-05,2026-04-01 06:48:37.168899,2.058354012019221,5.0,46.8,0,12,0,normal
i-synthetic-05,2026-04-01 06:49:38.995486,2.0650593185461688,5.0,41.8,0,12,0,normal
i-synthetic-05,2026-04-01 06:50:46.606689,2.042047454836935,5.0,44.8,0,12,0,normal
i-synthetic-05,2026-04-01 06:51:04.985107,2.058333333333333,5.0,48.9,0,12,0,normal
i-synthetic-05,2026-04-01 06:51:51.467626,2.058333333333333,5.0,42.9,0,12,0,normal
i-synthetic-05,2026-04-01 06:52:59.991488,2.01606603981298,5.0,40.9,0,12,0,normal
i-synthetic-05,2026-04-01 06:54:07.496019,1.9916398346289477,5.0,43.7,0,12,0,normal
i-synthetic-05,2026-04-01 06:58:15.087941,1.8755191949074312,10.2,47.8,0,12,0,normal
i-synthetic-05,2026-04-01 06:59:24.499074,14.198306062847239,12.5,42.4,0,12,0,normal
i-synthetic-05,2026-04-01 07:00:33.556056,31.357645732831532,26.8,46.6,0,12,0,normal
i-synthetic-05,2026-04-01 07:01:42.652668,100.0,85.8,46.5,0,12,1,critical
i-synthetic-05,2026-04-01 07:02:52.201123,100.0,84.1,46.6,1,12,1,critical
i-synthetic-05,2026-04-01 07:04:02.212521,94.10708443652551,84.3,42.9,1,12,1,warning
i-synthetic-05,2026-04-01 07:05:13.195240,90.35064160964045,67.9,44.0,1,12,1,warning
i-synthetic-05,2026-04-01 07:06:23.955787,99.96666666666667,80.0,42.4,1,12,1,critical
i-synthetic-05,2026-04-01 07:07:34.019482,99.95416666666667,88.2,44.4,1,12,1,critical
i-synthetic-05,2026-04-01 07:08:43.959588,86.16111111111111,66.3,40.5,0,12,1,warning
i-synthetic-05,2026-04-01 07:09:54.998038,67.94711722063101,51.8,41.3,0,12,0,normal
i-synthetic-05,2026-04-01 07:11:08.077883,7.776464123357701,14.5,41.0,0,12,0,normal
i-synthetic-05,2026-04-01 07:12:20.356403,5.06844124645874,5.0,48.3,0,12,0,normal
i-synthetic-05,2026-04-01 07:13:31.956924,4.109516386528049,12.7,45.8,0,12,0,normal
i-synthetic-05,2026-04-01 07:14:43.965665,3.6571372898960366,12.8,45.6,0,12,0,normal
i-synthetic-05,2026-04-01 07:15:56.149175,3.3590431652501627,5.0,42.8,0,12,0,normal
i-synthetic-05,2026-04-01 07:17:15.669556,2.182395619980128,5.0,43.9,0,12,0,normal
i-synthetic-05,2026-04-01 07:18:31.293240,2.202152635542308,5.0,44.1,0,12,0,normal
i-synthetic-05,2026-04-01 07:19:43.925771,2.208356265236643,5.0,45.6,0,12,0,normal
i-synthetic-05,2026-04-01 07:20:53.589828,2.208351678855981,5.0,45.3,0,12,0,normal
i-synthetic-05,2026-04-01 07:22:04.759009,2.1624999999999996,5.0,46.9,0,12,0,normal
i-synthetic-05,2026-04-01 07:23:15.170560,2.172222222222222,11.6,44.6,0,12,0,normal
i-synthetic-05,2026-04-01 07:24:24.122293,2.1499999999999995,5.0,44.0,0,12,0,normal
i-synthetic-05,2026-04-01 07:25:33.664463,2.1599999999999993,5.0,42.3,0,12,0,normal
i-synthetic-05,2026-04-01 07:26:43.802126,2.0731687009808004,5.0,39.7,0,12,0,normal
i-synthetic-05,2026-04-01 07:27:53.256047,2.1208754743164464,5.0,44.4,0,12,0,normal
i-synthetic-05,2026-04-01 09:03:58.530606,1.6055555555555554,5.0,45.6,0,12,0,normal
i-synthetic-05,2026-04-01 09:05:06.711205,1.6030420905977496,5.0,41.5,0,12,0,normal
i-synthetic-05,2026-04-01 10:18:28.703994,1.5837901257221656,5.2,39.4,0,12,0,normal
i-synthetic-05,2026-04-01 10:31:59.433448,1.6568697650408806,5.0,48.8,0,12,0,normal
i-synthetic-05,2026-04-01 10:33:07.334880,1.621703302416086,8.2,45.0,0,12,0,normal
i-synthetic-05,2026-04-01 10:34:15.257468,1.6058608101453977,5.0,47.2,0,12,0,normal
